seed,feature_set,balance,source_id,y_true,y_pred,split
1,basic,natural,1492,Pulsating,Pulsating,
1,basic,natural,170389,Pulsating,Pulsating,
1,basic,natural,174274,Pulsating,Pulsating,
1,basic,natural,182732,Pulsating,Pulsating,
1,basic,natural,351642,Ecl,Pulsating,
1,basic,natural,354735,Pulsating,Ecl,
1,basic,natural,356877,Pulsating,Ecl,
1,basic,natural,391705,Pulsating,Ecl,
1,basic,natural,396749,Ecl,rotational star,
1,basic,natural,401124,Pulsating,Pulsating,
1,basic,natural,401420,Ecl,rotational star,
1,basic,natural,416128,Ecl,Ecl,
1,basic,natural,517541,Ecl,rotational star,
1,basic,natural,654210,Pulsating,Pulsating,
1,basic,natural,682103,Pulsating,rotational star,
1,basic,natural,705322,Pulsating,Pulsating,
1,basic,natural,706627,rotational star,rotational star,
1,basic,natural,713256,rotational star,Ecl,
1,basic,natural,720276,Ecl,rotational star,
1,basic,natural,720910,Ecl,Ecl,
1,basic,natural,795063,rotational star,rotational star,
1,basic,natural,806270,rotational star,Ecl,
1,basic,natural,855356,Pulsating,rotational star,
1,basic,natural,891487,rotational star,rotational star,
1,basic,natural,893445,Pulsating,Ecl,
1,basic,natural,989130,Pulsating,Pulsating,
1,basic,natural,989377,rotational star,rotational star,
1,basic,natural,993864,Ecl,Ecl,
1,basic,natural,1085172,rotational star,Ecl,
1,basic,natural,1086245,Pulsating,Ecl,
1,basic,natural,1086977,rotational star,rotational star,
1,basic,natural,1087883,Pulsating,Pulsating,
1,basic,natural,1137195,Pulsating,Pulsating,
1,basic,natural,1359057,Ecl,Ecl,
1,basic,natural,1360465,rotational star,Ecl,
1,basic,natural,1399779,Ecl,Ecl,
1,basic,natural,1400413,Pulsating,Pulsating,
1,basic,natural,1465995,rotational star,Ecl,
1,basic,natural,1486152,Ecl,rotational star,
1,basic,natural,1486807,Ecl,Ecl,
1,basic,natural,1487155,Pulsating,Ecl,
1,basic,natural,1487228,rotational star,rotational star,
1,basic,natural,1488730,rotational star,rotational star,
1,basic,natural,1520574,Ecl,rotational star,
1,basic,natural,1525735,Pulsating,Pulsating,
1,basic,natural,1529400,Pulsating,Ecl,
1,basic,natural,1533092,Pulsating,Pulsating,
1,basic,natural,1534333,Pulsating,Pulsating,
1,basic,natural,1540909,Ecl,Pulsating,
1,basic,natural,1542965,Pulsating,Ecl,
1,basic,natural,1786207,rotational star,rotational star,
1,basic,natural,1786713,Pulsating,Pulsating,
1,basic,natural,1787905,rotational star,Ecl,
1,basic,natural,1788906,Ecl,rotational star,
1,basic,natural,1815795,Pulsating,rotational star,
1,basic,natural,1819187,rotational star,rotational star,
1,basic,natural,1821852,Pulsating,Pulsating,
1,basic,natural,1858419,Ecl,rotational star,
1,basic,natural,1866879,Pulsating,Pulsating,
1,basic,natural,1967928,rotational star,rotational star,
1,basic,natural,2028803,Ecl,Ecl,
1,basic,natural,2030192,Pulsating,Pulsating,
1,basic,natural,2078896,Pulsating,Ecl,
1,basic,natural,2210879,rotational star,rotational star,
1,basic,natural,2211515,Ecl,rotational star,
1,basic,natural,2255202,Ecl,Ecl,
1,basic,natural,2710434,rotational star,rotational star,
1,basic,natural,2854870,Ecl,Ecl,
1,basic,natural,3037433,Ecl,Ecl,
1,basic,natural,3039026,Pulsating,Pulsating,
1,basic,natural,3053459,Ecl,rotational star,
1,basic,natural,3064343,Ecl,rotational star,
1,basic,natural,3262989,Ecl,Pulsating,
1,basic,natural,3267525,Ecl,rotational star,
1,basic,natural,3268443,Ecl,Ecl,
1,basic,natural,3294397,Ecl,Ecl,
1,basic,natural,3308758,Pulsating,Pulsating,
1,basic,natural,3316875,rotational star,rotational star,
1,basic,natural,3320934,Ecl,rotational star,
1,basic,natural,3384809,Pulsating,Pulsating,
1,basic,natural,3402113,Pulsating,Ecl,
1,basic,natural,3515396,Pulsating,Ecl,
1,basic,natural,3530716,Ecl,Ecl,
1,basic,natural,3532457,rotational star,rotational star,
1,basic,natural,3535885,Ecl,Pulsating,
1,basic,natural,3536386,Ecl,Ecl,
1,basic,natural,3538485,Ecl,Pulsating,
1,basic,natural,3538828,Ecl,rotational star,
1,basic,natural,3539430,Pulsating,Pulsating,
1,basic,natural,3540068,Pulsating,Pulsating,
1,basic,natural,3563158,Pulsating,Pulsating,
1,basic,natural,3573648,Pulsating,Pulsating,
1,basic,natural,3574286,Pulsating,Pulsating,
1,basic,natural,3578120,Ecl,Ecl,
1,basic,natural,3578629,Pulsating,Pulsating,
1,basic,natural,3579296,Pulsating,Pulsating,
1,basic,natural,3580689,rotational star,rotational star,
1,basic,natural,3581809,Ecl,rotational star,
1,basic,natural,3610544,Pulsating,Pulsating,
1,basic,natural,3707618,Pulsating,Pulsating,
1,basic,natural,3712377,Pulsating,Pulsating,
1,basic,natural,3778222,rotational star,Pulsating,
1,basic,natural,3879596,Pulsating,Pulsating,
1,basic,natural,3888880,Pulsating,Ecl,
1,basic,natural,3888905,rotational star,rotational star,
1,basic,natural,3891826,Ecl,rotational star,
1,basic,natural,3900804,Ecl,Ecl,
1,basic,natural,4016172,Pulsating,Ecl,
1,basic,natural,4052360,Ecl,rotational star,
1,basic,natural,4053354,Pulsating,Ecl,
1,basic,natural,4085335,Pulsating,Pulsating,
1,basic,natural,4086437,Ecl,Ecl,
1,basic,natural,4112322,Ecl,Ecl,
1,basic,natural,4112453,Pulsating,rotational star,
1,basic,natural,4154491,rotational star,rotational star,
1,basic,natural,4165556,rotational star,rotational star,
1,basic,natural,4202285,rotational star,rotational star,
1,basic,natural,4203764,Pulsating,Pulsating,
1,basic,natural,4204543,Ecl,Ecl,
1,basic,natural,4204760,rotational star,rotational star,
1,basic,natural,4207350,Ecl,Ecl,
1,basic,natural,4221224,rotational star,rotational star,
1,basic,natural,4222140,Pulsating,Pulsating,
1,basic,natural,4318493,Ecl,Ecl,
1,basic,natural,4319767,Ecl,Ecl,
1,basic,natural,4503100,Ecl,Ecl,
1,basic,natural,4503752,rotational star,rotational star,
1,basic,natural,4525993,Ecl,Ecl,
1,basic,natural,4531285,Ecl,Ecl,
1,basic,natural,4555438,rotational star,rotational star,
1,basic,natural,4555634,rotational star,rotational star,
1,basic,natural,4556326,rotational star,rotational star,
1,basic,natural,4558584,rotational star,rotational star,
1,basic,natural,4559117,rotational star,rotational star,
1,basic,natural,4560178,rotational star,rotational star,
1,basic,natural,4603259,Pulsating,Pulsating,
1,basic,natural,4627821,rotational star,rotational star,
1,basic,natural,4720963,Pulsating,Pulsating,
1,basic,natural,4991083,Ecl,rotational star,
1,basic,natural,5103090,rotational star,rotational star,
1,basic,natural,5108781,Ecl,Ecl,
1,basic,natural,5229099,rotational star,Ecl,
1,basic,natural,5230789,Ecl,rotational star,
1,basic,natural,5231192,Pulsating,rotational star,
1,basic,natural,5285064,Ecl,Ecl,
1,basic,natural,5387464,Ecl,Ecl,
1,basic,natural,5388985,rotational star,rotational star,
1,basic,natural,5446648,rotational star,rotational star,
1,basic,natural,5446653,Ecl,Ecl,
1,basic,natural,5448059,Ecl,Ecl,
1,basic,natural,5502401,Pulsating,Pulsating,
1,basic,natural,5552243,Pulsating,Ecl,
1,basic,natural,5703162,Ecl,Pulsating,
1,basic,natural,5839093,Pulsating,Pulsating,
1,basic,natural,5855159,Pulsating,Pulsating,
1,basic,natural,6035659,rotational star,Ecl,
1,basic,natural,6385706,Pulsating,Pulsating,
1,basic,natural,6388611,Pulsating,Ecl,
1,basic,natural,6420800,Ecl,Ecl,
1,basic,natural,6423392,Ecl,rotational star,
1,basic,natural,6423500,Ecl,rotational star,
1,basic,natural,6424179,Ecl,Ecl,
1,basic,natural,6426729,Ecl,Ecl,
1,basic,natural,6428939,Ecl,Pulsating,
1,basic,natural,6559105,rotational star,Ecl,
1,basic,natural,6578144,Pulsating,Pulsating,
1,basic,natural,6582868,Pulsating,Pulsating,
1,basic,natural,6708716,rotational star,rotational star,
1,basic,natural,6711028,Ecl,Ecl,
1,basic,natural,6771481,Pulsating,rotational star,
1,basic,natural,6772137,rotational star,Ecl,
1,basic,natural,6772757,rotational star,rotational star,
1,basic,natural,6772868,rotational star,rotational star,
1,basic,natural,6774272,Pulsating,Ecl,
1,basic,natural,6885233,rotational star,rotational star,
1,basic,natural,6886679,rotational star,rotational star,
1,basic,natural,6900401,rotational star,rotational star,
1,basic,natural,6914961,rotational star,rotational star,
1,basic,natural,6968029,Ecl,Ecl,
1,basic,natural,6968264,Pulsating,Pulsating,
1,basic,natural,6971276,Pulsating,Ecl,
1,basic,natural,6971505,rotational star,rotational star,
1,basic,natural,7072651,rotational star,rotational star,
1,basic,natural,7127722,Ecl,Ecl,
1,basic,natural,7223147,Ecl,Ecl,
1,basic,natural,7257067,Pulsating,Pulsating,
1,basic,natural,7348139,Pulsating,Pulsating,
1,basic,natural,7348645,Pulsating,Pulsating,
1,basic,natural,7438683,Ecl,Ecl,
1,basic,natural,7443675,Pulsating,Pulsating,
1,basic,natural,7566107,Ecl,rotational star,
1,basic,natural,7569518,Pulsating,Pulsating,
1,basic,natural,7576919,Pulsating,Pulsating,
1,basic,natural,7641751,Pulsating,Ecl,
1,basic,natural,7775830,Pulsating,Ecl,
1,basic,natural,7824125,Ecl,Ecl,
1,basic,natural,7898622,Ecl,rotational star,
1,basic,natural,7904889,Ecl,Ecl,
1,basic,natural,7907540,Ecl,Ecl,
1,basic,natural,7907839,Pulsating,Ecl,
1,basic,natural,7911225,Ecl,Ecl,
1,basic,natural,7948368,Ecl,Ecl,
1,basic,natural,8071429,Ecl,rotational star,
1,basic,natural,8072240,Pulsating,Ecl,
1,basic,natural,8077094,Ecl,Ecl,
1,basic,natural,8085320,rotational star,rotational star,
1,basic,natural,8089619,Ecl,rotational star,
1,basic,natural,8089854,rotational star,rotational star,
1,basic,natural,8095331,rotational star,rotational star,
1,basic,natural,8234121,Pulsating,Pulsating,
1,basic,natural,8260993,Pulsating,Pulsating,
1,basic,natural,8298820,Ecl,Ecl,
1,basic,natural,8301406,Pulsating,Pulsating,
1,basic,natural,8302040,Ecl,Pulsating,
1,basic,natural,8303969,rotational star,rotational star,
1,basic,natural,8304398,rotational star,rotational star,
1,basic,natural,8307548,Pulsating,rotational star,
1,basic,natural,8315756,Pulsating,Pulsating,
1,basic,natural,8331224,Ecl,rotational star,
1,basic,natural,8337585,rotational star,rotational star,
1,basic,natural,8395322,Ecl,Ecl,
1,basic,natural,8395517,Ecl,rotational star,
1,basic,natural,8396121,Ecl,Ecl,
1,basic,natural,8413061,Ecl,rotational star,
1,basic,natural,8436241,Pulsating,Pulsating,
1,basic,natural,8568363,Ecl,Ecl,
1,basic,natural,8649964,Pulsating,Pulsating,
1,basic,natural,8667230,rotational star,rotational star,
1,basic,natural,8700095,Ecl,Ecl,
1,basic,natural,8700892,Pulsating,Pulsating,
1,basic,natural,8701682,Pulsating,Ecl,
1,basic,natural,8702727,rotational star,rotational star,
1,basic,natural,8821912,Ecl,Ecl,
1,basic,natural,8825435,Ecl,rotational star,
1,basic,natural,8825485,Ecl,Ecl,
1,basic,natural,8826873,Ecl,Ecl,
1,basic,natural,8833576,Ecl,Ecl,
1,basic,natural,8862457,Pulsating,Pulsating,
1,basic,natural,8865289,Ecl,Ecl,
1,basic,natural,8895274,Pulsating,Pulsating,
1,basic,natural,8896138,Ecl,rotational star,
1,basic,natural,8901720,Pulsating,Pulsating,
1,basic,natural,9001365,Ecl,Ecl,
1,basic,natural,9087235,Ecl,Ecl,
1,basic,natural,9090968,Pulsating,Pulsating,
1,basic,natural,9210109,rotational star,Pulsating,
1,basic,natural,9252425,Pulsating,Ecl,
1,basic,natural,9254197,Pulsating,Pulsating,
1,basic,natural,9385226,rotational star,Ecl,
1,basic,natural,9421023,Pulsating,rotational star,
1,basic,natural,9422650,rotational star,rotational star,
1,basic,natural,9425767,Ecl,Ecl,
1,basic,natural,9441160,rotational star,rotational star,
1,basic,natural,9460839,Pulsating,Pulsating,
1,basic,natural,9643812,rotational star,rotational star,
1,basic,natural,9650202,Ecl,Ecl,
1,basic,natural,9708710,Ecl,Ecl,
1,basic,natural,9710004,Pulsating,Pulsating,
1,basic,natural,9851742,Ecl,Ecl,
1,basic,natural,9862976,Ecl,rotational star,
1,basic,natural,10034483,Ecl,Pulsating,
1,basic,natural,10045593,Pulsating,Pulsating,
1,basic,natural,10221825,Pulsating,Pulsating,
1,basic,natural,10235536,Ecl,Ecl,
1,basic,natural,10237366,Pulsating,Pulsating,
1,basic,natural,10237841,rotational star,rotational star,
1,basic,natural,10240912,Pulsating,Pulsating,
1,basic,natural,10384900,Pulsating,Pulsating,
1,basic,natural,10477528,Ecl,Pulsating,
1,basic,natural,10501955,Ecl,Ecl,
1,basic,natural,10504051,Ecl,rotational star,
1,basic,natural,10506123,Ecl,Pulsating,
1,basic,natural,10506299,rotational star,Ecl,
1,basic,natural,10675231,Pulsating,Pulsating,
1,basic,natural,10684029,rotational star,rotational star,
1,basic,natural,10725909,Ecl,Ecl,
1,basic,natural,10745759,rotational star,Ecl,
1,basic,natural,10758622,Pulsating,Ecl,
1,basic,natural,10759236,Pulsating,Ecl,
1,basic,natural,10762635,Ecl,Ecl,
1,basic,natural,10772457,Ecl,Ecl,
1,basic,natural,10774324,rotational star,rotational star,
1,basic,natural,10774489,Pulsating,Pulsating,
1,basic,natural,10778741,Ecl,rotational star,
1,basic,natural,10781318,rotational star,rotational star,
1,basic,natural,11000456,Pulsating,rotational star,
1,basic,natural,11000690,Pulsating,Ecl,
1,basic,natural,11002179,Ecl,Ecl,
1,basic,natural,11003680,Pulsating,Ecl,
1,basic,natural,11008744,Ecl,Ecl,
1,basic,natural,11103477,rotational star,rotational star,
1,basic,natural,11281753,Ecl,Ecl,
1,basic,natural,11332457,Pulsating,Pulsating,
1,basic,natural,11333675,Ecl,Ecl,
1,basic,natural,11333752,Pulsating,Ecl,
1,basic,natural,11527909,Ecl,Ecl,
1,basic,natural,11568132,Pulsating,Ecl,
1,basic,natural,11569837,Pulsating,Pulsating,
1,basic,natural,11569977,Pulsating,Pulsating,
1,basic,natural,11572714,rotational star,rotational star,
1,basic,natural,11585007,Pulsating,rotational star,
1,basic,natural,11619555,Pulsating,Ecl,
1,basic,natural,11620334,Pulsating,Pulsating,
1,basic,natural,11621089,Ecl,Ecl,
1,basic,natural,11772275,Pulsating,Pulsating,
1,basic,natural,11775317,Ecl,Ecl,
1,basic,natural,11778107,Ecl,Ecl,
1,basic,natural,11780339,Ecl,Ecl,
1,basic,natural,11931277,rotational star,rotational star,
1,basic,natural,12068202,Pulsating,Pulsating,
1,basic,natural,12077861,rotational star,rotational star,
1,basic,natural,12082661,Ecl,Ecl,
1,basic,natural,12256111,Ecl,Ecl,
1,basic,natural,12257100,Pulsating,Pulsating,
1,basic,natural,12258499,Pulsating,Pulsating,
1,basic,natural,12261159,Ecl,Ecl,
1,basic,natural,12372134,Ecl,Ecl,
1,basic,natural,12372670,Pulsating,Ecl,
1,basic,natural,12373785,Ecl,Ecl,
1,basic,natural,12374282,Ecl,Pulsating,
1,basic,natural,12374400,Pulsating,Pulsating,
1,basic,natural,12377666,Ecl,Ecl,
1,basic,natural,12394941,Pulsating,Pulsating,
1,basic,natural,12397628,Pulsating,Pulsating,
1,basic,natural,12428055,Ecl,Ecl,
1,basic,natural,12458470,Ecl,Ecl,
1,basic,natural,12470242,Ecl,Ecl,
1,basic,natural,12472170,rotational star,rotational star,
1,basic,natural,12481937,rotational star,Ecl,
1,basic,natural,12502942,Ecl,Ecl,
1,basic,natural,12506794,rotational star,rotational star,
1,basic,natural,12623479,Pulsating,Ecl,
1,basic,natural,12629856,Ecl,rotational star,
1,basic,natural,12644912,rotational star,Ecl,
1,basic,natural,12644999,rotational star,Ecl,
1,basic,natural,12645321,rotational star,rotational star,
1,basic,natural,12828861,Ecl,Ecl,
1,basic,natural,12830670,Ecl,Ecl,
1,basic,natural,12832709,rotational star,Ecl,
1,basic,natural,12986116,Pulsating,Pulsating,
1,basic,natural,12987544,Pulsating,rotational star,
1,basic,natural,13086137,Pulsating,Ecl,
1,basic,natural,13087516,rotational star,rotational star,
1,basic,natural,13206347,rotational star,rotational star,
1,basic,natural,13276733,Pulsating,Ecl,
1,basic,natural,13281056,Pulsating,Pulsating,
1,basic,natural,13383287,rotational star,Ecl,
1,basic,natural,13390885,Ecl,Ecl,
1,basic,natural,13398192,Ecl,Pulsating,
1,basic,natural,13642058,rotational star,rotational star,
1,basic,natural,13729475,Pulsating,rotational star,
1,basic,natural,13731074,Ecl,rotational star,
1,basic,natural,13833585,rotational star,rotational star,
1,basic,natural,14022706,rotational star,rotational star,
1,basic,natural,14024188,Pulsating,Pulsating,
1,basic,natural,14025549,rotational star,rotational star,
1,basic,natural,14506614,Ecl,rotational star,
1,basic,natural,14507025,Ecl,Ecl,
1,basic,natural,14521032,Ecl,Ecl,
1,basic,natural,15134517,Pulsating,rotational star,
1,basic,natural,15135391,Ecl,Ecl,
1,basic,natural,15136616,rotational star,rotational star,
1,basic,natural,15200820,Ecl,Ecl,
1,basic,natural,15201345,Pulsating,Pulsating,
1,basic,natural,15516051,rotational star,rotational star,
1,basic,natural,15597494,rotational star,rotational star,
1,basic,natural,15600345,Pulsating,rotational star,
1,basic,natural,15601545,rotational star,rotational star,
1,basic,natural,16014078,Ecl,Ecl,
1,basic,natural,16023201,Pulsating,Pulsating,
1,basic,natural,16025636,rotational star,rotational star,
1,basic,natural,16026174,Pulsating,Pulsating,
1,basic,natural,16028452,Pulsating,Ecl,
1,basic,natural,16030990,Pulsating,Pulsating,
1,basic,natural,16041487,rotational star,rotational star,
1,basic,natural,16070289,Ecl,rotational star,
1,basic,natural,16129494,Ecl,rotational star,
1,basic,natural,16181266,Ecl,Ecl,
1,basic,natural,16190605,Ecl,Ecl,
1,basic,natural,16193408,Ecl,Ecl,
1,basic,natural,16197293,Ecl,rotational star,
1,basic,natural,16197428,Ecl,Pulsating,
1,basic,natural,16197570,rotational star,rotational star,
1,basic,natural,16199371,Pulsating,Ecl,
1,basic,natural,16344798,Pulsating,Pulsating,
1,basic,natural,16383690,Ecl,Pulsating,
1,basic,natural,16526833,Pulsating,Pulsating,
1,basic,natural,16536879,Pulsating,Pulsating,
1,basic,natural,16537858,Ecl,Ecl,
1,basic,natural,16538906,rotational star,rotational star,
1,basic,natural,16653594,Ecl,rotational star,
1,basic,natural,16653951,rotational star,rotational star,
1,basic,natural,16658118,Pulsating,Pulsating,
1,basic,natural,16658450,Pulsating,Pulsating,
1,basic,natural,16766005,Pulsating,Ecl,
1,basic,natural,16767478,Ecl,Ecl,
1,basic,natural,16801765,Pulsating,Pulsating,
1,basic,natural,16805103,Ecl,Ecl,
1,basic,natural,16805321,Pulsating,Pulsating,
1,basic,natural,16806833,Ecl,Ecl,
1,basic,natural,16809098,Pulsating,Ecl,
1,basic,natural,16810385,Pulsating,Pulsating,
1,basic,natural,16845338,rotational star,Ecl,
1,basic,natural,16847653,Ecl,Ecl,
1,basic,natural,17144966,rotational star,rotational star,
1,basic,natural,17172959,rotational star,rotational star,
1,basic,natural,17173355,rotational star,rotational star,
1,basic,natural,17173876,rotational star,rotational star,
1,basic,natural,17174959,Pulsating,Pulsating,
1,basic,natural,17394296,Pulsating,Pulsating,
1,basic,natural,17487943,Ecl,Ecl,
1,basic,natural,17571403,Ecl,Ecl,
1,basic,natural,17776220,Ecl,rotational star,
1,basic,natural,17834634,rotational star,Ecl,
1,basic,natural,17851685,Pulsating,Pulsating,
1,basic,natural,17883608,Ecl,Pulsating,
1,basic,natural,17904870,rotational star,Ecl,
1,basic,natural,18273669,Pulsating,rotational star,
1,basic,natural,18276283,rotational star,rotational star,
1,basic,natural,18285409,rotational star,rotational star,
1,basic,natural,18559451,Ecl,Pulsating,
1,basic,natural,18563720,Ecl,Ecl,
1,basic,natural,18642699,Pulsating,Pulsating,
1,basic,natural,18655471,rotational star,Ecl,
1,basic,natural,19137779,Pulsating,Pulsating,
1,basic,natural,19138566,Ecl,Ecl,
1,basic,natural,19316467,Pulsating,Pulsating,
1,basic,natural,19316981,Ecl,Ecl,
1,basic,natural,19318983,Ecl,Ecl,
1,basic,natural,19590950,Pulsating,Pulsating,
1,basic,natural,19658850,rotational star,rotational star,
1,basic,natural,19662027,Ecl,Ecl,
1,basic,natural,19968336,Pulsating,Pulsating,
1,basic,natural,20027107,Ecl,Ecl,
1,basic,natural,20027771,Ecl,Ecl,
1,basic,natural,20193949,rotational star,rotational star,
1,basic,natural,20196747,rotational star,rotational star,
1,basic,natural,20235242,Ecl,Ecl,
1,basic,natural,20238315,rotational star,Ecl,
1,basic,natural,20325636,Ecl,Ecl,
1,basic,natural,20325810,Pulsating,Pulsating,
1,basic,natural,20326114,Ecl,Pulsating,
1,basic,natural,20453572,Ecl,Ecl,
1,basic,natural,20453600,Ecl,Ecl,
1,basic,natural,20465352,rotational star,Ecl,
1,basic,natural,20471682,rotational star,rotational star,
1,basic,natural,20475212,Ecl,Ecl,
1,basic,natural,20475324,Pulsating,Ecl,
1,basic,natural,20476259,Ecl,rotational star,
1,basic,natural,20582605,Ecl,Pulsating,
1,basic,natural,20727275,rotational star,Ecl,
1,basic,natural,20731756,rotational star,rotational star,
1,basic,natural,20961797,Ecl,Ecl,
1,basic,natural,21232250,rotational star,Ecl,
1,basic,natural,21232257,Pulsating,Ecl,
1,basic,natural,21232672,Pulsating,Pulsating,
1,basic,natural,21233124,Pulsating,Pulsating,
1,basic,natural,21422113,Ecl,Ecl,
1,basic,natural,21524260,rotational star,rotational star,
1,basic,natural,21527184,Ecl,Ecl,
1,basic,natural,21531649,Ecl,Pulsating,
1,basic,natural,21532216,Ecl,Ecl,
1,basic,natural,21598075,Pulsating,Ecl,
1,basic,natural,21601463,Ecl,Ecl,
1,basic,natural,21602369,Ecl,Ecl,
1,basic,natural,21736850,rotational star,rotational star,
1,basic,natural,21738821,rotational star,Ecl,
1,basic,natural,21742022,rotational star,rotational star,
1,basic,natural,21771327,Ecl,Ecl,
1,basic,natural,21860728,Pulsating,Ecl,
1,basic,natural,22039675,Pulsating,rotational star,
1,basic,natural,22307772,rotational star,rotational star,
1,basic,natural,22308016,Ecl,Ecl,
1,basic,natural,22308607,Pulsating,Pulsating,
1,basic,natural,22309322,rotational star,Ecl,
1,basic,natural,22570897,Ecl,Pulsating,
1,basic,natural,22580083,rotational star,rotational star,
1,basic,natural,22580223,rotational star,Ecl,
1,basic,natural,22840115,Pulsating,Pulsating,
1,basic,natural,22846405,Pulsating,Pulsating,
1,basic,natural,22846563,rotational star,Ecl,
1,basic,natural,22898690,Pulsating,Pulsating,
1,basic,natural,23048157,Pulsating,Ecl,
1,basic,natural,23049620,Pulsating,Pulsating,
1,basic,natural,23095577,rotational star,Ecl,
1,basic,natural,23101515,Pulsating,Pulsating,
1,basic,natural,23101770,Pulsating,Ecl,
1,basic,natural,23229632,Pulsating,Pulsating,
1,basic,natural,23369295,Ecl,Ecl,
1,basic,natural,23519994,rotational star,Ecl,
1,basic,natural,23521330,rotational star,Ecl,
1,basic,natural,23523912,Ecl,Pulsating,
1,basic,natural,23524150,rotational star,rotational star,
1,basic,natural,24138124,rotational star,Ecl,
1,basic,natural,24140979,Ecl,rotational star,
1,basic,natural,24174358,rotational star,rotational star,
1,basic,natural,24484885,Pulsating,Pulsating,
1,basic,natural,24533094,Pulsating,Ecl,
1,basic,natural,24577185,Ecl,Ecl,
1,basic,natural,24577672,Ecl,Ecl,
1,basic,natural,24577924,Ecl,Ecl,
1,basic,natural,24578578,rotational star,rotational star,
1,basic,natural,24690993,Ecl,Ecl,
1,basic,natural,24691343,Ecl,Ecl,
1,basic,natural,24691515,Ecl,Ecl,
1,basic,natural,24692152,Pulsating,rotational star,
1,basic,natural,24827721,Ecl,Ecl,
1,basic,natural,25362557,Pulsating,Pulsating,
1,basic,natural,25463342,Pulsating,Ecl,
1,basic,natural,25465107,Ecl,Ecl,
1,basic,natural,25586204,Ecl,Ecl,
1,basic,natural,25587645,Ecl,Ecl,
1,basic,natural,25588590,rotational star,Ecl,
1,basic,natural,25793632,Pulsating,Ecl,
1,basic,natural,26067932,rotational star,rotational star,
1,basic,natural,26133011,Ecl,Ecl,
1,basic,natural,26133520,rotational star,rotational star,
1,basic,natural,26144601,rotational star,rotational star,
1,basic,natural,26294888,rotational star,rotational star,
1,basic,natural,26369924,Ecl,Ecl,
1,basic,natural,26473626,rotational star,rotational star,
1,basic,natural,26799867,Ecl,Ecl,
1,basic,natural,26801970,Ecl,rotational star,
1,basic,natural,26803237,Pulsating,Ecl,
1,basic,natural,26915868,rotational star,rotational star,
1,basic,natural,26916686,Ecl,rotational star,
1,basic,natural,26917114,Pulsating,Pulsating,
1,basic,natural,27144593,Pulsating,rotational star,
1,basic,natural,27326490,rotational star,rotational star,
1,basic,natural,27571837,Ecl,Ecl,
1,basic,natural,27794525,Ecl,Ecl,
1,basic,natural,27794663,Ecl,Pulsating,
1,basic,natural,27923697,Ecl,rotational star,
1,basic,natural,28265471,rotational star,rotational star,
1,basic,natural,28684551,Pulsating,Ecl,
1,basic,natural,28684789,Ecl,Ecl,
1,basic,natural,28711497,rotational star,rotational star,
1,basic,natural,28753266,Ecl,Pulsating,
1,basic,natural,28766428,Pulsating,rotational star,
1,basic,natural,28816210,rotational star,rotational star,
1,basic,natural,28817718,Ecl,Ecl,
1,basic,natural,28906137,Ecl,rotational star,
1,basic,natural,29111193,Ecl,Ecl,
1,basic,natural,29120461,rotational star,rotational star,
1,basic,natural,29123719,rotational star,rotational star,
1,basic,natural,29125200,rotational star,rotational star,
1,basic,natural,29186647,Ecl,Ecl,
1,basic,natural,29188720,rotational star,Pulsating,
1,basic,natural,29240740,rotational star,rotational star,
1,basic,natural,29244562,Pulsating,Pulsating,
1,basic,natural,29255984,Pulsating,Pulsating,
1,basic,natural,29272289,Pulsating,Ecl,
1,basic,natural,29333111,Pulsating,Pulsating,
1,basic,natural,29468390,Pulsating,Pulsating,
1,basic,natural,29470734,rotational star,rotational star,
1,basic,natural,29581880,rotational star,Ecl,
1,basic,natural,29587302,rotational star,rotational star,
1,basic,natural,29588091,Pulsating,Ecl,
1,basic,natural,30985418,Ecl,Pulsating,
1,basic,natural,31050780,rotational star,Ecl,
1,basic,natural,31079188,Pulsating,Pulsating,
1,basic,natural,31132730,rotational star,rotational star,
1,basic,natural,31264095,Ecl,Ecl,
1,basic,natural,31275601,Ecl,Ecl,
1,basic,natural,31276935,Ecl,Pulsating,
1,basic,natural,31419272,Pulsating,rotational star,
1,basic,natural,31430137,rotational star,rotational star,
1,basic,natural,31495826,Ecl,Ecl,
1,basic,natural,31495934,Ecl,Ecl,
1,basic,natural,31499229,rotational star,Ecl,
1,basic,natural,31530586,Ecl,Ecl,
1,basic,natural,31596857,rotational star,Ecl,
1,basic,natural,32007198,Pulsating,Pulsating,
1,basic,natural,32538552,Pulsating,Ecl,
1,basic,natural,32540202,Pulsating,Pulsating,
1,basic,natural,32540408,rotational star,Ecl,
1,basic,natural,32979939,Ecl,Ecl,
1,basic,natural,33293395,Ecl,Ecl,
1,basic,natural,33545044,rotational star,rotational star,
1,basic,natural,33889547,Ecl,Ecl,
1,basic,natural,34288224,rotational star,rotational star,
1,basic,natural,34721768,Pulsating,Pulsating,
1,basic,natural,34732858,Pulsating,Pulsating,
1,basic,natural,35903210,rotational star,Pulsating,
1,basic,natural,36068658,Ecl,Ecl,
1,basic,natural,36073512,Ecl,Ecl,
1,basic,natural,36073957,Ecl,Ecl,
1,basic,natural,36151101,Ecl,Ecl,
1,basic,natural,36929805,rotational star,rotational star,
1,basic,natural,36932872,Pulsating,Pulsating,
1,basic,natural,36934154,rotational star,Ecl,
1,basic,natural,37036024,Pulsating,Pulsating,
1,basic,natural,37156018,Pulsating,Pulsating,
1,basic,natural,37156082,rotational star,rotational star,
1,basic,natural,37519132,Ecl,Ecl,
1,basic,natural,37972550,Ecl,Ecl,
1,basic,natural,38957658,Ecl,Ecl,
1,basic,natural,38959792,Pulsating,Ecl,
1,basic,natural,38960487,rotational star,rotational star,
1,basic,natural,39184902,rotational star,Ecl,
1,basic,natural,39185786,rotational star,rotational star,
1,basic,natural,39241909,Ecl,Ecl,
1,basic,natural,39373554,Pulsating,Pulsating,
1,basic,natural,39375276,Pulsating,Pulsating,
1,basic,natural,39594938,Ecl,rotational star,
1,basic,natural,39595213,rotational star,rotational star,
1,basic,natural,39832168,Ecl,Ecl,
1,basic,natural,40702567,Pulsating,Ecl,
1,basic,natural,41128071,Ecl,Ecl,
1,basic,natural,41474622,Ecl,Pulsating,
1,basic,natural,41582109,Ecl,rotational star,
1,basic,natural,41585546,Ecl,Ecl,
1,basic,natural,41586209,Ecl,Ecl,
1,basic,natural,41590845,rotational star,Ecl,
1,basic,natural,42032149,Ecl,Ecl,
1,basic,natural,42324856,Ecl,Ecl,
1,basic,natural,42476058,Pulsating,Ecl,
1,basic,natural,42479355,Pulsating,Pulsating,
1,basic,natural,42746983,Ecl,Ecl,
1,basic,natural,42785560,Ecl,rotational star,
1,basic,natural,42786413,Pulsating,Pulsating,
1,basic,natural,42912979,Ecl,rotational star,
1,basic,natural,42913803,Ecl,Ecl,
1,basic,natural,42913866,Pulsating,Pulsating,
1,basic,natural,43463371,Ecl,Ecl,
1,basic,natural,43606048,Pulsating,Pulsating,
1,basic,natural,43607595,Pulsating,Pulsating,
1,basic,natural,43723851,Ecl,Ecl,
1,basic,natural,43751151,Pulsating,rotational star,
1,basic,natural,43752630,Pulsating,Ecl,
1,basic,natural,43752743,Pulsating,rotational star,
1,basic,natural,43920296,Ecl,Ecl,
1,basic,natural,43920441,Ecl,Ecl,
1,basic,natural,43920514,Pulsating,Pulsating,
1,basic,natural,44123679,Pulsating,Pulsating,
1,basic,natural,44137633,Ecl,Ecl,
1,basic,natural,44449429,Ecl,Ecl,
1,basic,natural,44663258,Ecl,Ecl,
1,basic,natural,46259988,Pulsating,Ecl,
1,basic,natural,46260797,rotational star,Ecl,
1,basic,natural,46415881,rotational star,rotational star,
1,basic,natural,46632641,Ecl,Ecl,
1,basic,natural,46897724,Pulsating,Pulsating,
1,basic,natural,46897839,Pulsating,Pulsating,
1,basic,natural,46898218,Pulsating,Pulsating,
1,basic,natural,46900721,Pulsating,Pulsating,
1,basic,natural,46914594,Pulsating,Pulsating,
1,basic,natural,46981461,Pulsating,Pulsating,
1,basic,natural,47022490,Ecl,Ecl,
1,basic,natural,47024234,Ecl,rotational star,
1,basic,natural,47024240,Ecl,Ecl,
1,basic,natural,47970546,Ecl,Ecl,
1,basic,natural,48249657,rotational star,rotational star,
1,basic,natural,48254913,Pulsating,Pulsating,
1,basic,natural,48982818,Ecl,Ecl,
1,basic,natural,50132451,Ecl,Ecl,
1,basic,natural,50354719,Pulsating,Ecl,
1,basic,natural,51619832,Pulsating,Pulsating,
1,basic,natural,53182877,Ecl,Ecl,
1,basic,natural,53228372,Ecl,rotational star,
1,basic,natural,53232890,rotational star,Ecl,
1,basic,natural,53236580,Pulsating,Pulsating,
1,basic,natural,53330452,Ecl,Ecl,
1,basic,natural,53396979,rotational star,rotational star,
1,basic,natural,57826750,Ecl,Ecl,
1,basic,natural,57989097,Ecl,Pulsating,
1,basic,natural,57992772,Ecl,Ecl,
1,basic,natural,58248985,Pulsating,Pulsating,
1,basic,natural,58249067,Ecl,Pulsating,
1,basic,natural,58286884,rotational star,Ecl,
1,basic,natural,59438186,rotational star,Ecl,
1,basic,natural,59739171,rotational star,Ecl,
1,basic,natural,60262047,Ecl,rotational star,
1,basic,natural,60263095,rotational star,rotational star,
1,basic,natural,60265807,rotational star,Ecl,
1,basic,natural,60289910,Pulsating,Pulsating,
1,basic,natural,60498365,Ecl,rotational star,
1,basic,natural,60656985,Pulsating,Pulsating,
1,basic,natural,60657582,rotational star,rotational star,
1,basic,natural,61496813,Ecl,Ecl,
1,basic,natural,64171523,Ecl,rotational star,
1,basic,natural,64449850,Pulsating,Pulsating,
1,basic,natural,64468311,Pulsating,Pulsating,
1,basic,natural,65147776,rotational star,Ecl,
1,basic,natural,65712645,Pulsating,Pulsating,
1,basic,natural,67079023,Pulsating,Pulsating,
1,basic,natural,70836558,Pulsating,rotational star,
1,basic,natural,70836696,Ecl,rotational star,
1,basic,natural,71713323,Pulsating,Pulsating,
1,basic,natural,72373285,Ecl,Ecl,
1,basic,natural,77824269,rotational star,rotational star,
1,basic,natural,77824723,Pulsating,Pulsating,
1,basic,natural,77826239,Pulsating,Pulsating,
1,basic,natural,92903768,Ecl,Ecl,
1,basic,natural,120940265,rotational star,Ecl,
1,basic + period,natural,1492,Pulsating,Pulsating,
1,basic + period,natural,170389,Pulsating,Pulsating,
1,basic + period,natural,174274,Pulsating,Pulsating,
1,basic + period,natural,182732,Pulsating,Pulsating,
1,basic + period,natural,351642,Ecl,Ecl,
1,basic + period,natural,354735,Pulsating,Pulsating,
1,basic + period,natural,356877,Pulsating,Pulsating,
1,basic + period,natural,391705,Pulsating,Pulsating,
1,basic + period,natural,396749,Ecl,Ecl,
1,basic + period,natural,401124,Pulsating,Ecl,
1,basic + period,natural,401420,Ecl,Ecl,
1,basic + period,natural,416128,Ecl,Ecl,
1,basic + period,natural,517541,Ecl,Ecl,
1,basic + period,natural,654210,Pulsating,Pulsating,
1,basic + period,natural,682103,Pulsating,Pulsating,
1,basic + period,natural,705322,Pulsating,Pulsating,
1,basic + period,natural,706627,rotational star,rotational star,
1,basic + period,natural,713256,rotational star,rotational star,
1,basic + period,natural,720276,Ecl,Ecl,
1,basic + period,natural,720910,Ecl,Ecl,
1,basic + period,natural,795063,rotational star,Ecl,
1,basic + period,natural,806270,rotational star,rotational star,
1,basic + period,natural,855356,Pulsating,rotational star,
1,basic + period,natural,891487,rotational star,rotational star,
1,basic + period,natural,893445,Pulsating,Ecl,
1,basic + period,natural,989130,Pulsating,Pulsating,
1,basic + period,natural,989377,rotational star,rotational star,
1,basic + period,natural,993864,Ecl,Ecl,
1,basic + period,natural,1085172,rotational star,rotational star,
1,basic + period,natural,1086245,Pulsating,Pulsating,
1,basic + period,natural,1086977,rotational star,rotational star,
1,basic + period,natural,1087883,Pulsating,Pulsating,
1,basic + period,natural,1137195,Pulsating,Pulsating,
1,basic + period,natural,1359057,Ecl,Ecl,
1,basic + period,natural,1360465,rotational star,Ecl,
1,basic + period,natural,1399779,Ecl,Ecl,
1,basic + period,natural,1400413,Pulsating,Pulsating,
1,basic + period,natural,1465995,rotational star,rotational star,
1,basic + period,natural,1486152,Ecl,Ecl,
1,basic + period,natural,1486807,Ecl,Ecl,
1,basic + period,natural,1487155,Pulsating,Ecl,
1,basic + period,natural,1487228,rotational star,rotational star,
1,basic + period,natural,1488730,rotational star,Ecl,
1,basic + period,natural,1520574,Ecl,rotational star,
1,basic + period,natural,1525735,Pulsating,Ecl,
1,basic + period,natural,1529400,Pulsating,Pulsating,
1,basic + period,natural,1533092,Pulsating,Pulsating,
1,basic + period,natural,1534333,Pulsating,Pulsating,
1,basic + period,natural,1540909,Ecl,Ecl,
1,basic + period,natural,1542965,Pulsating,Pulsating,
1,basic + period,natural,1786207,rotational star,rotational star,
1,basic + period,natural,1786713,Pulsating,Pulsating,
1,basic + period,natural,1787905,rotational star,rotational star,
1,basic + period,natural,1788906,Ecl,Ecl,
1,basic + period,natural,1815795,Pulsating,Pulsating,
1,basic + period,natural,1819187,rotational star,Ecl,
1,basic + period,natural,1821852,Pulsating,Pulsating,
1,basic + period,natural,1858419,Ecl,Ecl,
1,basic + period,natural,1866879,Pulsating,Ecl,
1,basic + period,natural,1967928,rotational star,rotational star,
1,basic + period,natural,2028803,Ecl,rotational star,
1,basic + period,natural,2030192,Pulsating,Ecl,
1,basic + period,natural,2078896,Pulsating,Pulsating,
1,basic + period,natural,2210879,rotational star,rotational star,
1,basic + period,natural,2211515,Ecl,rotational star,
1,basic + period,natural,2255202,Ecl,Ecl,
1,basic + period,natural,2710434,rotational star,rotational star,
1,basic + period,natural,2854870,Ecl,Ecl,
1,basic + period,natural,3037433,Ecl,rotational star,
1,basic + period,natural,3039026,Pulsating,Pulsating,
1,basic + period,natural,3053459,Ecl,Pulsating,
1,basic + period,natural,3064343,Ecl,Ecl,
1,basic + period,natural,3262989,Ecl,Pulsating,
1,basic + period,natural,3267525,Ecl,Ecl,
1,basic + period,natural,3268443,Ecl,Ecl,
1,basic + period,natural,3294397,Ecl,Ecl,
1,basic + period,natural,3308758,Pulsating,Pulsating,
1,basic + period,natural,3316875,rotational star,Ecl,
1,basic + period,natural,3320934,Ecl,rotational star,
1,basic + period,natural,3384809,Pulsating,Pulsating,
1,basic + period,natural,3402113,Pulsating,Ecl,
1,basic + period,natural,3515396,Pulsating,Ecl,
1,basic + period,natural,3530716,Ecl,Ecl,
1,basic + period,natural,3532457,rotational star,rotational star,
1,basic + period,natural,3535885,Ecl,Ecl,
1,basic + period,natural,3536386,Ecl,Ecl,
1,basic + period,natural,3538485,Ecl,Pulsating,
1,basic + period,natural,3538828,Ecl,rotational star,
1,basic + period,natural,3539430,Pulsating,Pulsating,
1,basic + period,natural,3540068,Pulsating,rotational star,
1,basic + period,natural,3563158,Pulsating,Pulsating,
1,basic + period,natural,3573648,Pulsating,Pulsating,
1,basic + period,natural,3574286,Pulsating,Pulsating,
1,basic + period,natural,3578120,Ecl,Ecl,
1,basic + period,natural,3578629,Pulsating,Pulsating,
1,basic + period,natural,3579296,Pulsating,Pulsating,
1,basic + period,natural,3580689,rotational star,rotational star,
1,basic + period,natural,3581809,Ecl,Ecl,
1,basic + period,natural,3610544,Pulsating,Ecl,
1,basic + period,natural,3707618,Pulsating,Pulsating,
1,basic + period,natural,3712377,Pulsating,Pulsating,
1,basic + period,natural,3778222,rotational star,rotational star,
1,basic + period,natural,3879596,Pulsating,Pulsating,
1,basic + period,natural,3888880,Pulsating,Pulsating,
1,basic + period,natural,3888905,rotational star,rotational star,
1,basic + period,natural,3891826,Ecl,Ecl,
1,basic + period,natural,3900804,Ecl,Ecl,
1,basic + period,natural,4016172,Pulsating,Pulsating,
1,basic + period,natural,4052360,Ecl,Ecl,
1,basic + period,natural,4053354,Pulsating,Pulsating,
1,basic + period,natural,4085335,Pulsating,Pulsating,
1,basic + period,natural,4086437,Ecl,Ecl,
1,basic + period,natural,4112322,Ecl,Ecl,
1,basic + period,natural,4112453,Pulsating,Pulsating,
1,basic + period,natural,4154491,rotational star,rotational star,
1,basic + period,natural,4165556,rotational star,Ecl,
1,basic + period,natural,4202285,rotational star,rotational star,
1,basic + period,natural,4203764,Pulsating,Pulsating,
1,basic + period,natural,4204543,Ecl,Ecl,
1,basic + period,natural,4204760,rotational star,rotational star,
1,basic + period,natural,4207350,Ecl,Ecl,
1,basic + period,natural,4221224,rotational star,rotational star,
1,basic + period,natural,4222140,Pulsating,Pulsating,
1,basic + period,natural,4318493,Ecl,Ecl,
1,basic + period,natural,4319767,Ecl,Ecl,
1,basic + period,natural,4503100,Ecl,Ecl,
1,basic + period,natural,4503752,rotational star,rotational star,
1,basic + period,natural,4525993,Ecl,Ecl,
1,basic + period,natural,4531285,Ecl,Ecl,
1,basic + period,natural,4555438,rotational star,Pulsating,
1,basic + period,natural,4555634,rotational star,rotational star,
1,basic + period,natural,4556326,rotational star,rotational star,
1,basic + period,natural,4558584,rotational star,rotational star,
1,basic + period,natural,4559117,rotational star,rotational star,
1,basic + period,natural,4560178,rotational star,rotational star,
1,basic + period,natural,4603259,Pulsating,Ecl,
1,basic + period,natural,4627821,rotational star,rotational star,
1,basic + period,natural,4720963,Pulsating,Pulsating,
1,basic + period,natural,4991083,Ecl,Ecl,
1,basic + period,natural,5103090,rotational star,rotational star,
1,basic + period,natural,5108781,Ecl,Ecl,
1,basic + period,natural,5229099,rotational star,Ecl,
1,basic + period,natural,5230789,Ecl,Ecl,
1,basic + period,natural,5231192,Pulsating,Pulsating,
1,basic + period,natural,5285064,Ecl,Ecl,
1,basic + period,natural,5387464,Ecl,Ecl,
1,basic + period,natural,5388985,rotational star,rotational star,
1,basic + period,natural,5446648,rotational star,Ecl,
1,basic + period,natural,5446653,Ecl,Ecl,
1,basic + period,natural,5448059,Ecl,Ecl,
1,basic + period,natural,5502401,Pulsating,Pulsating,
1,basic + period,natural,5552243,Pulsating,Ecl,
1,basic + period,natural,5703162,Ecl,rotational star,
1,basic + period,natural,5839093,Pulsating,Pulsating,
1,basic + period,natural,5855159,Pulsating,Ecl,
1,basic + period,natural,6035659,rotational star,rotational star,
1,basic + period,natural,6385706,Pulsating,Pulsating,
1,basic + period,natural,6388611,Pulsating,Ecl,
1,basic + period,natural,6420800,Ecl,Ecl,
1,basic + period,natural,6423392,Ecl,rotational star,
1,basic + period,natural,6423500,Ecl,Ecl,
1,basic + period,natural,6424179,Ecl,Ecl,
1,basic + period,natural,6426729,Ecl,Ecl,
1,basic + period,natural,6428939,Ecl,Ecl,
1,basic + period,natural,6559105,rotational star,Ecl,
1,basic + period,natural,6578144,Pulsating,Pulsating,
1,basic + period,natural,6582868,Pulsating,Pulsating,
1,basic + period,natural,6708716,rotational star,rotational star,
1,basic + period,natural,6711028,Ecl,Ecl,
1,basic + period,natural,6771481,Pulsating,Pulsating,
1,basic + period,natural,6772137,rotational star,rotational star,
1,basic + period,natural,6772757,rotational star,rotational star,
1,basic + period,natural,6772868,rotational star,rotational star,
1,basic + period,natural,6774272,Pulsating,Ecl,
1,basic + period,natural,6885233,rotational star,rotational star,
1,basic + period,natural,6886679,rotational star,rotational star,
1,basic + period,natural,6900401,rotational star,rotational star,
1,basic + period,natural,6914961,rotational star,rotational star,
1,basic + period,natural,6968029,Ecl,Ecl,
1,basic + period,natural,6968264,Pulsating,Pulsating,
1,basic + period,natural,6971276,Pulsating,Ecl,
1,basic + period,natural,6971505,rotational star,rotational star,
1,basic + period,natural,7072651,rotational star,rotational star,
1,basic + period,natural,7127722,Ecl,Ecl,
1,basic + period,natural,7223147,Ecl,Ecl,
1,basic + period,natural,7257067,Pulsating,Ecl,
1,basic + period,natural,7348139,Pulsating,Pulsating,
1,basic + period,natural,7348645,Pulsating,Pulsating,
1,basic + period,natural,7438683,Ecl,rotational star,
1,basic + period,natural,7443675,Pulsating,Pulsating,
1,basic + period,natural,7566107,Ecl,rotational star,
1,basic + period,natural,7569518,Pulsating,Pulsating,
1,basic + period,natural,7576919,Pulsating,Pulsating,
1,basic + period,natural,7641751,Pulsating,Ecl,
1,basic + period,natural,7775830,Pulsating,rotational star,
1,basic + period,natural,7824125,Ecl,Ecl,
1,basic + period,natural,7898622,Ecl,Ecl,
1,basic + period,natural,7904889,Ecl,Ecl,
1,basic + period,natural,7907540,Ecl,Ecl,
1,basic + period,natural,7907839,Pulsating,Ecl,
1,basic + period,natural,7911225,Ecl,Ecl,
1,basic + period,natural,7948368,Ecl,Ecl,
1,basic + period,natural,8071429,Ecl,rotational star,
1,basic + period,natural,8072240,Pulsating,Pulsating,
1,basic + period,natural,8077094,Ecl,Ecl,
1,basic + period,natural,8085320,rotational star,rotational star,
1,basic + period,natural,8089619,Ecl,rotational star,
1,basic + period,natural,8089854,rotational star,rotational star,
1,basic + period,natural,8095331,rotational star,Ecl,
1,basic + period,natural,8234121,Pulsating,Pulsating,
1,basic + period,natural,8260993,Pulsating,Pulsating,
1,basic + period,natural,8298820,Ecl,Ecl,
1,basic + period,natural,8301406,Pulsating,Pulsating,
1,basic + period,natural,8302040,Ecl,Pulsating,
1,basic + period,natural,8303969,rotational star,rotational star,
1,basic + period,natural,8304398,rotational star,rotational star,
1,basic + period,natural,8307548,Pulsating,Pulsating,
1,basic + period,natural,8315756,Pulsating,Pulsating,
1,basic + period,natural,8331224,Ecl,rotational star,
1,basic + period,natural,8337585,rotational star,rotational star,
1,basic + period,natural,8395322,Ecl,Ecl,
1,basic + period,natural,8395517,Ecl,Ecl,
1,basic + period,natural,8396121,Ecl,Ecl,
1,basic + period,natural,8413061,Ecl,rotational star,
1,basic + period,natural,8436241,Pulsating,Pulsating,
1,basic + period,natural,8568363,Ecl,Ecl,
1,basic + period,natural,8649964,Pulsating,Pulsating,
1,basic + period,natural,8667230,rotational star,rotational star,
1,basic + period,natural,8700095,Ecl,rotational star,
1,basic + period,natural,8700892,Pulsating,Pulsating,
1,basic + period,natural,8701682,Pulsating,Pulsating,
1,basic + period,natural,8702727,rotational star,rotational star,
1,basic + period,natural,8821912,Ecl,rotational star,
1,basic + period,natural,8825435,Ecl,Ecl,
1,basic + period,natural,8825485,Ecl,Ecl,
1,basic + period,natural,8826873,Ecl,Ecl,
1,basic + period,natural,8833576,Ecl,Ecl,
1,basic + period,natural,8862457,Pulsating,Pulsating,
1,basic + period,natural,8865289,Ecl,Ecl,
1,basic + period,natural,8895274,Pulsating,Pulsating,
1,basic + period,natural,8896138,Ecl,Ecl,
1,basic + period,natural,8901720,Pulsating,Pulsating,
1,basic + period,natural,9001365,Ecl,Pulsating,
1,basic + period,natural,9087235,Ecl,Ecl,
1,basic + period,natural,9090968,Pulsating,Pulsating,
1,basic + period,natural,9210109,rotational star,rotational star,
1,basic + period,natural,9252425,Pulsating,Pulsating,
1,basic + period,natural,9254197,Pulsating,Pulsating,
1,basic + period,natural,9385226,rotational star,Ecl,
1,basic + period,natural,9421023,Pulsating,Pulsating,
1,basic + period,natural,9422650,rotational star,rotational star,
1,basic + period,natural,9425767,Ecl,Ecl,
1,basic + period,natural,9441160,rotational star,rotational star,
1,basic + period,natural,9460839,Pulsating,Pulsating,
1,basic + period,natural,9643812,rotational star,rotational star,
1,basic + period,natural,9650202,Ecl,Ecl,
1,basic + period,natural,9708710,Ecl,Ecl,
1,basic + period,natural,9710004,Pulsating,Pulsating,
1,basic + period,natural,9851742,Ecl,Ecl,
1,basic + period,natural,9862976,Ecl,rotational star,
1,basic + period,natural,10034483,Ecl,Ecl,
1,basic + period,natural,10045593,Pulsating,Pulsating,
1,basic + period,natural,10221825,Pulsating,Pulsating,
1,basic + period,natural,10235536,Ecl,Ecl,
1,basic + period,natural,10237366,Pulsating,Pulsating,
1,basic + period,natural,10237841,rotational star,rotational star,
1,basic + period,natural,10240912,Pulsating,Pulsating,
1,basic + period,natural,10384900,Pulsating,Pulsating,
1,basic + period,natural,10477528,Ecl,Pulsating,
1,basic + period,natural,10501955,Ecl,Ecl,
1,basic + period,natural,10504051,Ecl,Ecl,
1,basic + period,natural,10506123,Ecl,Pulsating,
1,basic + period,natural,10506299,rotational star,rotational star,
1,basic + period,natural,10675231,Pulsating,Pulsating,
1,basic + period,natural,10684029,rotational star,rotational star,
1,basic + period,natural,10725909,Ecl,Ecl,
1,basic + period,natural,10745759,rotational star,rotational star,
1,basic + period,natural,10758622,Pulsating,Pulsating,
1,basic + period,natural,10759236,Pulsating,Pulsating,
1,basic + period,natural,10762635,Ecl,rotational star,
1,basic + period,natural,10772457,Ecl,Ecl,
1,basic + period,natural,10774324,rotational star,Ecl,
1,basic + period,natural,10774489,Pulsating,Ecl,
1,basic + period,natural,10778741,Ecl,Ecl,
1,basic + period,natural,10781318,rotational star,rotational star,
1,basic + period,natural,11000456,Pulsating,Pulsating,
1,basic + period,natural,11000690,Pulsating,Pulsating,
1,basic + period,natural,11002179,Ecl,Ecl,
1,basic + period,natural,11003680,Pulsating,Pulsating,
1,basic + period,natural,11008744,Ecl,Ecl,
1,basic + period,natural,11103477,rotational star,rotational star,
1,basic + period,natural,11281753,Ecl,Ecl,
1,basic + period,natural,11332457,Pulsating,Pulsating,
1,basic + period,natural,11333675,Ecl,Ecl,
1,basic + period,natural,11333752,Pulsating,Ecl,
1,basic + period,natural,11527909,Ecl,Ecl,
1,basic + period,natural,11568132,Pulsating,Pulsating,
1,basic + period,natural,11569837,Pulsating,Pulsating,
1,basic + period,natural,11569977,Pulsating,Pulsating,
1,basic + period,natural,11572714,rotational star,rotational star,
1,basic + period,natural,11585007,Pulsating,Pulsating,
1,basic + period,natural,11619555,Pulsating,Pulsating,
1,basic + period,natural,11620334,Pulsating,Pulsating,
1,basic + period,natural,11621089,Ecl,Ecl,
1,basic + period,natural,11772275,Pulsating,Pulsating,
1,basic + period,natural,11775317,Ecl,Ecl,
1,basic + period,natural,11778107,Ecl,Ecl,
1,basic + period,natural,11780339,Ecl,Ecl,
1,basic + period,natural,11931277,rotational star,rotational star,
1,basic + period,natural,12068202,Pulsating,Pulsating,
1,basic + period,natural,12077861,rotational star,rotational star,
1,basic + period,natural,12082661,Ecl,Ecl,
1,basic + period,natural,12256111,Ecl,Ecl,
1,basic + period,natural,12257100,Pulsating,Pulsating,
1,basic + period,natural,12258499,Pulsating,Pulsating,
1,basic + period,natural,12261159,Ecl,Ecl,
1,basic + period,natural,12372134,Ecl,Ecl,
1,basic + period,natural,12372670,Pulsating,Pulsating,
1,basic + period,natural,12373785,Ecl,Ecl,
1,basic + period,natural,12374282,Ecl,Pulsating,
1,basic + period,natural,12374400,Pulsating,Pulsating,
1,basic + period,natural,12377666,Ecl,Ecl,
1,basic + period,natural,12394941,Pulsating,Pulsating,
1,basic + period,natural,12397628,Pulsating,Pulsating,
1,basic + period,natural,12428055,Ecl,Ecl,
1,basic + period,natural,12458470,Ecl,Ecl,
1,basic + period,natural,12470242,Ecl,Pulsating,
1,basic + period,natural,12472170,rotational star,rotational star,
1,basic + period,natural,12481937,rotational star,rotational star,
1,basic + period,natural,12502942,Ecl,Ecl,
1,basic + period,natural,12506794,rotational star,Ecl,
1,basic + period,natural,12623479,Pulsating,Pulsating,
1,basic + period,natural,12629856,Ecl,Ecl,
1,basic + period,natural,12644912,rotational star,rotational star,
1,basic + period,natural,12644999,rotational star,rotational star,
1,basic + period,natural,12645321,rotational star,rotational star,
1,basic + period,natural,12828861,Ecl,Ecl,
1,basic + period,natural,12830670,Ecl,Ecl,
1,basic + period,natural,12832709,rotational star,Pulsating,
1,basic + period,natural,12986116,Pulsating,Pulsating,
1,basic + period,natural,12987544,Pulsating,Pulsating,
1,basic + period,natural,13086137,Pulsating,Ecl,
1,basic + period,natural,13087516,rotational star,rotational star,
1,basic + period,natural,13206347,rotational star,rotational star,
1,basic + period,natural,13276733,Pulsating,Pulsating,
1,basic + period,natural,13281056,Pulsating,Pulsating,
1,basic + period,natural,13383287,rotational star,rotational star,
1,basic + period,natural,13390885,Ecl,Ecl,
1,basic + period,natural,13398192,Ecl,Pulsating,
1,basic + period,natural,13642058,rotational star,rotational star,
1,basic + period,natural,13729475,Pulsating,Pulsating,
1,basic + period,natural,13731074,Ecl,rotational star,
1,basic + period,natural,13833585,rotational star,rotational star,
1,basic + period,natural,14022706,rotational star,rotational star,
1,basic + period,natural,14024188,Pulsating,Pulsating,
1,basic + period,natural,14025549,rotational star,rotational star,
1,basic + period,natural,14506614,Ecl,Ecl,
1,basic + period,natural,14507025,Ecl,Ecl,
1,basic + period,natural,14521032,Ecl,Ecl,
1,basic + period,natural,15134517,Pulsating,rotational star,
1,basic + period,natural,15135391,Ecl,Ecl,
1,basic + period,natural,15136616,rotational star,rotational star,
1,basic + period,natural,15200820,Ecl,Ecl,
1,basic + period,natural,15201345,Pulsating,Pulsating,
1,basic + period,natural,15516051,rotational star,Ecl,
1,basic + period,natural,15597494,rotational star,rotational star,
1,basic + period,natural,15600345,Pulsating,Pulsating,
1,basic + period,natural,15601545,rotational star,rotational star,
1,basic + period,natural,16014078,Ecl,Pulsating,
1,basic + period,natural,16023201,Pulsating,Pulsating,
1,basic + period,natural,16025636,rotational star,rotational star,
1,basic + period,natural,16026174,Pulsating,Pulsating,
1,basic + period,natural,16028452,Pulsating,Pulsating,
1,basic + period,natural,16030990,Pulsating,Pulsating,
1,basic + period,natural,16041487,rotational star,rotational star,
1,basic + period,natural,16070289,Ecl,rotational star,
1,basic + period,natural,16129494,Ecl,rotational star,
1,basic + period,natural,16181266,Ecl,Ecl,
1,basic + period,natural,16190605,Ecl,Ecl,
1,basic + period,natural,16193408,Ecl,Pulsating,
1,basic + period,natural,16197293,Ecl,Ecl,
1,basic + period,natural,16197428,Ecl,Ecl,
1,basic + period,natural,16197570,rotational star,rotational star,
1,basic + period,natural,16199371,Pulsating,Ecl,
1,basic + period,natural,16344798,Pulsating,Pulsating,
1,basic + period,natural,16383690,Ecl,Pulsating,
1,basic + period,natural,16526833,Pulsating,Pulsating,
1,basic + period,natural,16536879,Pulsating,Pulsating,
1,basic + period,natural,16537858,Ecl,Ecl,
1,basic + period,natural,16538906,rotational star,rotational star,
1,basic + period,natural,16653594,Ecl,rotational star,
1,basic + period,natural,16653951,rotational star,rotational star,
1,basic + period,natural,16658118,Pulsating,Pulsating,
1,basic + period,natural,16658450,Pulsating,Pulsating,
1,basic + period,natural,16766005,Pulsating,Pulsating,
1,basic + period,natural,16767478,Ecl,Ecl,
1,basic + period,natural,16801765,Pulsating,Pulsating,
1,basic + period,natural,16805103,Ecl,Ecl,
1,basic + period,natural,16805321,Pulsating,Pulsating,
1,basic + period,natural,16806833,Ecl,Ecl,
1,basic + period,natural,16809098,Pulsating,Ecl,
1,basic + period,natural,16810385,Pulsating,Pulsating,
1,basic + period,natural,16845338,rotational star,rotational star,
1,basic + period,natural,16847653,Ecl,Ecl,
1,basic + period,natural,17144966,rotational star,rotational star,
1,basic + period,natural,17172959,rotational star,rotational star,
1,basic + period,natural,17173355,rotational star,rotational star,
1,basic + period,natural,17173876,rotational star,Ecl,
1,basic + period,natural,17174959,Pulsating,Pulsating,
1,basic + period,natural,17394296,Pulsating,Pulsating,
1,basic + period,natural,17487943,Ecl,Ecl,
1,basic + period,natural,17571403,Ecl,Ecl,
1,basic + period,natural,17776220,Ecl,rotational star,
1,basic + period,natural,17834634,rotational star,rotational star,
1,basic + period,natural,17851685,Pulsating,Pulsating,
1,basic + period,natural,17883608,Ecl,Pulsating,
1,basic + period,natural,17904870,rotational star,rotational star,
1,basic + period,natural,18273669,Pulsating,Pulsating,
1,basic + period,natural,18276283,rotational star,rotational star,
1,basic + period,natural,18285409,rotational star,rotational star,
1,basic + period,natural,18559451,Ecl,rotational star,
1,basic + period,natural,18563720,Ecl,Ecl,
1,basic + period,natural,18642699,Pulsating,Pulsating,
1,basic + period,natural,18655471,rotational star,rotational star,
1,basic + period,natural,19137779,Pulsating,Pulsating,
1,basic + period,natural,19138566,Ecl,Ecl,
1,basic + period,natural,19316467,Pulsating,Pulsating,
1,basic + period,natural,19316981,Ecl,rotational star,
1,basic + period,natural,19318983,Ecl,Ecl,
1,basic + period,natural,19590950,Pulsating,Pulsating,
1,basic + period,natural,19658850,rotational star,rotational star,
1,basic + period,natural,19662027,Ecl,Ecl,
1,basic + period,natural,19968336,Pulsating,Pulsating,
1,basic + period,natural,20027107,Ecl,Ecl,
1,basic + period,natural,20027771,Ecl,Ecl,
1,basic + period,natural,20193949,rotational star,Ecl,
1,basic + period,natural,20196747,rotational star,rotational star,
1,basic + period,natural,20235242,Ecl,Ecl,
1,basic + period,natural,20238315,rotational star,rotational star,
1,basic + period,natural,20325636,Ecl,Ecl,
1,basic + period,natural,20325810,Pulsating,Pulsating,
1,basic + period,natural,20326114,Ecl,Ecl,
1,basic + period,natural,20453572,Ecl,Ecl,
1,basic + period,natural,20453600,Ecl,Ecl,
1,basic + period,natural,20465352,rotational star,rotational star,
1,basic + period,natural,20471682,rotational star,rotational star,
1,basic + period,natural,20475212,Ecl,Ecl,
1,basic + period,natural,20475324,Pulsating,Ecl,
1,basic + period,natural,20476259,Ecl,rotational star,
1,basic + period,natural,20582605,Ecl,Ecl,
1,basic + period,natural,20727275,rotational star,rotational star,
1,basic + period,natural,20731756,rotational star,rotational star,
1,basic + period,natural,20961797,Ecl,Ecl,
1,basic + period,natural,21232250,rotational star,Ecl,
1,basic + period,natural,21232257,Pulsating,Pulsating,
1,basic + period,natural,21232672,Pulsating,Pulsating,
1,basic + period,natural,21233124,Pulsating,Pulsating,
1,basic + period,natural,21422113,Ecl,Ecl,
1,basic + period,natural,21524260,rotational star,rotational star,
1,basic + period,natural,21527184,Ecl,Ecl,
1,basic + period,natural,21531649,Ecl,Pulsating,
1,basic + period,natural,21532216,Ecl,Ecl,
1,basic + period,natural,21598075,Pulsating,Ecl,
1,basic + period,natural,21601463,Ecl,Ecl,
1,basic + period,natural,21602369,Ecl,Ecl,
1,basic + period,natural,21736850,rotational star,rotational star,
1,basic + period,natural,21738821,rotational star,Pulsating,
1,basic + period,natural,21742022,rotational star,rotational star,
1,basic + period,natural,21771327,Ecl,Ecl,
1,basic + period,natural,21860728,Pulsating,Pulsating,
1,basic + period,natural,22039675,Pulsating,Pulsating,
1,basic + period,natural,22307772,rotational star,rotational star,
1,basic + period,natural,22308016,Ecl,Ecl,
1,basic + period,natural,22308607,Pulsating,Pulsating,
1,basic + period,natural,22309322,rotational star,rotational star,
1,basic + period,natural,22570897,Ecl,Ecl,
1,basic + period,natural,22580083,rotational star,rotational star,
1,basic + period,natural,22580223,rotational star,Ecl,
1,basic + period,natural,22840115,Pulsating,Pulsating,
1,basic + period,natural,22846405,Pulsating,Pulsating,
1,basic + period,natural,22846563,rotational star,rotational star,
1,basic + period,natural,22898690,Pulsating,Pulsating,
1,basic + period,natural,23048157,Pulsating,Pulsating,
1,basic + period,natural,23049620,Pulsating,Pulsating,
1,basic + period,natural,23095577,rotational star,rotational star,
1,basic + period,natural,23101515,Pulsating,Pulsating,
1,basic + period,natural,23101770,Pulsating,Pulsating,
1,basic + period,natural,23229632,Pulsating,Pulsating,
1,basic + period,natural,23369295,Ecl,Ecl,
1,basic + period,natural,23519994,rotational star,rotational star,
1,basic + period,natural,23521330,rotational star,rotational star,
1,basic + period,natural,23523912,Ecl,Ecl,
1,basic + period,natural,23524150,rotational star,rotational star,
1,basic + period,natural,24138124,rotational star,rotational star,
1,basic + period,natural,24140979,Ecl,Ecl,
1,basic + period,natural,24174358,rotational star,Ecl,
1,basic + period,natural,24484885,Pulsating,Pulsating,
1,basic + period,natural,24533094,Pulsating,Ecl,
1,basic + period,natural,24577185,Ecl,rotational star,
1,basic + period,natural,24577672,Ecl,Ecl,
1,basic + period,natural,24577924,Ecl,Ecl,
1,basic + period,natural,24578578,rotational star,Ecl,
1,basic + period,natural,24690993,Ecl,Ecl,
1,basic + period,natural,24691343,Ecl,Ecl,
1,basic + period,natural,24691515,Ecl,Ecl,
1,basic + period,natural,24692152,Pulsating,rotational star,
1,basic + period,natural,24827721,Ecl,Ecl,
1,basic + period,natural,25362557,Pulsating,Pulsating,
1,basic + period,natural,25463342,Pulsating,Pulsating,
1,basic + period,natural,25465107,Ecl,Ecl,
1,basic + period,natural,25586204,Ecl,Ecl,
1,basic + period,natural,25587645,Ecl,Ecl,
1,basic + period,natural,25588590,rotational star,Ecl,
1,basic + period,natural,25793632,Pulsating,Ecl,
1,basic + period,natural,26067932,rotational star,rotational star,
1,basic + period,natural,26133011,Ecl,Ecl,
1,basic + period,natural,26133520,rotational star,rotational star,
1,basic + period,natural,26144601,rotational star,rotational star,
1,basic + period,natural,26294888,rotational star,rotational star,
1,basic + period,natural,26369924,Ecl,Ecl,
1,basic + period,natural,26473626,rotational star,rotational star,
1,basic + period,natural,26799867,Ecl,Ecl,
1,basic + period,natural,26801970,Ecl,Ecl,
1,basic + period,natural,26803237,Pulsating,Pulsating,
1,basic + period,natural,26915868,rotational star,rotational star,
1,basic + period,natural,26916686,Ecl,rotational star,
1,basic + period,natural,26917114,Pulsating,Pulsating,
1,basic + period,natural,27144593,Pulsating,Ecl,
1,basic + period,natural,27326490,rotational star,rotational star,
1,basic + period,natural,27571837,Ecl,Ecl,
1,basic + period,natural,27794525,Ecl,Ecl,
1,basic + period,natural,27794663,Ecl,Ecl,
1,basic + period,natural,27923697,Ecl,Ecl,
1,basic + period,natural,28265471,rotational star,rotational star,
1,basic + period,natural,28684551,Pulsating,Pulsating,
1,basic + period,natural,28684789,Ecl,Ecl,
1,basic + period,natural,28711497,rotational star,rotational star,
1,basic + period,natural,28753266,Ecl,Pulsating,
1,basic + period,natural,28766428,Pulsating,Pulsating,
1,basic + period,natural,28816210,rotational star,rotational star,
1,basic + period,natural,28817718,Ecl,Ecl,
1,basic + period,natural,28906137,Ecl,Ecl,
1,basic + period,natural,29111193,Ecl,Ecl,
1,basic + period,natural,29120461,rotational star,rotational star,
1,basic + period,natural,29123719,rotational star,rotational star,
1,basic + period,natural,29125200,rotational star,rotational star,
1,basic + period,natural,29186647,Ecl,Ecl,
1,basic + period,natural,29188720,rotational star,rotational star,
1,basic + period,natural,29240740,rotational star,rotational star,
1,basic + period,natural,29244562,Pulsating,Pulsating,
1,basic + period,natural,29255984,Pulsating,Pulsating,
1,basic + period,natural,29272289,Pulsating,Pulsating,
1,basic + period,natural,29333111,Pulsating,Pulsating,
1,basic + period,natural,29468390,Pulsating,Pulsating,
1,basic + period,natural,29470734,rotational star,rotational star,
1,basic + period,natural,29581880,rotational star,rotational star,
1,basic + period,natural,29587302,rotational star,rotational star,
1,basic + period,natural,29588091,Pulsating,Ecl,
1,basic + period,natural,30985418,Ecl,Pulsating,
1,basic + period,natural,31050780,rotational star,rotational star,
1,basic + period,natural,31079188,Pulsating,Pulsating,
1,basic + period,natural,31132730,rotational star,rotational star,
1,basic + period,natural,31264095,Ecl,Ecl,
1,basic + period,natural,31275601,Ecl,Ecl,
1,basic + period,natural,31276935,Ecl,Pulsating,
1,basic + period,natural,31419272,Pulsating,Ecl,
1,basic + period,natural,31430137,rotational star,rotational star,
1,basic + period,natural,31495826,Ecl,Ecl,
1,basic + period,natural,31495934,Ecl,Ecl,
1,basic + period,natural,31499229,rotational star,rotational star,
1,basic + period,natural,31530586,Ecl,Ecl,
1,basic + period,natural,31596857,rotational star,rotational star,
1,basic + period,natural,32007198,Pulsating,Pulsating,
1,basic + period,natural,32538552,Pulsating,Pulsating,
1,basic + period,natural,32540202,Pulsating,Pulsating,
1,basic + period,natural,32540408,rotational star,rotational star,
1,basic + period,natural,32979939,Ecl,Ecl,
1,basic + period,natural,33293395,Ecl,Ecl,
1,basic + period,natural,33545044,rotational star,rotational star,
1,basic + period,natural,33889547,Ecl,Ecl,
1,basic + period,natural,34288224,rotational star,rotational star,
1,basic + period,natural,34721768,Pulsating,Pulsating,
1,basic + period,natural,34732858,Pulsating,Pulsating,
1,basic + period,natural,35903210,rotational star,Pulsating,
1,basic + period,natural,36068658,Ecl,Ecl,
1,basic + period,natural,36073512,Ecl,Ecl,
1,basic + period,natural,36073957,Ecl,Ecl,
1,basic + period,natural,36151101,Ecl,Ecl,
1,basic + period,natural,36929805,rotational star,rotational star,
1,basic + period,natural,36932872,Pulsating,Pulsating,
1,basic + period,natural,36934154,rotational star,rotational star,
1,basic + period,natural,37036024,Pulsating,Pulsating,
1,basic + period,natural,37156018,Pulsating,Pulsating,
1,basic + period,natural,37156082,rotational star,rotational star,
1,basic + period,natural,37519132,Ecl,Ecl,
1,basic + period,natural,37972550,Ecl,Pulsating,
1,basic + period,natural,38957658,Ecl,Ecl,
1,basic + period,natural,38959792,Pulsating,Ecl,
1,basic + period,natural,38960487,rotational star,rotational star,
1,basic + period,natural,39184902,rotational star,rotational star,
1,basic + period,natural,39185786,rotational star,rotational star,
1,basic + period,natural,39241909,Ecl,rotational star,
1,basic + period,natural,39373554,Pulsating,Pulsating,
1,basic + period,natural,39375276,Pulsating,Ecl,
1,basic + period,natural,39594938,Ecl,Ecl,
1,basic + period,natural,39595213,rotational star,rotational star,
1,basic + period,natural,39832168,Ecl,Ecl,
1,basic + period,natural,40702567,Pulsating,Pulsating,
1,basic + period,natural,41128071,Ecl,Ecl,
1,basic + period,natural,41474622,Ecl,Ecl,
1,basic + period,natural,41582109,Ecl,Ecl,
1,basic + period,natural,41585546,Ecl,Ecl,
1,basic + period,natural,41586209,Ecl,Ecl,
1,basic + period,natural,41590845,rotational star,rotational star,
1,basic + period,natural,42032149,Ecl,Ecl,
1,basic + period,natural,42324856,Ecl,Ecl,
1,basic + period,natural,42476058,Pulsating,Pulsating,
1,basic + period,natural,42479355,Pulsating,Pulsating,
1,basic + period,natural,42746983,Ecl,Ecl,
1,basic + period,natural,42785560,Ecl,rotational star,
1,basic + period,natural,42786413,Pulsating,Pulsating,
1,basic + period,natural,42912979,Ecl,Ecl,
1,basic + period,natural,42913803,Ecl,Ecl,
1,basic + period,natural,42913866,Pulsating,Pulsating,
1,basic + period,natural,43463371,Ecl,Ecl,
1,basic + period,natural,43606048,Pulsating,Pulsating,
1,basic + period,natural,43607595,Pulsating,Pulsating,
1,basic + period,natural,43723851,Ecl,Ecl,
1,basic + period,natural,43751151,Pulsating,Pulsating,
1,basic + period,natural,43752630,Pulsating,Pulsating,
1,basic + period,natural,43752743,Pulsating,Pulsating,
1,basic + period,natural,43920296,Ecl,Ecl,
1,basic + period,natural,43920441,Ecl,Ecl,
1,basic + period,natural,43920514,Pulsating,Pulsating,
1,basic + period,natural,44123679,Pulsating,Ecl,
1,basic + period,natural,44137633,Ecl,Ecl,
1,basic + period,natural,44449429,Ecl,Ecl,
1,basic + period,natural,44663258,Ecl,Ecl,
1,basic + period,natural,46259988,Pulsating,Pulsating,
1,basic + period,natural,46260797,rotational star,Pulsating,
1,basic + period,natural,46415881,rotational star,rotational star,
1,basic + period,natural,46632641,Ecl,Ecl,
1,basic + period,natural,46897724,Pulsating,Pulsating,
1,basic + period,natural,46897839,Pulsating,Pulsating,
1,basic + period,natural,46898218,Pulsating,Pulsating,
1,basic + period,natural,46900721,Pulsating,Pulsating,
1,basic + period,natural,46914594,Pulsating,Ecl,
1,basic + period,natural,46981461,Pulsating,Pulsating,
1,basic + period,natural,47022490,Ecl,Ecl,
1,basic + period,natural,47024234,Ecl,rotational star,
1,basic + period,natural,47024240,Ecl,Ecl,
1,basic + period,natural,47970546,Ecl,Ecl,
1,basic + period,natural,48249657,rotational star,rotational star,
1,basic + period,natural,48254913,Pulsating,Pulsating,
1,basic + period,natural,48982818,Ecl,Ecl,
1,basic + period,natural,50132451,Ecl,Ecl,
1,basic + period,natural,50354719,Pulsating,Ecl,
1,basic + period,natural,51619832,Pulsating,Pulsating,
1,basic + period,natural,53182877,Ecl,Ecl,
1,basic + period,natural,53228372,Ecl,rotational star,
1,basic + period,natural,53232890,rotational star,rotational star,
1,basic + period,natural,53236580,Pulsating,Pulsating,
1,basic + period,natural,53330452,Ecl,rotational star,
1,basic + period,natural,53396979,rotational star,rotational star,
1,basic + period,natural,57826750,Ecl,Ecl,
1,basic + period,natural,57989097,Ecl,Ecl,
1,basic + period,natural,57992772,Ecl,Ecl,
1,basic + period,natural,58248985,Pulsating,Pulsating,
1,basic + period,natural,58249067,Ecl,Ecl,
1,basic + period,natural,58286884,rotational star,rotational star,
1,basic + period,natural,59438186,rotational star,Pulsating,
1,basic + period,natural,59739171,rotational star,rotational star,
1,basic + period,natural,60262047,Ecl,rotational star,
1,basic + period,natural,60263095,rotational star,rotational star,
1,basic + period,natural,60265807,rotational star,rotational star,
1,basic + period,natural,60289910,Pulsating,Pulsating,
1,basic + period,natural,60498365,Ecl,Ecl,
1,basic + period,natural,60656985,Pulsating,Pulsating,
1,basic + period,natural,60657582,rotational star,rotational star,
1,basic + period,natural,61496813,Ecl,Ecl,
1,basic + period,natural,64171523,Ecl,Ecl,
1,basic + period,natural,64449850,Pulsating,Pulsating,
1,basic + period,natural,64468311,Pulsating,Pulsating,
1,basic + period,natural,65147776,rotational star,Ecl,
1,basic + period,natural,65712645,Pulsating,Pulsating,
1,basic + period,natural,67079023,Pulsating,Ecl,
1,basic + period,natural,70836558,Pulsating,Pulsating,
1,basic + period,natural,70836696,Ecl,Ecl,
1,basic + period,natural,71713323,Pulsating,Pulsating,
1,basic + period,natural,72373285,Ecl,Ecl,
1,basic + period,natural,77824269,rotational star,rotational star,
1,basic + period,natural,77824723,Pulsating,Pulsating,
1,basic + period,natural,77826239,Pulsating,Pulsating,
1,basic + period,natural,92903768,Ecl,Ecl,
1,basic + period,natural,120940265,rotational star,rotational star,
1,basic + period/window,natural,1492,Pulsating,Pulsating,
1,basic + period/window,natural,170389,Pulsating,Pulsating,
1,basic + period/window,natural,174274,Pulsating,Pulsating,
1,basic + period/window,natural,182732,Pulsating,Pulsating,
1,basic + period/window,natural,351642,Ecl,Ecl,
1,basic + period/window,natural,354735,Pulsating,Pulsating,
1,basic + period/window,natural,356877,Pulsating,Pulsating,
1,basic + period/window,natural,391705,Pulsating,Ecl,
1,basic + period/window,natural,396749,Ecl,Ecl,
1,basic + period/window,natural,401124,Pulsating,Ecl,
1,basic + period/window,natural,401420,Ecl,Ecl,
1,basic + period/window,natural,416128,Ecl,Ecl,
1,basic + period/window,natural,517541,Ecl,Ecl,
1,basic + period/window,natural,654210,Pulsating,Pulsating,
1,basic + period/window,natural,682103,Pulsating,Pulsating,
1,basic + period/window,natural,705322,Pulsating,Pulsating,
1,basic + period/window,natural,706627,rotational star,rotational star,
1,basic + period/window,natural,713256,rotational star,rotational star,
1,basic + period/window,natural,720276,Ecl,Ecl,
1,basic + period/window,natural,720910,Ecl,Ecl,
1,basic + period/window,natural,795063,rotational star,Ecl,
1,basic + period/window,natural,806270,rotational star,rotational star,
1,basic + period/window,natural,855356,Pulsating,Ecl,
1,basic + period/window,natural,891487,rotational star,rotational star,
1,basic + period/window,natural,893445,Pulsating,Ecl,
1,basic + period/window,natural,989130,Pulsating,Pulsating,
1,basic + period/window,natural,989377,rotational star,rotational star,
1,basic + period/window,natural,993864,Ecl,Ecl,
1,basic + period/window,natural,1085172,rotational star,rotational star,
1,basic + period/window,natural,1086245,Pulsating,Pulsating,
1,basic + period/window,natural,1086977,rotational star,rotational star,
1,basic + period/window,natural,1087883,Pulsating,Ecl,
1,basic + period/window,natural,1137195,Pulsating,Pulsating,
1,basic + period/window,natural,1359057,Ecl,Ecl,
1,basic + period/window,natural,1360465,rotational star,Ecl,
1,basic + period/window,natural,1399779,Ecl,Ecl,
1,basic + period/window,natural,1400413,Pulsating,Pulsating,
1,basic + period/window,natural,1465995,rotational star,rotational star,
1,basic + period/window,natural,1486152,Ecl,Ecl,
1,basic + period/window,natural,1486807,Ecl,Ecl,
1,basic + period/window,natural,1487155,Pulsating,Ecl,
1,basic + period/window,natural,1487228,rotational star,rotational star,
1,basic + period/window,natural,1488730,rotational star,Ecl,
1,basic + period/window,natural,1520574,Ecl,rotational star,
1,basic + period/window,natural,1525735,Pulsating,Ecl,
1,basic + period/window,natural,1529400,Pulsating,Pulsating,
1,basic + period/window,natural,1533092,Pulsating,Pulsating,
1,basic + period/window,natural,1534333,Pulsating,Pulsating,
1,basic + period/window,natural,1540909,Ecl,Ecl,
1,basic + period/window,natural,1542965,Pulsating,Pulsating,
1,basic + period/window,natural,1786207,rotational star,rotational star,
1,basic + period/window,natural,1786713,Pulsating,Pulsating,
1,basic + period/window,natural,1787905,rotational star,rotational star,
1,basic + period/window,natural,1788906,Ecl,Ecl,
1,basic + period/window,natural,1815795,Pulsating,Pulsating,
1,basic + period/window,natural,1819187,rotational star,Ecl,
1,basic + period/window,natural,1821852,Pulsating,Pulsating,
1,basic + period/window,natural,1858419,Ecl,Ecl,
1,basic + period/window,natural,1866879,Pulsating,Ecl,
1,basic + period/window,natural,1967928,rotational star,rotational star,
1,basic + period/window,natural,2028803,Ecl,rotational star,
1,basic + period/window,natural,2030192,Pulsating,Ecl,
1,basic + period/window,natural,2078896,Pulsating,Pulsating,
1,basic + period/window,natural,2210879,rotational star,rotational star,
1,basic + period/window,natural,2211515,Ecl,rotational star,
1,basic + period/window,natural,2255202,Ecl,Ecl,
1,basic + period/window,natural,2710434,rotational star,rotational star,
1,basic + period/window,natural,2854870,Ecl,Ecl,
1,basic + period/window,natural,3037433,Ecl,rotational star,
1,basic + period/window,natural,3039026,Pulsating,Pulsating,
1,basic + period/window,natural,3053459,Ecl,Pulsating,
1,basic + period/window,natural,3064343,Ecl,Ecl,
1,basic + period/window,natural,3262989,Ecl,Pulsating,
1,basic + period/window,natural,3267525,Ecl,Ecl,
1,basic + period/window,natural,3268443,Ecl,Ecl,
1,basic + period/window,natural,3294397,Ecl,Ecl,
1,basic + period/window,natural,3308758,Pulsating,Pulsating,
1,basic + period/window,natural,3316875,rotational star,Ecl,
1,basic + period/window,natural,3320934,Ecl,rotational star,
1,basic + period/window,natural,3384809,Pulsating,Pulsating,
1,basic + period/window,natural,3402113,Pulsating,Ecl,
1,basic + period/window,natural,3515396,Pulsating,Ecl,
1,basic + period/window,natural,3530716,Ecl,Ecl,
1,basic + period/window,natural,3532457,rotational star,rotational star,
1,basic + period/window,natural,3535885,Ecl,Ecl,
1,basic + period/window,natural,3536386,Ecl,Ecl,
1,basic + period/window,natural,3538485,Ecl,Ecl,
1,basic + period/window,natural,3538828,Ecl,rotational star,
1,basic + period/window,natural,3539430,Pulsating,Pulsating,
1,basic + period/window,natural,3540068,Pulsating,rotational star,
1,basic + period/window,natural,3563158,Pulsating,Pulsating,
1,basic + period/window,natural,3573648,Pulsating,Pulsating,
1,basic + period/window,natural,3574286,Pulsating,Pulsating,
1,basic + period/window,natural,3578120,Ecl,Ecl,
1,basic + period/window,natural,3578629,Pulsating,Pulsating,
1,basic + period/window,natural,3579296,Pulsating,Pulsating,
1,basic + period/window,natural,3580689,rotational star,rotational star,
1,basic + period/window,natural,3581809,Ecl,Ecl,
1,basic + period/window,natural,3610544,Pulsating,Ecl,
1,basic + period/window,natural,3707618,Pulsating,Pulsating,
1,basic + period/window,natural,3712377,Pulsating,Pulsating,
1,basic + period/window,natural,3778222,rotational star,rotational star,
1,basic + period/window,natural,3879596,Pulsating,Pulsating,
1,basic + period/window,natural,3888880,Pulsating,Pulsating,
1,basic + period/window,natural,3888905,rotational star,rotational star,
1,basic + period/window,natural,3891826,Ecl,Ecl,
1,basic + period/window,natural,3900804,Ecl,Ecl,
1,basic + period/window,natural,4016172,Pulsating,Pulsating,
1,basic + period/window,natural,4052360,Ecl,Ecl,
1,basic + period/window,natural,4053354,Pulsating,Pulsating,
1,basic + period/window,natural,4085335,Pulsating,Pulsating,
1,basic + period/window,natural,4086437,Ecl,Ecl,
1,basic + period/window,natural,4112322,Ecl,Ecl,
1,basic + period/window,natural,4112453,Pulsating,Pulsating,
1,basic + period/window,natural,4154491,rotational star,rotational star,
1,basic + period/window,natural,4165556,rotational star,Ecl,
1,basic + period/window,natural,4202285,rotational star,rotational star,
1,basic + period/window,natural,4203764,Pulsating,Pulsating,
1,basic + period/window,natural,4204543,Ecl,Ecl,
1,basic + period/window,natural,4204760,rotational star,rotational star,
1,basic + period/window,natural,4207350,Ecl,Ecl,
1,basic + period/window,natural,4221224,rotational star,rotational star,
1,basic + period/window,natural,4222140,Pulsating,Pulsating,
1,basic + period/window,natural,4318493,Ecl,Ecl,
1,basic + period/window,natural,4319767,Ecl,Ecl,
1,basic + period/window,natural,4503100,Ecl,Ecl,
1,basic + period/window,natural,4503752,rotational star,rotational star,
1,basic + period/window,natural,4525993,Ecl,Ecl,
1,basic + period/window,natural,4531285,Ecl,Ecl,
1,basic + period/window,natural,4555438,rotational star,Pulsating,
1,basic + period/window,natural,4555634,rotational star,rotational star,
1,basic + period/window,natural,4556326,rotational star,rotational star,
1,basic + period/window,natural,4558584,rotational star,rotational star,
1,basic + period/window,natural,4559117,rotational star,rotational star,
1,basic + period/window,natural,4560178,rotational star,rotational star,
1,basic + period/window,natural,4603259,Pulsating,Ecl,
1,basic + period/window,natural,4627821,rotational star,rotational star,
1,basic + period/window,natural,4720963,Pulsating,Pulsating,
1,basic + period/window,natural,4991083,Ecl,Ecl,
1,basic + period/window,natural,5103090,rotational star,rotational star,
1,basic + period/window,natural,5108781,Ecl,Ecl,
1,basic + period/window,natural,5229099,rotational star,Ecl,
1,basic + period/window,natural,5230789,Ecl,Ecl,
1,basic + period/window,natural,5231192,Pulsating,Pulsating,
1,basic + period/window,natural,5285064,Ecl,Ecl,
1,basic + period/window,natural,5387464,Ecl,Ecl,
1,basic + period/window,natural,5388985,rotational star,rotational star,
1,basic + period/window,natural,5446648,rotational star,Ecl,
1,basic + period/window,natural,5446653,Ecl,Ecl,
1,basic + period/window,natural,5448059,Ecl,Ecl,
1,basic + period/window,natural,5502401,Pulsating,Pulsating,
1,basic + period/window,natural,5552243,Pulsating,Ecl,
1,basic + period/window,natural,5703162,Ecl,rotational star,
1,basic + period/window,natural,5839093,Pulsating,Pulsating,
1,basic + period/window,natural,5855159,Pulsating,Ecl,
1,basic + period/window,natural,6035659,rotational star,rotational star,
1,basic + period/window,natural,6385706,Pulsating,Pulsating,
1,basic + period/window,natural,6388611,Pulsating,Pulsating,
1,basic + period/window,natural,6420800,Ecl,Ecl,
1,basic + period/window,natural,6423392,Ecl,rotational star,
1,basic + period/window,natural,6423500,Ecl,Ecl,
1,basic + period/window,natural,6424179,Ecl,Ecl,
1,basic + period/window,natural,6426729,Ecl,Ecl,
1,basic + period/window,natural,6428939,Ecl,Ecl,
1,basic + period/window,natural,6559105,rotational star,Pulsating,
1,basic + period/window,natural,6578144,Pulsating,Pulsating,
1,basic + period/window,natural,6582868,Pulsating,Pulsating,
1,basic + period/window,natural,6708716,rotational star,rotational star,
1,basic + period/window,natural,6711028,Ecl,Ecl,
1,basic + period/window,natural,6771481,Pulsating,Pulsating,
1,basic + period/window,natural,6772137,rotational star,rotational star,
1,basic + period/window,natural,6772757,rotational star,rotational star,
1,basic + period/window,natural,6772868,rotational star,rotational star,
1,basic + period/window,natural,6774272,Pulsating,Ecl,
1,basic + period/window,natural,6885233,rotational star,rotational star,
1,basic + period/window,natural,6886679,rotational star,rotational star,
1,basic + period/window,natural,6900401,rotational star,rotational star,
1,basic + period/window,natural,6914961,rotational star,rotational star,
1,basic + period/window,natural,6968029,Ecl,Ecl,
1,basic + period/window,natural,6968264,Pulsating,Pulsating,
1,basic + period/window,natural,6971276,Pulsating,Pulsating,
1,basic + period/window,natural,6971505,rotational star,rotational star,
1,basic + period/window,natural,7072651,rotational star,rotational star,
1,basic + period/window,natural,7127722,Ecl,Ecl,
1,basic + period/window,natural,7223147,Ecl,Ecl,
1,basic + period/window,natural,7257067,Pulsating,Ecl,
1,basic + period/window,natural,7348139,Pulsating,Pulsating,
1,basic + period/window,natural,7348645,Pulsating,Pulsating,
1,basic + period/window,natural,7438683,Ecl,Ecl,
1,basic + period/window,natural,7443675,Pulsating,Pulsating,
1,basic + period/window,natural,7566107,Ecl,rotational star,
1,basic + period/window,natural,7569518,Pulsating,Pulsating,
1,basic + period/window,natural,7576919,Pulsating,Pulsating,
1,basic + period/window,natural,7641751,Pulsating,Ecl,
1,basic + period/window,natural,7775830,Pulsating,rotational star,
1,basic + period/window,natural,7824125,Ecl,Ecl,
1,basic + period/window,natural,7898622,Ecl,Ecl,
1,basic + period/window,natural,7904889,Ecl,Ecl,
1,basic + period/window,natural,7907540,Ecl,Ecl,
1,basic + period/window,natural,7907839,Pulsating,Ecl,
1,basic + period/window,natural,7911225,Ecl,Ecl,
1,basic + period/window,natural,7948368,Ecl,Ecl,
1,basic + period/window,natural,8071429,Ecl,rotational star,
1,basic + period/window,natural,8072240,Pulsating,Pulsating,
1,basic + period/window,natural,8077094,Ecl,Ecl,
1,basic + period/window,natural,8085320,rotational star,rotational star,
1,basic + period/window,natural,8089619,Ecl,rotational star,
1,basic + period/window,natural,8089854,rotational star,rotational star,
1,basic + period/window,natural,8095331,rotational star,Ecl,
1,basic + period/window,natural,8234121,Pulsating,Pulsating,
1,basic + period/window,natural,8260993,Pulsating,Pulsating,
1,basic + period/window,natural,8298820,Ecl,Ecl,
1,basic + period/window,natural,8301406,Pulsating,Pulsating,
1,basic + period/window,natural,8302040,Ecl,Pulsating,
1,basic + period/window,natural,8303969,rotational star,rotational star,
1,basic + period/window,natural,8304398,rotational star,rotational star,
1,basic + period/window,natural,8307548,Pulsating,Pulsating,
1,basic + period/window,natural,8315756,Pulsating,Pulsating,
1,basic + period/window,natural,8331224,Ecl,rotational star,
1,basic + period/window,natural,8337585,rotational star,rotational star,
1,basic + period/window,natural,8395322,Ecl,Ecl,
1,basic + period/window,natural,8395517,Ecl,Ecl,
1,basic + period/window,natural,8396121,Ecl,Ecl,
1,basic + period/window,natural,8413061,Ecl,rotational star,
1,basic + period/window,natural,8436241,Pulsating,Pulsating,
1,basic + period/window,natural,8568363,Ecl,Ecl,
1,basic + period/window,natural,8649964,Pulsating,Pulsating,
1,basic + period/window,natural,8667230,rotational star,rotational star,
1,basic + period/window,natural,8700095,Ecl,rotational star,
1,basic + period/window,natural,8700892,Pulsating,Pulsating,
1,basic + period/window,natural,8701682,Pulsating,Pulsating,
1,basic + period/window,natural,8702727,rotational star,rotational star,
1,basic + period/window,natural,8821912,Ecl,rotational star,
1,basic + period/window,natural,8825435,Ecl,Ecl,
1,basic + period/window,natural,8825485,Ecl,Ecl,
1,basic + period/window,natural,8826873,Ecl,Ecl,
1,basic + period/window,natural,8833576,Ecl,Ecl,
1,basic + period/window,natural,8862457,Pulsating,Pulsating,
1,basic + period/window,natural,8865289,Ecl,Ecl,
1,basic + period/window,natural,8895274,Pulsating,Pulsating,
1,basic + period/window,natural,8896138,Ecl,Ecl,
1,basic + period/window,natural,8901720,Pulsating,Pulsating,
1,basic + period/window,natural,9001365,Ecl,Ecl,
1,basic + period/window,natural,9087235,Ecl,Ecl,
1,basic + period/window,natural,9090968,Pulsating,Pulsating,
1,basic + period/window,natural,9210109,rotational star,Pulsating,
1,basic + period/window,natural,9252425,Pulsating,Pulsating,
1,basic + period/window,natural,9254197,Pulsating,Pulsating,
1,basic + period/window,natural,9385226,rotational star,Ecl,
1,basic + period/window,natural,9421023,Pulsating,Pulsating,
1,basic + period/window,natural,9422650,rotational star,rotational star,
1,basic + period/window,natural,9425767,Ecl,Ecl,
1,basic + period/window,natural,9441160,rotational star,rotational star,
1,basic + period/window,natural,9460839,Pulsating,Pulsating,
1,basic + period/window,natural,9643812,rotational star,Ecl,
1,basic + period/window,natural,9650202,Ecl,Ecl,
1,basic + period/window,natural,9708710,Ecl,Ecl,
1,basic + period/window,natural,9710004,Pulsating,Pulsating,
1,basic + period/window,natural,9851742,Ecl,rotational star,
1,basic + period/window,natural,9862976,Ecl,rotational star,
1,basic + period/window,natural,10034483,Ecl,Pulsating,
1,basic + period/window,natural,10045593,Pulsating,Pulsating,
1,basic + period/window,natural,10221825,Pulsating,Pulsating,
1,basic + period/window,natural,10235536,Ecl,Ecl,
1,basic + period/window,natural,10237366,Pulsating,Pulsating,
1,basic + period/window,natural,10237841,rotational star,rotational star,
1,basic + period/window,natural,10240912,Pulsating,Pulsating,
1,basic + period/window,natural,10384900,Pulsating,Pulsating,
1,basic + period/window,natural,10477528,Ecl,Pulsating,
1,basic + period/window,natural,10501955,Ecl,Ecl,
1,basic + period/window,natural,10504051,Ecl,Ecl,
1,basic + period/window,natural,10506123,Ecl,Pulsating,
1,basic + period/window,natural,10506299,rotational star,rotational star,
1,basic + period/window,natural,10675231,Pulsating,Pulsating,
1,basic + period/window,natural,10684029,rotational star,rotational star,
1,basic + period/window,natural,10725909,Ecl,Ecl,
1,basic + period/window,natural,10745759,rotational star,rotational star,
1,basic + period/window,natural,10758622,Pulsating,Pulsating,
1,basic + period/window,natural,10759236,Pulsating,Pulsating,
1,basic + period/window,natural,10762635,Ecl,rotational star,
1,basic + period/window,natural,10772457,Ecl,Ecl,
1,basic + period/window,natural,10774324,rotational star,Ecl,
1,basic + period/window,natural,10774489,Pulsating,Ecl,
1,basic + period/window,natural,10778741,Ecl,Ecl,
1,basic + period/window,natural,10781318,rotational star,rotational star,
1,basic + period/window,natural,11000456,Pulsating,Pulsating,
1,basic + period/window,natural,11000690,Pulsating,Pulsating,
1,basic + period/window,natural,11002179,Ecl,Ecl,
1,basic + period/window,natural,11003680,Pulsating,Pulsating,
1,basic + period/window,natural,11008744,Ecl,Ecl,
1,basic + period/window,natural,11103477,rotational star,rotational star,
1,basic + period/window,natural,11281753,Ecl,Ecl,
1,basic + period/window,natural,11332457,Pulsating,Pulsating,
1,basic + period/window,natural,11333675,Ecl,Ecl,
1,basic + period/window,natural,11333752,Pulsating,Ecl,
1,basic + period/window,natural,11527909,Ecl,Ecl,
1,basic + period/window,natural,11568132,Pulsating,Pulsating,
1,basic + period/window,natural,11569837,Pulsating,Pulsating,
1,basic + period/window,natural,11569977,Pulsating,Pulsating,
1,basic + period/window,natural,11572714,rotational star,rotational star,
1,basic + period/window,natural,11585007,Pulsating,Pulsating,
1,basic + period/window,natural,11619555,Pulsating,Pulsating,
1,basic + period/window,natural,11620334,Pulsating,Pulsating,
1,basic + period/window,natural,11621089,Ecl,Ecl,
1,basic + period/window,natural,11772275,Pulsating,Pulsating,
1,basic + period/window,natural,11775317,Ecl,Ecl,
1,basic + period/window,natural,11778107,Ecl,Ecl,
1,basic + period/window,natural,11780339,Ecl,Ecl,
1,basic + period/window,natural,11931277,rotational star,rotational star,
1,basic + period/window,natural,12068202,Pulsating,Pulsating,
1,basic + period/window,natural,12077861,rotational star,rotational star,
1,basic + period/window,natural,12082661,Ecl,Ecl,
1,basic + period/window,natural,12256111,Ecl,Ecl,
1,basic + period/window,natural,12257100,Pulsating,Pulsating,
1,basic + period/window,natural,12258499,Pulsating,Pulsating,
1,basic + period/window,natural,12261159,Ecl,Ecl,
1,basic + period/window,natural,12372134,Ecl,Ecl,
1,basic + period/window,natural,12372670,Pulsating,Pulsating,
1,basic + period/window,natural,12373785,Ecl,Ecl,
1,basic + period/window,natural,12374282,Ecl,Ecl,
1,basic + period/window,natural,12374400,Pulsating,Pulsating,
1,basic + period/window,natural,12377666,Ecl,Ecl,
1,basic + period/window,natural,12394941,Pulsating,Pulsating,
1,basic + period/window,natural,12397628,Pulsating,Pulsating,
1,basic + period/window,natural,12428055,Ecl,Ecl,
1,basic + period/window,natural,12458470,Ecl,Ecl,
1,basic + period/window,natural,12470242,Ecl,Pulsating,
1,basic + period/window,natural,12472170,rotational star,rotational star,
1,basic + period/window,natural,12481937,rotational star,rotational star,
1,basic + period/window,natural,12502942,Ecl,Ecl,
1,basic + period/window,natural,12506794,rotational star,Ecl,
1,basic + period/window,natural,12623479,Pulsating,Pulsating,
1,basic + period/window,natural,12629856,Ecl,Ecl,
1,basic + period/window,natural,12644912,rotational star,rotational star,
1,basic + period/window,natural,12644999,rotational star,rotational star,
1,basic + period/window,natural,12645321,rotational star,rotational star,
1,basic + period/window,natural,12828861,Ecl,Ecl,
1,basic + period/window,natural,12830670,Ecl,Ecl,
1,basic + period/window,natural,12832709,rotational star,rotational star,
1,basic + period/window,natural,12986116,Pulsating,Pulsating,
1,basic + period/window,natural,12987544,Pulsating,Pulsating,
1,basic + period/window,natural,13086137,Pulsating,Ecl,
1,basic + period/window,natural,13087516,rotational star,rotational star,
1,basic + period/window,natural,13206347,rotational star,rotational star,
1,basic + period/window,natural,13276733,Pulsating,Pulsating,
1,basic + period/window,natural,13281056,Pulsating,Pulsating,
1,basic + period/window,natural,13383287,rotational star,rotational star,
1,basic + period/window,natural,13390885,Ecl,Ecl,
1,basic + period/window,natural,13398192,Ecl,Pulsating,
1,basic + period/window,natural,13642058,rotational star,rotational star,
1,basic + period/window,natural,13729475,Pulsating,Pulsating,
1,basic + period/window,natural,13731074,Ecl,rotational star,
1,basic + period/window,natural,13833585,rotational star,rotational star,
1,basic + period/window,natural,14022706,rotational star,rotational star,
1,basic + period/window,natural,14024188,Pulsating,Pulsating,
1,basic + period/window,natural,14025549,rotational star,rotational star,
1,basic + period/window,natural,14506614,Ecl,Ecl,
1,basic + period/window,natural,14507025,Ecl,Ecl,
1,basic + period/window,natural,14521032,Ecl,Ecl,
1,basic + period/window,natural,15134517,Pulsating,rotational star,
1,basic + period/window,natural,15135391,Ecl,Ecl,
1,basic + period/window,natural,15136616,rotational star,rotational star,
1,basic + period/window,natural,15200820,Ecl,Ecl,
1,basic + period/window,natural,15201345,Pulsating,Pulsating,
1,basic + period/window,natural,15516051,rotational star,Ecl,
1,basic + period/window,natural,15597494,rotational star,rotational star,
1,basic + period/window,natural,15600345,Pulsating,Pulsating,
1,basic + period/window,natural,15601545,rotational star,rotational star,
1,basic + period/window,natural,16014078,Ecl,Pulsating,
1,basic + period/window,natural,16023201,Pulsating,Pulsating,
1,basic + period/window,natural,16025636,rotational star,rotational star,
1,basic + period/window,natural,16026174,Pulsating,Pulsating,
1,basic + period/window,natural,16028452,Pulsating,Pulsating,
1,basic + period/window,natural,16030990,Pulsating,Pulsating,
1,basic + period/window,natural,16041487,rotational star,rotational star,
1,basic + period/window,natural,16070289,Ecl,rotational star,
1,basic + period/window,natural,16129494,Ecl,rotational star,
1,basic + period/window,natural,16181266,Ecl,Ecl,
1,basic + period/window,natural,16190605,Ecl,Ecl,
1,basic + period/window,natural,16193408,Ecl,Pulsating,
1,basic + period/window,natural,16197293,Ecl,Ecl,
1,basic + period/window,natural,16197428,Ecl,Ecl,
1,basic + period/window,natural,16197570,rotational star,rotational star,
1,basic + period/window,natural,16199371,Pulsating,Ecl,
1,basic + period/window,natural,16344798,Pulsating,Pulsating,
1,basic + period/window,natural,16383690,Ecl,Pulsating,
1,basic + period/window,natural,16526833,Pulsating,Pulsating,
1,basic + period/window,natural,16536879,Pulsating,Pulsating,
1,basic + period/window,natural,16537858,Ecl,Ecl,
1,basic + period/window,natural,16538906,rotational star,rotational star,
1,basic + period/window,natural,16653594,Ecl,rotational star,
1,basic + period/window,natural,16653951,rotational star,rotational star,
1,basic + period/window,natural,16658118,Pulsating,Pulsating,
1,basic + period/window,natural,16658450,Pulsating,Pulsating,
1,basic + period/window,natural,16766005,Pulsating,Pulsating,
1,basic + period/window,natural,16767478,Ecl,Ecl,
1,basic + period/window,natural,16801765,Pulsating,Pulsating,
1,basic + period/window,natural,16805103,Ecl,Ecl,
1,basic + period/window,natural,16805321,Pulsating,Pulsating,
1,basic + period/window,natural,16806833,Ecl,Ecl,
1,basic + period/window,natural,16809098,Pulsating,Pulsating,
1,basic + period/window,natural,16810385,Pulsating,Pulsating,
1,basic + period/window,natural,16845338,rotational star,rotational star,
1,basic + period/window,natural,16847653,Ecl,Ecl,
1,basic + period/window,natural,17144966,rotational star,rotational star,
1,basic + period/window,natural,17172959,rotational star,rotational star,
1,basic + period/window,natural,17173355,rotational star,rotational star,
1,basic + period/window,natural,17173876,rotational star,Ecl,
1,basic + period/window,natural,17174959,Pulsating,Pulsating,
1,basic + period/window,natural,17394296,Pulsating,Ecl,
1,basic + period/window,natural,17487943,Ecl,Ecl,
1,basic + period/window,natural,17571403,Ecl,Ecl,
1,basic + period/window,natural,17776220,Ecl,Ecl,
1,basic + period/window,natural,17834634,rotational star,rotational star,
1,basic + period/window,natural,17851685,Pulsating,Pulsating,
1,basic + period/window,natural,17883608,Ecl,Pulsating,
1,basic + period/window,natural,17904870,rotational star,rotational star,
1,basic + period/window,natural,18273669,Pulsating,Pulsating,
1,basic + period/window,natural,18276283,rotational star,rotational star,
1,basic + period/window,natural,18285409,rotational star,rotational star,
1,basic + period/window,natural,18559451,Ecl,rotational star,
1,basic + period/window,natural,18563720,Ecl,Ecl,
1,basic + period/window,natural,18642699,Pulsating,Pulsating,
1,basic + period/window,natural,18655471,rotational star,rotational star,
1,basic + period/window,natural,19137779,Pulsating,Pulsating,
1,basic + period/window,natural,19138566,Ecl,Ecl,
1,basic + period/window,natural,19316467,Pulsating,Pulsating,
1,basic + period/window,natural,19316981,Ecl,rotational star,
1,basic + period/window,natural,19318983,Ecl,Ecl,
1,basic + period/window,natural,19590950,Pulsating,Pulsating,
1,basic + period/window,natural,19658850,rotational star,rotational star,
1,basic + period/window,natural,19662027,Ecl,Ecl,
1,basic + period/window,natural,19968336,Pulsating,Pulsating,
1,basic + period/window,natural,20027107,Ecl,Ecl,
1,basic + period/window,natural,20027771,Ecl,Ecl,
1,basic + period/window,natural,20193949,rotational star,Ecl,
1,basic + period/window,natural,20196747,rotational star,rotational star,
1,basic + period/window,natural,20235242,Ecl,Ecl,
1,basic + period/window,natural,20238315,rotational star,rotational star,
1,basic + period/window,natural,20325636,Ecl,Ecl,
1,basic + period/window,natural,20325810,Pulsating,Pulsating,
1,basic + period/window,natural,20326114,Ecl,Ecl,
1,basic + period/window,natural,20453572,Ecl,Ecl,
1,basic + period/window,natural,20453600,Ecl,Ecl,
1,basic + period/window,natural,20465352,rotational star,rotational star,
1,basic + period/window,natural,20471682,rotational star,rotational star,
1,basic + period/window,natural,20475212,Ecl,Ecl,
1,basic + period/window,natural,20475324,Pulsating,Ecl,
1,basic + period/window,natural,20476259,Ecl,rotational star,
1,basic + period/window,natural,20582605,Ecl,Ecl,
1,basic + period/window,natural,20727275,rotational star,rotational star,
1,basic + period/window,natural,20731756,rotational star,rotational star,
1,basic + period/window,natural,20961797,Ecl,Ecl,
1,basic + period/window,natural,21232250,rotational star,Ecl,
1,basic + period/window,natural,21232257,Pulsating,Pulsating,
1,basic + period/window,natural,21232672,Pulsating,Pulsating,
1,basic + period/window,natural,21233124,Pulsating,Pulsating,
1,basic + period/window,natural,21422113,Ecl,Ecl,
1,basic + period/window,natural,21524260,rotational star,rotational star,
1,basic + period/window,natural,21527184,Ecl,Ecl,
1,basic + period/window,natural,21531649,Ecl,Ecl,
1,basic + period/window,natural,21532216,Ecl,Ecl,
1,basic + period/window,natural,21598075,Pulsating,Ecl,
1,basic + period/window,natural,21601463,Ecl,Ecl,
1,basic + period/window,natural,21602369,Ecl,Ecl,
1,basic + period/window,natural,21736850,rotational star,rotational star,
1,basic + period/window,natural,21738821,rotational star,Pulsating,
1,basic + period/window,natural,21742022,rotational star,rotational star,
1,basic + period/window,natural,21771327,Ecl,Ecl,
1,basic + period/window,natural,21860728,Pulsating,Pulsating,
1,basic + period/window,natural,22039675,Pulsating,Pulsating,
1,basic + period/window,natural,22307772,rotational star,rotational star,
1,basic + period/window,natural,22308016,Ecl,Ecl,
1,basic + period/window,natural,22308607,Pulsating,Pulsating,
1,basic + period/window,natural,22309322,rotational star,rotational star,
1,basic + period/window,natural,22570897,Ecl,Ecl,
1,basic + period/window,natural,22580083,rotational star,rotational star,
1,basic + period/window,natural,22580223,rotational star,rotational star,
1,basic + period/window,natural,22840115,Pulsating,Pulsating,
1,basic + period/window,natural,22846405,Pulsating,Pulsating,
1,basic + period/window,natural,22846563,rotational star,rotational star,
1,basic + period/window,natural,22898690,Pulsating,Pulsating,
1,basic + period/window,natural,23048157,Pulsating,Pulsating,
1,basic + period/window,natural,23049620,Pulsating,Pulsating,
1,basic + period/window,natural,23095577,rotational star,rotational star,
1,basic + period/window,natural,23101515,Pulsating,Pulsating,
1,basic + period/window,natural,23101770,Pulsating,Pulsating,
1,basic + period/window,natural,23229632,Pulsating,Pulsating,
1,basic + period/window,natural,23369295,Ecl,Ecl,
1,basic + period/window,natural,23519994,rotational star,rotational star,
1,basic + period/window,natural,23521330,rotational star,rotational star,
1,basic + period/window,natural,23523912,Ecl,Ecl,
1,basic + period/window,natural,23524150,rotational star,rotational star,
1,basic + period/window,natural,24138124,rotational star,rotational star,
1,basic + period/window,natural,24140979,Ecl,Ecl,
1,basic + period/window,natural,24174358,rotational star,Ecl,
1,basic + period/window,natural,24484885,Pulsating,Pulsating,
1,basic + period/window,natural,24533094,Pulsating,Ecl,
1,basic + period/window,natural,24577185,Ecl,rotational star,
1,basic + period/window,natural,24577672,Ecl,Ecl,
1,basic + period/window,natural,24577924,Ecl,Ecl,
1,basic + period/window,natural,24578578,rotational star,Ecl,
1,basic + period/window,natural,24690993,Ecl,rotational star,
1,basic + period/window,natural,24691343,Ecl,Ecl,
1,basic + period/window,natural,24691515,Ecl,Ecl,
1,basic + period/window,natural,24692152,Pulsating,rotational star,
1,basic + period/window,natural,24827721,Ecl,Ecl,
1,basic + period/window,natural,25362557,Pulsating,Pulsating,
1,basic + period/window,natural,25463342,Pulsating,Pulsating,
1,basic + period/window,natural,25465107,Ecl,Ecl,
1,basic + period/window,natural,25586204,Ecl,Ecl,
1,basic + period/window,natural,25587645,Ecl,Ecl,
1,basic + period/window,natural,25588590,rotational star,Ecl,
1,basic + period/window,natural,25793632,Pulsating,Ecl,
1,basic + period/window,natural,26067932,rotational star,rotational star,
1,basic + period/window,natural,26133011,Ecl,Ecl,
1,basic + period/window,natural,26133520,rotational star,rotational star,
1,basic + period/window,natural,26144601,rotational star,rotational star,
1,basic + period/window,natural,26294888,rotational star,rotational star,
1,basic + period/window,natural,26369924,Ecl,Ecl,
1,basic + period/window,natural,26473626,rotational star,rotational star,
1,basic + period/window,natural,26799867,Ecl,Ecl,
1,basic + period/window,natural,26801970,Ecl,Ecl,
1,basic + period/window,natural,26803237,Pulsating,Pulsating,
1,basic + period/window,natural,26915868,rotational star,rotational star,
1,basic + period/window,natural,26916686,Ecl,rotational star,
1,basic + period/window,natural,26917114,Pulsating,Pulsating,
1,basic + period/window,natural,27144593,Pulsating,Pulsating,
1,basic + period/window,natural,27326490,rotational star,rotational star,
1,basic + period/window,natural,27571837,Ecl,Ecl,
1,basic + period/window,natural,27794525,Ecl,Ecl,
1,basic + period/window,natural,27794663,Ecl,Ecl,
1,basic + period/window,natural,27923697,Ecl,Ecl,
1,basic + period/window,natural,28265471,rotational star,rotational star,
1,basic + period/window,natural,28684551,Pulsating,Pulsating,
1,basic + period/window,natural,28684789,Ecl,Ecl,
1,basic + period/window,natural,28711497,rotational star,rotational star,
1,basic + period/window,natural,28753266,Ecl,Pulsating,
1,basic + period/window,natural,28766428,Pulsating,Pulsating,
1,basic + period/window,natural,28816210,rotational star,rotational star,
1,basic + period/window,natural,28817718,Ecl,Ecl,
1,basic + period/window,natural,28906137,Ecl,Ecl,
1,basic + period/window,natural,29111193,Ecl,Ecl,
1,basic + period/window,natural,29120461,rotational star,rotational star,
1,basic + period/window,natural,29123719,rotational star,rotational star,
1,basic + period/window,natural,29125200,rotational star,rotational star,
1,basic + period/window,natural,29186647,Ecl,Ecl,
1,basic + period/window,natural,29188720,rotational star,rotational star,
1,basic + period/window,natural,29240740,rotational star,rotational star,
1,basic + period/window,natural,29244562,Pulsating,Pulsating,
1,basic + period/window,natural,29255984,Pulsating,Pulsating,
1,basic + period/window,natural,29272289,Pulsating,Pulsating,
1,basic + period/window,natural,29333111,Pulsating,Pulsating,
1,basic + period/window,natural,29468390,Pulsating,Pulsating,
1,basic + period/window,natural,29470734,rotational star,rotational star,
1,basic + period/window,natural,29581880,rotational star,rotational star,
1,basic + period/window,natural,29587302,rotational star,rotational star,
1,basic + period/window,natural,29588091,Pulsating,Ecl,
1,basic + period/window,natural,30985418,Ecl,Pulsating,
1,basic + period/window,natural,31050780,rotational star,rotational star,
1,basic + period/window,natural,31079188,Pulsating,Pulsating,
1,basic + period/window,natural,31132730,rotational star,rotational star,
1,basic + period/window,natural,31264095,Ecl,Ecl,
1,basic + period/window,natural,31275601,Ecl,Ecl,
1,basic + period/window,natural,31276935,Ecl,Pulsating,
1,basic + period/window,natural,31419272,Pulsating,Ecl,
1,basic + period/window,natural,31430137,rotational star,rotational star,
1,basic + period/window,natural,31495826,Ecl,Ecl,
1,basic + period/window,natural,31495934,Ecl,Ecl,
1,basic + period/window,natural,31499229,rotational star,rotational star,
1,basic + period/window,natural,31530586,Ecl,Ecl,
1,basic + period/window,natural,31596857,rotational star,rotational star,
1,basic + period/window,natural,32007198,Pulsating,Pulsating,
1,basic + period/window,natural,32538552,Pulsating,Pulsating,
1,basic + period/window,natural,32540202,Pulsating,Pulsating,
1,basic + period/window,natural,32540408,rotational star,rotational star,
1,basic + period/window,natural,32979939,Ecl,Ecl,
1,basic + period/window,natural,33293395,Ecl,Ecl,
1,basic + period/window,natural,33545044,rotational star,rotational star,
1,basic + period/window,natural,33889547,Ecl,Ecl,
1,basic + period/window,natural,34288224,rotational star,rotational star,
1,basic + period/window,natural,34721768,Pulsating,Pulsating,
1,basic + period/window,natural,34732858,Pulsating,Pulsating,
1,basic + period/window,natural,35903210,rotational star,Pulsating,
1,basic + period/window,natural,36068658,Ecl,Ecl,
1,basic + period/window,natural,36073512,Ecl,Ecl,
1,basic + period/window,natural,36073957,Ecl,rotational star,
1,basic + period/window,natural,36151101,Ecl,Ecl,
1,basic + period/window,natural,36929805,rotational star,rotational star,
1,basic + period/window,natural,36932872,Pulsating,Pulsating,
1,basic + period/window,natural,36934154,rotational star,rotational star,
1,basic + period/window,natural,37036024,Pulsating,Pulsating,
1,basic + period/window,natural,37156018,Pulsating,Pulsating,
1,basic + period/window,natural,37156082,rotational star,rotational star,
1,basic + period/window,natural,37519132,Ecl,Ecl,
1,basic + period/window,natural,37972550,Ecl,Pulsating,
1,basic + period/window,natural,38957658,Ecl,Ecl,
1,basic + period/window,natural,38959792,Pulsating,Ecl,
1,basic + period/window,natural,38960487,rotational star,rotational star,
1,basic + period/window,natural,39184902,rotational star,rotational star,
1,basic + period/window,natural,39185786,rotational star,rotational star,
1,basic + period/window,natural,39241909,Ecl,rotational star,
1,basic + period/window,natural,39373554,Pulsating,Pulsating,
1,basic + period/window,natural,39375276,Pulsating,Ecl,
1,basic + period/window,natural,39594938,Ecl,Ecl,
1,basic + period/window,natural,39595213,rotational star,rotational star,
1,basic + period/window,natural,39832168,Ecl,Ecl,
1,basic + period/window,natural,40702567,Pulsating,Pulsating,
1,basic + period/window,natural,41128071,Ecl,Ecl,
1,basic + period/window,natural,41474622,Ecl,Ecl,
1,basic + period/window,natural,41582109,Ecl,Ecl,
1,basic + period/window,natural,41585546,Ecl,Ecl,
1,basic + period/window,natural,41586209,Ecl,Ecl,
1,basic + period/window,natural,41590845,rotational star,rotational star,
1,basic + period/window,natural,42032149,Ecl,Ecl,
1,basic + period/window,natural,42324856,Ecl,Ecl,
1,basic + period/window,natural,42476058,Pulsating,Pulsating,
1,basic + period/window,natural,42479355,Pulsating,Pulsating,
1,basic + period/window,natural,42746983,Ecl,Ecl,
1,basic + period/window,natural,42785560,Ecl,rotational star,
1,basic + period/window,natural,42786413,Pulsating,Pulsating,
1,basic + period/window,natural,42912979,Ecl,Ecl,
1,basic + period/window,natural,42913803,Ecl,Ecl,
1,basic + period/window,natural,42913866,Pulsating,Pulsating,
1,basic + period/window,natural,43463371,Ecl,Ecl,
1,basic + period/window,natural,43606048,Pulsating,Pulsating,
1,basic + period/window,natural,43607595,Pulsating,Pulsating,
1,basic + period/window,natural,43723851,Ecl,Ecl,
1,basic + period/window,natural,43751151,Pulsating,Pulsating,
1,basic + period/window,natural,43752630,Pulsating,Pulsating,
1,basic + period/window,natural,43752743,Pulsating,Pulsating,
1,basic + period/window,natural,43920296,Ecl,Ecl,
1,basic + period/window,natural,43920441,Ecl,Ecl,
1,basic + period/window,natural,43920514,Pulsating,Pulsating,
1,basic + period/window,natural,44123679,Pulsating,Ecl,
1,basic + period/window,natural,44137633,Ecl,Ecl,
1,basic + period/window,natural,44449429,Ecl,Ecl,
1,basic + period/window,natural,44663258,Ecl,Ecl,
1,basic + period/window,natural,46259988,Pulsating,Pulsating,
1,basic + period/window,natural,46260797,rotational star,Ecl,
1,basic + period/window,natural,46415881,rotational star,rotational star,
1,basic + period/window,natural,46632641,Ecl,Ecl,
1,basic + period/window,natural,46897724,Pulsating,Pulsating,
1,basic + period/window,natural,46897839,Pulsating,Pulsating,
1,basic + period/window,natural,46898218,Pulsating,Pulsating,
1,basic + period/window,natural,46900721,Pulsating,Pulsating,
1,basic + period/window,natural,46914594,Pulsating,Ecl,
1,basic + period/window,natural,46981461,Pulsating,Pulsating,
1,basic + period/window,natural,47022490,Ecl,Ecl,
1,basic + period/window,natural,47024234,Ecl,rotational star,
1,basic + period/window,natural,47024240,Ecl,Ecl,
1,basic + period/window,natural,47970546,Ecl,Ecl,
1,basic + period/window,natural,48249657,rotational star,rotational star,
1,basic + period/window,natural,48254913,Pulsating,rotational star,
1,basic + period/window,natural,48982818,Ecl,Ecl,
1,basic + period/window,natural,50132451,Ecl,Ecl,
1,basic + period/window,natural,50354719,Pulsating,Ecl,
1,basic + period/window,natural,51619832,Pulsating,Pulsating,
1,basic + period/window,natural,53182877,Ecl,Ecl,
1,basic + period/window,natural,53228372,Ecl,rotational star,
1,basic + period/window,natural,53232890,rotational star,rotational star,
1,basic + period/window,natural,53236580,Pulsating,Pulsating,
1,basic + period/window,natural,53330452,Ecl,rotational star,
1,basic + period/window,natural,53396979,rotational star,rotational star,
1,basic + period/window,natural,57826750,Ecl,Ecl,
1,basic + period/window,natural,57989097,Ecl,Ecl,
1,basic + period/window,natural,57992772,Ecl,Ecl,
1,basic + period/window,natural,58248985,Pulsating,Pulsating,
1,basic + period/window,natural,58249067,Ecl,Ecl,
1,basic + period/window,natural,58286884,rotational star,rotational star,
1,basic + period/window,natural,59438186,rotational star,Pulsating,
1,basic + period/window,natural,59739171,rotational star,rotational star,
1,basic + period/window,natural,60262047,Ecl,rotational star,
1,basic + period/window,natural,60263095,rotational star,rotational star,
1,basic + period/window,natural,60265807,rotational star,rotational star,
1,basic + period/window,natural,60289910,Pulsating,Pulsating,
1,basic + period/window,natural,60498365,Ecl,Ecl,
1,basic + period/window,natural,60656985,Pulsating,Pulsating,
1,basic + period/window,natural,60657582,rotational star,rotational star,
1,basic + period/window,natural,61496813,Ecl,Ecl,
1,basic + period/window,natural,64171523,Ecl,Ecl,
1,basic + period/window,natural,64449850,Pulsating,Pulsating,
1,basic + period/window,natural,64468311,Pulsating,Pulsating,
1,basic + period/window,natural,65147776,rotational star,Ecl,
1,basic + period/window,natural,65712645,Pulsating,Pulsating,
1,basic + period/window,natural,67079023,Pulsating,Pulsating,
1,basic + period/window,natural,70836558,Pulsating,Pulsating,
1,basic + period/window,natural,70836696,Ecl,Ecl,
1,basic + period/window,natural,71713323,Pulsating,Pulsating,
1,basic + period/window,natural,72373285,Ecl,Ecl,
1,basic + period/window,natural,77824269,rotational star,rotational star,
1,basic + period/window,natural,77824723,Pulsating,Pulsating,
1,basic + period/window,natural,77826239,Pulsating,Pulsating,
1,basic + period/window,natural,92903768,Ecl,Ecl,
1,basic + period/window,natural,120940265,rotational star,rotational star,
1,period/window + shape,natural,1492,Pulsating,Pulsating,
1,period/window + shape,natural,170389,Pulsating,Pulsating,
1,period/window + shape,natural,174274,Pulsating,Pulsating,
1,period/window + shape,natural,182732,Pulsating,Pulsating,
1,period/window + shape,natural,351642,Ecl,Ecl,
1,period/window + shape,natural,354735,Pulsating,Pulsating,
1,period/window + shape,natural,356877,Pulsating,Pulsating,
1,period/window + shape,natural,391705,Pulsating,Ecl,
1,period/window + shape,natural,396749,Ecl,rotational star,
1,period/window + shape,natural,401124,Pulsating,Pulsating,
1,period/window + shape,natural,401420,Ecl,Ecl,
1,period/window + shape,natural,416128,Ecl,Ecl,
1,period/window + shape,natural,517541,Ecl,Ecl,
1,period/window + shape,natural,654210,Pulsating,Pulsating,
1,period/window + shape,natural,682103,Pulsating,Pulsating,
1,period/window + shape,natural,705322,Pulsating,Pulsating,
1,period/window + shape,natural,706627,rotational star,rotational star,
1,period/window + shape,natural,713256,rotational star,rotational star,
1,period/window + shape,natural,720276,Ecl,Ecl,
1,period/window + shape,natural,720910,Ecl,Ecl,
1,period/window + shape,natural,795063,rotational star,Ecl,
1,period/window + shape,natural,806270,rotational star,rotational star,
1,period/window + shape,natural,855356,Pulsating,Pulsating,
1,period/window + shape,natural,891487,rotational star,rotational star,
1,period/window + shape,natural,893445,Pulsating,Pulsating,
1,period/window + shape,natural,989130,Pulsating,Pulsating,
1,period/window + shape,natural,989377,rotational star,rotational star,
1,period/window + shape,natural,993864,Ecl,Ecl,
1,period/window + shape,natural,1085172,rotational star,rotational star,
1,period/window + shape,natural,1086245,Pulsating,Pulsating,
1,period/window + shape,natural,1086977,rotational star,rotational star,
1,period/window + shape,natural,1087883,Pulsating,Pulsating,
1,period/window + shape,natural,1137195,Pulsating,Pulsating,
1,period/window + shape,natural,1359057,Ecl,Ecl,
1,period/window + shape,natural,1360465,rotational star,Ecl,
1,period/window + shape,natural,1399779,Ecl,Ecl,
1,period/window + shape,natural,1400413,Pulsating,Pulsating,
1,period/window + shape,natural,1465995,rotational star,rotational star,
1,period/window + shape,natural,1486152,Ecl,Ecl,
1,period/window + shape,natural,1486807,Ecl,Ecl,
1,period/window + shape,natural,1487155,Pulsating,Pulsating,
1,period/window + shape,natural,1487228,rotational star,rotational star,
1,period/window + shape,natural,1488730,rotational star,rotational star,
1,period/window + shape,natural,1520574,Ecl,rotational star,
1,period/window + shape,natural,1525735,Pulsating,Pulsating,
1,period/window + shape,natural,1529400,Pulsating,Pulsating,
1,period/window + shape,natural,1533092,Pulsating,Pulsating,
1,period/window + shape,natural,1534333,Pulsating,Pulsating,
1,period/window + shape,natural,1540909,Ecl,Ecl,
1,period/window + shape,natural,1542965,Pulsating,Pulsating,
1,period/window + shape,natural,1786207,rotational star,rotational star,
1,period/window + shape,natural,1786713,Pulsating,Pulsating,
1,period/window + shape,natural,1787905,rotational star,rotational star,
1,period/window + shape,natural,1788906,Ecl,Ecl,
1,period/window + shape,natural,1815795,Pulsating,Pulsating,
1,period/window + shape,natural,1819187,rotational star,Ecl,
1,period/window + shape,natural,1821852,Pulsating,Pulsating,
1,period/window + shape,natural,1858419,Ecl,Ecl,
1,period/window + shape,natural,1866879,Pulsating,Pulsating,
1,period/window + shape,natural,1967928,rotational star,rotational star,
1,period/window + shape,natural,2028803,Ecl,Ecl,
1,period/window + shape,natural,2030192,Pulsating,Pulsating,
1,period/window + shape,natural,2078896,Pulsating,Pulsating,
1,period/window + shape,natural,2210879,rotational star,rotational star,
1,period/window + shape,natural,2211515,Ecl,rotational star,
1,period/window + shape,natural,2255202,Ecl,Ecl,
1,period/window + shape,natural,2710434,rotational star,rotational star,
1,period/window + shape,natural,2854870,Ecl,Ecl,
1,period/window + shape,natural,3037433,Ecl,rotational star,
1,period/window + shape,natural,3039026,Pulsating,Pulsating,
1,period/window + shape,natural,3053459,Ecl,Pulsating,
1,period/window + shape,natural,3064343,Ecl,Ecl,
1,period/window + shape,natural,3262989,Ecl,Ecl,
1,period/window + shape,natural,3267525,Ecl,Ecl,
1,period/window + shape,natural,3268443,Ecl,Ecl,
1,period/window + shape,natural,3294397,Ecl,Ecl,
1,period/window + shape,natural,3308758,Pulsating,Pulsating,
1,period/window + shape,natural,3316875,rotational star,Ecl,
1,period/window + shape,natural,3320934,Ecl,rotational star,
1,period/window + shape,natural,3384809,Pulsating,Pulsating,
1,period/window + shape,natural,3402113,Pulsating,Ecl,
1,period/window + shape,natural,3515396,Pulsating,Pulsating,
1,period/window + shape,natural,3530716,Ecl,Ecl,
1,period/window + shape,natural,3532457,rotational star,rotational star,
1,period/window + shape,natural,3535885,Ecl,Ecl,
1,period/window + shape,natural,3536386,Ecl,Ecl,
1,period/window + shape,natural,3538485,Ecl,Ecl,
1,period/window + shape,natural,3538828,Ecl,Ecl,
1,period/window + shape,natural,3539430,Pulsating,Pulsating,
1,period/window + shape,natural,3540068,Pulsating,Pulsating,
1,period/window + shape,natural,3563158,Pulsating,Pulsating,
1,period/window + shape,natural,3573648,Pulsating,Pulsating,
1,period/window + shape,natural,3574286,Pulsating,Pulsating,
1,period/window + shape,natural,3578120,Ecl,Ecl,
1,period/window + shape,natural,3578629,Pulsating,Pulsating,
1,period/window + shape,natural,3579296,Pulsating,Pulsating,
1,period/window + shape,natural,3580689,rotational star,rotational star,
1,period/window + shape,natural,3581809,Ecl,Ecl,
1,period/window + shape,natural,3610544,Pulsating,Pulsating,
1,period/window + shape,natural,3707618,Pulsating,Pulsating,
1,period/window + shape,natural,3712377,Pulsating,Pulsating,
1,period/window + shape,natural,3778222,rotational star,rotational star,
1,period/window + shape,natural,3879596,Pulsating,Pulsating,
1,period/window + shape,natural,3888880,Pulsating,Pulsating,
1,period/window + shape,natural,3888905,rotational star,rotational star,
1,period/window + shape,natural,3891826,Ecl,Ecl,
1,period/window + shape,natural,3900804,Ecl,Ecl,
1,period/window + shape,natural,4016172,Pulsating,Pulsating,
1,period/window + shape,natural,4052360,Ecl,Ecl,
1,period/window + shape,natural,4053354,Pulsating,Pulsating,
1,period/window + shape,natural,4085335,Pulsating,Pulsating,
1,period/window + shape,natural,4086437,Ecl,Ecl,
1,period/window + shape,natural,4112322,Ecl,Ecl,
1,period/window + shape,natural,4112453,Pulsating,Pulsating,
1,period/window + shape,natural,4154491,rotational star,rotational star,
1,period/window + shape,natural,4165556,rotational star,Ecl,
1,period/window + shape,natural,4202285,rotational star,rotational star,
1,period/window + shape,natural,4203764,Pulsating,Pulsating,
1,period/window + shape,natural,4204543,Ecl,Ecl,
1,period/window + shape,natural,4204760,rotational star,rotational star,
1,period/window + shape,natural,4207350,Ecl,Ecl,
1,period/window + shape,natural,4221224,rotational star,rotational star,
1,period/window + shape,natural,4222140,Pulsating,Pulsating,
1,period/window + shape,natural,4318493,Ecl,Ecl,
1,period/window + shape,natural,4319767,Ecl,Ecl,
1,period/window + shape,natural,4503100,Ecl,Ecl,
1,period/window + shape,natural,4503752,rotational star,rotational star,
1,period/window + shape,natural,4525993,Ecl,Ecl,
1,period/window + shape,natural,4531285,Ecl,Ecl,
1,period/window + shape,natural,4555438,rotational star,Pulsating,
1,period/window + shape,natural,4555634,rotational star,rotational star,
1,period/window + shape,natural,4556326,rotational star,rotational star,
1,period/window + shape,natural,4558584,rotational star,rotational star,
1,period/window + shape,natural,4559117,rotational star,rotational star,
1,period/window + shape,natural,4560178,rotational star,rotational star,
1,period/window + shape,natural,4603259,Pulsating,Ecl,
1,period/window + shape,natural,4627821,rotational star,rotational star,
1,period/window + shape,natural,4720963,Pulsating,Ecl,
1,period/window + shape,natural,4991083,Ecl,Ecl,
1,period/window + shape,natural,5103090,rotational star,rotational star,
1,period/window + shape,natural,5108781,Ecl,Ecl,
1,period/window + shape,natural,5229099,rotational star,rotational star,
1,period/window + shape,natural,5230789,Ecl,Ecl,
1,period/window + shape,natural,5231192,Pulsating,Pulsating,
1,period/window + shape,natural,5285064,Ecl,Ecl,
1,period/window + shape,natural,5387464,Ecl,Ecl,
1,period/window + shape,natural,5388985,rotational star,rotational star,
1,period/window + shape,natural,5446648,rotational star,rotational star,
1,period/window + shape,natural,5446653,Ecl,Ecl,
1,period/window + shape,natural,5448059,Ecl,Ecl,
1,period/window + shape,natural,5502401,Pulsating,Pulsating,
1,period/window + shape,natural,5552243,Pulsating,Ecl,
1,period/window + shape,natural,5703162,Ecl,rotational star,
1,period/window + shape,natural,5839093,Pulsating,Pulsating,
1,period/window + shape,natural,5855159,Pulsating,Ecl,
1,period/window + shape,natural,6035659,rotational star,rotational star,
1,period/window + shape,natural,6385706,Pulsating,Pulsating,
1,period/window + shape,natural,6388611,Pulsating,Ecl,
1,period/window + shape,natural,6420800,Ecl,Pulsating,
1,period/window + shape,natural,6423392,Ecl,rotational star,
1,period/window + shape,natural,6423500,Ecl,Ecl,
1,period/window + shape,natural,6424179,Ecl,Ecl,
1,period/window + shape,natural,6426729,Ecl,Ecl,
1,period/window + shape,natural,6428939,Ecl,Ecl,
1,period/window + shape,natural,6559105,rotational star,Pulsating,
1,period/window + shape,natural,6578144,Pulsating,Pulsating,
1,period/window + shape,natural,6582868,Pulsating,Pulsating,
1,period/window + shape,natural,6708716,rotational star,rotational star,
1,period/window + shape,natural,6711028,Ecl,Ecl,
1,period/window + shape,natural,6771481,Pulsating,Pulsating,
1,period/window + shape,natural,6772137,rotational star,rotational star,
1,period/window + shape,natural,6772757,rotational star,rotational star,
1,period/window + shape,natural,6772868,rotational star,rotational star,
1,period/window + shape,natural,6774272,Pulsating,Pulsating,
1,period/window + shape,natural,6885233,rotational star,rotational star,
1,period/window + shape,natural,6886679,rotational star,rotational star,
1,period/window + shape,natural,6900401,rotational star,rotational star,
1,period/window + shape,natural,6914961,rotational star,rotational star,
1,period/window + shape,natural,6968029,Ecl,Ecl,
1,period/window + shape,natural,6968264,Pulsating,Pulsating,
1,period/window + shape,natural,6971276,Pulsating,Ecl,
1,period/window + shape,natural,6971505,rotational star,rotational star,
1,period/window + shape,natural,7072651,rotational star,rotational star,
1,period/window + shape,natural,7127722,Ecl,Ecl,
1,period/window + shape,natural,7223147,Ecl,Ecl,
1,period/window + shape,natural,7257067,Pulsating,Ecl,
1,period/window + shape,natural,7348139,Pulsating,Pulsating,
1,period/window + shape,natural,7348645,Pulsating,Pulsating,
1,period/window + shape,natural,7438683,Ecl,Ecl,
1,period/window + shape,natural,7443675,Pulsating,Ecl,
1,period/window + shape,natural,7566107,Ecl,rotational star,
1,period/window + shape,natural,7569518,Pulsating,Pulsating,
1,period/window + shape,natural,7576919,Pulsating,Pulsating,
1,period/window + shape,natural,7641751,Pulsating,Pulsating,
1,period/window + shape,natural,7775830,Pulsating,Pulsating,
1,period/window + shape,natural,7824125,Ecl,Ecl,
1,period/window + shape,natural,7898622,Ecl,rotational star,
1,period/window + shape,natural,7904889,Ecl,Ecl,
1,period/window + shape,natural,7907540,Ecl,Ecl,
1,period/window + shape,natural,7907839,Pulsating,Pulsating,
1,period/window + shape,natural,7911225,Ecl,Ecl,
1,period/window + shape,natural,7948368,Ecl,Ecl,
1,period/window + shape,natural,8071429,Ecl,Ecl,
1,period/window + shape,natural,8072240,Pulsating,Pulsating,
1,period/window + shape,natural,8077094,Ecl,Ecl,
1,period/window + shape,natural,8085320,rotational star,rotational star,
1,period/window + shape,natural,8089619,Ecl,Ecl,
1,period/window + shape,natural,8089854,rotational star,rotational star,
1,period/window + shape,natural,8095331,rotational star,Ecl,
1,period/window + shape,natural,8234121,Pulsating,Pulsating,
1,period/window + shape,natural,8260993,Pulsating,Pulsating,
1,period/window + shape,natural,8298820,Ecl,Ecl,
1,period/window + shape,natural,8301406,Pulsating,Pulsating,
1,period/window + shape,natural,8302040,Ecl,Pulsating,
1,period/window + shape,natural,8303969,rotational star,rotational star,
1,period/window + shape,natural,8304398,rotational star,rotational star,
1,period/window + shape,natural,8307548,Pulsating,Pulsating,
1,period/window + shape,natural,8315756,Pulsating,Pulsating,
1,period/window + shape,natural,8331224,Ecl,rotational star,
1,period/window + shape,natural,8337585,rotational star,rotational star,
1,period/window + shape,natural,8395322,Ecl,Ecl,
1,period/window + shape,natural,8395517,Ecl,Ecl,
1,period/window + shape,natural,8396121,Ecl,Ecl,
1,period/window + shape,natural,8413061,Ecl,rotational star,
1,period/window + shape,natural,8436241,Pulsating,Ecl,
1,period/window + shape,natural,8568363,Ecl,Ecl,
1,period/window + shape,natural,8649964,Pulsating,Pulsating,
1,period/window + shape,natural,8667230,rotational star,rotational star,
1,period/window + shape,natural,8700095,Ecl,rotational star,
1,period/window + shape,natural,8700892,Pulsating,Pulsating,
1,period/window + shape,natural,8701682,Pulsating,Pulsating,
1,period/window + shape,natural,8702727,rotational star,rotational star,
1,period/window + shape,natural,8821912,Ecl,Ecl,
1,period/window + shape,natural,8825435,Ecl,Ecl,
1,period/window + shape,natural,8825485,Ecl,Ecl,
1,period/window + shape,natural,8826873,Ecl,Ecl,
1,period/window + shape,natural,8833576,Ecl,Ecl,
1,period/window + shape,natural,8862457,Pulsating,Pulsating,
1,period/window + shape,natural,8865289,Ecl,Ecl,
1,period/window + shape,natural,8895274,Pulsating,Pulsating,
1,period/window + shape,natural,8896138,Ecl,Ecl,
1,period/window + shape,natural,8901720,Pulsating,Pulsating,
1,period/window + shape,natural,9001365,Ecl,Ecl,
1,period/window + shape,natural,9087235,Ecl,Ecl,
1,period/window + shape,natural,9090968,Pulsating,Pulsating,
1,period/window + shape,natural,9210109,rotational star,Pulsating,
1,period/window + shape,natural,9252425,Pulsating,Pulsating,
1,period/window + shape,natural,9254197,Pulsating,Pulsating,
1,period/window + shape,natural,9385226,rotational star,rotational star,
1,period/window + shape,natural,9421023,Pulsating,Pulsating,
1,period/window + shape,natural,9422650,rotational star,rotational star,
1,period/window + shape,natural,9425767,Ecl,Ecl,
1,period/window + shape,natural,9441160,rotational star,rotational star,
1,period/window + shape,natural,9460839,Pulsating,Pulsating,
1,period/window + shape,natural,9643812,rotational star,Ecl,
1,period/window + shape,natural,9650202,Ecl,Ecl,
1,period/window + shape,natural,9708710,Ecl,Ecl,
1,period/window + shape,natural,9710004,Pulsating,Pulsating,
1,period/window + shape,natural,9851742,Ecl,rotational star,
1,period/window + shape,natural,9862976,Ecl,rotational star,
1,period/window + shape,natural,10034483,Ecl,Ecl,
1,period/window + shape,natural,10045593,Pulsating,Pulsating,
1,period/window + shape,natural,10221825,Pulsating,Pulsating,
1,period/window + shape,natural,10235536,Ecl,Ecl,
1,period/window + shape,natural,10237366,Pulsating,Pulsating,
1,period/window + shape,natural,10237841,rotational star,rotational star,
1,period/window + shape,natural,10240912,Pulsating,Pulsating,
1,period/window + shape,natural,10384900,Pulsating,Pulsating,
1,period/window + shape,natural,10477528,Ecl,Ecl,
1,period/window + shape,natural,10501955,Ecl,Ecl,
1,period/window + shape,natural,10504051,Ecl,Ecl,
1,period/window + shape,natural,10506123,Ecl,Ecl,
1,period/window + shape,natural,10506299,rotational star,rotational star,
1,period/window + shape,natural,10675231,Pulsating,Pulsating,
1,period/window + shape,natural,10684029,rotational star,rotational star,
1,period/window + shape,natural,10725909,Ecl,Ecl,
1,period/window + shape,natural,10745759,rotational star,rotational star,
1,period/window + shape,natural,10758622,Pulsating,Pulsating,
1,period/window + shape,natural,10759236,Pulsating,Pulsating,
1,period/window + shape,natural,10762635,Ecl,rotational star,
1,period/window + shape,natural,10772457,Ecl,Ecl,
1,period/window + shape,natural,10774324,rotational star,rotational star,
1,period/window + shape,natural,10774489,Pulsating,Ecl,
1,period/window + shape,natural,10778741,Ecl,Ecl,
1,period/window + shape,natural,10781318,rotational star,rotational star,
1,period/window + shape,natural,11000456,Pulsating,Pulsating,
1,period/window + shape,natural,11000690,Pulsating,Pulsating,
1,period/window + shape,natural,11002179,Ecl,Ecl,
1,period/window + shape,natural,11003680,Pulsating,Pulsating,
1,period/window + shape,natural,11008744,Ecl,Ecl,
1,period/window + shape,natural,11103477,rotational star,rotational star,
1,period/window + shape,natural,11281753,Ecl,Ecl,
1,period/window + shape,natural,11332457,Pulsating,Pulsating,
1,period/window + shape,natural,11333675,Ecl,Ecl,
1,period/window + shape,natural,11333752,Pulsating,Ecl,
1,period/window + shape,natural,11527909,Ecl,Ecl,
1,period/window + shape,natural,11568132,Pulsating,Pulsating,
1,period/window + shape,natural,11569837,Pulsating,Pulsating,
1,period/window + shape,natural,11569977,Pulsating,Pulsating,
1,period/window + shape,natural,11572714,rotational star,rotational star,
1,period/window + shape,natural,11585007,Pulsating,Pulsating,
1,period/window + shape,natural,11619555,Pulsating,Pulsating,
1,period/window + shape,natural,11620334,Pulsating,Pulsating,
1,period/window + shape,natural,11621089,Ecl,Ecl,
1,period/window + shape,natural,11772275,Pulsating,Pulsating,
1,period/window + shape,natural,11775317,Ecl,Ecl,
1,period/window + shape,natural,11778107,Ecl,Ecl,
1,period/window + shape,natural,11780339,Ecl,Ecl,
1,period/window + shape,natural,11931277,rotational star,rotational star,
1,period/window + shape,natural,12068202,Pulsating,Pulsating,
1,period/window + shape,natural,12077861,rotational star,rotational star,
1,period/window + shape,natural,12082661,Ecl,Ecl,
1,period/window + shape,natural,12256111,Ecl,Ecl,
1,period/window + shape,natural,12257100,Pulsating,Pulsating,
1,period/window + shape,natural,12258499,Pulsating,Pulsating,
1,period/window + shape,natural,12261159,Ecl,Ecl,
1,period/window + shape,natural,12372134,Ecl,Ecl,
1,period/window + shape,natural,12372670,Pulsating,Pulsating,
1,period/window + shape,natural,12373785,Ecl,Ecl,
1,period/window + shape,natural,12374282,Ecl,Ecl,
1,period/window + shape,natural,12374400,Pulsating,Pulsating,
1,period/window + shape,natural,12377666,Ecl,Ecl,
1,period/window + shape,natural,12394941,Pulsating,Pulsating,
1,period/window + shape,natural,12397628,Pulsating,Pulsating,
1,period/window + shape,natural,12428055,Ecl,Ecl,
1,period/window + shape,natural,12458470,Ecl,Ecl,
1,period/window + shape,natural,12470242,Ecl,Pulsating,
1,period/window + shape,natural,12472170,rotational star,rotational star,
1,period/window + shape,natural,12481937,rotational star,Pulsating,
1,period/window + shape,natural,12502942,Ecl,Ecl,
1,period/window + shape,natural,12506794,rotational star,Ecl,
1,period/window + shape,natural,12623479,Pulsating,Pulsating,
1,period/window + shape,natural,12629856,Ecl,Ecl,
1,period/window + shape,natural,12644912,rotational star,rotational star,
1,period/window + shape,natural,12644999,rotational star,rotational star,
1,period/window + shape,natural,12645321,rotational star,rotational star,
1,period/window + shape,natural,12828861,Ecl,Ecl,
1,period/window + shape,natural,12830670,Ecl,Ecl,
1,period/window + shape,natural,12832709,rotational star,rotational star,
1,period/window + shape,natural,12986116,Pulsating,Pulsating,
1,period/window + shape,natural,12987544,Pulsating,Pulsating,
1,period/window + shape,natural,13086137,Pulsating,Ecl,
1,period/window + shape,natural,13087516,rotational star,rotational star,
1,period/window + shape,natural,13206347,rotational star,rotational star,
1,period/window + shape,natural,13276733,Pulsating,Pulsating,
1,period/window + shape,natural,13281056,Pulsating,Pulsating,
1,period/window + shape,natural,13383287,rotational star,rotational star,
1,period/window + shape,natural,13390885,Ecl,Ecl,
1,period/window + shape,natural,13398192,Ecl,Ecl,
1,period/window + shape,natural,13642058,rotational star,rotational star,
1,period/window + shape,natural,13729475,Pulsating,Pulsating,
1,period/window + shape,natural,13731074,Ecl,rotational star,
1,period/window + shape,natural,13833585,rotational star,rotational star,
1,period/window + shape,natural,14022706,rotational star,rotational star,
1,period/window + shape,natural,14024188,Pulsating,Pulsating,
1,period/window + shape,natural,14025549,rotational star,rotational star,
1,period/window + shape,natural,14506614,Ecl,Ecl,
1,period/window + shape,natural,14507025,Ecl,Ecl,
1,period/window + shape,natural,14521032,Ecl,Ecl,
1,period/window + shape,natural,15134517,Pulsating,rotational star,
1,period/window + shape,natural,15135391,Ecl,Ecl,
1,period/window + shape,natural,15136616,rotational star,rotational star,
1,period/window + shape,natural,15200820,Ecl,Ecl,
1,period/window + shape,natural,15201345,Pulsating,Pulsating,
1,period/window + shape,natural,15516051,rotational star,rotational star,
1,period/window + shape,natural,15597494,rotational star,rotational star,
1,period/window + shape,natural,15600345,Pulsating,Pulsating,
1,period/window + shape,natural,15601545,rotational star,rotational star,
1,period/window + shape,natural,16014078,Ecl,Ecl,
1,period/window + shape,natural,16023201,Pulsating,Pulsating,
1,period/window + shape,natural,16025636,rotational star,Ecl,
1,period/window + shape,natural,16026174,Pulsating,Pulsating,
1,period/window + shape,natural,16028452,Pulsating,Pulsating,
1,period/window + shape,natural,16030990,Pulsating,Pulsating,
1,period/window + shape,natural,16041487,rotational star,rotational star,
1,period/window + shape,natural,16070289,Ecl,rotational star,
1,period/window + shape,natural,16129494,Ecl,rotational star,
1,period/window + shape,natural,16181266,Ecl,Ecl,
1,period/window + shape,natural,16190605,Ecl,Ecl,
1,period/window + shape,natural,16193408,Ecl,rotational star,
1,period/window + shape,natural,16197293,Ecl,Ecl,
1,period/window + shape,natural,16197428,Ecl,Ecl,
1,period/window + shape,natural,16197570,rotational star,rotational star,
1,period/window + shape,natural,16199371,Pulsating,Ecl,
1,period/window + shape,natural,16344798,Pulsating,Pulsating,
1,period/window + shape,natural,16383690,Ecl,Ecl,
1,period/window + shape,natural,16526833,Pulsating,Pulsating,
1,period/window + shape,natural,16536879,Pulsating,Pulsating,
1,period/window + shape,natural,16537858,Ecl,Ecl,
1,period/window + shape,natural,16538906,rotational star,rotational star,
1,period/window + shape,natural,16653594,Ecl,Ecl,
1,period/window + shape,natural,16653951,rotational star,rotational star,
1,period/window + shape,natural,16658118,Pulsating,Pulsating,
1,period/window + shape,natural,16658450,Pulsating,Pulsating,
1,period/window + shape,natural,16766005,Pulsating,Ecl,
1,period/window + shape,natural,16767478,Ecl,Ecl,
1,period/window + shape,natural,16801765,Pulsating,Pulsating,
1,period/window + shape,natural,16805103,Ecl,Ecl,
1,period/window + shape,natural,16805321,Pulsating,Pulsating,
1,period/window + shape,natural,16806833,Ecl,Ecl,
1,period/window + shape,natural,16809098,Pulsating,Ecl,
1,period/window + shape,natural,16810385,Pulsating,Pulsating,
1,period/window + shape,natural,16845338,rotational star,rotational star,
1,period/window + shape,natural,16847653,Ecl,Ecl,
1,period/window + shape,natural,17144966,rotational star,rotational star,
1,period/window + shape,natural,17172959,rotational star,rotational star,
1,period/window + shape,natural,17173355,rotational star,rotational star,
1,period/window + shape,natural,17173876,rotational star,Ecl,
1,period/window + shape,natural,17174959,Pulsating,Pulsating,
1,period/window + shape,natural,17394296,Pulsating,Pulsating,
1,period/window + shape,natural,17487943,Ecl,Ecl,
1,period/window + shape,natural,17571403,Ecl,Ecl,
1,period/window + shape,natural,17776220,Ecl,Ecl,
1,period/window + shape,natural,17834634,rotational star,rotational star,
1,period/window + shape,natural,17851685,Pulsating,Pulsating,
1,period/window + shape,natural,17883608,Ecl,Pulsating,
1,period/window + shape,natural,17904870,rotational star,rotational star,
1,period/window + shape,natural,18273669,Pulsating,Pulsating,
1,period/window + shape,natural,18276283,rotational star,rotational star,
1,period/window + shape,natural,18285409,rotational star,rotational star,
1,period/window + shape,natural,18559451,Ecl,rotational star,
1,period/window + shape,natural,18563720,Ecl,Ecl,
1,period/window + shape,natural,18642699,Pulsating,Pulsating,
1,period/window + shape,natural,18655471,rotational star,Ecl,
1,period/window + shape,natural,19137779,Pulsating,Pulsating,
1,period/window + shape,natural,19138566,Ecl,Ecl,
1,period/window + shape,natural,19316467,Pulsating,Pulsating,
1,period/window + shape,natural,19316981,Ecl,rotational star,
1,period/window + shape,natural,19318983,Ecl,Ecl,
1,period/window + shape,natural,19590950,Pulsating,Pulsating,
1,period/window + shape,natural,19658850,rotational star,rotational star,
1,period/window + shape,natural,19662027,Ecl,Ecl,
1,period/window + shape,natural,19968336,Pulsating,Pulsating,
1,period/window + shape,natural,20027107,Ecl,Ecl,
1,period/window + shape,natural,20027771,Ecl,Ecl,
1,period/window + shape,natural,20193949,rotational star,rotational star,
1,period/window + shape,natural,20196747,rotational star,rotational star,
1,period/window + shape,natural,20235242,Ecl,Ecl,
1,period/window + shape,natural,20238315,rotational star,rotational star,
1,period/window + shape,natural,20325636,Ecl,Ecl,
1,period/window + shape,natural,20325810,Pulsating,Pulsating,
1,period/window + shape,natural,20326114,Ecl,Ecl,
1,period/window + shape,natural,20453572,Ecl,Ecl,
1,period/window + shape,natural,20453600,Ecl,Ecl,
1,period/window + shape,natural,20465352,rotational star,rotational star,
1,period/window + shape,natural,20471682,rotational star,rotational star,
1,period/window + shape,natural,20475212,Ecl,Ecl,
1,period/window + shape,natural,20475324,Pulsating,Pulsating,
1,period/window + shape,natural,20476259,Ecl,rotational star,
1,period/window + shape,natural,20582605,Ecl,Ecl,
1,period/window + shape,natural,20727275,rotational star,rotational star,
1,period/window + shape,natural,20731756,rotational star,rotational star,
1,period/window + shape,natural,20961797,Ecl,Ecl,
1,period/window + shape,natural,21232250,rotational star,Ecl,
1,period/window + shape,natural,21232257,Pulsating,Pulsating,
1,period/window + shape,natural,21232672,Pulsating,Pulsating,
1,period/window + shape,natural,21233124,Pulsating,Pulsating,
1,period/window + shape,natural,21422113,Ecl,Ecl,
1,period/window + shape,natural,21524260,rotational star,rotational star,
1,period/window + shape,natural,21527184,Ecl,Ecl,
1,period/window + shape,natural,21531649,Ecl,Ecl,
1,period/window + shape,natural,21532216,Ecl,Ecl,
1,period/window + shape,natural,21598075,Pulsating,Ecl,
1,period/window + shape,natural,21601463,Ecl,Ecl,
1,period/window + shape,natural,21602369,Ecl,Ecl,
1,period/window + shape,natural,21736850,rotational star,rotational star,
1,period/window + shape,natural,21738821,rotational star,Pulsating,
1,period/window + shape,natural,21742022,rotational star,rotational star,
1,period/window + shape,natural,21771327,Ecl,Ecl,
1,period/window + shape,natural,21860728,Pulsating,Pulsating,
1,period/window + shape,natural,22039675,Pulsating,Pulsating,
1,period/window + shape,natural,22307772,rotational star,rotational star,
1,period/window + shape,natural,22308016,Ecl,Ecl,
1,period/window + shape,natural,22308607,Pulsating,Pulsating,
1,period/window + shape,natural,22309322,rotational star,rotational star,
1,period/window + shape,natural,22570897,Ecl,Ecl,
1,period/window + shape,natural,22580083,rotational star,rotational star,
1,period/window + shape,natural,22580223,rotational star,rotational star,
1,period/window + shape,natural,22840115,Pulsating,Pulsating,
1,period/window + shape,natural,22846405,Pulsating,Pulsating,
1,period/window + shape,natural,22846563,rotational star,rotational star,
1,period/window + shape,natural,22898690,Pulsating,Pulsating,
1,period/window + shape,natural,23048157,Pulsating,Pulsating,
1,period/window + shape,natural,23049620,Pulsating,Pulsating,
1,period/window + shape,natural,23095577,rotational star,rotational star,
1,period/window + shape,natural,23101515,Pulsating,Pulsating,
1,period/window + shape,natural,23101770,Pulsating,Pulsating,
1,period/window + shape,natural,23229632,Pulsating,Pulsating,
1,period/window + shape,natural,23369295,Ecl,Ecl,
1,period/window + shape,natural,23519994,rotational star,rotational star,
1,period/window + shape,natural,23521330,rotational star,rotational star,
1,period/window + shape,natural,23523912,Ecl,Pulsating,
1,period/window + shape,natural,23524150,rotational star,rotational star,
1,period/window + shape,natural,24138124,rotational star,rotational star,
1,period/window + shape,natural,24140979,Ecl,Ecl,
1,period/window + shape,natural,24174358,rotational star,Ecl,
1,period/window + shape,natural,24484885,Pulsating,Pulsating,
1,period/window + shape,natural,24533094,Pulsating,Pulsating,
1,period/window + shape,natural,24577185,Ecl,rotational star,
1,period/window + shape,natural,24577672,Ecl,Ecl,
1,period/window + shape,natural,24577924,Ecl,Ecl,
1,period/window + shape,natural,24578578,rotational star,Ecl,
1,period/window + shape,natural,24690993,Ecl,Ecl,
1,period/window + shape,natural,24691343,Ecl,Ecl,
1,period/window + shape,natural,24691515,Ecl,Ecl,
1,period/window + shape,natural,24692152,Pulsating,Ecl,
1,period/window + shape,natural,24827721,Ecl,Ecl,
1,period/window + shape,natural,25362557,Pulsating,Pulsating,
1,period/window + shape,natural,25463342,Pulsating,Pulsating,
1,period/window + shape,natural,25465107,Ecl,Ecl,
1,period/window + shape,natural,25586204,Ecl,Ecl,
1,period/window + shape,natural,25587645,Ecl,Ecl,
1,period/window + shape,natural,25588590,rotational star,Ecl,
1,period/window + shape,natural,25793632,Pulsating,Pulsating,
1,period/window + shape,natural,26067932,rotational star,rotational star,
1,period/window + shape,natural,26133011,Ecl,Ecl,
1,period/window + shape,natural,26133520,rotational star,rotational star,
1,period/window + shape,natural,26144601,rotational star,rotational star,
1,period/window + shape,natural,26294888,rotational star,rotational star,
1,period/window + shape,natural,26369924,Ecl,Ecl,
1,period/window + shape,natural,26473626,rotational star,rotational star,
1,period/window + shape,natural,26799867,Ecl,Ecl,
1,period/window + shape,natural,26801970,Ecl,Ecl,
1,period/window + shape,natural,26803237,Pulsating,Pulsating,
1,period/window + shape,natural,26915868,rotational star,rotational star,
1,period/window + shape,natural,26916686,Ecl,rotational star,
1,period/window + shape,natural,26917114,Pulsating,Pulsating,
1,period/window + shape,natural,27144593,Pulsating,Pulsating,
1,period/window + shape,natural,27326490,rotational star,rotational star,
1,period/window + shape,natural,27571837,Ecl,Ecl,
1,period/window + shape,natural,27794525,Ecl,Ecl,
1,period/window + shape,natural,27794663,Ecl,Ecl,
1,period/window + shape,natural,27923697,Ecl,Ecl,
1,period/window + shape,natural,28265471,rotational star,rotational star,
1,period/window + shape,natural,28684551,Pulsating,Pulsating,
1,period/window + shape,natural,28684789,Ecl,Ecl,
1,period/window + shape,natural,28711497,rotational star,rotational star,
1,period/window + shape,natural,28753266,Ecl,Ecl,
1,period/window + shape,natural,28766428,Pulsating,Pulsating,
1,period/window + shape,natural,28816210,rotational star,rotational star,
1,period/window + shape,natural,28817718,Ecl,Ecl,
1,period/window + shape,natural,28906137,Ecl,Ecl,
1,period/window + shape,natural,29111193,Ecl,Ecl,
1,period/window + shape,natural,29120461,rotational star,rotational star,
1,period/window + shape,natural,29123719,rotational star,rotational star,
1,period/window + shape,natural,29125200,rotational star,rotational star,
1,period/window + shape,natural,29186647,Ecl,Ecl,
1,period/window + shape,natural,29188720,rotational star,rotational star,
1,period/window + shape,natural,29240740,rotational star,rotational star,
1,period/window + shape,natural,29244562,Pulsating,Pulsating,
1,period/window + shape,natural,29255984,Pulsating,Pulsating,
1,period/window + shape,natural,29272289,Pulsating,Pulsating,
1,period/window + shape,natural,29333111,Pulsating,Pulsating,
1,period/window + shape,natural,29468390,Pulsating,Pulsating,
1,period/window + shape,natural,29470734,rotational star,rotational star,
1,period/window + shape,natural,29581880,rotational star,rotational star,
1,period/window + shape,natural,29587302,rotational star,rotational star,
1,period/window + shape,natural,29588091,Pulsating,Ecl,
1,period/window + shape,natural,30985418,Ecl,Ecl,
1,period/window + shape,natural,31050780,rotational star,rotational star,
1,period/window + shape,natural,31079188,Pulsating,Pulsating,
1,period/window + shape,natural,31132730,rotational star,rotational star,
1,period/window + shape,natural,31264095,Ecl,Ecl,
1,period/window + shape,natural,31275601,Ecl,Ecl,
1,period/window + shape,natural,31276935,Ecl,Pulsating,
1,period/window + shape,natural,31419272,Pulsating,Ecl,
1,period/window + shape,natural,31430137,rotational star,rotational star,
1,period/window + shape,natural,31495826,Ecl,Ecl,
1,period/window + shape,natural,31495934,Ecl,Ecl,
1,period/window + shape,natural,31499229,rotational star,rotational star,
1,period/window + shape,natural,31530586,Ecl,Ecl,
1,period/window + shape,natural,31596857,rotational star,rotational star,
1,period/window + shape,natural,32007198,Pulsating,Pulsating,
1,period/window + shape,natural,32538552,Pulsating,Pulsating,
1,period/window + shape,natural,32540202,Pulsating,Pulsating,
1,period/window + shape,natural,32540408,rotational star,rotational star,
1,period/window + shape,natural,32979939,Ecl,Ecl,
1,period/window + shape,natural,33293395,Ecl,Ecl,
1,period/window + shape,natural,33545044,rotational star,rotational star,
1,period/window + shape,natural,33889547,Ecl,Ecl,
1,period/window + shape,natural,34288224,rotational star,rotational star,
1,period/window + shape,natural,34721768,Pulsating,Pulsating,
1,period/window + shape,natural,34732858,Pulsating,Pulsating,
1,period/window + shape,natural,35903210,rotational star,rotational star,
1,period/window + shape,natural,36068658,Ecl,Ecl,
1,period/window + shape,natural,36073512,Ecl,Ecl,
1,period/window + shape,natural,36073957,Ecl,Ecl,
1,period/window + shape,natural,36151101,Ecl,Ecl,
1,period/window + shape,natural,36929805,rotational star,rotational star,
1,period/window + shape,natural,36932872,Pulsating,Pulsating,
1,period/window + shape,natural,36934154,rotational star,rotational star,
1,period/window + shape,natural,37036024,Pulsating,Pulsating,
1,period/window + shape,natural,37156018,Pulsating,Pulsating,
1,period/window + shape,natural,37156082,rotational star,rotational star,
1,period/window + shape,natural,37519132,Ecl,rotational star,
1,period/window + shape,natural,37972550,Ecl,Pulsating,
1,period/window + shape,natural,38957658,Ecl,Ecl,
1,period/window + shape,natural,38959792,Pulsating,Ecl,
1,period/window + shape,natural,38960487,rotational star,rotational star,
1,period/window + shape,natural,39184902,rotational star,rotational star,
1,period/window + shape,natural,39185786,rotational star,rotational star,
1,period/window + shape,natural,39241909,Ecl,rotational star,
1,period/window + shape,natural,39373554,Pulsating,Pulsating,
1,period/window + shape,natural,39375276,Pulsating,Ecl,
1,period/window + shape,natural,39594938,Ecl,Ecl,
1,period/window + shape,natural,39595213,rotational star,rotational star,
1,period/window + shape,natural,39832168,Ecl,Ecl,
1,period/window + shape,natural,40702567,Pulsating,Pulsating,
1,period/window + shape,natural,41128071,Ecl,Ecl,
1,period/window + shape,natural,41474622,Ecl,Ecl,
1,period/window + shape,natural,41582109,Ecl,Ecl,
1,period/window + shape,natural,41585546,Ecl,Ecl,
1,period/window + shape,natural,41586209,Ecl,Ecl,
1,period/window + shape,natural,41590845,rotational star,rotational star,
1,period/window + shape,natural,42032149,Ecl,Ecl,
1,period/window + shape,natural,42324856,Ecl,Ecl,
1,period/window + shape,natural,42476058,Pulsating,Pulsating,
1,period/window + shape,natural,42479355,Pulsating,Pulsating,
1,period/window + shape,natural,42746983,Ecl,Ecl,
1,period/window + shape,natural,42785560,Ecl,rotational star,
1,period/window + shape,natural,42786413,Pulsating,Pulsating,
1,period/window + shape,natural,42912979,Ecl,Ecl,
1,period/window + shape,natural,42913803,Ecl,Ecl,
1,period/window + shape,natural,42913866,Pulsating,Pulsating,
1,period/window + shape,natural,43463371,Ecl,Ecl,
1,period/window + shape,natural,43606048,Pulsating,Pulsating,
1,period/window + shape,natural,43607595,Pulsating,Pulsating,
1,period/window + shape,natural,43723851,Ecl,Ecl,
1,period/window + shape,natural,43751151,Pulsating,Pulsating,
1,period/window + shape,natural,43752630,Pulsating,Pulsating,
1,period/window + shape,natural,43752743,Pulsating,Pulsating,
1,period/window + shape,natural,43920296,Ecl,Ecl,
1,period/window + shape,natural,43920441,Ecl,Ecl,
1,period/window + shape,natural,43920514,Pulsating,Pulsating,
1,period/window + shape,natural,44123679,Pulsating,Pulsating,
1,period/window + shape,natural,44137633,Ecl,Ecl,
1,period/window + shape,natural,44449429,Ecl,Ecl,
1,period/window + shape,natural,44663258,Ecl,Ecl,
1,period/window + shape,natural,46259988,Pulsating,Pulsating,
1,period/window + shape,natural,46260797,rotational star,rotational star,
1,period/window + shape,natural,46415881,rotational star,rotational star,
1,period/window + shape,natural,46632641,Ecl,Ecl,
1,period/window + shape,natural,46897724,Pulsating,Pulsating,
1,period/window + shape,natural,46897839,Pulsating,Pulsating,
1,period/window + shape,natural,46898218,Pulsating,Pulsating,
1,period/window + shape,natural,46900721,Pulsating,Pulsating,
1,period/window + shape,natural,46914594,Pulsating,Pulsating,
1,period/window + shape,natural,46981461,Pulsating,Pulsating,
1,period/window + shape,natural,47022490,Ecl,Ecl,
1,period/window + shape,natural,47024234,Ecl,rotational star,
1,period/window + shape,natural,47024240,Ecl,Ecl,
1,period/window + shape,natural,47970546,Ecl,Ecl,
1,period/window + shape,natural,48249657,rotational star,rotational star,
1,period/window + shape,natural,48254913,Pulsating,Pulsating,
1,period/window + shape,natural,48982818,Ecl,Ecl,
1,period/window + shape,natural,50132451,Ecl,Ecl,
1,period/window + shape,natural,50354719,Pulsating,Pulsating,
1,period/window + shape,natural,51619832,Pulsating,Pulsating,
1,period/window + shape,natural,53182877,Ecl,Ecl,
1,period/window + shape,natural,53228372,Ecl,rotational star,
1,period/window + shape,natural,53232890,rotational star,rotational star,
1,period/window + shape,natural,53236580,Pulsating,Pulsating,
1,period/window + shape,natural,53330452,Ecl,rotational star,
1,period/window + shape,natural,53396979,rotational star,rotational star,
1,period/window + shape,natural,57826750,Ecl,Ecl,
1,period/window + shape,natural,57989097,Ecl,Ecl,
1,period/window + shape,natural,57992772,Ecl,Ecl,
1,period/window + shape,natural,58248985,Pulsating,Pulsating,
1,period/window + shape,natural,58249067,Ecl,Ecl,
1,period/window + shape,natural,58286884,rotational star,rotational star,
1,period/window + shape,natural,59438186,rotational star,Pulsating,
1,period/window + shape,natural,59739171,rotational star,rotational star,
1,period/window + shape,natural,60262047,Ecl,rotational star,
1,period/window + shape,natural,60263095,rotational star,rotational star,
1,period/window + shape,natural,60265807,rotational star,rotational star,
1,period/window + shape,natural,60289910,Pulsating,Pulsating,
1,period/window + shape,natural,60498365,Ecl,Ecl,
1,period/window + shape,natural,60656985,Pulsating,Pulsating,
1,period/window + shape,natural,60657582,rotational star,rotational star,
1,period/window + shape,natural,61496813,Ecl,Ecl,
1,period/window + shape,natural,64171523,Ecl,Ecl,
1,period/window + shape,natural,64449850,Pulsating,Pulsating,
1,period/window + shape,natural,64468311,Pulsating,Pulsating,
1,period/window + shape,natural,65147776,rotational star,rotational star,
1,period/window + shape,natural,65712645,Pulsating,Pulsating,
1,period/window + shape,natural,67079023,Pulsating,Pulsating,
1,period/window + shape,natural,70836558,Pulsating,Pulsating,
1,period/window + shape,natural,70836696,Ecl,Ecl,
1,period/window + shape,natural,71713323,Pulsating,Pulsating,
1,period/window + shape,natural,72373285,Ecl,Ecl,
1,period/window + shape,natural,77824269,rotational star,rotational star,
1,period/window + shape,natural,77824723,Pulsating,Pulsating,
1,period/window + shape,natural,77826239,Pulsating,Pulsating,
1,period/window + shape,natural,92903768,Ecl,Ecl,
1,period/window + shape,natural,120940265,rotational star,Pulsating,
1,corrected full,natural,1492,Pulsating,Pulsating,
1,corrected full,natural,170389,Pulsating,Pulsating,
1,corrected full,natural,174274,Pulsating,Pulsating,
1,corrected full,natural,182732,Pulsating,Pulsating,
1,corrected full,natural,351642,Ecl,Ecl,
1,corrected full,natural,354735,Pulsating,Pulsating,
1,corrected full,natural,356877,Pulsating,Pulsating,
1,corrected full,natural,391705,Pulsating,Ecl,
1,corrected full,natural,396749,Ecl,Ecl,
1,corrected full,natural,401124,Pulsating,Pulsating,
1,corrected full,natural,401420,Ecl,Ecl,
1,corrected full,natural,416128,Ecl,Ecl,
1,corrected full,natural,517541,Ecl,Ecl,
1,corrected full,natural,654210,Pulsating,Pulsating,
1,corrected full,natural,682103,Pulsating,Pulsating,
1,corrected full,natural,705322,Pulsating,Pulsating,
1,corrected full,natural,706627,rotational star,rotational star,
1,corrected full,natural,713256,rotational star,rotational star,
1,corrected full,natural,720276,Ecl,Ecl,
1,corrected full,natural,720910,Ecl,Ecl,
1,corrected full,natural,795063,rotational star,Ecl,
1,corrected full,natural,806270,rotational star,rotational star,
1,corrected full,natural,855356,Pulsating,Ecl,
1,corrected full,natural,891487,rotational star,rotational star,
1,corrected full,natural,893445,Pulsating,Pulsating,
1,corrected full,natural,989130,Pulsating,Pulsating,
1,corrected full,natural,989377,rotational star,rotational star,
1,corrected full,natural,993864,Ecl,Ecl,
1,corrected full,natural,1085172,rotational star,rotational star,
1,corrected full,natural,1086245,Pulsating,Pulsating,
1,corrected full,natural,1086977,rotational star,rotational star,
1,corrected full,natural,1087883,Pulsating,Pulsating,
1,corrected full,natural,1137195,Pulsating,Pulsating,
1,corrected full,natural,1359057,Ecl,Ecl,
1,corrected full,natural,1360465,rotational star,Ecl,
1,corrected full,natural,1399779,Ecl,Ecl,
1,corrected full,natural,1400413,Pulsating,Pulsating,
1,corrected full,natural,1465995,rotational star,rotational star,
1,corrected full,natural,1486152,Ecl,Ecl,
1,corrected full,natural,1486807,Ecl,Ecl,
1,corrected full,natural,1487155,Pulsating,Pulsating,
1,corrected full,natural,1487228,rotational star,rotational star,
1,corrected full,natural,1488730,rotational star,rotational star,
1,corrected full,natural,1520574,Ecl,rotational star,
1,corrected full,natural,1525735,Pulsating,Pulsating,
1,corrected full,natural,1529400,Pulsating,Pulsating,
1,corrected full,natural,1533092,Pulsating,Pulsating,
1,corrected full,natural,1534333,Pulsating,Pulsating,
1,corrected full,natural,1540909,Ecl,Ecl,
1,corrected full,natural,1542965,Pulsating,Pulsating,
1,corrected full,natural,1786207,rotational star,rotational star,
1,corrected full,natural,1786713,Pulsating,Pulsating,
1,corrected full,natural,1787905,rotational star,rotational star,
1,corrected full,natural,1788906,Ecl,Ecl,
1,corrected full,natural,1815795,Pulsating,Pulsating,
1,corrected full,natural,1819187,rotational star,Ecl,
1,corrected full,natural,1821852,Pulsating,Pulsating,
1,corrected full,natural,1858419,Ecl,Ecl,
1,corrected full,natural,1866879,Pulsating,Ecl,
1,corrected full,natural,1967928,rotational star,rotational star,
1,corrected full,natural,2028803,Ecl,rotational star,
1,corrected full,natural,2030192,Pulsating,Ecl,
1,corrected full,natural,2078896,Pulsating,Pulsating,
1,corrected full,natural,2210879,rotational star,rotational star,
1,corrected full,natural,2211515,Ecl,rotational star,
1,corrected full,natural,2255202,Ecl,Ecl,
1,corrected full,natural,2710434,rotational star,rotational star,
1,corrected full,natural,2854870,Ecl,Ecl,
1,corrected full,natural,3037433,Ecl,rotational star,
1,corrected full,natural,3039026,Pulsating,Pulsating,
1,corrected full,natural,3053459,Ecl,Pulsating,
1,corrected full,natural,3064343,Ecl,Ecl,
1,corrected full,natural,3262989,Ecl,Ecl,
1,corrected full,natural,3267525,Ecl,rotational star,
1,corrected full,natural,3268443,Ecl,Ecl,
1,corrected full,natural,3294397,Ecl,Ecl,
1,corrected full,natural,3308758,Pulsating,Pulsating,
1,corrected full,natural,3316875,rotational star,rotational star,
1,corrected full,natural,3320934,Ecl,rotational star,
1,corrected full,natural,3384809,Pulsating,Pulsating,
1,corrected full,natural,3402113,Pulsating,Ecl,
1,corrected full,natural,3515396,Pulsating,Pulsating,
1,corrected full,natural,3530716,Ecl,Ecl,
1,corrected full,natural,3532457,rotational star,rotational star,
1,corrected full,natural,3535885,Ecl,Ecl,
1,corrected full,natural,3536386,Ecl,Ecl,
1,corrected full,natural,3538485,Ecl,Ecl,
1,corrected full,natural,3538828,Ecl,rotational star,
1,corrected full,natural,3539430,Pulsating,Pulsating,
1,corrected full,natural,3540068,Pulsating,Pulsating,
1,corrected full,natural,3563158,Pulsating,Pulsating,
1,corrected full,natural,3573648,Pulsating,Pulsating,
1,corrected full,natural,3574286,Pulsating,Pulsating,
1,corrected full,natural,3578120,Ecl,Ecl,
1,corrected full,natural,3578629,Pulsating,Pulsating,
1,corrected full,natural,3579296,Pulsating,Pulsating,
1,corrected full,natural,3580689,rotational star,rotational star,
1,corrected full,natural,3581809,Ecl,Ecl,
1,corrected full,natural,3610544,Pulsating,Pulsating,
1,corrected full,natural,3707618,Pulsating,Pulsating,
1,corrected full,natural,3712377,Pulsating,Pulsating,
1,corrected full,natural,3778222,rotational star,rotational star,
1,corrected full,natural,3879596,Pulsating,Pulsating,
1,corrected full,natural,3888880,Pulsating,Pulsating,
1,corrected full,natural,3888905,rotational star,rotational star,
1,corrected full,natural,3891826,Ecl,Ecl,
1,corrected full,natural,3900804,Ecl,Ecl,
1,corrected full,natural,4016172,Pulsating,Pulsating,
1,corrected full,natural,4052360,Ecl,Ecl,
1,corrected full,natural,4053354,Pulsating,Pulsating,
1,corrected full,natural,4085335,Pulsating,Pulsating,
1,corrected full,natural,4086437,Ecl,Ecl,
1,corrected full,natural,4112322,Ecl,Ecl,
1,corrected full,natural,4112453,Pulsating,Pulsating,
1,corrected full,natural,4154491,rotational star,rotational star,
1,corrected full,natural,4165556,rotational star,Ecl,
1,corrected full,natural,4202285,rotational star,rotational star,
1,corrected full,natural,4203764,Pulsating,Pulsating,
1,corrected full,natural,4204543,Ecl,Ecl,
1,corrected full,natural,4204760,rotational star,rotational star,
1,corrected full,natural,4207350,Ecl,Ecl,
1,corrected full,natural,4221224,rotational star,rotational star,
1,corrected full,natural,4222140,Pulsating,Pulsating,
1,corrected full,natural,4318493,Ecl,Ecl,
1,corrected full,natural,4319767,Ecl,Ecl,
1,corrected full,natural,4503100,Ecl,Ecl,
1,corrected full,natural,4503752,rotational star,rotational star,
1,corrected full,natural,4525993,Ecl,Ecl,
1,corrected full,natural,4531285,Ecl,Ecl,
1,corrected full,natural,4555438,rotational star,Pulsating,
1,corrected full,natural,4555634,rotational star,rotational star,
1,corrected full,natural,4556326,rotational star,rotational star,
1,corrected full,natural,4558584,rotational star,rotational star,
1,corrected full,natural,4559117,rotational star,rotational star,
1,corrected full,natural,4560178,rotational star,rotational star,
1,corrected full,natural,4603259,Pulsating,Ecl,
1,corrected full,natural,4627821,rotational star,rotational star,
1,corrected full,natural,4720963,Pulsating,Ecl,
1,corrected full,natural,4991083,Ecl,Ecl,
1,corrected full,natural,5103090,rotational star,rotational star,
1,corrected full,natural,5108781,Ecl,Ecl,
1,corrected full,natural,5229099,rotational star,rotational star,
1,corrected full,natural,5230789,Ecl,Ecl,
1,corrected full,natural,5231192,Pulsating,Pulsating,
1,corrected full,natural,5285064,Ecl,Ecl,
1,corrected full,natural,5387464,Ecl,Ecl,
1,corrected full,natural,5388985,rotational star,rotational star,
1,corrected full,natural,5446648,rotational star,rotational star,
1,corrected full,natural,5446653,Ecl,Ecl,
1,corrected full,natural,5448059,Ecl,Ecl,
1,corrected full,natural,5502401,Pulsating,Pulsating,
1,corrected full,natural,5552243,Pulsating,Pulsating,
1,corrected full,natural,5703162,Ecl,rotational star,
1,corrected full,natural,5839093,Pulsating,Pulsating,
1,corrected full,natural,5855159,Pulsating,Ecl,
1,corrected full,natural,6035659,rotational star,rotational star,
1,corrected full,natural,6385706,Pulsating,Pulsating,
1,corrected full,natural,6388611,Pulsating,Pulsating,
1,corrected full,natural,6420800,Ecl,Ecl,
1,corrected full,natural,6423392,Ecl,Ecl,
1,corrected full,natural,6423500,Ecl,Ecl,
1,corrected full,natural,6424179,Ecl,Ecl,
1,corrected full,natural,6426729,Ecl,Ecl,
1,corrected full,natural,6428939,Ecl,Ecl,
1,corrected full,natural,6559105,rotational star,Pulsating,
1,corrected full,natural,6578144,Pulsating,Pulsating,
1,corrected full,natural,6582868,Pulsating,Pulsating,
1,corrected full,natural,6708716,rotational star,rotational star,
1,corrected full,natural,6711028,Ecl,Ecl,
1,corrected full,natural,6771481,Pulsating,Pulsating,
1,corrected full,natural,6772137,rotational star,rotational star,
1,corrected full,natural,6772757,rotational star,rotational star,
1,corrected full,natural,6772868,rotational star,rotational star,
1,corrected full,natural,6774272,Pulsating,Pulsating,
1,corrected full,natural,6885233,rotational star,rotational star,
1,corrected full,natural,6886679,rotational star,rotational star,
1,corrected full,natural,6900401,rotational star,rotational star,
1,corrected full,natural,6914961,rotational star,rotational star,
1,corrected full,natural,6968029,Ecl,Ecl,
1,corrected full,natural,6968264,Pulsating,Pulsating,
1,corrected full,natural,6971276,Pulsating,Ecl,
1,corrected full,natural,6971505,rotational star,rotational star,
1,corrected full,natural,7072651,rotational star,rotational star,
1,corrected full,natural,7127722,Ecl,Ecl,
1,corrected full,natural,7223147,Ecl,Ecl,
1,corrected full,natural,7257067,Pulsating,Ecl,
1,corrected full,natural,7348139,Pulsating,Pulsating,
1,corrected full,natural,7348645,Pulsating,Pulsating,
1,corrected full,natural,7438683,Ecl,Ecl,
1,corrected full,natural,7443675,Pulsating,Pulsating,
1,corrected full,natural,7566107,Ecl,rotational star,
1,corrected full,natural,7569518,Pulsating,Pulsating,
1,corrected full,natural,7576919,Pulsating,Pulsating,
1,corrected full,natural,7641751,Pulsating,Pulsating,
1,corrected full,natural,7775830,Pulsating,Pulsating,
1,corrected full,natural,7824125,Ecl,Ecl,
1,corrected full,natural,7898622,Ecl,Ecl,
1,corrected full,natural,7904889,Ecl,Ecl,
1,corrected full,natural,7907540,Ecl,Ecl,
1,corrected full,natural,7907839,Pulsating,Pulsating,
1,corrected full,natural,7911225,Ecl,Ecl,
1,corrected full,natural,7948368,Ecl,Ecl,
1,corrected full,natural,8071429,Ecl,Ecl,
1,corrected full,natural,8072240,Pulsating,Pulsating,
1,corrected full,natural,8077094,Ecl,Ecl,
1,corrected full,natural,8085320,rotational star,rotational star,
1,corrected full,natural,8089619,Ecl,Ecl,
1,corrected full,natural,8089854,rotational star,rotational star,
1,corrected full,natural,8095331,rotational star,Ecl,
1,corrected full,natural,8234121,Pulsating,Pulsating,
1,corrected full,natural,8260993,Pulsating,Pulsating,
1,corrected full,natural,8298820,Ecl,Ecl,
1,corrected full,natural,8301406,Pulsating,Pulsating,
1,corrected full,natural,8302040,Ecl,Pulsating,
1,corrected full,natural,8303969,rotational star,rotational star,
1,corrected full,natural,8304398,rotational star,rotational star,
1,corrected full,natural,8307548,Pulsating,Pulsating,
1,corrected full,natural,8315756,Pulsating,Pulsating,
1,corrected full,natural,8331224,Ecl,rotational star,
1,corrected full,natural,8337585,rotational star,rotational star,
1,corrected full,natural,8395322,Ecl,Ecl,
1,corrected full,natural,8395517,Ecl,Ecl,
1,corrected full,natural,8396121,Ecl,Ecl,
1,corrected full,natural,8413061,Ecl,rotational star,
1,corrected full,natural,8436241,Pulsating,Ecl,
1,corrected full,natural,8568363,Ecl,Ecl,
1,corrected full,natural,8649964,Pulsating,Pulsating,
1,corrected full,natural,8667230,rotational star,rotational star,
1,corrected full,natural,8700095,Ecl,rotational star,
1,corrected full,natural,8700892,Pulsating,Pulsating,
1,corrected full,natural,8701682,Pulsating,Pulsating,
1,corrected full,natural,8702727,rotational star,rotational star,
1,corrected full,natural,8821912,Ecl,Ecl,
1,corrected full,natural,8825435,Ecl,Ecl,
1,corrected full,natural,8825485,Ecl,Ecl,
1,corrected full,natural,8826873,Ecl,Ecl,
1,corrected full,natural,8833576,Ecl,Ecl,
1,corrected full,natural,8862457,Pulsating,Pulsating,
1,corrected full,natural,8865289,Ecl,Ecl,
1,corrected full,natural,8895274,Pulsating,Pulsating,
1,corrected full,natural,8896138,Ecl,Ecl,
1,corrected full,natural,8901720,Pulsating,Pulsating,
1,corrected full,natural,9001365,Ecl,Ecl,
1,corrected full,natural,9087235,Ecl,Ecl,
1,corrected full,natural,9090968,Pulsating,Pulsating,
1,corrected full,natural,9210109,rotational star,Pulsating,
1,corrected full,natural,9252425,Pulsating,Pulsating,
1,corrected full,natural,9254197,Pulsating,Pulsating,
1,corrected full,natural,9385226,rotational star,rotational star,
1,corrected full,natural,9421023,Pulsating,Pulsating,
1,corrected full,natural,9422650,rotational star,rotational star,
1,corrected full,natural,9425767,Ecl,Ecl,
1,corrected full,natural,9441160,rotational star,rotational star,
1,corrected full,natural,9460839,Pulsating,Pulsating,
1,corrected full,natural,9643812,rotational star,rotational star,
1,corrected full,natural,9650202,Ecl,Ecl,
1,corrected full,natural,9708710,Ecl,Ecl,
1,corrected full,natural,9710004,Pulsating,Pulsating,
1,corrected full,natural,9851742,Ecl,rotational star,
1,corrected full,natural,9862976,Ecl,rotational star,
1,corrected full,natural,10034483,Ecl,Pulsating,
1,corrected full,natural,10045593,Pulsating,Pulsating,
1,corrected full,natural,10221825,Pulsating,Pulsating,
1,corrected full,natural,10235536,Ecl,Ecl,
1,corrected full,natural,10237366,Pulsating,Pulsating,
1,corrected full,natural,10237841,rotational star,rotational star,
1,corrected full,natural,10240912,Pulsating,Pulsating,
1,corrected full,natural,10384900,Pulsating,Pulsating,
1,corrected full,natural,10477528,Ecl,Pulsating,
1,corrected full,natural,10501955,Ecl,Ecl,
1,corrected full,natural,10504051,Ecl,Ecl,
1,corrected full,natural,10506123,Ecl,Ecl,
1,corrected full,natural,10506299,rotational star,rotational star,
1,corrected full,natural,10675231,Pulsating,Pulsating,
1,corrected full,natural,10684029,rotational star,rotational star,
1,corrected full,natural,10725909,Ecl,Ecl,
1,corrected full,natural,10745759,rotational star,rotational star,
1,corrected full,natural,10758622,Pulsating,Pulsating,
1,corrected full,natural,10759236,Pulsating,Pulsating,
1,corrected full,natural,10762635,Ecl,rotational star,
1,corrected full,natural,10772457,Ecl,Ecl,
1,corrected full,natural,10774324,rotational star,Ecl,
1,corrected full,natural,10774489,Pulsating,Ecl,
1,corrected full,natural,10778741,Ecl,Ecl,
1,corrected full,natural,10781318,rotational star,rotational star,
1,corrected full,natural,11000456,Pulsating,Pulsating,
1,corrected full,natural,11000690,Pulsating,Pulsating,
1,corrected full,natural,11002179,Ecl,Ecl,
1,corrected full,natural,11003680,Pulsating,Pulsating,
1,corrected full,natural,11008744,Ecl,Ecl,
1,corrected full,natural,11103477,rotational star,rotational star,
1,corrected full,natural,11281753,Ecl,Ecl,
1,corrected full,natural,11332457,Pulsating,Pulsating,
1,corrected full,natural,11333675,Ecl,Ecl,
1,corrected full,natural,11333752,Pulsating,Ecl,
1,corrected full,natural,11527909,Ecl,Ecl,
1,corrected full,natural,11568132,Pulsating,Pulsating,
1,corrected full,natural,11569837,Pulsating,Pulsating,
1,corrected full,natural,11569977,Pulsating,Pulsating,
1,corrected full,natural,11572714,rotational star,rotational star,
1,corrected full,natural,11585007,Pulsating,Pulsating,
1,corrected full,natural,11619555,Pulsating,Pulsating,
1,corrected full,natural,11620334,Pulsating,Pulsating,
1,corrected full,natural,11621089,Ecl,Ecl,
1,corrected full,natural,11772275,Pulsating,Pulsating,
1,corrected full,natural,11775317,Ecl,Ecl,
1,corrected full,natural,11778107,Ecl,Ecl,
1,corrected full,natural,11780339,Ecl,Ecl,
1,corrected full,natural,11931277,rotational star,rotational star,
1,corrected full,natural,12068202,Pulsating,Pulsating,
1,corrected full,natural,12077861,rotational star,rotational star,
1,corrected full,natural,12082661,Ecl,Ecl,
1,corrected full,natural,12256111,Ecl,Ecl,
1,corrected full,natural,12257100,Pulsating,Pulsating,
1,corrected full,natural,12258499,Pulsating,Pulsating,
1,corrected full,natural,12261159,Ecl,Ecl,
1,corrected full,natural,12372134,Ecl,Ecl,
1,corrected full,natural,12372670,Pulsating,Pulsating,
1,corrected full,natural,12373785,Ecl,Ecl,
1,corrected full,natural,12374282,Ecl,Ecl,
1,corrected full,natural,12374400,Pulsating,Pulsating,
1,corrected full,natural,12377666,Ecl,Ecl,
1,corrected full,natural,12394941,Pulsating,Pulsating,
1,corrected full,natural,12397628,Pulsating,Pulsating,
1,corrected full,natural,12428055,Ecl,Ecl,
1,corrected full,natural,12458470,Ecl,Ecl,
1,corrected full,natural,12470242,Ecl,Ecl,
1,corrected full,natural,12472170,rotational star,rotational star,
1,corrected full,natural,12481937,rotational star,Pulsating,
1,corrected full,natural,12502942,Ecl,Ecl,
1,corrected full,natural,12506794,rotational star,Ecl,
1,corrected full,natural,12623479,Pulsating,Pulsating,
1,corrected full,natural,12629856,Ecl,Ecl,
1,corrected full,natural,12644912,rotational star,rotational star,
1,corrected full,natural,12644999,rotational star,rotational star,
1,corrected full,natural,12645321,rotational star,rotational star,
1,corrected full,natural,12828861,Ecl,Ecl,
1,corrected full,natural,12830670,Ecl,Ecl,
1,corrected full,natural,12832709,rotational star,rotational star,
1,corrected full,natural,12986116,Pulsating,Pulsating,
1,corrected full,natural,12987544,Pulsating,Pulsating,
1,corrected full,natural,13086137,Pulsating,Ecl,
1,corrected full,natural,13087516,rotational star,rotational star,
1,corrected full,natural,13206347,rotational star,rotational star,
1,corrected full,natural,13276733,Pulsating,Pulsating,
1,corrected full,natural,13281056,Pulsating,Pulsating,
1,corrected full,natural,13383287,rotational star,rotational star,
1,corrected full,natural,13390885,Ecl,Ecl,
1,corrected full,natural,13398192,Ecl,Ecl,
1,corrected full,natural,13642058,rotational star,rotational star,
1,corrected full,natural,13729475,Pulsating,Pulsating,
1,corrected full,natural,13731074,Ecl,rotational star,
1,corrected full,natural,13833585,rotational star,rotational star,
1,corrected full,natural,14022706,rotational star,rotational star,
1,corrected full,natural,14024188,Pulsating,Pulsating,
1,corrected full,natural,14025549,rotational star,rotational star,
1,corrected full,natural,14506614,Ecl,Ecl,
1,corrected full,natural,14507025,Ecl,Ecl,
1,corrected full,natural,14521032,Ecl,Ecl,
1,corrected full,natural,15134517,Pulsating,rotational star,
1,corrected full,natural,15135391,Ecl,Ecl,
1,corrected full,natural,15136616,rotational star,rotational star,
1,corrected full,natural,15200820,Ecl,Ecl,
1,corrected full,natural,15201345,Pulsating,Pulsating,
1,corrected full,natural,15516051,rotational star,rotational star,
1,corrected full,natural,15597494,rotational star,rotational star,
1,corrected full,natural,15600345,Pulsating,Pulsating,
1,corrected full,natural,15601545,rotational star,rotational star,
1,corrected full,natural,16014078,Ecl,Ecl,
1,corrected full,natural,16023201,Pulsating,Pulsating,
1,corrected full,natural,16025636,rotational star,Ecl,
1,corrected full,natural,16026174,Pulsating,Pulsating,
1,corrected full,natural,16028452,Pulsating,Pulsating,
1,corrected full,natural,16030990,Pulsating,Pulsating,
1,corrected full,natural,16041487,rotational star,rotational star,
1,corrected full,natural,16070289,Ecl,rotational star,
1,corrected full,natural,16129494,Ecl,rotational star,
1,corrected full,natural,16181266,Ecl,Ecl,
1,corrected full,natural,16190605,Ecl,Ecl,
1,corrected full,natural,16193408,Ecl,rotational star,
1,corrected full,natural,16197293,Ecl,Ecl,
1,corrected full,natural,16197428,Ecl,Ecl,
1,corrected full,natural,16197570,rotational star,rotational star,
1,corrected full,natural,16199371,Pulsating,Ecl,
1,corrected full,natural,16344798,Pulsating,Pulsating,
1,corrected full,natural,16383690,Ecl,Ecl,
1,corrected full,natural,16526833,Pulsating,Pulsating,
1,corrected full,natural,16536879,Pulsating,Pulsating,
1,corrected full,natural,16537858,Ecl,Ecl,
1,corrected full,natural,16538906,rotational star,rotational star,
1,corrected full,natural,16653594,Ecl,Ecl,
1,corrected full,natural,16653951,rotational star,rotational star,
1,corrected full,natural,16658118,Pulsating,Pulsating,
1,corrected full,natural,16658450,Pulsating,Pulsating,
1,corrected full,natural,16766005,Pulsating,Ecl,
1,corrected full,natural,16767478,Ecl,Ecl,
1,corrected full,natural,16801765,Pulsating,Pulsating,
1,corrected full,natural,16805103,Ecl,Ecl,
1,corrected full,natural,16805321,Pulsating,Pulsating,
1,corrected full,natural,16806833,Ecl,Ecl,
1,corrected full,natural,16809098,Pulsating,Pulsating,
1,corrected full,natural,16810385,Pulsating,Pulsating,
1,corrected full,natural,16845338,rotational star,rotational star,
1,corrected full,natural,16847653,Ecl,Ecl,
1,corrected full,natural,17144966,rotational star,rotational star,
1,corrected full,natural,17172959,rotational star,rotational star,
1,corrected full,natural,17173355,rotational star,rotational star,
1,corrected full,natural,17173876,rotational star,rotational star,
1,corrected full,natural,17174959,Pulsating,Pulsating,
1,corrected full,natural,17394296,Pulsating,Pulsating,
1,corrected full,natural,17487943,Ecl,Pulsating,
1,corrected full,natural,17571403,Ecl,Ecl,
1,corrected full,natural,17776220,Ecl,Pulsating,
1,corrected full,natural,17834634,rotational star,rotational star,
1,corrected full,natural,17851685,Pulsating,Pulsating,
1,corrected full,natural,17883608,Ecl,Ecl,
1,corrected full,natural,17904870,rotational star,rotational star,
1,corrected full,natural,18273669,Pulsating,Pulsating,
1,corrected full,natural,18276283,rotational star,rotational star,
1,corrected full,natural,18285409,rotational star,rotational star,
1,corrected full,natural,18559451,Ecl,rotational star,
1,corrected full,natural,18563720,Ecl,Ecl,
1,corrected full,natural,18642699,Pulsating,Pulsating,
1,corrected full,natural,18655471,rotational star,Ecl,
1,corrected full,natural,19137779,Pulsating,Pulsating,
1,corrected full,natural,19138566,Ecl,Ecl,
1,corrected full,natural,19316467,Pulsating,Pulsating,
1,corrected full,natural,19316981,Ecl,rotational star,
1,corrected full,natural,19318983,Ecl,Ecl,
1,corrected full,natural,19590950,Pulsating,Pulsating,
1,corrected full,natural,19658850,rotational star,rotational star,
1,corrected full,natural,19662027,Ecl,Ecl,
1,corrected full,natural,19968336,Pulsating,Pulsating,
1,corrected full,natural,20027107,Ecl,Ecl,
1,corrected full,natural,20027771,Ecl,Ecl,
1,corrected full,natural,20193949,rotational star,rotational star,
1,corrected full,natural,20196747,rotational star,rotational star,
1,corrected full,natural,20235242,Ecl,Ecl,
1,corrected full,natural,20238315,rotational star,rotational star,
1,corrected full,natural,20325636,Ecl,Ecl,
1,corrected full,natural,20325810,Pulsating,Pulsating,
1,corrected full,natural,20326114,Ecl,Ecl,
1,corrected full,natural,20453572,Ecl,Ecl,
1,corrected full,natural,20453600,Ecl,Ecl,
1,corrected full,natural,20465352,rotational star,rotational star,
1,corrected full,natural,20471682,rotational star,rotational star,
1,corrected full,natural,20475212,Ecl,Ecl,
1,corrected full,natural,20475324,Pulsating,Pulsating,
1,corrected full,natural,20476259,Ecl,rotational star,
1,corrected full,natural,20582605,Ecl,Ecl,
1,corrected full,natural,20727275,rotational star,rotational star,
1,corrected full,natural,20731756,rotational star,rotational star,
1,corrected full,natural,20961797,Ecl,Ecl,
1,corrected full,natural,21232250,rotational star,rotational star,
1,corrected full,natural,21232257,Pulsating,Pulsating,
1,corrected full,natural,21232672,Pulsating,Pulsating,
1,corrected full,natural,21233124,Pulsating,Pulsating,
1,corrected full,natural,21422113,Ecl,Ecl,
1,corrected full,natural,21524260,rotational star,rotational star,
1,corrected full,natural,21527184,Ecl,Ecl,
1,corrected full,natural,21531649,Ecl,Ecl,
1,corrected full,natural,21532216,Ecl,Ecl,
1,corrected full,natural,21598075,Pulsating,Ecl,
1,corrected full,natural,21601463,Ecl,Ecl,
1,corrected full,natural,21602369,Ecl,Ecl,
1,corrected full,natural,21736850,rotational star,rotational star,
1,corrected full,natural,21738821,rotational star,Pulsating,
1,corrected full,natural,21742022,rotational star,rotational star,
1,corrected full,natural,21771327,Ecl,Ecl,
1,corrected full,natural,21860728,Pulsating,Pulsating,
1,corrected full,natural,22039675,Pulsating,Pulsating,
1,corrected full,natural,22307772,rotational star,rotational star,
1,corrected full,natural,22308016,Ecl,Ecl,
1,corrected full,natural,22308607,Pulsating,Pulsating,
1,corrected full,natural,22309322,rotational star,rotational star,
1,corrected full,natural,22570897,Ecl,Ecl,
1,corrected full,natural,22580083,rotational star,rotational star,
1,corrected full,natural,22580223,rotational star,rotational star,
1,corrected full,natural,22840115,Pulsating,Pulsating,
1,corrected full,natural,22846405,Pulsating,Pulsating,
1,corrected full,natural,22846563,rotational star,rotational star,
1,corrected full,natural,22898690,Pulsating,Pulsating,
1,corrected full,natural,23048157,Pulsating,Pulsating,
1,corrected full,natural,23049620,Pulsating,Pulsating,
1,corrected full,natural,23095577,rotational star,rotational star,
1,corrected full,natural,23101515,Pulsating,Pulsating,
1,corrected full,natural,23101770,Pulsating,Pulsating,
1,corrected full,natural,23229632,Pulsating,Pulsating,
1,corrected full,natural,23369295,Ecl,Ecl,
1,corrected full,natural,23519994,rotational star,rotational star,
1,corrected full,natural,23521330,rotational star,rotational star,
1,corrected full,natural,23523912,Ecl,Pulsating,
1,corrected full,natural,23524150,rotational star,rotational star,
1,corrected full,natural,24138124,rotational star,rotational star,
1,corrected full,natural,24140979,Ecl,Ecl,
1,corrected full,natural,24174358,rotational star,Ecl,
1,corrected full,natural,24484885,Pulsating,Pulsating,
1,corrected full,natural,24533094,Pulsating,Pulsating,
1,corrected full,natural,24577185,Ecl,rotational star,
1,corrected full,natural,24577672,Ecl,Ecl,
1,corrected full,natural,24577924,Ecl,Ecl,
1,corrected full,natural,24578578,rotational star,Ecl,
1,corrected full,natural,24690993,Ecl,Ecl,
1,corrected full,natural,24691343,Ecl,Ecl,
1,corrected full,natural,24691515,Ecl,Ecl,
1,corrected full,natural,24692152,Pulsating,Pulsating,
1,corrected full,natural,24827721,Ecl,Ecl,
1,corrected full,natural,25362557,Pulsating,Pulsating,
1,corrected full,natural,25463342,Pulsating,Pulsating,
1,corrected full,natural,25465107,Ecl,Ecl,
1,corrected full,natural,25586204,Ecl,Ecl,
1,corrected full,natural,25587645,Ecl,Ecl,
1,corrected full,natural,25588590,rotational star,rotational star,
1,corrected full,natural,25793632,Pulsating,Pulsating,
1,corrected full,natural,26067932,rotational star,rotational star,
1,corrected full,natural,26133011,Ecl,Ecl,
1,corrected full,natural,26133520,rotational star,rotational star,
1,corrected full,natural,26144601,rotational star,rotational star,
1,corrected full,natural,26294888,rotational star,rotational star,
1,corrected full,natural,26369924,Ecl,Ecl,
1,corrected full,natural,26473626,rotational star,rotational star,
1,corrected full,natural,26799867,Ecl,Ecl,
1,corrected full,natural,26801970,Ecl,Ecl,
1,corrected full,natural,26803237,Pulsating,Pulsating,
1,corrected full,natural,26915868,rotational star,rotational star,
1,corrected full,natural,26916686,Ecl,Ecl,
1,corrected full,natural,26917114,Pulsating,Pulsating,
1,corrected full,natural,27144593,Pulsating,Pulsating,
1,corrected full,natural,27326490,rotational star,rotational star,
1,corrected full,natural,27571837,Ecl,Ecl,
1,corrected full,natural,27794525,Ecl,Ecl,
1,corrected full,natural,27794663,Ecl,Ecl,
1,corrected full,natural,27923697,Ecl,Ecl,
1,corrected full,natural,28265471,rotational star,rotational star,
1,corrected full,natural,28684551,Pulsating,Pulsating,
1,corrected full,natural,28684789,Ecl,Ecl,
1,corrected full,natural,28711497,rotational star,rotational star,
1,corrected full,natural,28753266,Ecl,Ecl,
1,corrected full,natural,28766428,Pulsating,Pulsating,
1,corrected full,natural,28816210,rotational star,rotational star,
1,corrected full,natural,28817718,Ecl,Ecl,
1,corrected full,natural,28906137,Ecl,Ecl,
1,corrected full,natural,29111193,Ecl,Ecl,
1,corrected full,natural,29120461,rotational star,rotational star,
1,corrected full,natural,29123719,rotational star,rotational star,
1,corrected full,natural,29125200,rotational star,rotational star,
1,corrected full,natural,29186647,Ecl,Ecl,
1,corrected full,natural,29188720,rotational star,rotational star,
1,corrected full,natural,29240740,rotational star,rotational star,
1,corrected full,natural,29244562,Pulsating,Pulsating,
1,corrected full,natural,29255984,Pulsating,Pulsating,
1,corrected full,natural,29272289,Pulsating,Pulsating,
1,corrected full,natural,29333111,Pulsating,Pulsating,
1,corrected full,natural,29468390,Pulsating,Pulsating,
1,corrected full,natural,29470734,rotational star,rotational star,
1,corrected full,natural,29581880,rotational star,rotational star,
1,corrected full,natural,29587302,rotational star,rotational star,
1,corrected full,natural,29588091,Pulsating,Ecl,
1,corrected full,natural,30985418,Ecl,Ecl,
1,corrected full,natural,31050780,rotational star,rotational star,
1,corrected full,natural,31079188,Pulsating,Pulsating,
1,corrected full,natural,31132730,rotational star,rotational star,
1,corrected full,natural,31264095,Ecl,Ecl,
1,corrected full,natural,31275601,Ecl,Ecl,
1,corrected full,natural,31276935,Ecl,Ecl,
1,corrected full,natural,31419272,Pulsating,Ecl,
1,corrected full,natural,31430137,rotational star,rotational star,
1,corrected full,natural,31495826,Ecl,Ecl,
1,corrected full,natural,31495934,Ecl,Ecl,
1,corrected full,natural,31499229,rotational star,rotational star,
1,corrected full,natural,31530586,Ecl,Ecl,
1,corrected full,natural,31596857,rotational star,rotational star,
1,corrected full,natural,32007198,Pulsating,Ecl,
1,corrected full,natural,32538552,Pulsating,Pulsating,
1,corrected full,natural,32540202,Pulsating,Pulsating,
1,corrected full,natural,32540408,rotational star,rotational star,
1,corrected full,natural,32979939,Ecl,Ecl,
1,corrected full,natural,33293395,Ecl,Ecl,
1,corrected full,natural,33545044,rotational star,rotational star,
1,corrected full,natural,33889547,Ecl,Ecl,
1,corrected full,natural,34288224,rotational star,rotational star,
1,corrected full,natural,34721768,Pulsating,Pulsating,
1,corrected full,natural,34732858,Pulsating,Pulsating,
1,corrected full,natural,35903210,rotational star,rotational star,
1,corrected full,natural,36068658,Ecl,Ecl,
1,corrected full,natural,36073512,Ecl,Ecl,
1,corrected full,natural,36073957,Ecl,rotational star,
1,corrected full,natural,36151101,Ecl,Ecl,
1,corrected full,natural,36929805,rotational star,rotational star,
1,corrected full,natural,36932872,Pulsating,Pulsating,
1,corrected full,natural,36934154,rotational star,rotational star,
1,corrected full,natural,37036024,Pulsating,Pulsating,
1,corrected full,natural,37156018,Pulsating,Pulsating,
1,corrected full,natural,37156082,rotational star,rotational star,
1,corrected full,natural,37519132,Ecl,Ecl,
1,corrected full,natural,37972550,Ecl,Pulsating,
1,corrected full,natural,38957658,Ecl,Ecl,
1,corrected full,natural,38959792,Pulsating,Ecl,
1,corrected full,natural,38960487,rotational star,rotational star,
1,corrected full,natural,39184902,rotational star,rotational star,
1,corrected full,natural,39185786,rotational star,rotational star,
1,corrected full,natural,39241909,Ecl,rotational star,
1,corrected full,natural,39373554,Pulsating,Pulsating,
1,corrected full,natural,39375276,Pulsating,Ecl,
1,corrected full,natural,39594938,Ecl,Ecl,
1,corrected full,natural,39595213,rotational star,rotational star,
1,corrected full,natural,39832168,Ecl,Ecl,
1,corrected full,natural,40702567,Pulsating,Pulsating,
1,corrected full,natural,41128071,Ecl,Ecl,
1,corrected full,natural,41474622,Ecl,Ecl,
1,corrected full,natural,41582109,Ecl,Ecl,
1,corrected full,natural,41585546,Ecl,Ecl,
1,corrected full,natural,41586209,Ecl,Ecl,
1,corrected full,natural,41590845,rotational star,rotational star,
1,corrected full,natural,42032149,Ecl,Ecl,
1,corrected full,natural,42324856,Ecl,Ecl,
1,corrected full,natural,42476058,Pulsating,Pulsating,
1,corrected full,natural,42479355,Pulsating,Pulsating,
1,corrected full,natural,42746983,Ecl,Ecl,
1,corrected full,natural,42785560,Ecl,rotational star,
1,corrected full,natural,42786413,Pulsating,Pulsating,
1,corrected full,natural,42912979,Ecl,Ecl,
1,corrected full,natural,42913803,Ecl,Ecl,
1,corrected full,natural,42913866,Pulsating,Pulsating,
1,corrected full,natural,43463371,Ecl,Ecl,
1,corrected full,natural,43606048,Pulsating,Pulsating,
1,corrected full,natural,43607595,Pulsating,Pulsating,
1,corrected full,natural,43723851,Ecl,Ecl,
1,corrected full,natural,43751151,Pulsating,Pulsating,
1,corrected full,natural,43752630,Pulsating,Pulsating,
1,corrected full,natural,43752743,Pulsating,Pulsating,
1,corrected full,natural,43920296,Ecl,Ecl,
1,corrected full,natural,43920441,Ecl,Ecl,
1,corrected full,natural,43920514,Pulsating,Pulsating,
1,corrected full,natural,44123679,Pulsating,Pulsating,
1,corrected full,natural,44137633,Ecl,Ecl,
1,corrected full,natural,44449429,Ecl,Ecl,
1,corrected full,natural,44663258,Ecl,Ecl,
1,corrected full,natural,46259988,Pulsating,Pulsating,
1,corrected full,natural,46260797,rotational star,rotational star,
1,corrected full,natural,46415881,rotational star,rotational star,
1,corrected full,natural,46632641,Ecl,Ecl,
1,corrected full,natural,46897724,Pulsating,Pulsating,
1,corrected full,natural,46897839,Pulsating,Pulsating,
1,corrected full,natural,46898218,Pulsating,Pulsating,
1,corrected full,natural,46900721,Pulsating,Pulsating,
1,corrected full,natural,46914594,Pulsating,Pulsating,
1,corrected full,natural,46981461,Pulsating,Pulsating,
1,corrected full,natural,47022490,Ecl,Ecl,
1,corrected full,natural,47024234,Ecl,rotational star,
1,corrected full,natural,47024240,Ecl,Ecl,
1,corrected full,natural,47970546,Ecl,Ecl,
1,corrected full,natural,48249657,rotational star,rotational star,
1,corrected full,natural,48254913,Pulsating,Pulsating,
1,corrected full,natural,48982818,Ecl,Ecl,
1,corrected full,natural,50132451,Ecl,Ecl,
1,corrected full,natural,50354719,Pulsating,Pulsating,
1,corrected full,natural,51619832,Pulsating,Pulsating,
1,corrected full,natural,53182877,Ecl,Ecl,
1,corrected full,natural,53228372,Ecl,Ecl,
1,corrected full,natural,53232890,rotational star,rotational star,
1,corrected full,natural,53236580,Pulsating,Pulsating,
1,corrected full,natural,53330452,Ecl,rotational star,
1,corrected full,natural,53396979,rotational star,rotational star,
1,corrected full,natural,57826750,Ecl,Ecl,
1,corrected full,natural,57989097,Ecl,Pulsating,
1,corrected full,natural,57992772,Ecl,Ecl,
1,corrected full,natural,58248985,Pulsating,Ecl,
1,corrected full,natural,58249067,Ecl,Ecl,
1,corrected full,natural,58286884,rotational star,rotational star,
1,corrected full,natural,59438186,rotational star,Pulsating,
1,corrected full,natural,59739171,rotational star,rotational star,
1,corrected full,natural,60262047,Ecl,rotational star,
1,corrected full,natural,60263095,rotational star,rotational star,
1,corrected full,natural,60265807,rotational star,rotational star,
1,corrected full,natural,60289910,Pulsating,Pulsating,
1,corrected full,natural,60498365,Ecl,Ecl,
1,corrected full,natural,60656985,Pulsating,Pulsating,
1,corrected full,natural,60657582,rotational star,rotational star,
1,corrected full,natural,61496813,Ecl,Ecl,
1,corrected full,natural,64171523,Ecl,Ecl,
1,corrected full,natural,64449850,Pulsating,Pulsating,
1,corrected full,natural,64468311,Pulsating,Pulsating,
1,corrected full,natural,65147776,rotational star,Pulsating,
1,corrected full,natural,65712645,Pulsating,Pulsating,
1,corrected full,natural,67079023,Pulsating,Pulsating,
1,corrected full,natural,70836558,Pulsating,Pulsating,
1,corrected full,natural,70836696,Ecl,Ecl,
1,corrected full,natural,71713323,Pulsating,Pulsating,
1,corrected full,natural,72373285,Ecl,Ecl,
1,corrected full,natural,77824269,rotational star,rotational star,
1,corrected full,natural,77824723,Pulsating,Pulsating,
1,corrected full,natural,77826239,Pulsating,Pulsating,
1,corrected full,natural,92903768,Ecl,Ecl,
1,corrected full,natural,120940265,rotational star,rotational star,
1,corrected full,natural,3475,Pulsating,Pulsating,validation
1,corrected full,natural,3731,rotational star,rotational star,validation
1,corrected full,natural,67084,rotational star,rotational star,validation
1,corrected full,natural,171278,Ecl,Ecl,validation
1,corrected full,natural,171284,Pulsating,Ecl,validation
1,corrected full,natural,183252,Ecl,Ecl,validation
1,corrected full,natural,348190,Ecl,Ecl,validation
1,corrected full,natural,353686,rotational star,rotational star,validation
1,corrected full,natural,519013,Ecl,Ecl,validation
1,corrected full,natural,606285,Ecl,Ecl,validation
1,corrected full,natural,653611,Ecl,Ecl,validation
1,corrected full,natural,690265,Pulsating,Ecl,validation
1,corrected full,natural,712084,Pulsating,Pulsating,validation
1,corrected full,natural,720902,Pulsating,Pulsating,validation
1,corrected full,natural,744286,Ecl,rotational star,validation
1,corrected full,natural,793028,rotational star,rotational star,validation
1,corrected full,natural,799045,Pulsating,Pulsating,validation
1,corrected full,natural,890936,Ecl,Ecl,validation
1,corrected full,natural,990435,Pulsating,Pulsating,validation
1,corrected full,natural,1070298,Ecl,Ecl,validation
1,corrected full,natural,1077061,Ecl,Ecl,validation
1,corrected full,natural,1089135,rotational star,rotational star,validation
1,corrected full,natural,1091902,Pulsating,Pulsating,validation
1,corrected full,natural,1148586,Ecl,Ecl,validation
1,corrected full,natural,1397516,rotational star,Ecl,validation
1,corrected full,natural,1398126,Pulsating,Ecl,validation
1,corrected full,natural,1398335,Ecl,Ecl,validation
1,corrected full,natural,1486373,Ecl,Ecl,validation
1,corrected full,natural,1494121,Ecl,Ecl,validation
1,corrected full,natural,1519021,Pulsating,Pulsating,validation
1,corrected full,natural,1796381,Ecl,Ecl,validation
1,corrected full,natural,1805412,rotational star,rotational star,validation
1,corrected full,natural,1816052,Ecl,Ecl,validation
1,corrected full,natural,1817793,rotational star,rotational star,validation
1,corrected full,natural,1859120,rotational star,rotational star,validation
1,corrected full,natural,1860824,Ecl,Ecl,validation
1,corrected full,natural,1866197,Pulsating,Pulsating,validation
1,corrected full,natural,1960701,Ecl,Ecl,validation
1,corrected full,natural,1964314,Pulsating,Pulsating,validation
1,corrected full,natural,1968103,rotational star,rotational star,validation
1,corrected full,natural,1969088,Pulsating,Pulsating,validation
1,corrected full,natural,1989190,Pulsating,Pulsating,validation
1,corrected full,natural,2245522,Pulsating,Pulsating,validation
1,corrected full,natural,2612743,rotational star,rotational star,validation
1,corrected full,natural,3015458,Ecl,Ecl,validation
1,corrected full,natural,3025983,Pulsating,Pulsating,validation
1,corrected full,natural,3028224,Pulsating,Pulsating,validation
1,corrected full,natural,3055159,Pulsating,Pulsating,validation
1,corrected full,natural,3055370,rotational star,rotational star,validation
1,corrected full,natural,3171009,Pulsating,Pulsating,validation
1,corrected full,natural,3268343,Pulsating,Pulsating,validation
1,corrected full,natural,3268485,Ecl,Ecl,validation
1,corrected full,natural,3302875,Ecl,Ecl,validation
1,corrected full,natural,3316443,Ecl,Ecl,validation
1,corrected full,natural,3321236,Ecl,Ecl,validation
1,corrected full,natural,3494134,Ecl,Ecl,validation
1,corrected full,natural,3517587,rotational star,rotational star,validation
1,corrected full,natural,3532504,rotational star,rotational star,validation
1,corrected full,natural,3532725,rotational star,rotational star,validation
1,corrected full,natural,3537341,Pulsating,Pulsating,validation
1,corrected full,natural,3537506,rotational star,Ecl,validation
1,corrected full,natural,3538597,Ecl,rotational star,validation
1,corrected full,natural,3538812,rotational star,rotational star,validation
1,corrected full,natural,3564510,Ecl,Ecl,validation
1,corrected full,natural,3580508,Pulsating,Pulsating,validation
1,corrected full,natural,3610311,Ecl,Ecl,validation
1,corrected full,natural,3610496,Pulsating,Pulsating,validation
1,corrected full,natural,3611639,Pulsating,Pulsating,validation
1,corrected full,natural,3708831,Ecl,Ecl,validation
1,corrected full,natural,3769324,Ecl,Ecl,validation
1,corrected full,natural,3874759,rotational star,rotational star,validation
1,corrected full,natural,3875738,Ecl,Ecl,validation
1,corrected full,natural,3888046,rotational star,rotational star,validation
1,corrected full,natural,3896410,Ecl,Ecl,validation
1,corrected full,natural,3902479,rotational star,rotational star,validation
1,corrected full,natural,4049593,Ecl,Ecl,validation
1,corrected full,natural,4077488,Pulsating,Pulsating,validation
1,corrected full,natural,4150111,Ecl,rotational star,validation
1,corrected full,natural,4150246,rotational star,rotational star,validation
1,corrected full,natural,4204745,Ecl,Ecl,validation
1,corrected full,natural,4220347,Ecl,Ecl,validation
1,corrected full,natural,4266221,Pulsating,Pulsating,validation
1,corrected full,natural,4268448,rotational star,rotational star,validation
1,corrected full,natural,4269492,Ecl,Ecl,validation
1,corrected full,natural,4322722,Ecl,rotational star,validation
1,corrected full,natural,4327369,Ecl,Ecl,validation
1,corrected full,natural,4501986,Pulsating,Ecl,validation
1,corrected full,natural,4503543,Ecl,Ecl,validation
1,corrected full,natural,4504299,Ecl,rotational star,validation
1,corrected full,natural,4558756,rotational star,rotational star,validation
1,corrected full,natural,4560436,rotational star,rotational star,validation
1,corrected full,natural,4619652,Pulsating,Pulsating,validation
1,corrected full,natural,4620388,rotational star,rotational star,validation
1,corrected full,natural,4620570,rotational star,rotational star,validation
1,corrected full,natural,4990201,Pulsating,Pulsating,validation
1,corrected full,natural,4992303,rotational star,Ecl,validation
1,corrected full,natural,4994551,rotational star,Ecl,validation
1,corrected full,natural,5119390,Ecl,Ecl,validation
1,corrected full,natural,5122590,Ecl,Ecl,validation
1,corrected full,natural,5183708,Ecl,Ecl,validation
1,corrected full,natural,5400617,Ecl,Ecl,validation
1,corrected full,natural,5403672,Ecl,Ecl,validation
1,corrected full,natural,5403826,rotational star,Ecl,validation
1,corrected full,natural,5411324,rotational star,rotational star,validation
1,corrected full,natural,5415208,rotational star,rotational star,validation
1,corrected full,natural,5498176,Pulsating,Pulsating,validation
1,corrected full,natural,5551469,rotational star,rotational star,validation
1,corrected full,natural,5555406,Pulsating,Pulsating,validation
1,corrected full,natural,5575930,Ecl,Ecl,validation
1,corrected full,natural,5836693,Ecl,Ecl,validation
1,corrected full,natural,5836875,Pulsating,Pulsating,validation
1,corrected full,natural,5838126,rotational star,rotational star,validation
1,corrected full,natural,5838622,rotational star,rotational star,validation
1,corrected full,natural,6251007,Ecl,Ecl,validation
1,corrected full,natural,6320510,Ecl,Ecl,validation
1,corrected full,natural,6334546,Ecl,Ecl,validation
1,corrected full,natural,6384545,Ecl,Ecl,validation
1,corrected full,natural,6385201,Ecl,Ecl,validation
1,corrected full,natural,6388094,rotational star,rotational star,validation
1,corrected full,natural,6422961,Ecl,Ecl,validation
1,corrected full,natural,6426366,Pulsating,Pulsating,validation
1,corrected full,natural,6430298,Ecl,Ecl,validation
1,corrected full,natural,6430859,Ecl,Ecl,validation
1,corrected full,natural,6453989,Pulsating,Pulsating,validation
1,corrected full,natural,6454975,Pulsating,Pulsating,validation
1,corrected full,natural,6656959,Ecl,Ecl,validation
1,corrected full,natural,6711345,Pulsating,Pulsating,validation
1,corrected full,natural,6712584,Pulsating,Pulsating,validation
1,corrected full,natural,6776202,Pulsating,Ecl,validation
1,corrected full,natural,6885169,Ecl,Ecl,validation
1,corrected full,natural,6885471,Pulsating,Pulsating,validation
1,corrected full,natural,6887869,Ecl,Ecl,validation
1,corrected full,natural,6888668,Ecl,rotational star,validation
1,corrected full,natural,6898568,rotational star,Ecl,validation
1,corrected full,natural,6902134,rotational star,rotational star,validation
1,corrected full,natural,6905427,Ecl,Ecl,validation
1,corrected full,natural,6914940,rotational star,rotational star,validation
1,corrected full,natural,6971792,Ecl,Ecl,validation
1,corrected full,natural,6976195,Ecl,Ecl,validation
1,corrected full,natural,7078316,Ecl,Ecl,validation
1,corrected full,natural,7125563,rotational star,rotational star,validation
1,corrected full,natural,7127071,rotational star,rotational star,validation
1,corrected full,natural,7216267,Ecl,rotational star,validation
1,corrected full,natural,7223975,Ecl,Ecl,validation
1,corrected full,natural,7224641,Pulsating,Pulsating,validation
1,corrected full,natural,7338025,Ecl,Ecl,validation
1,corrected full,natural,7338134,Ecl,Ecl,validation
1,corrected full,natural,7437296,rotational star,rotational star,validation
1,corrected full,natural,7437374,Ecl,Ecl,validation
1,corrected full,natural,7442998,rotational star,rotational star,validation
1,corrected full,natural,7444924,Ecl,Ecl,validation
1,corrected full,natural,7445591,rotational star,rotational star,validation
1,corrected full,natural,7565670,rotational star,rotational star,validation
1,corrected full,natural,7567558,rotational star,rotational star,validation
1,corrected full,natural,7570243,rotational star,rotational star,validation
1,corrected full,natural,7570813,Pulsating,Pulsating,validation
1,corrected full,natural,7727469,Pulsating,Pulsating,validation
1,corrected full,natural,7730060,Ecl,rotational star,validation
1,corrected full,natural,7730513,Pulsating,Pulsating,validation
1,corrected full,natural,7823994,Ecl,Ecl,validation
1,corrected full,natural,7882385,Ecl,Ecl,validation
1,corrected full,natural,7895929,Ecl,Ecl,validation
1,corrected full,natural,7897069,Pulsating,Pulsating,validation
1,corrected full,natural,7899663,rotational star,rotational star,validation
1,corrected full,natural,7904203,Ecl,rotational star,validation
1,corrected full,natural,7947845,Pulsating,Pulsating,validation
1,corrected full,natural,8082395,Pulsating,Pulsating,validation
1,corrected full,natural,8083257,Pulsating,Pulsating,validation
1,corrected full,natural,8083426,Ecl,Ecl,validation
1,corrected full,natural,8086665,Ecl,Ecl,validation
1,corrected full,natural,8086972,Ecl,Ecl,validation
1,corrected full,natural,8087946,Ecl,Ecl,validation
1,corrected full,natural,8089125,Pulsating,Pulsating,validation
1,corrected full,natural,8259819,rotational star,Ecl,validation
1,corrected full,natural,8260014,Ecl,Ecl,validation
1,corrected full,natural,8261582,rotational star,rotational star,validation
1,corrected full,natural,8302414,Ecl,Ecl,validation
1,corrected full,natural,8393466,Ecl,rotational star,validation
1,corrected full,natural,8394121,rotational star,rotational star,validation
1,corrected full,natural,8394481,Pulsating,Pulsating,validation
1,corrected full,natural,8395431,rotational star,rotational star,validation
1,corrected full,natural,8396360,Ecl,Ecl,validation
1,corrected full,natural,8412158,Pulsating,Pulsating,validation
1,corrected full,natural,8422352,rotational star,rotational star,validation
1,corrected full,natural,8546412,rotational star,rotational star,validation
1,corrected full,natural,8670455,rotational star,rotational star,validation
1,corrected full,natural,8699987,rotational star,rotational star,validation
1,corrected full,natural,8700483,Ecl,Ecl,validation
1,corrected full,natural,8819196,Ecl,Ecl,validation
1,corrected full,natural,8822653,Ecl,Ecl,validation
1,corrected full,natural,8828001,Ecl,Pulsating,validation
1,corrected full,natural,8865247,rotational star,rotational star,validation
1,corrected full,natural,8896147,rotational star,rotational star,validation
1,corrected full,natural,8899537,Ecl,Ecl,validation
1,corrected full,natural,8902556,rotational star,rotational star,validation
1,corrected full,natural,8903746,Ecl,Ecl,validation
1,corrected full,natural,9002177,Ecl,Ecl,validation
1,corrected full,natural,9058102,Ecl,Ecl,validation
1,corrected full,natural,9088982,Pulsating,Pulsating,validation
1,corrected full,natural,9253617,rotational star,Ecl,validation
1,corrected full,natural,9381201,Ecl,Ecl,validation
1,corrected full,natural,9381763,Pulsating,Pulsating,validation
1,corrected full,natural,9421913,Ecl,rotational star,validation
1,corrected full,natural,9426593,rotational star,rotational star,validation
1,corrected full,natural,9457934,Pulsating,Ecl,validation
1,corrected full,natural,9710912,rotational star,rotational star,validation
1,corrected full,natural,9824982,Ecl,Ecl,validation
1,corrected full,natural,9866814,rotational star,Pulsating,validation
1,corrected full,natural,9956460,Ecl,Ecl,validation
1,corrected full,natural,10239191,Pulsating,Pulsating,validation
1,corrected full,natural,10250850,Ecl,Ecl,validation
1,corrected full,natural,10354842,Pulsating,Pulsating,validation
1,corrected full,natural,10376566,Ecl,Ecl,validation
1,corrected full,natural,10493469,rotational star,rotational star,validation
1,corrected full,natural,10493735,Ecl,Ecl,validation
1,corrected full,natural,10497491,Pulsating,Pulsating,validation
1,corrected full,natural,10542430,Ecl,Ecl,validation
1,corrected full,natural,10683246,rotational star,rotational star,validation
1,corrected full,natural,10694849,Ecl,Ecl,validation
1,corrected full,natural,10695604,Ecl,Ecl,validation
1,corrected full,natural,10725648,Ecl,Ecl,validation
1,corrected full,natural,10758329,Pulsating,Pulsating,validation
1,corrected full,natural,10775690,Ecl,Ecl,validation
1,corrected full,natural,10781641,Ecl,Ecl,validation
1,corrected full,natural,10796406,Ecl,Ecl,validation
1,corrected full,natural,10797187,Ecl,rotational star,validation
1,corrected full,natural,10798587,rotational star,Ecl,validation
1,corrected full,natural,10999288,rotational star,rotational star,validation
1,corrected full,natural,11001884,rotational star,rotational star,validation
1,corrected full,natural,11007265,Ecl,Ecl,validation
1,corrected full,natural,11009101,Ecl,Ecl,validation
1,corrected full,natural,11011121,Pulsating,Pulsating,validation
1,corrected full,natural,11330091,Pulsating,Pulsating,validation
1,corrected full,natural,11331222,rotational star,rotational star,validation
1,corrected full,natural,11331243,Ecl,Ecl,validation
1,corrected full,natural,11569336,Ecl,Ecl,validation
1,corrected full,natural,11618917,Ecl,Ecl,validation
1,corrected full,natural,11619060,Pulsating,Pulsating,validation
1,corrected full,natural,11777950,Ecl,Ecl,validation
1,corrected full,natural,11781845,rotational star,rotational star,validation
1,corrected full,natural,12066656,Pulsating,Pulsating,validation
1,corrected full,natural,12258668,Ecl,Ecl,validation
1,corrected full,natural,12372966,Pulsating,Pulsating,validation
1,corrected full,natural,12381065,Pulsating,Pulsating,validation
1,corrected full,natural,12385141,Pulsating,Pulsating,validation
1,corrected full,natural,12396137,rotational star,rotational star,validation
1,corrected full,natural,12428154,rotational star,rotational star,validation
1,corrected full,natural,12429757,Pulsating,Pulsating,validation
1,corrected full,natural,12430524,Ecl,rotational star,validation
1,corrected full,natural,12455147,Pulsating,Pulsating,validation
1,corrected full,natural,12458201,Pulsating,Pulsating,validation
1,corrected full,natural,12485558,Ecl,Ecl,validation
1,corrected full,natural,12503915,Pulsating,Pulsating,validation
1,corrected full,natural,12629618,Ecl,Ecl,validation
1,corrected full,natural,12632305,rotational star,rotational star,validation
1,corrected full,natural,12645886,rotational star,rotational star,validation
1,corrected full,natural,12833109,Ecl,Ecl,validation
1,corrected full,natural,12985266,rotational star,rotational star,validation
1,corrected full,natural,12987403,rotational star,Ecl,validation
1,corrected full,natural,12987610,Pulsating,Pulsating,validation
1,corrected full,natural,12988288,rotational star,Ecl,validation
1,corrected full,natural,13087231,Pulsating,Pulsating,validation
1,corrected full,natural,13199413,rotational star,rotational star,validation
1,corrected full,natural,13207875,Pulsating,Pulsating,validation
1,corrected full,natural,13207951,Pulsating,Pulsating,validation
1,corrected full,natural,13208778,Pulsating,Pulsating,validation
1,corrected full,natural,13209911,rotational star,rotational star,validation
1,corrected full,natural,13242181,Pulsating,Pulsating,validation
1,corrected full,natural,13276565,Pulsating,Pulsating,validation
1,corrected full,natural,13383409,Pulsating,Ecl,validation
1,corrected full,natural,13389119,Ecl,Ecl,validation
1,corrected full,natural,13530333,Ecl,Ecl,validation
1,corrected full,natural,13654537,Pulsating,Pulsating,validation
1,corrected full,natural,13655974,Ecl,Ecl,validation
1,corrected full,natural,13751687,Pulsating,Pulsating,validation
1,corrected full,natural,14230613,Pulsating,Pulsating,validation
1,corrected full,natural,14244526,rotational star,rotational star,validation
1,corrected full,natural,14506922,Ecl,Ecl,validation
1,corrected full,natural,14691730,Pulsating,Pulsating,validation
1,corrected full,natural,14738575,Pulsating,Pulsating,validation
1,corrected full,natural,14740870,rotational star,rotational star,validation
1,corrected full,natural,14741764,Ecl,Ecl,validation
1,corrected full,natural,15137022,Pulsating,Pulsating,validation
1,corrected full,natural,15597839,Pulsating,Ecl,validation
1,corrected full,natural,15597867,rotational star,Ecl,validation
1,corrected full,natural,15599936,Ecl,rotational star,validation
1,corrected full,natural,15850657,Pulsating,Pulsating,validation
1,corrected full,natural,16014617,rotational star,rotational star,validation
1,corrected full,natural,16019390,Pulsating,Pulsating,validation
1,corrected full,natural,16025148,Pulsating,Pulsating,validation
1,corrected full,natural,16069152,Pulsating,Ecl,validation
1,corrected full,natural,16070460,Ecl,Ecl,validation
1,corrected full,natural,16191604,Ecl,Ecl,validation
1,corrected full,natural,16195962,Ecl,Ecl,validation
1,corrected full,natural,16196927,Ecl,Ecl,validation
1,corrected full,natural,16201007,Ecl,rotational star,validation
1,corrected full,natural,16346242,Ecl,Ecl,validation
1,corrected full,natural,16385436,Pulsating,Pulsating,validation
1,corrected full,natural,16524653,Pulsating,Ecl,validation
1,corrected full,natural,16524927,Ecl,Ecl,validation
1,corrected full,natural,16539212,Pulsating,Pulsating,validation
1,corrected full,natural,16652319,rotational star,rotational star,validation
1,corrected full,natural,16810259,Ecl,Ecl,validation
1,corrected full,natural,16815904,Pulsating,Pulsating,validation
1,corrected full,natural,17139277,Ecl,Ecl,validation
1,corrected full,natural,17143971,Pulsating,Pulsating,validation
1,corrected full,natural,17171545,rotational star,rotational star,validation
1,corrected full,natural,17171630,Ecl,Ecl,validation
1,corrected full,natural,17171915,Pulsating,Pulsating,validation
1,corrected full,natural,17173848,Pulsating,Pulsating,validation
1,corrected full,natural,17204841,Ecl,Ecl,validation
1,corrected full,natural,17207646,rotational star,rotational star,validation
1,corrected full,natural,17395501,Ecl,Ecl,validation
1,corrected full,natural,17395619,Ecl,Ecl,validation
1,corrected full,natural,17486534,Pulsating,Pulsating,validation
1,corrected full,natural,17487267,Ecl,Ecl,validation
1,corrected full,natural,17488151,rotational star,Pulsating,validation
1,corrected full,natural,17489885,rotational star,rotational star,validation
1,corrected full,natural,17668303,rotational star,Ecl,validation
1,corrected full,natural,17668765,rotational star,rotational star,validation
1,corrected full,natural,17683753,Pulsating,Pulsating,validation
1,corrected full,natural,17705241,Pulsating,Pulsating,validation
1,corrected full,natural,18161508,Pulsating,Ecl,validation
1,corrected full,natural,18162677,rotational star,rotational star,validation
1,corrected full,natural,18163157,rotational star,rotational star,validation
1,corrected full,natural,18196444,Ecl,Ecl,validation
1,corrected full,natural,18279384,Pulsating,Pulsating,validation
1,corrected full,natural,18565790,Ecl,Ecl,validation
1,corrected full,natural,18643995,Pulsating,Pulsating,validation
1,corrected full,natural,18685198,Pulsating,Ecl,validation
1,corrected full,natural,18753712,Ecl,Ecl,validation
1,corrected full,natural,19315549,rotational star,rotational star,validation
1,corrected full,natural,19316099,Pulsating,Pulsating,validation
1,corrected full,natural,19316948,Ecl,Ecl,validation
1,corrected full,natural,19318719,Ecl,Ecl,validation
1,corrected full,natural,19593398,Pulsating,Pulsating,validation
1,corrected full,natural,19661167,Pulsating,Pulsating,validation
1,corrected full,natural,20027143,Ecl,Ecl,validation
1,corrected full,natural,20185964,rotational star,Ecl,validation
1,corrected full,natural,20191975,Pulsating,Pulsating,validation
1,corrected full,natural,20236227,rotational star,rotational star,validation
1,corrected full,natural,20325802,Pulsating,Pulsating,validation
1,corrected full,natural,20350465,Ecl,Ecl,validation
1,corrected full,natural,20581090,Pulsating,Pulsating,validation
1,corrected full,natural,20582631,Ecl,rotational star,validation
1,corrected full,natural,20582974,Ecl,rotational star,validation
1,corrected full,natural,20729490,Pulsating,Pulsating,validation
1,corrected full,natural,21232325,Ecl,Ecl,validation
1,corrected full,natural,21233087,Pulsating,Pulsating,validation
1,corrected full,natural,21257384,Ecl,Ecl,validation
1,corrected full,natural,21331636,Pulsating,Pulsating,validation
1,corrected full,natural,21525577,Ecl,Ecl,validation
1,corrected full,natural,21530397,Ecl,rotational star,validation
1,corrected full,natural,21532142,Ecl,rotational star,validation
1,corrected full,natural,21598085,rotational star,rotational star,validation
1,corrected full,natural,22025457,Ecl,Ecl,validation
1,corrected full,natural,22026557,Ecl,Ecl,validation
1,corrected full,natural,22032757,Ecl,Ecl,validation
1,corrected full,natural,22307491,rotational star,rotational star,validation
1,corrected full,natural,22439883,rotational star,rotational star,validation
1,corrected full,natural,22552904,Pulsating,Ecl,validation
1,corrected full,natural,22596528,rotational star,rotational star,validation
1,corrected full,natural,22845889,Pulsating,Pulsating,validation
1,corrected full,natural,22898649,Ecl,Ecl,validation
1,corrected full,natural,23094948,Pulsating,Pulsating,validation
1,corrected full,natural,23096737,Pulsating,Pulsating,validation
1,corrected full,natural,23520974,rotational star,Ecl,validation
1,corrected full,natural,23523004,Ecl,rotational star,validation
1,corrected full,natural,23524401,Ecl,Ecl,validation
1,corrected full,natural,23524902,Pulsating,Pulsating,validation
1,corrected full,natural,23527368,rotational star,rotational star,validation
1,corrected full,natural,23753830,Ecl,Ecl,validation
1,corrected full,natural,23762447,rotational star,Ecl,validation
1,corrected full,natural,24136790,Ecl,Ecl,validation
1,corrected full,natural,24138253,Pulsating,Ecl,validation
1,corrected full,natural,24139220,rotational star,rotational star,validation
1,corrected full,natural,24309921,rotational star,Pulsating,validation
1,corrected full,natural,24473874,rotational star,rotational star,validation
1,corrected full,natural,24533647,Ecl,Ecl,validation
1,corrected full,natural,24577873,Ecl,Pulsating,validation
1,corrected full,natural,24693091,rotational star,rotational star,validation
1,corrected full,natural,24693649,Ecl,Ecl,validation
1,corrected full,natural,24694443,rotational star,rotational star,validation
1,corrected full,natural,24873115,Ecl,Ecl,validation
1,corrected full,natural,25061780,Ecl,Ecl,validation
1,corrected full,natural,25078708,Ecl,Ecl,validation
1,corrected full,natural,25171079,Ecl,Ecl,validation
1,corrected full,natural,25172198,rotational star,rotational star,validation
1,corrected full,natural,25300306,Ecl,Ecl,validation
1,corrected full,natural,25341342,Pulsating,Pulsating,validation
1,corrected full,natural,26121623,Pulsating,Pulsating,validation
1,corrected full,natural,26121898,Pulsating,Ecl,validation
1,corrected full,natural,26122981,Ecl,Ecl,validation
1,corrected full,natural,26286907,rotational star,rotational star,validation
1,corrected full,natural,26291452,Pulsating,Pulsating,validation
1,corrected full,natural,26292653,Pulsating,Pulsating,validation
1,corrected full,natural,26370884,Pulsating,Pulsating,validation
1,corrected full,natural,26373361,Pulsating,Pulsating,validation
1,corrected full,natural,26374646,rotational star,rotational star,validation
1,corrected full,natural,26388559,Pulsating,Pulsating,validation
1,corrected full,natural,26390208,Pulsating,Pulsating,validation
1,corrected full,natural,26657061,Pulsating,Pulsating,validation
1,corrected full,natural,26658269,Pulsating,Pulsating,validation
1,corrected full,natural,26658961,rotational star,rotational star,validation
1,corrected full,natural,26693205,Pulsating,Pulsating,validation
1,corrected full,natural,26800705,Ecl,Ecl,validation
1,corrected full,natural,26803187,Ecl,Ecl,validation
1,corrected full,natural,26803671,Ecl,rotational star,validation
1,corrected full,natural,27035707,Ecl,Ecl,validation
1,corrected full,natural,27143768,Pulsating,Pulsating,validation
1,corrected full,natural,27147130,Ecl,rotational star,validation
1,corrected full,natural,27311608,Pulsating,Ecl,validation
1,corrected full,natural,27352796,rotational star,rotational star,validation
1,corrected full,natural,27569812,Pulsating,Pulsating,validation
1,corrected full,natural,27570608,Pulsating,Ecl,validation
1,corrected full,natural,28036632,rotational star,Ecl,validation
1,corrected full,natural,28334166,rotational star,rotational star,validation
1,corrected full,natural,28334662,Ecl,Ecl,validation
1,corrected full,natural,28686558,Pulsating,Pulsating,validation
1,corrected full,natural,28687329,Pulsating,Pulsating,validation
1,corrected full,natural,28707431,Pulsating,Pulsating,validation
1,corrected full,natural,28711657,Pulsating,Pulsating,validation
1,corrected full,natural,28712288,Ecl,Ecl,validation
1,corrected full,natural,28765447,Ecl,Ecl,validation
1,corrected full,natural,28902582,Pulsating,Pulsating,validation
1,corrected full,natural,29095077,Pulsating,Pulsating,validation
1,corrected full,natural,29120286,rotational star,rotational star,validation
1,corrected full,natural,29188330,rotational star,Ecl,validation
1,corrected full,natural,29188468,rotational star,rotational star,validation
1,corrected full,natural,29320586,Ecl,Ecl,validation
1,corrected full,natural,29466786,Ecl,Ecl,validation
1,corrected full,natural,29471286,Ecl,Ecl,validation
1,corrected full,natural,29585955,Pulsating,Pulsating,validation
1,corrected full,natural,29600773,Ecl,Ecl,validation
1,corrected full,natural,29602508,Pulsating,Pulsating,validation
1,corrected full,natural,31013677,Ecl,Ecl,validation
1,corrected full,natural,31074586,rotational star,rotational star,validation
1,corrected full,natural,31076565,Pulsating,Pulsating,validation
1,corrected full,natural,31076757,Ecl,Ecl,validation
1,corrected full,natural,31077308,Pulsating,Pulsating,validation
1,corrected full,natural,31276019,Pulsating,Pulsating,validation
1,corrected full,natural,31281030,Pulsating,Pulsating,validation
1,corrected full,natural,31323572,Ecl,Ecl,validation
1,corrected full,natural,31427907,Ecl,Ecl,validation
1,corrected full,natural,31431417,Ecl,Ecl,validation
1,corrected full,natural,31495559,rotational star,rotational star,validation
1,corrected full,natural,31528690,Pulsating,Pulsating,validation
1,corrected full,natural,31529882,Pulsating,Ecl,validation
1,corrected full,natural,31529982,rotational star,rotational star,validation
1,corrected full,natural,31733188,Pulsating,Pulsating,validation
1,corrected full,natural,32006741,rotational star,Ecl,validation
1,corrected full,natural,32096345,Pulsating,Pulsating,validation
1,corrected full,natural,32539259,Ecl,Ecl,validation
1,corrected full,natural,32539598,rotational star,rotational star,validation
1,corrected full,natural,32543509,Pulsating,Pulsating,validation
1,corrected full,natural,32919219,Ecl,Ecl,validation
1,corrected full,natural,32979723,Ecl,Ecl,validation
1,corrected full,natural,34290093,rotational star,Ecl,validation
1,corrected full,natural,34460627,Ecl,Ecl,validation
1,corrected full,natural,34462510,Pulsating,Pulsating,validation
1,corrected full,natural,36072684,rotational star,rotational star,validation
1,corrected full,natural,36931135,rotational star,rotational star,validation
1,corrected full,natural,37016147,Ecl,Ecl,validation
1,corrected full,natural,37023740,Ecl,Ecl,validation
1,corrected full,natural,37518901,rotational star,Ecl,validation
1,corrected full,natural,37878826,Ecl,Ecl,validation
1,corrected full,natural,37972693,Pulsating,Pulsating,validation
1,corrected full,natural,37974465,Pulsating,Pulsating,validation
1,corrected full,natural,37974712,rotational star,rotational star,validation
1,corrected full,natural,38003224,Ecl,Ecl,validation
1,corrected full,natural,38005317,rotational star,rotational star,validation
1,corrected full,natural,38592808,Ecl,Ecl,validation
1,corrected full,natural,38960060,Pulsating,Pulsating,validation
1,corrected full,natural,39190767,rotational star,rotational star,validation
1,corrected full,natural,39373713,Ecl,rotational star,validation
1,corrected full,natural,39592808,Ecl,Ecl,validation
1,corrected full,natural,39825744,Pulsating,Pulsating,validation
1,corrected full,natural,39827674,Ecl,Ecl,validation
1,corrected full,natural,39832833,Pulsating,Pulsating,validation
1,corrected full,natural,40430597,rotational star,rotational star,validation
1,corrected full,natural,40432753,rotational star,rotational star,validation
1,corrected full,natural,40702077,Pulsating,Ecl,validation
1,corrected full,natural,40702218,Pulsating,Pulsating,validation
1,corrected full,natural,40702829,rotational star,Pulsating,validation
1,corrected full,natural,40918651,rotational star,rotational star,validation
1,corrected full,natural,41125000,Pulsating,Pulsating,validation
1,corrected full,natural,41234847,Ecl,Ecl,validation
1,corrected full,natural,41479209,Pulsating,Pulsating,validation
1,corrected full,natural,41759938,Pulsating,Ecl,validation
1,corrected full,natural,42258160,Pulsating,Pulsating,validation
1,corrected full,natural,42477231,Ecl,Ecl,validation
1,corrected full,natural,42480121,rotational star,rotational star,validation
1,corrected full,natural,42745458,Pulsating,Pulsating,validation
1,corrected full,natural,42914165,Pulsating,Pulsating,validation
1,corrected full,natural,43462276,Ecl,Ecl,validation
1,corrected full,natural,43602504,rotational star,rotational star,validation
1,corrected full,natural,43751069,Ecl,Ecl,validation
1,corrected full,natural,43751070,rotational star,Ecl,validation
1,corrected full,natural,43751253,Pulsating,Pulsating,validation
1,corrected full,natural,43752999,Pulsating,Pulsating,validation
1,corrected full,natural,44660963,Pulsating,Pulsating,validation
1,corrected full,natural,44663347,Pulsating,Pulsating,validation
1,corrected full,natural,46260855,Ecl,rotational star,validation
1,corrected full,natural,46261677,Ecl,Ecl,validation
1,corrected full,natural,46413963,Pulsating,Pulsating,validation
1,corrected full,natural,46414555,Pulsating,Pulsating,validation
1,corrected full,natural,46897757,Pulsating,Pulsating,validation
1,corrected full,natural,46898141,Pulsating,Pulsating,validation
1,corrected full,natural,46900571,Pulsating,Pulsating,validation
1,corrected full,natural,46901361,rotational star,rotational star,validation
1,corrected full,natural,46909891,Pulsating,Pulsating,validation
1,corrected full,natural,47022061,Ecl,Ecl,validation
1,corrected full,natural,47494200,Ecl,Ecl,validation
1,corrected full,natural,47969932,Ecl,Pulsating,validation
1,corrected full,natural,47970268,Ecl,Ecl,validation
1,corrected full,natural,49377921,Ecl,Ecl,validation
1,corrected full,natural,49381051,Ecl,Ecl,validation
1,corrected full,natural,49847105,Ecl,Ecl,validation
1,corrected full,natural,50357494,Pulsating,Pulsating,validation
1,corrected full,natural,51452441,Pulsating,Ecl,validation
1,corrected full,natural,51784597,Ecl,Ecl,validation
1,corrected full,natural,52059746,rotational star,rotational star,validation
1,corrected full,natural,53235155,Pulsating,Pulsating,validation
1,corrected full,natural,53238530,Pulsating,Pulsating,validation
1,corrected full,natural,56915085,Pulsating,Pulsating,validation
1,corrected full,natural,57991378,rotational star,rotational star,validation
1,corrected full,natural,58251450,Ecl,Ecl,validation
1,corrected full,natural,58972248,Pulsating,Pulsating,validation
1,corrected full,natural,59054632,rotational star,rotational star,validation
1,corrected full,natural,59434931,rotational star,Ecl,validation
1,corrected full,natural,60261746,rotational star,rotational star,validation
1,corrected full,natural,60263788,Pulsating,Pulsating,validation
1,corrected full,natural,60290272,Pulsating,Pulsating,validation
1,corrected full,natural,60412706,Pulsating,Pulsating,validation
1,corrected full,natural,60518388,Ecl,Ecl,validation
1,corrected full,natural,60657172,rotational star,rotational star,validation
1,corrected full,natural,61497610,rotational star,Ecl,validation
1,corrected full,natural,63434538,Ecl,Ecl,validation
1,corrected full,natural,63436195,Ecl,Ecl,validation
1,corrected full,natural,63437025,Pulsating,Pulsating,validation
1,corrected full,natural,64169835,rotational star,rotational star,validation
1,corrected full,natural,64170749,rotational star,rotational star,validation
1,corrected full,natural,64170766,Pulsating,Ecl,validation
1,corrected full,natural,64210279,Pulsating,Pulsating,validation
1,corrected full,natural,64211202,Ecl,Ecl,validation
1,corrected full,natural,64520949,Ecl,rotational star,validation
1,corrected full,natural,64600489,rotational star,rotational star,validation
1,corrected full,natural,65707370,Ecl,Ecl,validation
1,corrected full,natural,66159119,Pulsating,Pulsating,validation
1,corrected full,natural,66601994,Pulsating,Pulsating,validation
1,corrected full,natural,70834957,Pulsating,Pulsating,validation
1,corrected full,natural,70879649,Pulsating,Pulsating,validation
1,corrected full,natural,77825973,Pulsating,Pulsating,validation
1,corrected full,natural,77826191,Pulsating,Pulsating,validation
1,corrected full,natural,77827357,Pulsating,Pulsating,validation
1,corrected full,natural,98165613,rotational star,rotational star,validation
1,corrected full,natural,1492,Pulsating,Pulsating,test
1,corrected full,natural,170389,Pulsating,Pulsating,test
1,corrected full,natural,174274,Pulsating,Pulsating,test
1,corrected full,natural,182732,Pulsating,Pulsating,test
1,corrected full,natural,351642,Ecl,Ecl,test
1,corrected full,natural,354735,Pulsating,Pulsating,test
1,corrected full,natural,356877,Pulsating,Pulsating,test
1,corrected full,natural,391705,Pulsating,Ecl,test
1,corrected full,natural,396749,Ecl,Ecl,test
1,corrected full,natural,401124,Pulsating,Pulsating,test
1,corrected full,natural,401420,Ecl,Ecl,test
1,corrected full,natural,416128,Ecl,Ecl,test
1,corrected full,natural,517541,Ecl,Ecl,test
1,corrected full,natural,654210,Pulsating,Pulsating,test
1,corrected full,natural,682103,Pulsating,Pulsating,test
1,corrected full,natural,705322,Pulsating,Pulsating,test
1,corrected full,natural,706627,rotational star,rotational star,test
1,corrected full,natural,713256,rotational star,rotational star,test
1,corrected full,natural,720276,Ecl,Ecl,test
1,corrected full,natural,720910,Ecl,Ecl,test
1,corrected full,natural,795063,rotational star,Ecl,test
1,corrected full,natural,806270,rotational star,rotational star,test
1,corrected full,natural,855356,Pulsating,Ecl,test
1,corrected full,natural,891487,rotational star,rotational star,test
1,corrected full,natural,893445,Pulsating,Pulsating,test
1,corrected full,natural,989130,Pulsating,Pulsating,test
1,corrected full,natural,989377,rotational star,rotational star,test
1,corrected full,natural,993864,Ecl,Ecl,test
1,corrected full,natural,1085172,rotational star,rotational star,test
1,corrected full,natural,1086245,Pulsating,Pulsating,test
1,corrected full,natural,1086977,rotational star,rotational star,test
1,corrected full,natural,1087883,Pulsating,Pulsating,test
1,corrected full,natural,1137195,Pulsating,Pulsating,test
1,corrected full,natural,1359057,Ecl,Ecl,test
1,corrected full,natural,1360465,rotational star,Ecl,test
1,corrected full,natural,1399779,Ecl,Ecl,test
1,corrected full,natural,1400413,Pulsating,Pulsating,test
1,corrected full,natural,1465995,rotational star,rotational star,test
1,corrected full,natural,1486152,Ecl,Ecl,test
1,corrected full,natural,1486807,Ecl,Ecl,test
1,corrected full,natural,1487155,Pulsating,Pulsating,test
1,corrected full,natural,1487228,rotational star,rotational star,test
1,corrected full,natural,1488730,rotational star,rotational star,test
1,corrected full,natural,1520574,Ecl,rotational star,test
1,corrected full,natural,1525735,Pulsating,Pulsating,test
1,corrected full,natural,1529400,Pulsating,Pulsating,test
1,corrected full,natural,1533092,Pulsating,Pulsating,test
1,corrected full,natural,1534333,Pulsating,Pulsating,test
1,corrected full,natural,1540909,Ecl,Ecl,test
1,corrected full,natural,1542965,Pulsating,Pulsating,test
1,corrected full,natural,1786207,rotational star,rotational star,test
1,corrected full,natural,1786713,Pulsating,Pulsating,test
1,corrected full,natural,1787905,rotational star,rotational star,test
1,corrected full,natural,1788906,Ecl,Ecl,test
1,corrected full,natural,1815795,Pulsating,Pulsating,test
1,corrected full,natural,1819187,rotational star,Ecl,test
1,corrected full,natural,1821852,Pulsating,Pulsating,test
1,corrected full,natural,1858419,Ecl,Ecl,test
1,corrected full,natural,1866879,Pulsating,Ecl,test
1,corrected full,natural,1967928,rotational star,rotational star,test
1,corrected full,natural,2028803,Ecl,rotational star,test
1,corrected full,natural,2030192,Pulsating,Ecl,test
1,corrected full,natural,2078896,Pulsating,Pulsating,test
1,corrected full,natural,2210879,rotational star,rotational star,test
1,corrected full,natural,2211515,Ecl,rotational star,test
1,corrected full,natural,2255202,Ecl,Ecl,test
1,corrected full,natural,2710434,rotational star,rotational star,test
1,corrected full,natural,2854870,Ecl,Ecl,test
1,corrected full,natural,3037433,Ecl,rotational star,test
1,corrected full,natural,3039026,Pulsating,Pulsating,test
1,corrected full,natural,3053459,Ecl,Pulsating,test
1,corrected full,natural,3064343,Ecl,Ecl,test
1,corrected full,natural,3262989,Ecl,Ecl,test
1,corrected full,natural,3267525,Ecl,rotational star,test
1,corrected full,natural,3268443,Ecl,Ecl,test
1,corrected full,natural,3294397,Ecl,Ecl,test
1,corrected full,natural,3308758,Pulsating,Pulsating,test
1,corrected full,natural,3316875,rotational star,rotational star,test
1,corrected full,natural,3320934,Ecl,rotational star,test
1,corrected full,natural,3384809,Pulsating,Pulsating,test
1,corrected full,natural,3402113,Pulsating,Ecl,test
1,corrected full,natural,3515396,Pulsating,Pulsating,test
1,corrected full,natural,3530716,Ecl,Ecl,test
1,corrected full,natural,3532457,rotational star,rotational star,test
1,corrected full,natural,3535885,Ecl,Ecl,test
1,corrected full,natural,3536386,Ecl,Ecl,test
1,corrected full,natural,3538485,Ecl,Ecl,test
1,corrected full,natural,3538828,Ecl,rotational star,test
1,corrected full,natural,3539430,Pulsating,Pulsating,test
1,corrected full,natural,3540068,Pulsating,Pulsating,test
1,corrected full,natural,3563158,Pulsating,Pulsating,test
1,corrected full,natural,3573648,Pulsating,Pulsating,test
1,corrected full,natural,3574286,Pulsating,Pulsating,test
1,corrected full,natural,3578120,Ecl,Ecl,test
1,corrected full,natural,3578629,Pulsating,Pulsating,test
1,corrected full,natural,3579296,Pulsating,Pulsating,test
1,corrected full,natural,3580689,rotational star,rotational star,test
1,corrected full,natural,3581809,Ecl,Ecl,test
1,corrected full,natural,3610544,Pulsating,Pulsating,test
1,corrected full,natural,3707618,Pulsating,Pulsating,test
1,corrected full,natural,3712377,Pulsating,Pulsating,test
1,corrected full,natural,3778222,rotational star,rotational star,test
1,corrected full,natural,3879596,Pulsating,Pulsating,test
1,corrected full,natural,3888880,Pulsating,Pulsating,test
1,corrected full,natural,3888905,rotational star,rotational star,test
1,corrected full,natural,3891826,Ecl,Ecl,test
1,corrected full,natural,3900804,Ecl,Ecl,test
1,corrected full,natural,4016172,Pulsating,Pulsating,test
1,corrected full,natural,4052360,Ecl,Ecl,test
1,corrected full,natural,4053354,Pulsating,Pulsating,test
1,corrected full,natural,4085335,Pulsating,Pulsating,test
1,corrected full,natural,4086437,Ecl,Ecl,test
1,corrected full,natural,4112322,Ecl,Ecl,test
1,corrected full,natural,4112453,Pulsating,Pulsating,test
1,corrected full,natural,4154491,rotational star,rotational star,test
1,corrected full,natural,4165556,rotational star,Ecl,test
1,corrected full,natural,4202285,rotational star,rotational star,test
1,corrected full,natural,4203764,Pulsating,Pulsating,test
1,corrected full,natural,4204543,Ecl,Ecl,test
1,corrected full,natural,4204760,rotational star,rotational star,test
1,corrected full,natural,4207350,Ecl,Ecl,test
1,corrected full,natural,4221224,rotational star,rotational star,test
1,corrected full,natural,4222140,Pulsating,Pulsating,test
1,corrected full,natural,4318493,Ecl,Ecl,test
1,corrected full,natural,4319767,Ecl,Ecl,test
1,corrected full,natural,4503100,Ecl,Ecl,test
1,corrected full,natural,4503752,rotational star,rotational star,test
1,corrected full,natural,4525993,Ecl,Ecl,test
1,corrected full,natural,4531285,Ecl,Ecl,test
1,corrected full,natural,4555438,rotational star,Pulsating,test
1,corrected full,natural,4555634,rotational star,rotational star,test
1,corrected full,natural,4556326,rotational star,rotational star,test
1,corrected full,natural,4558584,rotational star,rotational star,test
1,corrected full,natural,4559117,rotational star,rotational star,test
1,corrected full,natural,4560178,rotational star,rotational star,test
1,corrected full,natural,4603259,Pulsating,Ecl,test
1,corrected full,natural,4627821,rotational star,rotational star,test
1,corrected full,natural,4720963,Pulsating,Ecl,test
1,corrected full,natural,4991083,Ecl,Ecl,test
1,corrected full,natural,5103090,rotational star,rotational star,test
1,corrected full,natural,5108781,Ecl,Ecl,test
1,corrected full,natural,5229099,rotational star,rotational star,test
1,corrected full,natural,5230789,Ecl,Ecl,test
1,corrected full,natural,5231192,Pulsating,Pulsating,test
1,corrected full,natural,5285064,Ecl,Ecl,test
1,corrected full,natural,5387464,Ecl,Ecl,test
1,corrected full,natural,5388985,rotational star,rotational star,test
1,corrected full,natural,5446648,rotational star,rotational star,test
1,corrected full,natural,5446653,Ecl,Ecl,test
1,corrected full,natural,5448059,Ecl,Ecl,test
1,corrected full,natural,5502401,Pulsating,Pulsating,test
1,corrected full,natural,5552243,Pulsating,Pulsating,test
1,corrected full,natural,5703162,Ecl,rotational star,test
1,corrected full,natural,5839093,Pulsating,Pulsating,test
1,corrected full,natural,5855159,Pulsating,Ecl,test
1,corrected full,natural,6035659,rotational star,rotational star,test
1,corrected full,natural,6385706,Pulsating,Pulsating,test
1,corrected full,natural,6388611,Pulsating,Pulsating,test
1,corrected full,natural,6420800,Ecl,Ecl,test
1,corrected full,natural,6423392,Ecl,Ecl,test
1,corrected full,natural,6423500,Ecl,Ecl,test
1,corrected full,natural,6424179,Ecl,Ecl,test
1,corrected full,natural,6426729,Ecl,Ecl,test
1,corrected full,natural,6428939,Ecl,Ecl,test
1,corrected full,natural,6559105,rotational star,Pulsating,test
1,corrected full,natural,6578144,Pulsating,Pulsating,test
1,corrected full,natural,6582868,Pulsating,Pulsating,test
1,corrected full,natural,6708716,rotational star,rotational star,test
1,corrected full,natural,6711028,Ecl,Ecl,test
1,corrected full,natural,6771481,Pulsating,Pulsating,test
1,corrected full,natural,6772137,rotational star,rotational star,test
1,corrected full,natural,6772757,rotational star,rotational star,test
1,corrected full,natural,6772868,rotational star,rotational star,test
1,corrected full,natural,6774272,Pulsating,Pulsating,test
1,corrected full,natural,6885233,rotational star,rotational star,test
1,corrected full,natural,6886679,rotational star,rotational star,test
1,corrected full,natural,6900401,rotational star,rotational star,test
1,corrected full,natural,6914961,rotational star,rotational star,test
1,corrected full,natural,6968029,Ecl,Ecl,test
1,corrected full,natural,6968264,Pulsating,Pulsating,test
1,corrected full,natural,6971276,Pulsating,Ecl,test
1,corrected full,natural,6971505,rotational star,rotational star,test
1,corrected full,natural,7072651,rotational star,rotational star,test
1,corrected full,natural,7127722,Ecl,Ecl,test
1,corrected full,natural,7223147,Ecl,Ecl,test
1,corrected full,natural,7257067,Pulsating,Ecl,test
1,corrected full,natural,7348139,Pulsating,Pulsating,test
1,corrected full,natural,7348645,Pulsating,Pulsating,test
1,corrected full,natural,7438683,Ecl,Ecl,test
1,corrected full,natural,7443675,Pulsating,Pulsating,test
1,corrected full,natural,7566107,Ecl,rotational star,test
1,corrected full,natural,7569518,Pulsating,Pulsating,test
1,corrected full,natural,7576919,Pulsating,Pulsating,test
1,corrected full,natural,7641751,Pulsating,Pulsating,test
1,corrected full,natural,7775830,Pulsating,Pulsating,test
1,corrected full,natural,7824125,Ecl,Ecl,test
1,corrected full,natural,7898622,Ecl,Ecl,test
1,corrected full,natural,7904889,Ecl,Ecl,test
1,corrected full,natural,7907540,Ecl,Ecl,test
1,corrected full,natural,7907839,Pulsating,Pulsating,test
1,corrected full,natural,7911225,Ecl,Ecl,test
1,corrected full,natural,7948368,Ecl,Ecl,test
1,corrected full,natural,8071429,Ecl,Ecl,test
1,corrected full,natural,8072240,Pulsating,Pulsating,test
1,corrected full,natural,8077094,Ecl,Ecl,test
1,corrected full,natural,8085320,rotational star,rotational star,test
1,corrected full,natural,8089619,Ecl,Ecl,test
1,corrected full,natural,8089854,rotational star,rotational star,test
1,corrected full,natural,8095331,rotational star,Ecl,test
1,corrected full,natural,8234121,Pulsating,Pulsating,test
1,corrected full,natural,8260993,Pulsating,Pulsating,test
1,corrected full,natural,8298820,Ecl,Ecl,test
1,corrected full,natural,8301406,Pulsating,Pulsating,test
1,corrected full,natural,8302040,Ecl,Pulsating,test
1,corrected full,natural,8303969,rotational star,rotational star,test
1,corrected full,natural,8304398,rotational star,rotational star,test
1,corrected full,natural,8307548,Pulsating,Pulsating,test
1,corrected full,natural,8315756,Pulsating,Pulsating,test
1,corrected full,natural,8331224,Ecl,rotational star,test
1,corrected full,natural,8337585,rotational star,rotational star,test
1,corrected full,natural,8395322,Ecl,Ecl,test
1,corrected full,natural,8395517,Ecl,Ecl,test
1,corrected full,natural,8396121,Ecl,Ecl,test
1,corrected full,natural,8413061,Ecl,rotational star,test
1,corrected full,natural,8436241,Pulsating,Ecl,test
1,corrected full,natural,8568363,Ecl,Ecl,test
1,corrected full,natural,8649964,Pulsating,Pulsating,test
1,corrected full,natural,8667230,rotational star,rotational star,test
1,corrected full,natural,8700095,Ecl,rotational star,test
1,corrected full,natural,8700892,Pulsating,Pulsating,test
1,corrected full,natural,8701682,Pulsating,Pulsating,test
1,corrected full,natural,8702727,rotational star,rotational star,test
1,corrected full,natural,8821912,Ecl,Ecl,test
1,corrected full,natural,8825435,Ecl,Ecl,test
1,corrected full,natural,8825485,Ecl,Ecl,test
1,corrected full,natural,8826873,Ecl,Ecl,test
1,corrected full,natural,8833576,Ecl,Ecl,test
1,corrected full,natural,8862457,Pulsating,Pulsating,test
1,corrected full,natural,8865289,Ecl,Ecl,test
1,corrected full,natural,8895274,Pulsating,Pulsating,test
1,corrected full,natural,8896138,Ecl,Ecl,test
1,corrected full,natural,8901720,Pulsating,Pulsating,test
1,corrected full,natural,9001365,Ecl,Ecl,test
1,corrected full,natural,9087235,Ecl,Ecl,test
1,corrected full,natural,9090968,Pulsating,Pulsating,test
1,corrected full,natural,9210109,rotational star,Pulsating,test
1,corrected full,natural,9252425,Pulsating,Pulsating,test
1,corrected full,natural,9254197,Pulsating,Pulsating,test
1,corrected full,natural,9385226,rotational star,rotational star,test
1,corrected full,natural,9421023,Pulsating,Pulsating,test
1,corrected full,natural,9422650,rotational star,rotational star,test
1,corrected full,natural,9425767,Ecl,Ecl,test
1,corrected full,natural,9441160,rotational star,rotational star,test
1,corrected full,natural,9460839,Pulsating,Pulsating,test
1,corrected full,natural,9643812,rotational star,rotational star,test
1,corrected full,natural,9650202,Ecl,Ecl,test
1,corrected full,natural,9708710,Ecl,Ecl,test
1,corrected full,natural,9710004,Pulsating,Pulsating,test
1,corrected full,natural,9851742,Ecl,rotational star,test
1,corrected full,natural,9862976,Ecl,rotational star,test
1,corrected full,natural,10034483,Ecl,Pulsating,test
1,corrected full,natural,10045593,Pulsating,Pulsating,test
1,corrected full,natural,10221825,Pulsating,Pulsating,test
1,corrected full,natural,10235536,Ecl,Ecl,test
1,corrected full,natural,10237366,Pulsating,Pulsating,test
1,corrected full,natural,10237841,rotational star,rotational star,test
1,corrected full,natural,10240912,Pulsating,Pulsating,test
1,corrected full,natural,10384900,Pulsating,Pulsating,test
1,corrected full,natural,10477528,Ecl,Pulsating,test
1,corrected full,natural,10501955,Ecl,Ecl,test
1,corrected full,natural,10504051,Ecl,Ecl,test
1,corrected full,natural,10506123,Ecl,Ecl,test
1,corrected full,natural,10506299,rotational star,rotational star,test
1,corrected full,natural,10675231,Pulsating,Pulsating,test
1,corrected full,natural,10684029,rotational star,rotational star,test
1,corrected full,natural,10725909,Ecl,Ecl,test
1,corrected full,natural,10745759,rotational star,rotational star,test
1,corrected full,natural,10758622,Pulsating,Pulsating,test
1,corrected full,natural,10759236,Pulsating,Pulsating,test
1,corrected full,natural,10762635,Ecl,rotational star,test
1,corrected full,natural,10772457,Ecl,Ecl,test
1,corrected full,natural,10774324,rotational star,Ecl,test
1,corrected full,natural,10774489,Pulsating,Ecl,test
1,corrected full,natural,10778741,Ecl,Ecl,test
1,corrected full,natural,10781318,rotational star,rotational star,test
1,corrected full,natural,11000456,Pulsating,Pulsating,test
1,corrected full,natural,11000690,Pulsating,Pulsating,test
1,corrected full,natural,11002179,Ecl,Ecl,test
1,corrected full,natural,11003680,Pulsating,Pulsating,test
1,corrected full,natural,11008744,Ecl,Ecl,test
1,corrected full,natural,11103477,rotational star,rotational star,test
1,corrected full,natural,11281753,Ecl,Ecl,test
1,corrected full,natural,11332457,Pulsating,Pulsating,test
1,corrected full,natural,11333675,Ecl,Ecl,test
1,corrected full,natural,11333752,Pulsating,Ecl,test
1,corrected full,natural,11527909,Ecl,Ecl,test
1,corrected full,natural,11568132,Pulsating,Pulsating,test
1,corrected full,natural,11569837,Pulsating,Pulsating,test
1,corrected full,natural,11569977,Pulsating,Pulsating,test
1,corrected full,natural,11572714,rotational star,rotational star,test
1,corrected full,natural,11585007,Pulsating,Pulsating,test
1,corrected full,natural,11619555,Pulsating,Pulsating,test
1,corrected full,natural,11620334,Pulsating,Pulsating,test
1,corrected full,natural,11621089,Ecl,Ecl,test
1,corrected full,natural,11772275,Pulsating,Pulsating,test
1,corrected full,natural,11775317,Ecl,Ecl,test
1,corrected full,natural,11778107,Ecl,Ecl,test
1,corrected full,natural,11780339,Ecl,Ecl,test
1,corrected full,natural,11931277,rotational star,rotational star,test
1,corrected full,natural,12068202,Pulsating,Pulsating,test
1,corrected full,natural,12077861,rotational star,rotational star,test
1,corrected full,natural,12082661,Ecl,Ecl,test
1,corrected full,natural,12256111,Ecl,Ecl,test
1,corrected full,natural,12257100,Pulsating,Pulsating,test
1,corrected full,natural,12258499,Pulsating,Pulsating,test
1,corrected full,natural,12261159,Ecl,Ecl,test
1,corrected full,natural,12372134,Ecl,Ecl,test
1,corrected full,natural,12372670,Pulsating,Pulsating,test
1,corrected full,natural,12373785,Ecl,Ecl,test
1,corrected full,natural,12374282,Ecl,Ecl,test
1,corrected full,natural,12374400,Pulsating,Pulsating,test
1,corrected full,natural,12377666,Ecl,Ecl,test
1,corrected full,natural,12394941,Pulsating,Pulsating,test
1,corrected full,natural,12397628,Pulsating,Pulsating,test
1,corrected full,natural,12428055,Ecl,Ecl,test
1,corrected full,natural,12458470,Ecl,Ecl,test
1,corrected full,natural,12470242,Ecl,Ecl,test
1,corrected full,natural,12472170,rotational star,rotational star,test
1,corrected full,natural,12481937,rotational star,Pulsating,test
1,corrected full,natural,12502942,Ecl,Ecl,test
1,corrected full,natural,12506794,rotational star,Ecl,test
1,corrected full,natural,12623479,Pulsating,Pulsating,test
1,corrected full,natural,12629856,Ecl,Ecl,test
1,corrected full,natural,12644912,rotational star,rotational star,test
1,corrected full,natural,12644999,rotational star,rotational star,test
1,corrected full,natural,12645321,rotational star,rotational star,test
1,corrected full,natural,12828861,Ecl,Ecl,test
1,corrected full,natural,12830670,Ecl,Ecl,test
1,corrected full,natural,12832709,rotational star,rotational star,test
1,corrected full,natural,12986116,Pulsating,Pulsating,test
1,corrected full,natural,12987544,Pulsating,Pulsating,test
1,corrected full,natural,13086137,Pulsating,Ecl,test
1,corrected full,natural,13087516,rotational star,rotational star,test
1,corrected full,natural,13206347,rotational star,rotational star,test
1,corrected full,natural,13276733,Pulsating,Pulsating,test
1,corrected full,natural,13281056,Pulsating,Pulsating,test
1,corrected full,natural,13383287,rotational star,rotational star,test
1,corrected full,natural,13390885,Ecl,Ecl,test
1,corrected full,natural,13398192,Ecl,Ecl,test
1,corrected full,natural,13642058,rotational star,rotational star,test
1,corrected full,natural,13729475,Pulsating,Pulsating,test
1,corrected full,natural,13731074,Ecl,rotational star,test
1,corrected full,natural,13833585,rotational star,rotational star,test
1,corrected full,natural,14022706,rotational star,rotational star,test
1,corrected full,natural,14024188,Pulsating,Pulsating,test
1,corrected full,natural,14025549,rotational star,rotational star,test
1,corrected full,natural,14506614,Ecl,Ecl,test
1,corrected full,natural,14507025,Ecl,Ecl,test
1,corrected full,natural,14521032,Ecl,Ecl,test
1,corrected full,natural,15134517,Pulsating,rotational star,test
1,corrected full,natural,15135391,Ecl,Ecl,test
1,corrected full,natural,15136616,rotational star,rotational star,test
1,corrected full,natural,15200820,Ecl,Ecl,test
1,corrected full,natural,15201345,Pulsating,Pulsating,test
1,corrected full,natural,15516051,rotational star,rotational star,test
1,corrected full,natural,15597494,rotational star,rotational star,test
1,corrected full,natural,15600345,Pulsating,Pulsating,test
1,corrected full,natural,15601545,rotational star,rotational star,test
1,corrected full,natural,16014078,Ecl,Ecl,test
1,corrected full,natural,16023201,Pulsating,Pulsating,test
1,corrected full,natural,16025636,rotational star,Ecl,test
1,corrected full,natural,16026174,Pulsating,Pulsating,test
1,corrected full,natural,16028452,Pulsating,Pulsating,test
1,corrected full,natural,16030990,Pulsating,Pulsating,test
1,corrected full,natural,16041487,rotational star,rotational star,test
1,corrected full,natural,16070289,Ecl,rotational star,test
1,corrected full,natural,16129494,Ecl,rotational star,test
1,corrected full,natural,16181266,Ecl,Ecl,test
1,corrected full,natural,16190605,Ecl,Ecl,test
1,corrected full,natural,16193408,Ecl,rotational star,test
1,corrected full,natural,16197293,Ecl,Ecl,test
1,corrected full,natural,16197428,Ecl,Ecl,test
1,corrected full,natural,16197570,rotational star,rotational star,test
1,corrected full,natural,16199371,Pulsating,Ecl,test
1,corrected full,natural,16344798,Pulsating,Pulsating,test
1,corrected full,natural,16383690,Ecl,Ecl,test
1,corrected full,natural,16526833,Pulsating,Pulsating,test
1,corrected full,natural,16536879,Pulsating,Pulsating,test
1,corrected full,natural,16537858,Ecl,Ecl,test
1,corrected full,natural,16538906,rotational star,rotational star,test
1,corrected full,natural,16653594,Ecl,Ecl,test
1,corrected full,natural,16653951,rotational star,rotational star,test
1,corrected full,natural,16658118,Pulsating,Pulsating,test
1,corrected full,natural,16658450,Pulsating,Pulsating,test
1,corrected full,natural,16766005,Pulsating,Ecl,test
1,corrected full,natural,16767478,Ecl,Ecl,test
1,corrected full,natural,16801765,Pulsating,Pulsating,test
1,corrected full,natural,16805103,Ecl,Ecl,test
1,corrected full,natural,16805321,Pulsating,Pulsating,test
1,corrected full,natural,16806833,Ecl,Ecl,test
1,corrected full,natural,16809098,Pulsating,Pulsating,test
1,corrected full,natural,16810385,Pulsating,Pulsating,test
1,corrected full,natural,16845338,rotational star,rotational star,test
1,corrected full,natural,16847653,Ecl,Ecl,test
1,corrected full,natural,17144966,rotational star,rotational star,test
1,corrected full,natural,17172959,rotational star,rotational star,test
1,corrected full,natural,17173355,rotational star,rotational star,test
1,corrected full,natural,17173876,rotational star,rotational star,test
1,corrected full,natural,17174959,Pulsating,Pulsating,test
1,corrected full,natural,17394296,Pulsating,Pulsating,test
1,corrected full,natural,17487943,Ecl,Pulsating,test
1,corrected full,natural,17571403,Ecl,Ecl,test
1,corrected full,natural,17776220,Ecl,Pulsating,test
1,corrected full,natural,17834634,rotational star,rotational star,test
1,corrected full,natural,17851685,Pulsating,Pulsating,test
1,corrected full,natural,17883608,Ecl,Ecl,test
1,corrected full,natural,17904870,rotational star,rotational star,test
1,corrected full,natural,18273669,Pulsating,Pulsating,test
1,corrected full,natural,18276283,rotational star,rotational star,test
1,corrected full,natural,18285409,rotational star,rotational star,test
1,corrected full,natural,18559451,Ecl,rotational star,test
1,corrected full,natural,18563720,Ecl,Ecl,test
1,corrected full,natural,18642699,Pulsating,Pulsating,test
1,corrected full,natural,18655471,rotational star,Ecl,test
1,corrected full,natural,19137779,Pulsating,Pulsating,test
1,corrected full,natural,19138566,Ecl,Ecl,test
1,corrected full,natural,19316467,Pulsating,Pulsating,test
1,corrected full,natural,19316981,Ecl,rotational star,test
1,corrected full,natural,19318983,Ecl,Ecl,test
1,corrected full,natural,19590950,Pulsating,Pulsating,test
1,corrected full,natural,19658850,rotational star,rotational star,test
1,corrected full,natural,19662027,Ecl,Ecl,test
1,corrected full,natural,19968336,Pulsating,Pulsating,test
1,corrected full,natural,20027107,Ecl,Ecl,test
1,corrected full,natural,20027771,Ecl,Ecl,test
1,corrected full,natural,20193949,rotational star,rotational star,test
1,corrected full,natural,20196747,rotational star,rotational star,test
1,corrected full,natural,20235242,Ecl,Ecl,test
1,corrected full,natural,20238315,rotational star,rotational star,test
1,corrected full,natural,20325636,Ecl,Ecl,test
1,corrected full,natural,20325810,Pulsating,Pulsating,test
1,corrected full,natural,20326114,Ecl,Ecl,test
1,corrected full,natural,20453572,Ecl,Ecl,test
1,corrected full,natural,20453600,Ecl,Ecl,test
1,corrected full,natural,20465352,rotational star,rotational star,test
1,corrected full,natural,20471682,rotational star,rotational star,test
1,corrected full,natural,20475212,Ecl,Ecl,test
1,corrected full,natural,20475324,Pulsating,Pulsating,test
1,corrected full,natural,20476259,Ecl,rotational star,test
1,corrected full,natural,20582605,Ecl,Ecl,test
1,corrected full,natural,20727275,rotational star,rotational star,test
1,corrected full,natural,20731756,rotational star,rotational star,test
1,corrected full,natural,20961797,Ecl,Ecl,test
1,corrected full,natural,21232250,rotational star,rotational star,test
1,corrected full,natural,21232257,Pulsating,Pulsating,test
1,corrected full,natural,21232672,Pulsating,Pulsating,test
1,corrected full,natural,21233124,Pulsating,Pulsating,test
1,corrected full,natural,21422113,Ecl,Ecl,test
1,corrected full,natural,21524260,rotational star,rotational star,test
1,corrected full,natural,21527184,Ecl,Ecl,test
1,corrected full,natural,21531649,Ecl,Ecl,test
1,corrected full,natural,21532216,Ecl,Ecl,test
1,corrected full,natural,21598075,Pulsating,Ecl,test
1,corrected full,natural,21601463,Ecl,Ecl,test
1,corrected full,natural,21602369,Ecl,Ecl,test
1,corrected full,natural,21736850,rotational star,rotational star,test
1,corrected full,natural,21738821,rotational star,Pulsating,test
1,corrected full,natural,21742022,rotational star,rotational star,test
1,corrected full,natural,21771327,Ecl,Ecl,test
1,corrected full,natural,21860728,Pulsating,Pulsating,test
1,corrected full,natural,22039675,Pulsating,Pulsating,test
1,corrected full,natural,22307772,rotational star,rotational star,test
1,corrected full,natural,22308016,Ecl,Ecl,test
1,corrected full,natural,22308607,Pulsating,Pulsating,test
1,corrected full,natural,22309322,rotational star,rotational star,test
1,corrected full,natural,22570897,Ecl,Ecl,test
1,corrected full,natural,22580083,rotational star,rotational star,test
1,corrected full,natural,22580223,rotational star,rotational star,test
1,corrected full,natural,22840115,Pulsating,Pulsating,test
1,corrected full,natural,22846405,Pulsating,Pulsating,test
1,corrected full,natural,22846563,rotational star,rotational star,test
1,corrected full,natural,22898690,Pulsating,Pulsating,test
1,corrected full,natural,23048157,Pulsating,Pulsating,test
1,corrected full,natural,23049620,Pulsating,Pulsating,test
1,corrected full,natural,23095577,rotational star,rotational star,test
1,corrected full,natural,23101515,Pulsating,Pulsating,test
1,corrected full,natural,23101770,Pulsating,Pulsating,test
1,corrected full,natural,23229632,Pulsating,Pulsating,test
1,corrected full,natural,23369295,Ecl,Ecl,test
1,corrected full,natural,23519994,rotational star,rotational star,test
1,corrected full,natural,23521330,rotational star,rotational star,test
1,corrected full,natural,23523912,Ecl,Pulsating,test
1,corrected full,natural,23524150,rotational star,rotational star,test
1,corrected full,natural,24138124,rotational star,rotational star,test
1,corrected full,natural,24140979,Ecl,Ecl,test
1,corrected full,natural,24174358,rotational star,Ecl,test
1,corrected full,natural,24484885,Pulsating,Pulsating,test
1,corrected full,natural,24533094,Pulsating,Pulsating,test
1,corrected full,natural,24577185,Ecl,rotational star,test
1,corrected full,natural,24577672,Ecl,Ecl,test
1,corrected full,natural,24577924,Ecl,Ecl,test
1,corrected full,natural,24578578,rotational star,Ecl,test
1,corrected full,natural,24690993,Ecl,Ecl,test
1,corrected full,natural,24691343,Ecl,Ecl,test
1,corrected full,natural,24691515,Ecl,Ecl,test
1,corrected full,natural,24692152,Pulsating,Pulsating,test
1,corrected full,natural,24827721,Ecl,Ecl,test
1,corrected full,natural,25362557,Pulsating,Pulsating,test
1,corrected full,natural,25463342,Pulsating,Pulsating,test
1,corrected full,natural,25465107,Ecl,Ecl,test
1,corrected full,natural,25586204,Ecl,Ecl,test
1,corrected full,natural,25587645,Ecl,Ecl,test
1,corrected full,natural,25588590,rotational star,rotational star,test
1,corrected full,natural,25793632,Pulsating,Pulsating,test
1,corrected full,natural,26067932,rotational star,rotational star,test
1,corrected full,natural,26133011,Ecl,Ecl,test
1,corrected full,natural,26133520,rotational star,rotational star,test
1,corrected full,natural,26144601,rotational star,rotational star,test
1,corrected full,natural,26294888,rotational star,rotational star,test
1,corrected full,natural,26369924,Ecl,Ecl,test
1,corrected full,natural,26473626,rotational star,rotational star,test
1,corrected full,natural,26799867,Ecl,Ecl,test
1,corrected full,natural,26801970,Ecl,Ecl,test
1,corrected full,natural,26803237,Pulsating,Pulsating,test
1,corrected full,natural,26915868,rotational star,rotational star,test
1,corrected full,natural,26916686,Ecl,Ecl,test
1,corrected full,natural,26917114,Pulsating,Pulsating,test
1,corrected full,natural,27144593,Pulsating,Pulsating,test
1,corrected full,natural,27326490,rotational star,rotational star,test
1,corrected full,natural,27571837,Ecl,Ecl,test
1,corrected full,natural,27794525,Ecl,Ecl,test
1,corrected full,natural,27794663,Ecl,Ecl,test
1,corrected full,natural,27923697,Ecl,Ecl,test
1,corrected full,natural,28265471,rotational star,rotational star,test
1,corrected full,natural,28684551,Pulsating,Pulsating,test
1,corrected full,natural,28684789,Ecl,Ecl,test
1,corrected full,natural,28711497,rotational star,rotational star,test
1,corrected full,natural,28753266,Ecl,Ecl,test
1,corrected full,natural,28766428,Pulsating,Pulsating,test
1,corrected full,natural,28816210,rotational star,rotational star,test
1,corrected full,natural,28817718,Ecl,Ecl,test
1,corrected full,natural,28906137,Ecl,Ecl,test
1,corrected full,natural,29111193,Ecl,Ecl,test
1,corrected full,natural,29120461,rotational star,rotational star,test
1,corrected full,natural,29123719,rotational star,rotational star,test
1,corrected full,natural,29125200,rotational star,rotational star,test
1,corrected full,natural,29186647,Ecl,Ecl,test
1,corrected full,natural,29188720,rotational star,rotational star,test
1,corrected full,natural,29240740,rotational star,rotational star,test
1,corrected full,natural,29244562,Pulsating,Pulsating,test
1,corrected full,natural,29255984,Pulsating,Pulsating,test
1,corrected full,natural,29272289,Pulsating,Pulsating,test
1,corrected full,natural,29333111,Pulsating,Pulsating,test
1,corrected full,natural,29468390,Pulsating,Pulsating,test
1,corrected full,natural,29470734,rotational star,rotational star,test
1,corrected full,natural,29581880,rotational star,rotational star,test
1,corrected full,natural,29587302,rotational star,rotational star,test
1,corrected full,natural,29588091,Pulsating,Ecl,test
1,corrected full,natural,30985418,Ecl,Ecl,test
1,corrected full,natural,31050780,rotational star,rotational star,test
1,corrected full,natural,31079188,Pulsating,Pulsating,test
1,corrected full,natural,31132730,rotational star,rotational star,test
1,corrected full,natural,31264095,Ecl,Ecl,test
1,corrected full,natural,31275601,Ecl,Ecl,test
1,corrected full,natural,31276935,Ecl,Ecl,test
1,corrected full,natural,31419272,Pulsating,Ecl,test
1,corrected full,natural,31430137,rotational star,rotational star,test
1,corrected full,natural,31495826,Ecl,Ecl,test
1,corrected full,natural,31495934,Ecl,Ecl,test
1,corrected full,natural,31499229,rotational star,rotational star,test
1,corrected full,natural,31530586,Ecl,Ecl,test
1,corrected full,natural,31596857,rotational star,rotational star,test
1,corrected full,natural,32007198,Pulsating,Ecl,test
1,corrected full,natural,32538552,Pulsating,Pulsating,test
1,corrected full,natural,32540202,Pulsating,Pulsating,test
1,corrected full,natural,32540408,rotational star,rotational star,test
1,corrected full,natural,32979939,Ecl,Ecl,test
1,corrected full,natural,33293395,Ecl,Ecl,test
1,corrected full,natural,33545044,rotational star,rotational star,test
1,corrected full,natural,33889547,Ecl,Ecl,test
1,corrected full,natural,34288224,rotational star,rotational star,test
1,corrected full,natural,34721768,Pulsating,Pulsating,test
1,corrected full,natural,34732858,Pulsating,Pulsating,test
1,corrected full,natural,35903210,rotational star,rotational star,test
1,corrected full,natural,36068658,Ecl,Ecl,test
1,corrected full,natural,36073512,Ecl,Ecl,test
1,corrected full,natural,36073957,Ecl,rotational star,test
1,corrected full,natural,36151101,Ecl,Ecl,test
1,corrected full,natural,36929805,rotational star,rotational star,test
1,corrected full,natural,36932872,Pulsating,Pulsating,test
1,corrected full,natural,36934154,rotational star,rotational star,test
1,corrected full,natural,37036024,Pulsating,Pulsating,test
1,corrected full,natural,37156018,Pulsating,Pulsating,test
1,corrected full,natural,37156082,rotational star,rotational star,test
1,corrected full,natural,37519132,Ecl,Ecl,test
1,corrected full,natural,37972550,Ecl,Pulsating,test
1,corrected full,natural,38957658,Ecl,Ecl,test
1,corrected full,natural,38959792,Pulsating,Ecl,test
1,corrected full,natural,38960487,rotational star,rotational star,test
1,corrected full,natural,39184902,rotational star,rotational star,test
1,corrected full,natural,39185786,rotational star,rotational star,test
1,corrected full,natural,39241909,Ecl,rotational star,test
1,corrected full,natural,39373554,Pulsating,Pulsating,test
1,corrected full,natural,39375276,Pulsating,Ecl,test
1,corrected full,natural,39594938,Ecl,Ecl,test
1,corrected full,natural,39595213,rotational star,rotational star,test
1,corrected full,natural,39832168,Ecl,Ecl,test
1,corrected full,natural,40702567,Pulsating,Pulsating,test
1,corrected full,natural,41128071,Ecl,Ecl,test
1,corrected full,natural,41474622,Ecl,Ecl,test
1,corrected full,natural,41582109,Ecl,Ecl,test
1,corrected full,natural,41585546,Ecl,Ecl,test
1,corrected full,natural,41586209,Ecl,Ecl,test
1,corrected full,natural,41590845,rotational star,rotational star,test
1,corrected full,natural,42032149,Ecl,Ecl,test
1,corrected full,natural,42324856,Ecl,Ecl,test
1,corrected full,natural,42476058,Pulsating,Pulsating,test
1,corrected full,natural,42479355,Pulsating,Pulsating,test
1,corrected full,natural,42746983,Ecl,Ecl,test
1,corrected full,natural,42785560,Ecl,rotational star,test
1,corrected full,natural,42786413,Pulsating,Pulsating,test
1,corrected full,natural,42912979,Ecl,Ecl,test
1,corrected full,natural,42913803,Ecl,Ecl,test
1,corrected full,natural,42913866,Pulsating,Pulsating,test
1,corrected full,natural,43463371,Ecl,Ecl,test
1,corrected full,natural,43606048,Pulsating,Pulsating,test
1,corrected full,natural,43607595,Pulsating,Pulsating,test
1,corrected full,natural,43723851,Ecl,Ecl,test
1,corrected full,natural,43751151,Pulsating,Pulsating,test
1,corrected full,natural,43752630,Pulsating,Pulsating,test
1,corrected full,natural,43752743,Pulsating,Pulsating,test
1,corrected full,natural,43920296,Ecl,Ecl,test
1,corrected full,natural,43920441,Ecl,Ecl,test
1,corrected full,natural,43920514,Pulsating,Pulsating,test
1,corrected full,natural,44123679,Pulsating,Pulsating,test
1,corrected full,natural,44137633,Ecl,Ecl,test
1,corrected full,natural,44449429,Ecl,Ecl,test
1,corrected full,natural,44663258,Ecl,Ecl,test
1,corrected full,natural,46259988,Pulsating,Pulsating,test
1,corrected full,natural,46260797,rotational star,rotational star,test
1,corrected full,natural,46415881,rotational star,rotational star,test
1,corrected full,natural,46632641,Ecl,Ecl,test
1,corrected full,natural,46897724,Pulsating,Pulsating,test
1,corrected full,natural,46897839,Pulsating,Pulsating,test
1,corrected full,natural,46898218,Pulsating,Pulsating,test
1,corrected full,natural,46900721,Pulsating,Pulsating,test
1,corrected full,natural,46914594,Pulsating,Pulsating,test
1,corrected full,natural,46981461,Pulsating,Pulsating,test
1,corrected full,natural,47022490,Ecl,Ecl,test
1,corrected full,natural,47024234,Ecl,rotational star,test
1,corrected full,natural,47024240,Ecl,Ecl,test
1,corrected full,natural,47970546,Ecl,Ecl,test
1,corrected full,natural,48249657,rotational star,rotational star,test
1,corrected full,natural,48254913,Pulsating,Pulsating,test
1,corrected full,natural,48982818,Ecl,Ecl,test
1,corrected full,natural,50132451,Ecl,Ecl,test
1,corrected full,natural,50354719,Pulsating,Pulsating,test
1,corrected full,natural,51619832,Pulsating,Pulsating,test
1,corrected full,natural,53182877,Ecl,Ecl,test
1,corrected full,natural,53228372,Ecl,Ecl,test
1,corrected full,natural,53232890,rotational star,rotational star,test
1,corrected full,natural,53236580,Pulsating,Pulsating,test
1,corrected full,natural,53330452,Ecl,rotational star,test
1,corrected full,natural,53396979,rotational star,rotational star,test
1,corrected full,natural,57826750,Ecl,Ecl,test
1,corrected full,natural,57989097,Ecl,Pulsating,test
1,corrected full,natural,57992772,Ecl,Ecl,test
1,corrected full,natural,58248985,Pulsating,Ecl,test
1,corrected full,natural,58249067,Ecl,Ecl,test
1,corrected full,natural,58286884,rotational star,rotational star,test
1,corrected full,natural,59438186,rotational star,Pulsating,test
1,corrected full,natural,59739171,rotational star,rotational star,test
1,corrected full,natural,60262047,Ecl,rotational star,test
1,corrected full,natural,60263095,rotational star,rotational star,test
1,corrected full,natural,60265807,rotational star,rotational star,test
1,corrected full,natural,60289910,Pulsating,Pulsating,test
1,corrected full,natural,60498365,Ecl,Ecl,test
1,corrected full,natural,60656985,Pulsating,Pulsating,test
1,corrected full,natural,60657582,rotational star,rotational star,test
1,corrected full,natural,61496813,Ecl,Ecl,test
1,corrected full,natural,64171523,Ecl,Ecl,test
1,corrected full,natural,64449850,Pulsating,Pulsating,test
1,corrected full,natural,64468311,Pulsating,Pulsating,test
1,corrected full,natural,65147776,rotational star,Pulsating,test
1,corrected full,natural,65712645,Pulsating,Pulsating,test
1,corrected full,natural,67079023,Pulsating,Pulsating,test
1,corrected full,natural,70836558,Pulsating,Pulsating,test
1,corrected full,natural,70836696,Ecl,Ecl,test
1,corrected full,natural,71713323,Pulsating,Pulsating,test
1,corrected full,natural,72373285,Ecl,Ecl,test
1,corrected full,natural,77824269,rotational star,rotational star,test
1,corrected full,natural,77824723,Pulsating,Pulsating,test
1,corrected full,natural,77826239,Pulsating,Pulsating,test
1,corrected full,natural,92903768,Ecl,Ecl,test
1,corrected full,natural,120940265,rotational star,rotational star,test
1,corrected full,undersampling,3475,Pulsating,Pulsating,validation
1,corrected full,undersampling,3731,rotational star,rotational star,validation
1,corrected full,undersampling,67084,rotational star,rotational star,validation
1,corrected full,undersampling,171278,Ecl,Ecl,validation
1,corrected full,undersampling,171284,Pulsating,Ecl,validation
1,corrected full,undersampling,183252,Ecl,Ecl,validation
1,corrected full,undersampling,348190,Ecl,Ecl,validation
1,corrected full,undersampling,353686,rotational star,rotational star,validation
1,corrected full,undersampling,519013,Ecl,Ecl,validation
1,corrected full,undersampling,606285,Ecl,Ecl,validation
1,corrected full,undersampling,653611,Ecl,Ecl,validation
1,corrected full,undersampling,690265,Pulsating,Pulsating,validation
1,corrected full,undersampling,712084,Pulsating,Pulsating,validation
1,corrected full,undersampling,720902,Pulsating,Pulsating,validation
1,corrected full,undersampling,744286,Ecl,rotational star,validation
1,corrected full,undersampling,793028,rotational star,rotational star,validation
1,corrected full,undersampling,799045,Pulsating,Pulsating,validation
1,corrected full,undersampling,890936,Ecl,Ecl,validation
1,corrected full,undersampling,990435,Pulsating,Pulsating,validation
1,corrected full,undersampling,1070298,Ecl,Ecl,validation
1,corrected full,undersampling,1077061,Ecl,Ecl,validation
1,corrected full,undersampling,1089135,rotational star,rotational star,validation
1,corrected full,undersampling,1091902,Pulsating,Pulsating,validation
1,corrected full,undersampling,1148586,Ecl,Ecl,validation
1,corrected full,undersampling,1397516,rotational star,Ecl,validation
1,corrected full,undersampling,1398126,Pulsating,Ecl,validation
1,corrected full,undersampling,1398335,Ecl,Ecl,validation
1,corrected full,undersampling,1486373,Ecl,Ecl,validation
1,corrected full,undersampling,1494121,Ecl,Ecl,validation
1,corrected full,undersampling,1519021,Pulsating,Pulsating,validation
1,corrected full,undersampling,1796381,Ecl,Ecl,validation
1,corrected full,undersampling,1805412,rotational star,rotational star,validation
1,corrected full,undersampling,1816052,Ecl,Ecl,validation
1,corrected full,undersampling,1817793,rotational star,rotational star,validation
1,corrected full,undersampling,1859120,rotational star,rotational star,validation
1,corrected full,undersampling,1860824,Ecl,Ecl,validation
1,corrected full,undersampling,1866197,Pulsating,Pulsating,validation
1,corrected full,undersampling,1960701,Ecl,Ecl,validation
1,corrected full,undersampling,1964314,Pulsating,Pulsating,validation
1,corrected full,undersampling,1968103,rotational star,rotational star,validation
1,corrected full,undersampling,1969088,Pulsating,Pulsating,validation
1,corrected full,undersampling,1989190,Pulsating,Pulsating,validation
1,corrected full,undersampling,2245522,Pulsating,Pulsating,validation
1,corrected full,undersampling,2612743,rotational star,rotational star,validation
1,corrected full,undersampling,3015458,Ecl,Ecl,validation
1,corrected full,undersampling,3025983,Pulsating,Pulsating,validation
1,corrected full,undersampling,3028224,Pulsating,Pulsating,validation
1,corrected full,undersampling,3055159,Pulsating,Pulsating,validation
1,corrected full,undersampling,3055370,rotational star,rotational star,validation
1,corrected full,undersampling,3171009,Pulsating,Pulsating,validation
1,corrected full,undersampling,3268343,Pulsating,Pulsating,validation
1,corrected full,undersampling,3268485,Ecl,Ecl,validation
1,corrected full,undersampling,3302875,Ecl,Ecl,validation
1,corrected full,undersampling,3316443,Ecl,Ecl,validation
1,corrected full,undersampling,3321236,Ecl,Ecl,validation
1,corrected full,undersampling,3494134,Ecl,Ecl,validation
1,corrected full,undersampling,3517587,rotational star,rotational star,validation
1,corrected full,undersampling,3532504,rotational star,rotational star,validation
1,corrected full,undersampling,3532725,rotational star,rotational star,validation
1,corrected full,undersampling,3537341,Pulsating,Pulsating,validation
1,corrected full,undersampling,3537506,rotational star,Ecl,validation
1,corrected full,undersampling,3538597,Ecl,rotational star,validation
1,corrected full,undersampling,3538812,rotational star,rotational star,validation
1,corrected full,undersampling,3564510,Ecl,Ecl,validation
1,corrected full,undersampling,3580508,Pulsating,Pulsating,validation
1,corrected full,undersampling,3610311,Ecl,Ecl,validation
1,corrected full,undersampling,3610496,Pulsating,Pulsating,validation
1,corrected full,undersampling,3611639,Pulsating,Pulsating,validation
1,corrected full,undersampling,3708831,Ecl,Ecl,validation
1,corrected full,undersampling,3769324,Ecl,Ecl,validation
1,corrected full,undersampling,3874759,rotational star,rotational star,validation
1,corrected full,undersampling,3875738,Ecl,Ecl,validation
1,corrected full,undersampling,3888046,rotational star,rotational star,validation
1,corrected full,undersampling,3896410,Ecl,Ecl,validation
1,corrected full,undersampling,3902479,rotational star,rotational star,validation
1,corrected full,undersampling,4049593,Ecl,Ecl,validation
1,corrected full,undersampling,4077488,Pulsating,Pulsating,validation
1,corrected full,undersampling,4150111,Ecl,rotational star,validation
1,corrected full,undersampling,4150246,rotational star,rotational star,validation
1,corrected full,undersampling,4204745,Ecl,Ecl,validation
1,corrected full,undersampling,4220347,Ecl,Ecl,validation
1,corrected full,undersampling,4266221,Pulsating,Pulsating,validation
1,corrected full,undersampling,4268448,rotational star,rotational star,validation
1,corrected full,undersampling,4269492,Ecl,Ecl,validation
1,corrected full,undersampling,4322722,Ecl,rotational star,validation
1,corrected full,undersampling,4327369,Ecl,Ecl,validation
1,corrected full,undersampling,4501986,Pulsating,Ecl,validation
1,corrected full,undersampling,4503543,Ecl,Ecl,validation
1,corrected full,undersampling,4504299,Ecl,rotational star,validation
1,corrected full,undersampling,4558756,rotational star,rotational star,validation
1,corrected full,undersampling,4560436,rotational star,rotational star,validation
1,corrected full,undersampling,4619652,Pulsating,Pulsating,validation
1,corrected full,undersampling,4620388,rotational star,rotational star,validation
1,corrected full,undersampling,4620570,rotational star,rotational star,validation
1,corrected full,undersampling,4990201,Pulsating,Pulsating,validation
1,corrected full,undersampling,4992303,rotational star,rotational star,validation
1,corrected full,undersampling,4994551,rotational star,rotational star,validation
1,corrected full,undersampling,5119390,Ecl,Ecl,validation
1,corrected full,undersampling,5122590,Ecl,Ecl,validation
1,corrected full,undersampling,5183708,Ecl,Ecl,validation
1,corrected full,undersampling,5400617,Ecl,Ecl,validation
1,corrected full,undersampling,5403672,Ecl,Ecl,validation
1,corrected full,undersampling,5403826,rotational star,Ecl,validation
1,corrected full,undersampling,5411324,rotational star,rotational star,validation
1,corrected full,undersampling,5415208,rotational star,rotational star,validation
1,corrected full,undersampling,5498176,Pulsating,Pulsating,validation
1,corrected full,undersampling,5551469,rotational star,rotational star,validation
1,corrected full,undersampling,5555406,Pulsating,Pulsating,validation
1,corrected full,undersampling,5575930,Ecl,Ecl,validation
1,corrected full,undersampling,5836693,Ecl,Ecl,validation
1,corrected full,undersampling,5836875,Pulsating,Pulsating,validation
1,corrected full,undersampling,5838126,rotational star,rotational star,validation
1,corrected full,undersampling,5838622,rotational star,rotational star,validation
1,corrected full,undersampling,6251007,Ecl,Ecl,validation
1,corrected full,undersampling,6320510,Ecl,Ecl,validation
1,corrected full,undersampling,6334546,Ecl,Ecl,validation
1,corrected full,undersampling,6384545,Ecl,Ecl,validation
1,corrected full,undersampling,6385201,Ecl,Ecl,validation
1,corrected full,undersampling,6388094,rotational star,rotational star,validation
1,corrected full,undersampling,6422961,Ecl,Ecl,validation
1,corrected full,undersampling,6426366,Pulsating,Pulsating,validation
1,corrected full,undersampling,6430298,Ecl,Ecl,validation
1,corrected full,undersampling,6430859,Ecl,Ecl,validation
1,corrected full,undersampling,6453989,Pulsating,Pulsating,validation
1,corrected full,undersampling,6454975,Pulsating,Pulsating,validation
1,corrected full,undersampling,6656959,Ecl,Ecl,validation
1,corrected full,undersampling,6711345,Pulsating,Pulsating,validation
1,corrected full,undersampling,6712584,Pulsating,Pulsating,validation
1,corrected full,undersampling,6776202,Pulsating,Ecl,validation
1,corrected full,undersampling,6885169,Ecl,Ecl,validation
1,corrected full,undersampling,6885471,Pulsating,Pulsating,validation
1,corrected full,undersampling,6887869,Ecl,Ecl,validation
1,corrected full,undersampling,6888668,Ecl,rotational star,validation
1,corrected full,undersampling,6898568,rotational star,Ecl,validation
1,corrected full,undersampling,6902134,rotational star,rotational star,validation
1,corrected full,undersampling,6905427,Ecl,Ecl,validation
1,corrected full,undersampling,6914940,rotational star,rotational star,validation
1,corrected full,undersampling,6971792,Ecl,Ecl,validation
1,corrected full,undersampling,6976195,Ecl,Ecl,validation
1,corrected full,undersampling,7078316,Ecl,Ecl,validation
1,corrected full,undersampling,7125563,rotational star,rotational star,validation
1,corrected full,undersampling,7127071,rotational star,rotational star,validation
1,corrected full,undersampling,7216267,Ecl,rotational star,validation
1,corrected full,undersampling,7223975,Ecl,Ecl,validation
1,corrected full,undersampling,7224641,Pulsating,Pulsating,validation
1,corrected full,undersampling,7338025,Ecl,rotational star,validation
1,corrected full,undersampling,7338134,Ecl,Ecl,validation
1,corrected full,undersampling,7437296,rotational star,rotational star,validation
1,corrected full,undersampling,7437374,Ecl,Ecl,validation
1,corrected full,undersampling,7442998,rotational star,rotational star,validation
1,corrected full,undersampling,7444924,Ecl,Ecl,validation
1,corrected full,undersampling,7445591,rotational star,rotational star,validation
1,corrected full,undersampling,7565670,rotational star,rotational star,validation
1,corrected full,undersampling,7567558,rotational star,rotational star,validation
1,corrected full,undersampling,7570243,rotational star,rotational star,validation
1,corrected full,undersampling,7570813,Pulsating,Pulsating,validation
1,corrected full,undersampling,7727469,Pulsating,Pulsating,validation
1,corrected full,undersampling,7730060,Ecl,rotational star,validation
1,corrected full,undersampling,7730513,Pulsating,Pulsating,validation
1,corrected full,undersampling,7823994,Ecl,Ecl,validation
1,corrected full,undersampling,7882385,Ecl,Ecl,validation
1,corrected full,undersampling,7895929,Ecl,Ecl,validation
1,corrected full,undersampling,7897069,Pulsating,Pulsating,validation
1,corrected full,undersampling,7899663,rotational star,rotational star,validation
1,corrected full,undersampling,7904203,Ecl,rotational star,validation
1,corrected full,undersampling,7947845,Pulsating,Pulsating,validation
1,corrected full,undersampling,8082395,Pulsating,Pulsating,validation
1,corrected full,undersampling,8083257,Pulsating,Pulsating,validation
1,corrected full,undersampling,8083426,Ecl,Ecl,validation
1,corrected full,undersampling,8086665,Ecl,Ecl,validation
1,corrected full,undersampling,8086972,Ecl,Ecl,validation
1,corrected full,undersampling,8087946,Ecl,Ecl,validation
1,corrected full,undersampling,8089125,Pulsating,Pulsating,validation
1,corrected full,undersampling,8259819,rotational star,Ecl,validation
1,corrected full,undersampling,8260014,Ecl,Ecl,validation
1,corrected full,undersampling,8261582,rotational star,rotational star,validation
1,corrected full,undersampling,8302414,Ecl,Ecl,validation
1,corrected full,undersampling,8393466,Ecl,rotational star,validation
1,corrected full,undersampling,8394121,rotational star,rotational star,validation
1,corrected full,undersampling,8394481,Pulsating,Pulsating,validation
1,corrected full,undersampling,8395431,rotational star,rotational star,validation
1,corrected full,undersampling,8396360,Ecl,Ecl,validation
1,corrected full,undersampling,8412158,Pulsating,Pulsating,validation
1,corrected full,undersampling,8422352,rotational star,rotational star,validation
1,corrected full,undersampling,8546412,rotational star,rotational star,validation
1,corrected full,undersampling,8670455,rotational star,rotational star,validation
1,corrected full,undersampling,8699987,rotational star,rotational star,validation
1,corrected full,undersampling,8700483,Ecl,Ecl,validation
1,corrected full,undersampling,8819196,Ecl,Ecl,validation
1,corrected full,undersampling,8822653,Ecl,Ecl,validation
1,corrected full,undersampling,8828001,Ecl,Pulsating,validation
1,corrected full,undersampling,8865247,rotational star,rotational star,validation
1,corrected full,undersampling,8896147,rotational star,rotational star,validation
1,corrected full,undersampling,8899537,Ecl,Ecl,validation
1,corrected full,undersampling,8902556,rotational star,rotational star,validation
1,corrected full,undersampling,8903746,Ecl,Ecl,validation
1,corrected full,undersampling,9002177,Ecl,Ecl,validation
1,corrected full,undersampling,9058102,Ecl,Ecl,validation
1,corrected full,undersampling,9088982,Pulsating,Pulsating,validation
1,corrected full,undersampling,9253617,rotational star,Ecl,validation
1,corrected full,undersampling,9381201,Ecl,Ecl,validation
1,corrected full,undersampling,9381763,Pulsating,Pulsating,validation
1,corrected full,undersampling,9421913,Ecl,rotational star,validation
1,corrected full,undersampling,9426593,rotational star,rotational star,validation
1,corrected full,undersampling,9457934,Pulsating,Ecl,validation
1,corrected full,undersampling,9710912,rotational star,rotational star,validation
1,corrected full,undersampling,9824982,Ecl,Ecl,validation
1,corrected full,undersampling,9866814,rotational star,Pulsating,validation
1,corrected full,undersampling,9956460,Ecl,Ecl,validation
1,corrected full,undersampling,10239191,Pulsating,Pulsating,validation
1,corrected full,undersampling,10250850,Ecl,Ecl,validation
1,corrected full,undersampling,10354842,Pulsating,Pulsating,validation
1,corrected full,undersampling,10376566,Ecl,Ecl,validation
1,corrected full,undersampling,10493469,rotational star,rotational star,validation
1,corrected full,undersampling,10493735,Ecl,Ecl,validation
1,corrected full,undersampling,10497491,Pulsating,Pulsating,validation
1,corrected full,undersampling,10542430,Ecl,Ecl,validation
1,corrected full,undersampling,10683246,rotational star,rotational star,validation
1,corrected full,undersampling,10694849,Ecl,Ecl,validation
1,corrected full,undersampling,10695604,Ecl,Ecl,validation
1,corrected full,undersampling,10725648,Ecl,Ecl,validation
1,corrected full,undersampling,10758329,Pulsating,Pulsating,validation
1,corrected full,undersampling,10775690,Ecl,Ecl,validation
1,corrected full,undersampling,10781641,Ecl,Ecl,validation
1,corrected full,undersampling,10796406,Ecl,Ecl,validation
1,corrected full,undersampling,10797187,Ecl,rotational star,validation
1,corrected full,undersampling,10798587,rotational star,Ecl,validation
1,corrected full,undersampling,10999288,rotational star,rotational star,validation
1,corrected full,undersampling,11001884,rotational star,rotational star,validation
1,corrected full,undersampling,11007265,Ecl,Ecl,validation
1,corrected full,undersampling,11009101,Ecl,Ecl,validation
1,corrected full,undersampling,11011121,Pulsating,Pulsating,validation
1,corrected full,undersampling,11330091,Pulsating,Pulsating,validation
1,corrected full,undersampling,11331222,rotational star,rotational star,validation
1,corrected full,undersampling,11331243,Ecl,Ecl,validation
1,corrected full,undersampling,11569336,Ecl,Ecl,validation
1,corrected full,undersampling,11618917,Ecl,Ecl,validation
1,corrected full,undersampling,11619060,Pulsating,Pulsating,validation
1,corrected full,undersampling,11777950,Ecl,Ecl,validation
1,corrected full,undersampling,11781845,rotational star,rotational star,validation
1,corrected full,undersampling,12066656,Pulsating,Pulsating,validation
1,corrected full,undersampling,12258668,Ecl,Ecl,validation
1,corrected full,undersampling,12372966,Pulsating,Pulsating,validation
1,corrected full,undersampling,12381065,Pulsating,Pulsating,validation
1,corrected full,undersampling,12385141,Pulsating,Pulsating,validation
1,corrected full,undersampling,12396137,rotational star,rotational star,validation
1,corrected full,undersampling,12428154,rotational star,rotational star,validation
1,corrected full,undersampling,12429757,Pulsating,Pulsating,validation
1,corrected full,undersampling,12430524,Ecl,rotational star,validation
1,corrected full,undersampling,12455147,Pulsating,Pulsating,validation
1,corrected full,undersampling,12458201,Pulsating,Pulsating,validation
1,corrected full,undersampling,12485558,Ecl,Ecl,validation
1,corrected full,undersampling,12503915,Pulsating,Pulsating,validation
1,corrected full,undersampling,12629618,Ecl,Ecl,validation
1,corrected full,undersampling,12632305,rotational star,rotational star,validation
1,corrected full,undersampling,12645886,rotational star,rotational star,validation
1,corrected full,undersampling,12833109,Ecl,Ecl,validation
1,corrected full,undersampling,12985266,rotational star,rotational star,validation
1,corrected full,undersampling,12987403,rotational star,Ecl,validation
1,corrected full,undersampling,12987610,Pulsating,Pulsating,validation
1,corrected full,undersampling,12988288,rotational star,Ecl,validation
1,corrected full,undersampling,13087231,Pulsating,Pulsating,validation
1,corrected full,undersampling,13199413,rotational star,rotational star,validation
1,corrected full,undersampling,13207875,Pulsating,Pulsating,validation
1,corrected full,undersampling,13207951,Pulsating,Pulsating,validation
1,corrected full,undersampling,13208778,Pulsating,Pulsating,validation
1,corrected full,undersampling,13209911,rotational star,rotational star,validation
1,corrected full,undersampling,13242181,Pulsating,Pulsating,validation
1,corrected full,undersampling,13276565,Pulsating,Pulsating,validation
1,corrected full,undersampling,13383409,Pulsating,Ecl,validation
1,corrected full,undersampling,13389119,Ecl,Ecl,validation
1,corrected full,undersampling,13530333,Ecl,Ecl,validation
1,corrected full,undersampling,13654537,Pulsating,Pulsating,validation
1,corrected full,undersampling,13655974,Ecl,Ecl,validation
1,corrected full,undersampling,13751687,Pulsating,Pulsating,validation
1,corrected full,undersampling,14230613,Pulsating,Pulsating,validation
1,corrected full,undersampling,14244526,rotational star,rotational star,validation
1,corrected full,undersampling,14506922,Ecl,Ecl,validation
1,corrected full,undersampling,14691730,Pulsating,Pulsating,validation
1,corrected full,undersampling,14738575,Pulsating,Pulsating,validation
1,corrected full,undersampling,14740870,rotational star,rotational star,validation
1,corrected full,undersampling,14741764,Ecl,Ecl,validation
1,corrected full,undersampling,15137022,Pulsating,Pulsating,validation
1,corrected full,undersampling,15597839,Pulsating,Ecl,validation
1,corrected full,undersampling,15597867,rotational star,Ecl,validation
1,corrected full,undersampling,15599936,Ecl,rotational star,validation
1,corrected full,undersampling,15850657,Pulsating,Pulsating,validation
1,corrected full,undersampling,16014617,rotational star,rotational star,validation
1,corrected full,undersampling,16019390,Pulsating,Pulsating,validation
1,corrected full,undersampling,16025148,Pulsating,Pulsating,validation
1,corrected full,undersampling,16069152,Pulsating,Pulsating,validation
1,corrected full,undersampling,16070460,Ecl,Ecl,validation
1,corrected full,undersampling,16191604,Ecl,Ecl,validation
1,corrected full,undersampling,16195962,Ecl,Ecl,validation
1,corrected full,undersampling,16196927,Ecl,Ecl,validation
1,corrected full,undersampling,16201007,Ecl,rotational star,validation
1,corrected full,undersampling,16346242,Ecl,Ecl,validation
1,corrected full,undersampling,16385436,Pulsating,Pulsating,validation
1,corrected full,undersampling,16524653,Pulsating,Ecl,validation
1,corrected full,undersampling,16524927,Ecl,Ecl,validation
1,corrected full,undersampling,16539212,Pulsating,Pulsating,validation
1,corrected full,undersampling,16652319,rotational star,rotational star,validation
1,corrected full,undersampling,16810259,Ecl,Ecl,validation
1,corrected full,undersampling,16815904,Pulsating,Pulsating,validation
1,corrected full,undersampling,17139277,Ecl,Ecl,validation
1,corrected full,undersampling,17143971,Pulsating,Pulsating,validation
1,corrected full,undersampling,17171545,rotational star,rotational star,validation
1,corrected full,undersampling,17171630,Ecl,Ecl,validation
1,corrected full,undersampling,17171915,Pulsating,Pulsating,validation
1,corrected full,undersampling,17173848,Pulsating,Pulsating,validation
1,corrected full,undersampling,17204841,Ecl,Ecl,validation
1,corrected full,undersampling,17207646,rotational star,rotational star,validation
1,corrected full,undersampling,17395501,Ecl,Ecl,validation
1,corrected full,undersampling,17395619,Ecl,Ecl,validation
1,corrected full,undersampling,17486534,Pulsating,Pulsating,validation
1,corrected full,undersampling,17487267,Ecl,Ecl,validation
1,corrected full,undersampling,17488151,rotational star,Pulsating,validation
1,corrected full,undersampling,17489885,rotational star,rotational star,validation
1,corrected full,undersampling,17668303,rotational star,Ecl,validation
1,corrected full,undersampling,17668765,rotational star,rotational star,validation
1,corrected full,undersampling,17683753,Pulsating,Pulsating,validation
1,corrected full,undersampling,17705241,Pulsating,Pulsating,validation
1,corrected full,undersampling,18161508,Pulsating,Ecl,validation
1,corrected full,undersampling,18162677,rotational star,rotational star,validation
1,corrected full,undersampling,18163157,rotational star,rotational star,validation
1,corrected full,undersampling,18196444,Ecl,Ecl,validation
1,corrected full,undersampling,18279384,Pulsating,Pulsating,validation
1,corrected full,undersampling,18565790,Ecl,Ecl,validation
1,corrected full,undersampling,18643995,Pulsating,Pulsating,validation
1,corrected full,undersampling,18685198,Pulsating,Ecl,validation
1,corrected full,undersampling,18753712,Ecl,Ecl,validation
1,corrected full,undersampling,19315549,rotational star,rotational star,validation
1,corrected full,undersampling,19316099,Pulsating,Pulsating,validation
1,corrected full,undersampling,19316948,Ecl,rotational star,validation
1,corrected full,undersampling,19318719,Ecl,Ecl,validation
1,corrected full,undersampling,19593398,Pulsating,Pulsating,validation
1,corrected full,undersampling,19661167,Pulsating,Pulsating,validation
1,corrected full,undersampling,20027143,Ecl,Ecl,validation
1,corrected full,undersampling,20185964,rotational star,Ecl,validation
1,corrected full,undersampling,20191975,Pulsating,Pulsating,validation
1,corrected full,undersampling,20236227,rotational star,rotational star,validation
1,corrected full,undersampling,20325802,Pulsating,Pulsating,validation
1,corrected full,undersampling,20350465,Ecl,Ecl,validation
1,corrected full,undersampling,20581090,Pulsating,Pulsating,validation
1,corrected full,undersampling,20582631,Ecl,rotational star,validation
1,corrected full,undersampling,20582974,Ecl,rotational star,validation
1,corrected full,undersampling,20729490,Pulsating,Ecl,validation
1,corrected full,undersampling,21232325,Ecl,Ecl,validation
1,corrected full,undersampling,21233087,Pulsating,Pulsating,validation
1,corrected full,undersampling,21257384,Ecl,Ecl,validation
1,corrected full,undersampling,21331636,Pulsating,Pulsating,validation
1,corrected full,undersampling,21525577,Ecl,Ecl,validation
1,corrected full,undersampling,21530397,Ecl,rotational star,validation
1,corrected full,undersampling,21532142,Ecl,rotational star,validation
1,corrected full,undersampling,21598085,rotational star,rotational star,validation
1,corrected full,undersampling,22025457,Ecl,rotational star,validation
1,corrected full,undersampling,22026557,Ecl,Ecl,validation
1,corrected full,undersampling,22032757,Ecl,Ecl,validation
1,corrected full,undersampling,22307491,rotational star,rotational star,validation
1,corrected full,undersampling,22439883,rotational star,rotational star,validation
1,corrected full,undersampling,22552904,Pulsating,Ecl,validation
1,corrected full,undersampling,22596528,rotational star,rotational star,validation
1,corrected full,undersampling,22845889,Pulsating,Pulsating,validation
1,corrected full,undersampling,22898649,Ecl,Ecl,validation
1,corrected full,undersampling,23094948,Pulsating,Pulsating,validation
1,corrected full,undersampling,23096737,Pulsating,Pulsating,validation
1,corrected full,undersampling,23520974,rotational star,Ecl,validation
1,corrected full,undersampling,23523004,Ecl,rotational star,validation
1,corrected full,undersampling,23524401,Ecl,Ecl,validation
1,corrected full,undersampling,23524902,Pulsating,Pulsating,validation
1,corrected full,undersampling,23527368,rotational star,rotational star,validation
1,corrected full,undersampling,23753830,Ecl,Ecl,validation
1,corrected full,undersampling,23762447,rotational star,Ecl,validation
1,corrected full,undersampling,24136790,Ecl,Ecl,validation
1,corrected full,undersampling,24138253,Pulsating,Ecl,validation
1,corrected full,undersampling,24139220,rotational star,rotational star,validation
1,corrected full,undersampling,24309921,rotational star,Pulsating,validation
1,corrected full,undersampling,24473874,rotational star,rotational star,validation
1,corrected full,undersampling,24533647,Ecl,Ecl,validation
1,corrected full,undersampling,24577873,Ecl,Pulsating,validation
1,corrected full,undersampling,24693091,rotational star,rotational star,validation
1,corrected full,undersampling,24693649,Ecl,Ecl,validation
1,corrected full,undersampling,24694443,rotational star,rotational star,validation
1,corrected full,undersampling,24873115,Ecl,Ecl,validation
1,corrected full,undersampling,25061780,Ecl,Ecl,validation
1,corrected full,undersampling,25078708,Ecl,Ecl,validation
1,corrected full,undersampling,25171079,Ecl,Ecl,validation
1,corrected full,undersampling,25172198,rotational star,rotational star,validation
1,corrected full,undersampling,25300306,Ecl,Ecl,validation
1,corrected full,undersampling,25341342,Pulsating,Pulsating,validation
1,corrected full,undersampling,26121623,Pulsating,Pulsating,validation
1,corrected full,undersampling,26121898,Pulsating,Ecl,validation
1,corrected full,undersampling,26122981,Ecl,Ecl,validation
1,corrected full,undersampling,26286907,rotational star,rotational star,validation
1,corrected full,undersampling,26291452,Pulsating,Pulsating,validation
1,corrected full,undersampling,26292653,Pulsating,Pulsating,validation
1,corrected full,undersampling,26370884,Pulsating,Pulsating,validation
1,corrected full,undersampling,26373361,Pulsating,Pulsating,validation
1,corrected full,undersampling,26374646,rotational star,rotational star,validation
1,corrected full,undersampling,26388559,Pulsating,Pulsating,validation
1,corrected full,undersampling,26390208,Pulsating,Pulsating,validation
1,corrected full,undersampling,26657061,Pulsating,Pulsating,validation
1,corrected full,undersampling,26658269,Pulsating,Pulsating,validation
1,corrected full,undersampling,26658961,rotational star,rotational star,validation
1,corrected full,undersampling,26693205,Pulsating,Pulsating,validation
1,corrected full,undersampling,26800705,Ecl,Ecl,validation
1,corrected full,undersampling,26803187,Ecl,Ecl,validation
1,corrected full,undersampling,26803671,Ecl,rotational star,validation
1,corrected full,undersampling,27035707,Ecl,Ecl,validation
1,corrected full,undersampling,27143768,Pulsating,Pulsating,validation
1,corrected full,undersampling,27147130,Ecl,rotational star,validation
1,corrected full,undersampling,27311608,Pulsating,Ecl,validation
1,corrected full,undersampling,27352796,rotational star,rotational star,validation
1,corrected full,undersampling,27569812,Pulsating,Pulsating,validation
1,corrected full,undersampling,27570608,Pulsating,rotational star,validation
1,corrected full,undersampling,28036632,rotational star,Ecl,validation
1,corrected full,undersampling,28334166,rotational star,rotational star,validation
1,corrected full,undersampling,28334662,Ecl,Ecl,validation
1,corrected full,undersampling,28686558,Pulsating,Pulsating,validation
1,corrected full,undersampling,28687329,Pulsating,Pulsating,validation
1,corrected full,undersampling,28707431,Pulsating,Pulsating,validation
1,corrected full,undersampling,28711657,Pulsating,Pulsating,validation
1,corrected full,undersampling,28712288,Ecl,Ecl,validation
1,corrected full,undersampling,28765447,Ecl,Ecl,validation
1,corrected full,undersampling,28902582,Pulsating,Pulsating,validation
1,corrected full,undersampling,29095077,Pulsating,Pulsating,validation
1,corrected full,undersampling,29120286,rotational star,rotational star,validation
1,corrected full,undersampling,29188330,rotational star,rotational star,validation
1,corrected full,undersampling,29188468,rotational star,rotational star,validation
1,corrected full,undersampling,29320586,Ecl,Ecl,validation
1,corrected full,undersampling,29466786,Ecl,Ecl,validation
1,corrected full,undersampling,29471286,Ecl,Ecl,validation
1,corrected full,undersampling,29585955,Pulsating,Pulsating,validation
1,corrected full,undersampling,29600773,Ecl,Ecl,validation
1,corrected full,undersampling,29602508,Pulsating,Pulsating,validation
1,corrected full,undersampling,31013677,Ecl,Ecl,validation
1,corrected full,undersampling,31074586,rotational star,rotational star,validation
1,corrected full,undersampling,31076565,Pulsating,Pulsating,validation
1,corrected full,undersampling,31076757,Ecl,Ecl,validation
1,corrected full,undersampling,31077308,Pulsating,Pulsating,validation
1,corrected full,undersampling,31276019,Pulsating,Pulsating,validation
1,corrected full,undersampling,31281030,Pulsating,Pulsating,validation
1,corrected full,undersampling,31323572,Ecl,Ecl,validation
1,corrected full,undersampling,31427907,Ecl,Ecl,validation
1,corrected full,undersampling,31431417,Ecl,Ecl,validation
1,corrected full,undersampling,31495559,rotational star,rotational star,validation
1,corrected full,undersampling,31528690,Pulsating,Pulsating,validation
1,corrected full,undersampling,31529882,Pulsating,Pulsating,validation
1,corrected full,undersampling,31529982,rotational star,rotational star,validation
1,corrected full,undersampling,31733188,Pulsating,Pulsating,validation
1,corrected full,undersampling,32006741,rotational star,Ecl,validation
1,corrected full,undersampling,32096345,Pulsating,Pulsating,validation
1,corrected full,undersampling,32539259,Ecl,Ecl,validation
1,corrected full,undersampling,32539598,rotational star,rotational star,validation
1,corrected full,undersampling,32543509,Pulsating,Pulsating,validation
1,corrected full,undersampling,32919219,Ecl,rotational star,validation
1,corrected full,undersampling,32979723,Ecl,Ecl,validation
1,corrected full,undersampling,34290093,rotational star,Ecl,validation
1,corrected full,undersampling,34460627,Ecl,Ecl,validation
1,corrected full,undersampling,34462510,Pulsating,Pulsating,validation
1,corrected full,undersampling,36072684,rotational star,rotational star,validation
1,corrected full,undersampling,36931135,rotational star,rotational star,validation
1,corrected full,undersampling,37016147,Ecl,rotational star,validation
1,corrected full,undersampling,37023740,Ecl,Ecl,validation
1,corrected full,undersampling,37518901,rotational star,Ecl,validation
1,corrected full,undersampling,37878826,Ecl,Ecl,validation
1,corrected full,undersampling,37972693,Pulsating,Pulsating,validation
1,corrected full,undersampling,37974465,Pulsating,Pulsating,validation
1,corrected full,undersampling,37974712,rotational star,rotational star,validation
1,corrected full,undersampling,38003224,Ecl,Ecl,validation
1,corrected full,undersampling,38005317,rotational star,rotational star,validation
1,corrected full,undersampling,38592808,Ecl,Ecl,validation
1,corrected full,undersampling,38960060,Pulsating,Pulsating,validation
1,corrected full,undersampling,39190767,rotational star,rotational star,validation
1,corrected full,undersampling,39373713,Ecl,rotational star,validation
1,corrected full,undersampling,39592808,Ecl,Ecl,validation
1,corrected full,undersampling,39825744,Pulsating,Pulsating,validation
1,corrected full,undersampling,39827674,Ecl,Ecl,validation
1,corrected full,undersampling,39832833,Pulsating,Pulsating,validation
1,corrected full,undersampling,40430597,rotational star,rotational star,validation
1,corrected full,undersampling,40432753,rotational star,rotational star,validation
1,corrected full,undersampling,40702077,Pulsating,Ecl,validation
1,corrected full,undersampling,40702218,Pulsating,Pulsating,validation
1,corrected full,undersampling,40702829,rotational star,rotational star,validation
1,corrected full,undersampling,40918651,rotational star,rotational star,validation
1,corrected full,undersampling,41125000,Pulsating,Pulsating,validation
1,corrected full,undersampling,41234847,Ecl,Ecl,validation
1,corrected full,undersampling,41479209,Pulsating,Pulsating,validation
1,corrected full,undersampling,41759938,Pulsating,Ecl,validation
1,corrected full,undersampling,42258160,Pulsating,Pulsating,validation
1,corrected full,undersampling,42477231,Ecl,Ecl,validation
1,corrected full,undersampling,42480121,rotational star,rotational star,validation
1,corrected full,undersampling,42745458,Pulsating,Pulsating,validation
1,corrected full,undersampling,42914165,Pulsating,Pulsating,validation
1,corrected full,undersampling,43462276,Ecl,Ecl,validation
1,corrected full,undersampling,43602504,rotational star,rotational star,validation
1,corrected full,undersampling,43751069,Ecl,Ecl,validation
1,corrected full,undersampling,43751070,rotational star,rotational star,validation
1,corrected full,undersampling,43751253,Pulsating,Pulsating,validation
1,corrected full,undersampling,43752999,Pulsating,Pulsating,validation
1,corrected full,undersampling,44660963,Pulsating,Pulsating,validation
1,corrected full,undersampling,44663347,Pulsating,Pulsating,validation
1,corrected full,undersampling,46260855,Ecl,rotational star,validation
1,corrected full,undersampling,46261677,Ecl,Ecl,validation
1,corrected full,undersampling,46413963,Pulsating,Pulsating,validation
1,corrected full,undersampling,46414555,Pulsating,Pulsating,validation
1,corrected full,undersampling,46897757,Pulsating,Pulsating,validation
1,corrected full,undersampling,46898141,Pulsating,Pulsating,validation
1,corrected full,undersampling,46900571,Pulsating,Pulsating,validation
1,corrected full,undersampling,46901361,rotational star,rotational star,validation
1,corrected full,undersampling,46909891,Pulsating,Pulsating,validation
1,corrected full,undersampling,47022061,Ecl,Ecl,validation
1,corrected full,undersampling,47494200,Ecl,Ecl,validation
1,corrected full,undersampling,47969932,Ecl,Pulsating,validation
1,corrected full,undersampling,47970268,Ecl,rotational star,validation
1,corrected full,undersampling,49377921,Ecl,Ecl,validation
1,corrected full,undersampling,49381051,Ecl,rotational star,validation
1,corrected full,undersampling,49847105,Ecl,Ecl,validation
1,corrected full,undersampling,50357494,Pulsating,Pulsating,validation
1,corrected full,undersampling,51452441,Pulsating,Pulsating,validation
1,corrected full,undersampling,51784597,Ecl,Ecl,validation
1,corrected full,undersampling,52059746,rotational star,rotational star,validation
1,corrected full,undersampling,53235155,Pulsating,Pulsating,validation
1,corrected full,undersampling,53238530,Pulsating,Pulsating,validation
1,corrected full,undersampling,56915085,Pulsating,Pulsating,validation
1,corrected full,undersampling,57991378,rotational star,rotational star,validation
1,corrected full,undersampling,58251450,Ecl,Ecl,validation
1,corrected full,undersampling,58972248,Pulsating,Pulsating,validation
1,corrected full,undersampling,59054632,rotational star,rotational star,validation
1,corrected full,undersampling,59434931,rotational star,Ecl,validation
1,corrected full,undersampling,60261746,rotational star,rotational star,validation
1,corrected full,undersampling,60263788,Pulsating,Pulsating,validation
1,corrected full,undersampling,60290272,Pulsating,Pulsating,validation
1,corrected full,undersampling,60412706,Pulsating,Pulsating,validation
1,corrected full,undersampling,60518388,Ecl,Ecl,validation
1,corrected full,undersampling,60657172,rotational star,rotational star,validation
1,corrected full,undersampling,61497610,rotational star,Ecl,validation
1,corrected full,undersampling,63434538,Ecl,Ecl,validation
1,corrected full,undersampling,63436195,Ecl,Ecl,validation
1,corrected full,undersampling,63437025,Pulsating,Pulsating,validation
1,corrected full,undersampling,64169835,rotational star,rotational star,validation
1,corrected full,undersampling,64170749,rotational star,rotational star,validation
1,corrected full,undersampling,64170766,Pulsating,Ecl,validation
1,corrected full,undersampling,64210279,Pulsating,Pulsating,validation
1,corrected full,undersampling,64211202,Ecl,Ecl,validation
1,corrected full,undersampling,64520949,Ecl,rotational star,validation
1,corrected full,undersampling,64600489,rotational star,rotational star,validation
1,corrected full,undersampling,65707370,Ecl,Ecl,validation
1,corrected full,undersampling,66159119,Pulsating,Pulsating,validation
1,corrected full,undersampling,66601994,Pulsating,Pulsating,validation
1,corrected full,undersampling,70834957,Pulsating,Pulsating,validation
1,corrected full,undersampling,70879649,Pulsating,Pulsating,validation
1,corrected full,undersampling,77825973,Pulsating,Pulsating,validation
1,corrected full,undersampling,77826191,Pulsating,Pulsating,validation
1,corrected full,undersampling,77827357,Pulsating,Pulsating,validation
1,corrected full,undersampling,98165613,rotational star,rotational star,validation
1,corrected full,undersampling,1492,Pulsating,Pulsating,test
1,corrected full,undersampling,170389,Pulsating,Pulsating,test
1,corrected full,undersampling,174274,Pulsating,Pulsating,test
1,corrected full,undersampling,182732,Pulsating,Pulsating,test
1,corrected full,undersampling,351642,Ecl,Ecl,test
1,corrected full,undersampling,354735,Pulsating,Pulsating,test
1,corrected full,undersampling,356877,Pulsating,Pulsating,test
1,corrected full,undersampling,391705,Pulsating,Ecl,test
1,corrected full,undersampling,396749,Ecl,rotational star,test
1,corrected full,undersampling,401124,Pulsating,Pulsating,test
1,corrected full,undersampling,401420,Ecl,Ecl,test
1,corrected full,undersampling,416128,Ecl,Ecl,test
1,corrected full,undersampling,517541,Ecl,Ecl,test
1,corrected full,undersampling,654210,Pulsating,Pulsating,test
1,corrected full,undersampling,682103,Pulsating,Pulsating,test
1,corrected full,undersampling,705322,Pulsating,Pulsating,test
1,corrected full,undersampling,706627,rotational star,rotational star,test
1,corrected full,undersampling,713256,rotational star,rotational star,test
1,corrected full,undersampling,720276,Ecl,Ecl,test
1,corrected full,undersampling,720910,Ecl,Ecl,test
1,corrected full,undersampling,795063,rotational star,rotational star,test
1,corrected full,undersampling,806270,rotational star,rotational star,test
1,corrected full,undersampling,855356,Pulsating,Pulsating,test
1,corrected full,undersampling,891487,rotational star,rotational star,test
1,corrected full,undersampling,893445,Pulsating,Pulsating,test
1,corrected full,undersampling,989130,Pulsating,Pulsating,test
1,corrected full,undersampling,989377,rotational star,rotational star,test
1,corrected full,undersampling,993864,Ecl,Ecl,test
1,corrected full,undersampling,1085172,rotational star,rotational star,test
1,corrected full,undersampling,1086245,Pulsating,Pulsating,test
1,corrected full,undersampling,1086977,rotational star,rotational star,test
1,corrected full,undersampling,1087883,Pulsating,Pulsating,test
1,corrected full,undersampling,1137195,Pulsating,Pulsating,test
1,corrected full,undersampling,1359057,Ecl,Ecl,test
1,corrected full,undersampling,1360465,rotational star,Ecl,test
1,corrected full,undersampling,1399779,Ecl,Ecl,test
1,corrected full,undersampling,1400413,Pulsating,Pulsating,test
1,corrected full,undersampling,1465995,rotational star,rotational star,test
1,corrected full,undersampling,1486152,Ecl,Ecl,test
1,corrected full,undersampling,1486807,Ecl,Ecl,test
1,corrected full,undersampling,1487155,Pulsating,Pulsating,test
1,corrected full,undersampling,1487228,rotational star,rotational star,test
1,corrected full,undersampling,1488730,rotational star,rotational star,test
1,corrected full,undersampling,1520574,Ecl,rotational star,test
1,corrected full,undersampling,1525735,Pulsating,Pulsating,test
1,corrected full,undersampling,1529400,Pulsating,Pulsating,test
1,corrected full,undersampling,1533092,Pulsating,Pulsating,test
1,corrected full,undersampling,1534333,Pulsating,Pulsating,test
1,corrected full,undersampling,1540909,Ecl,Ecl,test
1,corrected full,undersampling,1542965,Pulsating,Pulsating,test
1,corrected full,undersampling,1786207,rotational star,rotational star,test
1,corrected full,undersampling,1786713,Pulsating,Pulsating,test
1,corrected full,undersampling,1787905,rotational star,rotational star,test
1,corrected full,undersampling,1788906,Ecl,Ecl,test
1,corrected full,undersampling,1815795,Pulsating,Pulsating,test
1,corrected full,undersampling,1819187,rotational star,Ecl,test
1,corrected full,undersampling,1821852,Pulsating,Pulsating,test
1,corrected full,undersampling,1858419,Ecl,Ecl,test
1,corrected full,undersampling,1866879,Pulsating,Ecl,test
1,corrected full,undersampling,1967928,rotational star,rotational star,test
1,corrected full,undersampling,2028803,Ecl,Ecl,test
1,corrected full,undersampling,2030192,Pulsating,Ecl,test
1,corrected full,undersampling,2078896,Pulsating,Pulsating,test
1,corrected full,undersampling,2210879,rotational star,rotational star,test
1,corrected full,undersampling,2211515,Ecl,rotational star,test
1,corrected full,undersampling,2255202,Ecl,Ecl,test
1,corrected full,undersampling,2710434,rotational star,rotational star,test
1,corrected full,undersampling,2854870,Ecl,Ecl,test
1,corrected full,undersampling,3037433,Ecl,rotational star,test
1,corrected full,undersampling,3039026,Pulsating,Pulsating,test
1,corrected full,undersampling,3053459,Ecl,Pulsating,test
1,corrected full,undersampling,3064343,Ecl,Ecl,test
1,corrected full,undersampling,3262989,Ecl,Ecl,test
1,corrected full,undersampling,3267525,Ecl,Ecl,test
1,corrected full,undersampling,3268443,Ecl,Ecl,test
1,corrected full,undersampling,3294397,Ecl,Ecl,test
1,corrected full,undersampling,3308758,Pulsating,Pulsating,test
1,corrected full,undersampling,3316875,rotational star,Ecl,test
1,corrected full,undersampling,3320934,Ecl,rotational star,test
1,corrected full,undersampling,3384809,Pulsating,Pulsating,test
1,corrected full,undersampling,3402113,Pulsating,Ecl,test
1,corrected full,undersampling,3515396,Pulsating,Pulsating,test
1,corrected full,undersampling,3530716,Ecl,Ecl,test
1,corrected full,undersampling,3532457,rotational star,rotational star,test
1,corrected full,undersampling,3535885,Ecl,Ecl,test
1,corrected full,undersampling,3536386,Ecl,Ecl,test
1,corrected full,undersampling,3538485,Ecl,Ecl,test
1,corrected full,undersampling,3538828,Ecl,rotational star,test
1,corrected full,undersampling,3539430,Pulsating,Pulsating,test
1,corrected full,undersampling,3540068,Pulsating,Pulsating,test
1,corrected full,undersampling,3563158,Pulsating,Pulsating,test
1,corrected full,undersampling,3573648,Pulsating,Pulsating,test
1,corrected full,undersampling,3574286,Pulsating,Pulsating,test
1,corrected full,undersampling,3578120,Ecl,Ecl,test
1,corrected full,undersampling,3578629,Pulsating,Pulsating,test
1,corrected full,undersampling,3579296,Pulsating,Pulsating,test
1,corrected full,undersampling,3580689,rotational star,rotational star,test
1,corrected full,undersampling,3581809,Ecl,Ecl,test
1,corrected full,undersampling,3610544,Pulsating,Pulsating,test
1,corrected full,undersampling,3707618,Pulsating,Pulsating,test
1,corrected full,undersampling,3712377,Pulsating,Pulsating,test
1,corrected full,undersampling,3778222,rotational star,rotational star,test
1,corrected full,undersampling,3879596,Pulsating,Pulsating,test
1,corrected full,undersampling,3888880,Pulsating,Pulsating,test
1,corrected full,undersampling,3888905,rotational star,rotational star,test
1,corrected full,undersampling,3891826,Ecl,Ecl,test
1,corrected full,undersampling,3900804,Ecl,Ecl,test
1,corrected full,undersampling,4016172,Pulsating,Pulsating,test
1,corrected full,undersampling,4052360,Ecl,Ecl,test
1,corrected full,undersampling,4053354,Pulsating,Pulsating,test
1,corrected full,undersampling,4085335,Pulsating,Pulsating,test
1,corrected full,undersampling,4086437,Ecl,Ecl,test
1,corrected full,undersampling,4112322,Ecl,Ecl,test
1,corrected full,undersampling,4112453,Pulsating,Pulsating,test
1,corrected full,undersampling,4154491,rotational star,rotational star,test
1,corrected full,undersampling,4165556,rotational star,Ecl,test
1,corrected full,undersampling,4202285,rotational star,rotational star,test
1,corrected full,undersampling,4203764,Pulsating,Pulsating,test
1,corrected full,undersampling,4204543,Ecl,Ecl,test
1,corrected full,undersampling,4204760,rotational star,rotational star,test
1,corrected full,undersampling,4207350,Ecl,Ecl,test
1,corrected full,undersampling,4221224,rotational star,rotational star,test
1,corrected full,undersampling,4222140,Pulsating,Pulsating,test
1,corrected full,undersampling,4318493,Ecl,Ecl,test
1,corrected full,undersampling,4319767,Ecl,Ecl,test
1,corrected full,undersampling,4503100,Ecl,Ecl,test
1,corrected full,undersampling,4503752,rotational star,rotational star,test
1,corrected full,undersampling,4525993,Ecl,Ecl,test
1,corrected full,undersampling,4531285,Ecl,Ecl,test
1,corrected full,undersampling,4555438,rotational star,Pulsating,test
1,corrected full,undersampling,4555634,rotational star,rotational star,test
1,corrected full,undersampling,4556326,rotational star,rotational star,test
1,corrected full,undersampling,4558584,rotational star,rotational star,test
1,corrected full,undersampling,4559117,rotational star,rotational star,test
1,corrected full,undersampling,4560178,rotational star,rotational star,test
1,corrected full,undersampling,4603259,Pulsating,Ecl,test
1,corrected full,undersampling,4627821,rotational star,rotational star,test
1,corrected full,undersampling,4720963,Pulsating,Ecl,test
1,corrected full,undersampling,4991083,Ecl,Ecl,test
1,corrected full,undersampling,5103090,rotational star,rotational star,test
1,corrected full,undersampling,5108781,Ecl,Ecl,test
1,corrected full,undersampling,5229099,rotational star,rotational star,test
1,corrected full,undersampling,5230789,Ecl,Ecl,test
1,corrected full,undersampling,5231192,Pulsating,Pulsating,test
1,corrected full,undersampling,5285064,Ecl,Ecl,test
1,corrected full,undersampling,5387464,Ecl,Ecl,test
1,corrected full,undersampling,5388985,rotational star,rotational star,test
1,corrected full,undersampling,5446648,rotational star,rotational star,test
1,corrected full,undersampling,5446653,Ecl,Ecl,test
1,corrected full,undersampling,5448059,Ecl,Pulsating,test
1,corrected full,undersampling,5502401,Pulsating,Pulsating,test
1,corrected full,undersampling,5552243,Pulsating,Pulsating,test
1,corrected full,undersampling,5703162,Ecl,rotational star,test
1,corrected full,undersampling,5839093,Pulsating,Pulsating,test
1,corrected full,undersampling,5855159,Pulsating,Ecl,test
1,corrected full,undersampling,6035659,rotational star,rotational star,test
1,corrected full,undersampling,6385706,Pulsating,Pulsating,test
1,corrected full,undersampling,6388611,Pulsating,Pulsating,test
1,corrected full,undersampling,6420800,Ecl,Pulsating,test
1,corrected full,undersampling,6423392,Ecl,rotational star,test
1,corrected full,undersampling,6423500,Ecl,Ecl,test
1,corrected full,undersampling,6424179,Ecl,Ecl,test
1,corrected full,undersampling,6426729,Ecl,Ecl,test
1,corrected full,undersampling,6428939,Ecl,Ecl,test
1,corrected full,undersampling,6559105,rotational star,Pulsating,test
1,corrected full,undersampling,6578144,Pulsating,Pulsating,test
1,corrected full,undersampling,6582868,Pulsating,Pulsating,test
1,corrected full,undersampling,6708716,rotational star,rotational star,test
1,corrected full,undersampling,6711028,Ecl,Ecl,test
1,corrected full,undersampling,6771481,Pulsating,Pulsating,test
1,corrected full,undersampling,6772137,rotational star,rotational star,test
1,corrected full,undersampling,6772757,rotational star,rotational star,test
1,corrected full,undersampling,6772868,rotational star,rotational star,test
1,corrected full,undersampling,6774272,Pulsating,Pulsating,test
1,corrected full,undersampling,6885233,rotational star,rotational star,test
1,corrected full,undersampling,6886679,rotational star,rotational star,test
1,corrected full,undersampling,6900401,rotational star,rotational star,test
1,corrected full,undersampling,6914961,rotational star,rotational star,test
1,corrected full,undersampling,6968029,Ecl,Ecl,test
1,corrected full,undersampling,6968264,Pulsating,Pulsating,test
1,corrected full,undersampling,6971276,Pulsating,Ecl,test
1,corrected full,undersampling,6971505,rotational star,rotational star,test
1,corrected full,undersampling,7072651,rotational star,rotational star,test
1,corrected full,undersampling,7127722,Ecl,Ecl,test
1,corrected full,undersampling,7223147,Ecl,Ecl,test
1,corrected full,undersampling,7257067,Pulsating,Ecl,test
1,corrected full,undersampling,7348139,Pulsating,Pulsating,test
1,corrected full,undersampling,7348645,Pulsating,Pulsating,test
1,corrected full,undersampling,7438683,Ecl,Ecl,test
1,corrected full,undersampling,7443675,Pulsating,Pulsating,test
1,corrected full,undersampling,7566107,Ecl,rotational star,test
1,corrected full,undersampling,7569518,Pulsating,Pulsating,test
1,corrected full,undersampling,7576919,Pulsating,Pulsating,test
1,corrected full,undersampling,7641751,Pulsating,Pulsating,test
1,corrected full,undersampling,7775830,Pulsating,Pulsating,test
1,corrected full,undersampling,7824125,Ecl,Ecl,test
1,corrected full,undersampling,7898622,Ecl,Ecl,test
1,corrected full,undersampling,7904889,Ecl,Ecl,test
1,corrected full,undersampling,7907540,Ecl,Ecl,test
1,corrected full,undersampling,7907839,Pulsating,Pulsating,test
1,corrected full,undersampling,7911225,Ecl,Ecl,test
1,corrected full,undersampling,7948368,Ecl,Ecl,test
1,corrected full,undersampling,8071429,Ecl,Ecl,test
1,corrected full,undersampling,8072240,Pulsating,Pulsating,test
1,corrected full,undersampling,8077094,Ecl,Ecl,test
1,corrected full,undersampling,8085320,rotational star,rotational star,test
1,corrected full,undersampling,8089619,Ecl,Ecl,test
1,corrected full,undersampling,8089854,rotational star,rotational star,test
1,corrected full,undersampling,8095331,rotational star,rotational star,test
1,corrected full,undersampling,8234121,Pulsating,Pulsating,test
1,corrected full,undersampling,8260993,Pulsating,Pulsating,test
1,corrected full,undersampling,8298820,Ecl,Ecl,test
1,corrected full,undersampling,8301406,Pulsating,Pulsating,test
1,corrected full,undersampling,8302040,Ecl,Ecl,test
1,corrected full,undersampling,8303969,rotational star,rotational star,test
1,corrected full,undersampling,8304398,rotational star,rotational star,test
1,corrected full,undersampling,8307548,Pulsating,Pulsating,test
1,corrected full,undersampling,8315756,Pulsating,Pulsating,test
1,corrected full,undersampling,8331224,Ecl,rotational star,test
1,corrected full,undersampling,8337585,rotational star,rotational star,test
1,corrected full,undersampling,8395322,Ecl,Ecl,test
1,corrected full,undersampling,8395517,Ecl,Ecl,test
1,corrected full,undersampling,8396121,Ecl,Ecl,test
1,corrected full,undersampling,8413061,Ecl,rotational star,test
1,corrected full,undersampling,8436241,Pulsating,Ecl,test
1,corrected full,undersampling,8568363,Ecl,Ecl,test
1,corrected full,undersampling,8649964,Pulsating,Pulsating,test
1,corrected full,undersampling,8667230,rotational star,rotational star,test
1,corrected full,undersampling,8700095,Ecl,rotational star,test
1,corrected full,undersampling,8700892,Pulsating,Pulsating,test
1,corrected full,undersampling,8701682,Pulsating,Pulsating,test
1,corrected full,undersampling,8702727,rotational star,rotational star,test
1,corrected full,undersampling,8821912,Ecl,Ecl,test
1,corrected full,undersampling,8825435,Ecl,Ecl,test
1,corrected full,undersampling,8825485,Ecl,Ecl,test
1,corrected full,undersampling,8826873,Ecl,Ecl,test
1,corrected full,undersampling,8833576,Ecl,Ecl,test
1,corrected full,undersampling,8862457,Pulsating,Pulsating,test
1,corrected full,undersampling,8865289,Ecl,Ecl,test
1,corrected full,undersampling,8895274,Pulsating,Pulsating,test
1,corrected full,undersampling,8896138,Ecl,Ecl,test
1,corrected full,undersampling,8901720,Pulsating,Pulsating,test
1,corrected full,undersampling,9001365,Ecl,Ecl,test
1,corrected full,undersampling,9087235,Ecl,Ecl,test
1,corrected full,undersampling,9090968,Pulsating,Pulsating,test
1,corrected full,undersampling,9210109,rotational star,Pulsating,test
1,corrected full,undersampling,9252425,Pulsating,Pulsating,test
1,corrected full,undersampling,9254197,Pulsating,Pulsating,test
1,corrected full,undersampling,9385226,rotational star,rotational star,test
1,corrected full,undersampling,9421023,Pulsating,Pulsating,test
1,corrected full,undersampling,9422650,rotational star,rotational star,test
1,corrected full,undersampling,9425767,Ecl,Ecl,test
1,corrected full,undersampling,9441160,rotational star,rotational star,test
1,corrected full,undersampling,9460839,Pulsating,Pulsating,test
1,corrected full,undersampling,9643812,rotational star,rotational star,test
1,corrected full,undersampling,9650202,Ecl,Ecl,test
1,corrected full,undersampling,9708710,Ecl,Ecl,test
1,corrected full,undersampling,9710004,Pulsating,Pulsating,test
1,corrected full,undersampling,9851742,Ecl,rotational star,test
1,corrected full,undersampling,9862976,Ecl,rotational star,test
1,corrected full,undersampling,10034483,Ecl,Pulsating,test
1,corrected full,undersampling,10045593,Pulsating,Pulsating,test
1,corrected full,undersampling,10221825,Pulsating,Pulsating,test
1,corrected full,undersampling,10235536,Ecl,Ecl,test
1,corrected full,undersampling,10237366,Pulsating,Pulsating,test
1,corrected full,undersampling,10237841,rotational star,rotational star,test
1,corrected full,undersampling,10240912,Pulsating,Pulsating,test
1,corrected full,undersampling,10384900,Pulsating,Pulsating,test
1,corrected full,undersampling,10477528,Ecl,Pulsating,test
1,corrected full,undersampling,10501955,Ecl,Ecl,test
1,corrected full,undersampling,10504051,Ecl,Ecl,test
1,corrected full,undersampling,10506123,Ecl,Ecl,test
1,corrected full,undersampling,10506299,rotational star,rotational star,test
1,corrected full,undersampling,10675231,Pulsating,Pulsating,test
1,corrected full,undersampling,10684029,rotational star,rotational star,test
1,corrected full,undersampling,10725909,Ecl,Ecl,test
1,corrected full,undersampling,10745759,rotational star,rotational star,test
1,corrected full,undersampling,10758622,Pulsating,Pulsating,test
1,corrected full,undersampling,10759236,Pulsating,Pulsating,test
1,corrected full,undersampling,10762635,Ecl,rotational star,test
1,corrected full,undersampling,10772457,Ecl,Ecl,test
1,corrected full,undersampling,10774324,rotational star,rotational star,test
1,corrected full,undersampling,10774489,Pulsating,Ecl,test
1,corrected full,undersampling,10778741,Ecl,Ecl,test
1,corrected full,undersampling,10781318,rotational star,rotational star,test
1,corrected full,undersampling,11000456,Pulsating,Pulsating,test
1,corrected full,undersampling,11000690,Pulsating,Pulsating,test
1,corrected full,undersampling,11002179,Ecl,Ecl,test
1,corrected full,undersampling,11003680,Pulsating,Pulsating,test
1,corrected full,undersampling,11008744,Ecl,Ecl,test
1,corrected full,undersampling,11103477,rotational star,rotational star,test
1,corrected full,undersampling,11281753,Ecl,Ecl,test
1,corrected full,undersampling,11332457,Pulsating,Pulsating,test
1,corrected full,undersampling,11333675,Ecl,Ecl,test
1,corrected full,undersampling,11333752,Pulsating,Ecl,test
1,corrected full,undersampling,11527909,Ecl,Ecl,test
1,corrected full,undersampling,11568132,Pulsating,Pulsating,test
1,corrected full,undersampling,11569837,Pulsating,Pulsating,test
1,corrected full,undersampling,11569977,Pulsating,Pulsating,test
1,corrected full,undersampling,11572714,rotational star,rotational star,test
1,corrected full,undersampling,11585007,Pulsating,Pulsating,test
1,corrected full,undersampling,11619555,Pulsating,Pulsating,test
1,corrected full,undersampling,11620334,Pulsating,Pulsating,test
1,corrected full,undersampling,11621089,Ecl,Ecl,test
1,corrected full,undersampling,11772275,Pulsating,Pulsating,test
1,corrected full,undersampling,11775317,Ecl,rotational star,test
1,corrected full,undersampling,11778107,Ecl,Ecl,test
1,corrected full,undersampling,11780339,Ecl,Ecl,test
1,corrected full,undersampling,11931277,rotational star,rotational star,test
1,corrected full,undersampling,12068202,Pulsating,Pulsating,test
1,corrected full,undersampling,12077861,rotational star,rotational star,test
1,corrected full,undersampling,12082661,Ecl,Ecl,test
1,corrected full,undersampling,12256111,Ecl,Ecl,test
1,corrected full,undersampling,12257100,Pulsating,Pulsating,test
1,corrected full,undersampling,12258499,Pulsating,Pulsating,test
1,corrected full,undersampling,12261159,Ecl,Ecl,test
1,corrected full,undersampling,12372134,Ecl,Ecl,test
1,corrected full,undersampling,12372670,Pulsating,Pulsating,test
1,corrected full,undersampling,12373785,Ecl,Ecl,test
1,corrected full,undersampling,12374282,Ecl,Ecl,test
1,corrected full,undersampling,12374400,Pulsating,Pulsating,test
1,corrected full,undersampling,12377666,Ecl,Ecl,test
1,corrected full,undersampling,12394941,Pulsating,Pulsating,test
1,corrected full,undersampling,12397628,Pulsating,Pulsating,test
1,corrected full,undersampling,12428055,Ecl,Ecl,test
1,corrected full,undersampling,12458470,Ecl,Ecl,test
1,corrected full,undersampling,12470242,Ecl,Ecl,test
1,corrected full,undersampling,12472170,rotational star,rotational star,test
1,corrected full,undersampling,12481937,rotational star,Pulsating,test
1,corrected full,undersampling,12502942,Ecl,Ecl,test
1,corrected full,undersampling,12506794,rotational star,Ecl,test
1,corrected full,undersampling,12623479,Pulsating,Pulsating,test
1,corrected full,undersampling,12629856,Ecl,Ecl,test
1,corrected full,undersampling,12644912,rotational star,rotational star,test
1,corrected full,undersampling,12644999,rotational star,rotational star,test
1,corrected full,undersampling,12645321,rotational star,rotational star,test
1,corrected full,undersampling,12828861,Ecl,Ecl,test
1,corrected full,undersampling,12830670,Ecl,Ecl,test
1,corrected full,undersampling,12832709,rotational star,rotational star,test
1,corrected full,undersampling,12986116,Pulsating,Pulsating,test
1,corrected full,undersampling,12987544,Pulsating,Pulsating,test
1,corrected full,undersampling,13086137,Pulsating,Ecl,test
1,corrected full,undersampling,13087516,rotational star,rotational star,test
1,corrected full,undersampling,13206347,rotational star,rotational star,test
1,corrected full,undersampling,13276733,Pulsating,Pulsating,test
1,corrected full,undersampling,13281056,Pulsating,Pulsating,test
1,corrected full,undersampling,13383287,rotational star,rotational star,test
1,corrected full,undersampling,13390885,Ecl,Ecl,test
1,corrected full,undersampling,13398192,Ecl,Pulsating,test
1,corrected full,undersampling,13642058,rotational star,rotational star,test
1,corrected full,undersampling,13729475,Pulsating,Pulsating,test
1,corrected full,undersampling,13731074,Ecl,rotational star,test
1,corrected full,undersampling,13833585,rotational star,rotational star,test
1,corrected full,undersampling,14022706,rotational star,rotational star,test
1,corrected full,undersampling,14024188,Pulsating,Pulsating,test
1,corrected full,undersampling,14025549,rotational star,rotational star,test
1,corrected full,undersampling,14506614,Ecl,Ecl,test
1,corrected full,undersampling,14507025,Ecl,Ecl,test
1,corrected full,undersampling,14521032,Ecl,Ecl,test
1,corrected full,undersampling,15134517,Pulsating,rotational star,test
1,corrected full,undersampling,15135391,Ecl,Ecl,test
1,corrected full,undersampling,15136616,rotational star,rotational star,test
1,corrected full,undersampling,15200820,Ecl,Ecl,test
1,corrected full,undersampling,15201345,Pulsating,Pulsating,test
1,corrected full,undersampling,15516051,rotational star,rotational star,test
1,corrected full,undersampling,15597494,rotational star,rotational star,test
1,corrected full,undersampling,15600345,Pulsating,Pulsating,test
1,corrected full,undersampling,15601545,rotational star,rotational star,test
1,corrected full,undersampling,16014078,Ecl,Ecl,test
1,corrected full,undersampling,16023201,Pulsating,Pulsating,test
1,corrected full,undersampling,16025636,rotational star,rotational star,test
1,corrected full,undersampling,16026174,Pulsating,Pulsating,test
1,corrected full,undersampling,16028452,Pulsating,Pulsating,test
1,corrected full,undersampling,16030990,Pulsating,Pulsating,test
1,corrected full,undersampling,16041487,rotational star,rotational star,test
1,corrected full,undersampling,16070289,Ecl,rotational star,test
1,corrected full,undersampling,16129494,Ecl,rotational star,test
1,corrected full,undersampling,16181266,Ecl,Ecl,test
1,corrected full,undersampling,16190605,Ecl,Ecl,test
1,corrected full,undersampling,16193408,Ecl,rotational star,test
1,corrected full,undersampling,16197293,Ecl,rotational star,test
1,corrected full,undersampling,16197428,Ecl,Ecl,test
1,corrected full,undersampling,16197570,rotational star,rotational star,test
1,corrected full,undersampling,16199371,Pulsating,Ecl,test
1,corrected full,undersampling,16344798,Pulsating,Pulsating,test
1,corrected full,undersampling,16383690,Ecl,Ecl,test
1,corrected full,undersampling,16526833,Pulsating,Pulsating,test
1,corrected full,undersampling,16536879,Pulsating,Pulsating,test
1,corrected full,undersampling,16537858,Ecl,Ecl,test
1,corrected full,undersampling,16538906,rotational star,rotational star,test
1,corrected full,undersampling,16653594,Ecl,rotational star,test
1,corrected full,undersampling,16653951,rotational star,rotational star,test
1,corrected full,undersampling,16658118,Pulsating,Pulsating,test
1,corrected full,undersampling,16658450,Pulsating,Pulsating,test
1,corrected full,undersampling,16766005,Pulsating,Pulsating,test
1,corrected full,undersampling,16767478,Ecl,Ecl,test
1,corrected full,undersampling,16801765,Pulsating,Pulsating,test
1,corrected full,undersampling,16805103,Ecl,Ecl,test
1,corrected full,undersampling,16805321,Pulsating,Pulsating,test
1,corrected full,undersampling,16806833,Ecl,Ecl,test
1,corrected full,undersampling,16809098,Pulsating,Pulsating,test
1,corrected full,undersampling,16810385,Pulsating,Pulsating,test
1,corrected full,undersampling,16845338,rotational star,rotational star,test
1,corrected full,undersampling,16847653,Ecl,Ecl,test
1,corrected full,undersampling,17144966,rotational star,rotational star,test
1,corrected full,undersampling,17172959,rotational star,rotational star,test
1,corrected full,undersampling,17173355,rotational star,rotational star,test
1,corrected full,undersampling,17173876,rotational star,rotational star,test
1,corrected full,undersampling,17174959,Pulsating,Pulsating,test
1,corrected full,undersampling,17394296,Pulsating,Pulsating,test
1,corrected full,undersampling,17487943,Ecl,Pulsating,test
1,corrected full,undersampling,17571403,Ecl,Ecl,test
1,corrected full,undersampling,17776220,Ecl,Pulsating,test
1,corrected full,undersampling,17834634,rotational star,rotational star,test
1,corrected full,undersampling,17851685,Pulsating,Pulsating,test
1,corrected full,undersampling,17883608,Ecl,Ecl,test
1,corrected full,undersampling,17904870,rotational star,rotational star,test
1,corrected full,undersampling,18273669,Pulsating,Pulsating,test
1,corrected full,undersampling,18276283,rotational star,rotational star,test
1,corrected full,undersampling,18285409,rotational star,rotational star,test
1,corrected full,undersampling,18559451,Ecl,rotational star,test
1,corrected full,undersampling,18563720,Ecl,Ecl,test
1,corrected full,undersampling,18642699,Pulsating,Pulsating,test
1,corrected full,undersampling,18655471,rotational star,Pulsating,test
1,corrected full,undersampling,19137779,Pulsating,Pulsating,test
1,corrected full,undersampling,19138566,Ecl,Ecl,test
1,corrected full,undersampling,19316467,Pulsating,Pulsating,test
1,corrected full,undersampling,19316981,Ecl,rotational star,test
1,corrected full,undersampling,19318983,Ecl,Ecl,test
1,corrected full,undersampling,19590950,Pulsating,Pulsating,test
1,corrected full,undersampling,19658850,rotational star,rotational star,test
1,corrected full,undersampling,19662027,Ecl,Ecl,test
1,corrected full,undersampling,19968336,Pulsating,Pulsating,test
1,corrected full,undersampling,20027107,Ecl,Ecl,test
1,corrected full,undersampling,20027771,Ecl,Ecl,test
1,corrected full,undersampling,20193949,rotational star,rotational star,test
1,corrected full,undersampling,20196747,rotational star,rotational star,test
1,corrected full,undersampling,20235242,Ecl,Ecl,test
1,corrected full,undersampling,20238315,rotational star,rotational star,test
1,corrected full,undersampling,20325636,Ecl,Ecl,test
1,corrected full,undersampling,20325810,Pulsating,Pulsating,test
1,corrected full,undersampling,20326114,Ecl,Ecl,test
1,corrected full,undersampling,20453572,Ecl,Ecl,test
1,corrected full,undersampling,20453600,Ecl,Ecl,test
1,corrected full,undersampling,20465352,rotational star,rotational star,test
1,corrected full,undersampling,20471682,rotational star,rotational star,test
1,corrected full,undersampling,20475212,Ecl,Ecl,test
1,corrected full,undersampling,20475324,Pulsating,Pulsating,test
1,corrected full,undersampling,20476259,Ecl,rotational star,test
1,corrected full,undersampling,20582605,Ecl,Ecl,test
1,corrected full,undersampling,20727275,rotational star,rotational star,test
1,corrected full,undersampling,20731756,rotational star,rotational star,test
1,corrected full,undersampling,20961797,Ecl,Ecl,test
1,corrected full,undersampling,21232250,rotational star,rotational star,test
1,corrected full,undersampling,21232257,Pulsating,Pulsating,test
1,corrected full,undersampling,21232672,Pulsating,Pulsating,test
1,corrected full,undersampling,21233124,Pulsating,Pulsating,test
1,corrected full,undersampling,21422113,Ecl,Ecl,test
1,corrected full,undersampling,21524260,rotational star,rotational star,test
1,corrected full,undersampling,21527184,Ecl,Ecl,test
1,corrected full,undersampling,21531649,Ecl,Ecl,test
1,corrected full,undersampling,21532216,Ecl,Ecl,test
1,corrected full,undersampling,21598075,Pulsating,Ecl,test
1,corrected full,undersampling,21601463,Ecl,Ecl,test
1,corrected full,undersampling,21602369,Ecl,Ecl,test
1,corrected full,undersampling,21736850,rotational star,rotational star,test
1,corrected full,undersampling,21738821,rotational star,Pulsating,test
1,corrected full,undersampling,21742022,rotational star,rotational star,test
1,corrected full,undersampling,21771327,Ecl,Ecl,test
1,corrected full,undersampling,21860728,Pulsating,Pulsating,test
1,corrected full,undersampling,22039675,Pulsating,Pulsating,test
1,corrected full,undersampling,22307772,rotational star,rotational star,test
1,corrected full,undersampling,22308016,Ecl,Ecl,test
1,corrected full,undersampling,22308607,Pulsating,Pulsating,test
1,corrected full,undersampling,22309322,rotational star,rotational star,test
1,corrected full,undersampling,22570897,Ecl,Ecl,test
1,corrected full,undersampling,22580083,rotational star,rotational star,test
1,corrected full,undersampling,22580223,rotational star,rotational star,test
1,corrected full,undersampling,22840115,Pulsating,Pulsating,test
1,corrected full,undersampling,22846405,Pulsating,Pulsating,test
1,corrected full,undersampling,22846563,rotational star,rotational star,test
1,corrected full,undersampling,22898690,Pulsating,Pulsating,test
1,corrected full,undersampling,23048157,Pulsating,Pulsating,test
1,corrected full,undersampling,23049620,Pulsating,Pulsating,test
1,corrected full,undersampling,23095577,rotational star,rotational star,test
1,corrected full,undersampling,23101515,Pulsating,Pulsating,test
1,corrected full,undersampling,23101770,Pulsating,Pulsating,test
1,corrected full,undersampling,23229632,Pulsating,Pulsating,test
1,corrected full,undersampling,23369295,Ecl,Ecl,test
1,corrected full,undersampling,23519994,rotational star,rotational star,test
1,corrected full,undersampling,23521330,rotational star,rotational star,test
1,corrected full,undersampling,23523912,Ecl,Pulsating,test
1,corrected full,undersampling,23524150,rotational star,rotational star,test
1,corrected full,undersampling,24138124,rotational star,rotational star,test
1,corrected full,undersampling,24140979,Ecl,Ecl,test
1,corrected full,undersampling,24174358,rotational star,Ecl,test
1,corrected full,undersampling,24484885,Pulsating,Pulsating,test
1,corrected full,undersampling,24533094,Pulsating,Pulsating,test
1,corrected full,undersampling,24577185,Ecl,rotational star,test
1,corrected full,undersampling,24577672,Ecl,Ecl,test
1,corrected full,undersampling,24577924,Ecl,Ecl,test
1,corrected full,undersampling,24578578,rotational star,Ecl,test
1,corrected full,undersampling,24690993,Ecl,rotational star,test
1,corrected full,undersampling,24691343,Ecl,Ecl,test
1,corrected full,undersampling,24691515,Ecl,Ecl,test
1,corrected full,undersampling,24692152,Pulsating,Pulsating,test
1,corrected full,undersampling,24827721,Ecl,Ecl,test
1,corrected full,undersampling,25362557,Pulsating,Pulsating,test
1,corrected full,undersampling,25463342,Pulsating,Pulsating,test
1,corrected full,undersampling,25465107,Ecl,Ecl,test
1,corrected full,undersampling,25586204,Ecl,Ecl,test
1,corrected full,undersampling,25587645,Ecl,Ecl,test
1,corrected full,undersampling,25588590,rotational star,rotational star,test
1,corrected full,undersampling,25793632,Pulsating,Pulsating,test
1,corrected full,undersampling,26067932,rotational star,rotational star,test
1,corrected full,undersampling,26133011,Ecl,Ecl,test
1,corrected full,undersampling,26133520,rotational star,rotational star,test
1,corrected full,undersampling,26144601,rotational star,rotational star,test
1,corrected full,undersampling,26294888,rotational star,rotational star,test
1,corrected full,undersampling,26369924,Ecl,Ecl,test
1,corrected full,undersampling,26473626,rotational star,rotational star,test
1,corrected full,undersampling,26799867,Ecl,Ecl,test
1,corrected full,undersampling,26801970,Ecl,Ecl,test
1,corrected full,undersampling,26803237,Pulsating,Pulsating,test
1,corrected full,undersampling,26915868,rotational star,rotational star,test
1,corrected full,undersampling,26916686,Ecl,rotational star,test
1,corrected full,undersampling,26917114,Pulsating,Pulsating,test
1,corrected full,undersampling,27144593,Pulsating,Pulsating,test
1,corrected full,undersampling,27326490,rotational star,rotational star,test
1,corrected full,undersampling,27571837,Ecl,Ecl,test
1,corrected full,undersampling,27794525,Ecl,Ecl,test
1,corrected full,undersampling,27794663,Ecl,Ecl,test
1,corrected full,undersampling,27923697,Ecl,Ecl,test
1,corrected full,undersampling,28265471,rotational star,rotational star,test
1,corrected full,undersampling,28684551,Pulsating,Pulsating,test
1,corrected full,undersampling,28684789,Ecl,Ecl,test
1,corrected full,undersampling,28711497,rotational star,rotational star,test
1,corrected full,undersampling,28753266,Ecl,Ecl,test
1,corrected full,undersampling,28766428,Pulsating,Pulsating,test
1,corrected full,undersampling,28816210,rotational star,rotational star,test
1,corrected full,undersampling,28817718,Ecl,Ecl,test
1,corrected full,undersampling,28906137,Ecl,Ecl,test
1,corrected full,undersampling,29111193,Ecl,Ecl,test
1,corrected full,undersampling,29120461,rotational star,rotational star,test
1,corrected full,undersampling,29123719,rotational star,rotational star,test
1,corrected full,undersampling,29125200,rotational star,rotational star,test
1,corrected full,undersampling,29186647,Ecl,Ecl,test
1,corrected full,undersampling,29188720,rotational star,rotational star,test
1,corrected full,undersampling,29240740,rotational star,rotational star,test
1,corrected full,undersampling,29244562,Pulsating,Pulsating,test
1,corrected full,undersampling,29255984,Pulsating,Pulsating,test
1,corrected full,undersampling,29272289,Pulsating,Pulsating,test
1,corrected full,undersampling,29333111,Pulsating,Pulsating,test
1,corrected full,undersampling,29468390,Pulsating,Pulsating,test
1,corrected full,undersampling,29470734,rotational star,rotational star,test
1,corrected full,undersampling,29581880,rotational star,rotational star,test
1,corrected full,undersampling,29587302,rotational star,rotational star,test
1,corrected full,undersampling,29588091,Pulsating,Ecl,test
1,corrected full,undersampling,30985418,Ecl,Ecl,test
1,corrected full,undersampling,31050780,rotational star,rotational star,test
1,corrected full,undersampling,31079188,Pulsating,Pulsating,test
1,corrected full,undersampling,31132730,rotational star,rotational star,test
1,corrected full,undersampling,31264095,Ecl,Ecl,test
1,corrected full,undersampling,31275601,Ecl,Ecl,test
1,corrected full,undersampling,31276935,Ecl,Ecl,test
1,corrected full,undersampling,31419272,Pulsating,Ecl,test
1,corrected full,undersampling,31430137,rotational star,rotational star,test
1,corrected full,undersampling,31495826,Ecl,Ecl,test
1,corrected full,undersampling,31495934,Ecl,Ecl,test
1,corrected full,undersampling,31499229,rotational star,rotational star,test
1,corrected full,undersampling,31530586,Ecl,Ecl,test
1,corrected full,undersampling,31596857,rotational star,rotational star,test
1,corrected full,undersampling,32007198,Pulsating,Pulsating,test
1,corrected full,undersampling,32538552,Pulsating,Pulsating,test
1,corrected full,undersampling,32540202,Pulsating,Pulsating,test
1,corrected full,undersampling,32540408,rotational star,rotational star,test
1,corrected full,undersampling,32979939,Ecl,Ecl,test
1,corrected full,undersampling,33293395,Ecl,Ecl,test
1,corrected full,undersampling,33545044,rotational star,rotational star,test
1,corrected full,undersampling,33889547,Ecl,Ecl,test
1,corrected full,undersampling,34288224,rotational star,rotational star,test
1,corrected full,undersampling,34721768,Pulsating,Pulsating,test
1,corrected full,undersampling,34732858,Pulsating,Pulsating,test
1,corrected full,undersampling,35903210,rotational star,rotational star,test
1,corrected full,undersampling,36068658,Ecl,Ecl,test
1,corrected full,undersampling,36073512,Ecl,Ecl,test
1,corrected full,undersampling,36073957,Ecl,rotational star,test
1,corrected full,undersampling,36151101,Ecl,Ecl,test
1,corrected full,undersampling,36929805,rotational star,rotational star,test
1,corrected full,undersampling,36932872,Pulsating,Pulsating,test
1,corrected full,undersampling,36934154,rotational star,rotational star,test
1,corrected full,undersampling,37036024,Pulsating,Pulsating,test
1,corrected full,undersampling,37156018,Pulsating,Pulsating,test
1,corrected full,undersampling,37156082,rotational star,rotational star,test
1,corrected full,undersampling,37519132,Ecl,rotational star,test
1,corrected full,undersampling,37972550,Ecl,Pulsating,test
1,corrected full,undersampling,38957658,Ecl,Ecl,test
1,corrected full,undersampling,38959792,Pulsating,Ecl,test
1,corrected full,undersampling,38960487,rotational star,rotational star,test
1,corrected full,undersampling,39184902,rotational star,rotational star,test
1,corrected full,undersampling,39185786,rotational star,rotational star,test
1,corrected full,undersampling,39241909,Ecl,rotational star,test
1,corrected full,undersampling,39373554,Pulsating,Pulsating,test
1,corrected full,undersampling,39375276,Pulsating,Pulsating,test
1,corrected full,undersampling,39594938,Ecl,Ecl,test
1,corrected full,undersampling,39595213,rotational star,rotational star,test
1,corrected full,undersampling,39832168,Ecl,Ecl,test
1,corrected full,undersampling,40702567,Pulsating,Pulsating,test
1,corrected full,undersampling,41128071,Ecl,Ecl,test
1,corrected full,undersampling,41474622,Ecl,Ecl,test
1,corrected full,undersampling,41582109,Ecl,Ecl,test
1,corrected full,undersampling,41585546,Ecl,Ecl,test
1,corrected full,undersampling,41586209,Ecl,Ecl,test
1,corrected full,undersampling,41590845,rotational star,rotational star,test
1,corrected full,undersampling,42032149,Ecl,Ecl,test
1,corrected full,undersampling,42324856,Ecl,Ecl,test
1,corrected full,undersampling,42476058,Pulsating,Pulsating,test
1,corrected full,undersampling,42479355,Pulsating,Pulsating,test
1,corrected full,undersampling,42746983,Ecl,Ecl,test
1,corrected full,undersampling,42785560,Ecl,Ecl,test
1,corrected full,undersampling,42786413,Pulsating,Pulsating,test
1,corrected full,undersampling,42912979,Ecl,Ecl,test
1,corrected full,undersampling,42913803,Ecl,Ecl,test
1,corrected full,undersampling,42913866,Pulsating,Pulsating,test
1,corrected full,undersampling,43463371,Ecl,Ecl,test
1,corrected full,undersampling,43606048,Pulsating,Pulsating,test
1,corrected full,undersampling,43607595,Pulsating,Pulsating,test
1,corrected full,undersampling,43723851,Ecl,Ecl,test
1,corrected full,undersampling,43751151,Pulsating,Pulsating,test
1,corrected full,undersampling,43752630,Pulsating,Pulsating,test
1,corrected full,undersampling,43752743,Pulsating,Pulsating,test
1,corrected full,undersampling,43920296,Ecl,Ecl,test
1,corrected full,undersampling,43920441,Ecl,Ecl,test
1,corrected full,undersampling,43920514,Pulsating,Pulsating,test
1,corrected full,undersampling,44123679,Pulsating,Pulsating,test
1,corrected full,undersampling,44137633,Ecl,Ecl,test
1,corrected full,undersampling,44449429,Ecl,Ecl,test
1,corrected full,undersampling,44663258,Ecl,Ecl,test
1,corrected full,undersampling,46259988,Pulsating,Pulsating,test
1,corrected full,undersampling,46260797,rotational star,rotational star,test
1,corrected full,undersampling,46415881,rotational star,rotational star,test
1,corrected full,undersampling,46632641,Ecl,Ecl,test
1,corrected full,undersampling,46897724,Pulsating,Pulsating,test
1,corrected full,undersampling,46897839,Pulsating,Pulsating,test
1,corrected full,undersampling,46898218,Pulsating,Pulsating,test
1,corrected full,undersampling,46900721,Pulsating,Pulsating,test
1,corrected full,undersampling,46914594,Pulsating,Pulsating,test
1,corrected full,undersampling,46981461,Pulsating,Pulsating,test
1,corrected full,undersampling,47022490,Ecl,Ecl,test
1,corrected full,undersampling,47024234,Ecl,rotational star,test
1,corrected full,undersampling,47024240,Ecl,Ecl,test
1,corrected full,undersampling,47970546,Ecl,Ecl,test
1,corrected full,undersampling,48249657,rotational star,rotational star,test
1,corrected full,undersampling,48254913,Pulsating,Pulsating,test
1,corrected full,undersampling,48982818,Ecl,Ecl,test
1,corrected full,undersampling,50132451,Ecl,Ecl,test
1,corrected full,undersampling,50354719,Pulsating,Pulsating,test
1,corrected full,undersampling,51619832,Pulsating,Pulsating,test
1,corrected full,undersampling,53182877,Ecl,Ecl,test
1,corrected full,undersampling,53228372,Ecl,rotational star,test
1,corrected full,undersampling,53232890,rotational star,rotational star,test
1,corrected full,undersampling,53236580,Pulsating,Pulsating,test
1,corrected full,undersampling,53330452,Ecl,rotational star,test
1,corrected full,undersampling,53396979,rotational star,rotational star,test
1,corrected full,undersampling,57826750,Ecl,Ecl,test
1,corrected full,undersampling,57989097,Ecl,Pulsating,test
1,corrected full,undersampling,57992772,Ecl,Ecl,test
1,corrected full,undersampling,58248985,Pulsating,Pulsating,test
1,corrected full,undersampling,58249067,Ecl,Ecl,test
1,corrected full,undersampling,58286884,rotational star,rotational star,test
1,corrected full,undersampling,59438186,rotational star,Pulsating,test
1,corrected full,undersampling,59739171,rotational star,rotational star,test
1,corrected full,undersampling,60262047,Ecl,rotational star,test
1,corrected full,undersampling,60263095,rotational star,rotational star,test
1,corrected full,undersampling,60265807,rotational star,rotational star,test
1,corrected full,undersampling,60289910,Pulsating,Pulsating,test
1,corrected full,undersampling,60498365,Ecl,Ecl,test
1,corrected full,undersampling,60656985,Pulsating,Pulsating,test
1,corrected full,undersampling,60657582,rotational star,rotational star,test
1,corrected full,undersampling,61496813,Ecl,Ecl,test
1,corrected full,undersampling,64171523,Ecl,Ecl,test
1,corrected full,undersampling,64449850,Pulsating,Pulsating,test
1,corrected full,undersampling,64468311,Pulsating,Pulsating,test
1,corrected full,undersampling,65147776,rotational star,rotational star,test
1,corrected full,undersampling,65712645,Pulsating,Pulsating,test
1,corrected full,undersampling,67079023,Pulsating,Pulsating,test
1,corrected full,undersampling,70836558,Pulsating,Pulsating,test
1,corrected full,undersampling,70836696,Ecl,Ecl,test
1,corrected full,undersampling,71713323,Pulsating,Pulsating,test
1,corrected full,undersampling,72373285,Ecl,Ecl,test
1,corrected full,undersampling,77824269,rotational star,rotational star,test
1,corrected full,undersampling,77824723,Pulsating,Pulsating,test
1,corrected full,undersampling,77826239,Pulsating,Pulsating,test
1,corrected full,undersampling,92903768,Ecl,Ecl,test
1,corrected full,undersampling,120940265,rotational star,Pulsating,test
1,corrected full,oversampling,3475,Pulsating,Pulsating,validation
1,corrected full,oversampling,3731,rotational star,rotational star,validation
1,corrected full,oversampling,67084,rotational star,rotational star,validation
1,corrected full,oversampling,171278,Ecl,Ecl,validation
1,corrected full,oversampling,171284,Pulsating,Ecl,validation
1,corrected full,oversampling,183252,Ecl,Ecl,validation
1,corrected full,oversampling,348190,Ecl,Ecl,validation
1,corrected full,oversampling,353686,rotational star,rotational star,validation
1,corrected full,oversampling,519013,Ecl,Ecl,validation
1,corrected full,oversampling,606285,Ecl,Ecl,validation
1,corrected full,oversampling,653611,Ecl,Ecl,validation
1,corrected full,oversampling,690265,Pulsating,Pulsating,validation
1,corrected full,oversampling,712084,Pulsating,Pulsating,validation
1,corrected full,oversampling,720902,Pulsating,Pulsating,validation
1,corrected full,oversampling,744286,Ecl,rotational star,validation
1,corrected full,oversampling,793028,rotational star,rotational star,validation
1,corrected full,oversampling,799045,Pulsating,Pulsating,validation
1,corrected full,oversampling,890936,Ecl,Ecl,validation
1,corrected full,oversampling,990435,Pulsating,Pulsating,validation
1,corrected full,oversampling,1070298,Ecl,Ecl,validation
1,corrected full,oversampling,1077061,Ecl,Ecl,validation
1,corrected full,oversampling,1089135,rotational star,rotational star,validation
1,corrected full,oversampling,1091902,Pulsating,Pulsating,validation
1,corrected full,oversampling,1148586,Ecl,Ecl,validation
1,corrected full,oversampling,1397516,rotational star,Ecl,validation
1,corrected full,oversampling,1398126,Pulsating,Ecl,validation
1,corrected full,oversampling,1398335,Ecl,Ecl,validation
1,corrected full,oversampling,1486373,Ecl,Ecl,validation
1,corrected full,oversampling,1494121,Ecl,Ecl,validation
1,corrected full,oversampling,1519021,Pulsating,Pulsating,validation
1,corrected full,oversampling,1796381,Ecl,Ecl,validation
1,corrected full,oversampling,1805412,rotational star,rotational star,validation
1,corrected full,oversampling,1816052,Ecl,Ecl,validation
1,corrected full,oversampling,1817793,rotational star,rotational star,validation
1,corrected full,oversampling,1859120,rotational star,rotational star,validation
1,corrected full,oversampling,1860824,Ecl,Ecl,validation
1,corrected full,oversampling,1866197,Pulsating,Pulsating,validation
1,corrected full,oversampling,1960701,Ecl,Ecl,validation
1,corrected full,oversampling,1964314,Pulsating,Pulsating,validation
1,corrected full,oversampling,1968103,rotational star,rotational star,validation
1,corrected full,oversampling,1969088,Pulsating,Pulsating,validation
1,corrected full,oversampling,1989190,Pulsating,Pulsating,validation
1,corrected full,oversampling,2245522,Pulsating,Pulsating,validation
1,corrected full,oversampling,2612743,rotational star,rotational star,validation
1,corrected full,oversampling,3015458,Ecl,Ecl,validation
1,corrected full,oversampling,3025983,Pulsating,Pulsating,validation
1,corrected full,oversampling,3028224,Pulsating,Pulsating,validation
1,corrected full,oversampling,3055159,Pulsating,Pulsating,validation
1,corrected full,oversampling,3055370,rotational star,rotational star,validation
1,corrected full,oversampling,3171009,Pulsating,Pulsating,validation
1,corrected full,oversampling,3268343,Pulsating,Pulsating,validation
1,corrected full,oversampling,3268485,Ecl,Ecl,validation
1,corrected full,oversampling,3302875,Ecl,Ecl,validation
1,corrected full,oversampling,3316443,Ecl,Ecl,validation
1,corrected full,oversampling,3321236,Ecl,Ecl,validation
1,corrected full,oversampling,3494134,Ecl,Ecl,validation
1,corrected full,oversampling,3517587,rotational star,rotational star,validation
1,corrected full,oversampling,3532504,rotational star,rotational star,validation
1,corrected full,oversampling,3532725,rotational star,rotational star,validation
1,corrected full,oversampling,3537341,Pulsating,Pulsating,validation
1,corrected full,oversampling,3537506,rotational star,Ecl,validation
1,corrected full,oversampling,3538597,Ecl,rotational star,validation
1,corrected full,oversampling,3538812,rotational star,rotational star,validation
1,corrected full,oversampling,3564510,Ecl,Ecl,validation
1,corrected full,oversampling,3580508,Pulsating,Pulsating,validation
1,corrected full,oversampling,3610311,Ecl,Ecl,validation
1,corrected full,oversampling,3610496,Pulsating,Pulsating,validation
1,corrected full,oversampling,3611639,Pulsating,Pulsating,validation
1,corrected full,oversampling,3708831,Ecl,Ecl,validation
1,corrected full,oversampling,3769324,Ecl,Ecl,validation
1,corrected full,oversampling,3874759,rotational star,rotational star,validation
1,corrected full,oversampling,3875738,Ecl,Ecl,validation
1,corrected full,oversampling,3888046,rotational star,rotational star,validation
1,corrected full,oversampling,3896410,Ecl,Ecl,validation
1,corrected full,oversampling,3902479,rotational star,rotational star,validation
1,corrected full,oversampling,4049593,Ecl,Ecl,validation
1,corrected full,oversampling,4077488,Pulsating,Pulsating,validation
1,corrected full,oversampling,4150111,Ecl,rotational star,validation
1,corrected full,oversampling,4150246,rotational star,rotational star,validation
1,corrected full,oversampling,4204745,Ecl,Ecl,validation
1,corrected full,oversampling,4220347,Ecl,Ecl,validation
1,corrected full,oversampling,4266221,Pulsating,Pulsating,validation
1,corrected full,oversampling,4268448,rotational star,rotational star,validation
1,corrected full,oversampling,4269492,Ecl,Ecl,validation
1,corrected full,oversampling,4322722,Ecl,rotational star,validation
1,corrected full,oversampling,4327369,Ecl,Ecl,validation
1,corrected full,oversampling,4501986,Pulsating,Ecl,validation
1,corrected full,oversampling,4503543,Ecl,Ecl,validation
1,corrected full,oversampling,4504299,Ecl,rotational star,validation
1,corrected full,oversampling,4558756,rotational star,rotational star,validation
1,corrected full,oversampling,4560436,rotational star,rotational star,validation
1,corrected full,oversampling,4619652,Pulsating,Pulsating,validation
1,corrected full,oversampling,4620388,rotational star,rotational star,validation
1,corrected full,oversampling,4620570,rotational star,rotational star,validation
1,corrected full,oversampling,4990201,Pulsating,Pulsating,validation
1,corrected full,oversampling,4992303,rotational star,Ecl,validation
1,corrected full,oversampling,4994551,rotational star,rotational star,validation
1,corrected full,oversampling,5119390,Ecl,Ecl,validation
1,corrected full,oversampling,5122590,Ecl,Ecl,validation
1,corrected full,oversampling,5183708,Ecl,Ecl,validation
1,corrected full,oversampling,5400617,Ecl,Ecl,validation
1,corrected full,oversampling,5403672,Ecl,Ecl,validation
1,corrected full,oversampling,5403826,rotational star,Ecl,validation
1,corrected full,oversampling,5411324,rotational star,rotational star,validation
1,corrected full,oversampling,5415208,rotational star,rotational star,validation
1,corrected full,oversampling,5498176,Pulsating,Pulsating,validation
1,corrected full,oversampling,5551469,rotational star,rotational star,validation
1,corrected full,oversampling,5555406,Pulsating,Pulsating,validation
1,corrected full,oversampling,5575930,Ecl,Ecl,validation
1,corrected full,oversampling,5836693,Ecl,Ecl,validation
1,corrected full,oversampling,5836875,Pulsating,Pulsating,validation
1,corrected full,oversampling,5838126,rotational star,rotational star,validation
1,corrected full,oversampling,5838622,rotational star,rotational star,validation
1,corrected full,oversampling,6251007,Ecl,Ecl,validation
1,corrected full,oversampling,6320510,Ecl,Ecl,validation
1,corrected full,oversampling,6334546,Ecl,Ecl,validation
1,corrected full,oversampling,6384545,Ecl,Ecl,validation
1,corrected full,oversampling,6385201,Ecl,Ecl,validation
1,corrected full,oversampling,6388094,rotational star,rotational star,validation
1,corrected full,oversampling,6422961,Ecl,Ecl,validation
1,corrected full,oversampling,6426366,Pulsating,Pulsating,validation
1,corrected full,oversampling,6430298,Ecl,Ecl,validation
1,corrected full,oversampling,6430859,Ecl,Ecl,validation
1,corrected full,oversampling,6453989,Pulsating,Pulsating,validation
1,corrected full,oversampling,6454975,Pulsating,Pulsating,validation
1,corrected full,oversampling,6656959,Ecl,Ecl,validation
1,corrected full,oversampling,6711345,Pulsating,Pulsating,validation
1,corrected full,oversampling,6712584,Pulsating,Pulsating,validation
1,corrected full,oversampling,6776202,Pulsating,Ecl,validation
1,corrected full,oversampling,6885169,Ecl,Ecl,validation
1,corrected full,oversampling,6885471,Pulsating,Pulsating,validation
1,corrected full,oversampling,6887869,Ecl,Ecl,validation
1,corrected full,oversampling,6888668,Ecl,rotational star,validation
1,corrected full,oversampling,6898568,rotational star,Ecl,validation
1,corrected full,oversampling,6902134,rotational star,rotational star,validation
1,corrected full,oversampling,6905427,Ecl,Ecl,validation
1,corrected full,oversampling,6914940,rotational star,rotational star,validation
1,corrected full,oversampling,6971792,Ecl,Ecl,validation
1,corrected full,oversampling,6976195,Ecl,Ecl,validation
1,corrected full,oversampling,7078316,Ecl,Ecl,validation
1,corrected full,oversampling,7125563,rotational star,rotational star,validation
1,corrected full,oversampling,7127071,rotational star,rotational star,validation
1,corrected full,oversampling,7216267,Ecl,rotational star,validation
1,corrected full,oversampling,7223975,Ecl,Ecl,validation
1,corrected full,oversampling,7224641,Pulsating,Pulsating,validation
1,corrected full,oversampling,7338025,Ecl,Ecl,validation
1,corrected full,oversampling,7338134,Ecl,Ecl,validation
1,corrected full,oversampling,7437296,rotational star,rotational star,validation
1,corrected full,oversampling,7437374,Ecl,Ecl,validation
1,corrected full,oversampling,7442998,rotational star,rotational star,validation
1,corrected full,oversampling,7444924,Ecl,Ecl,validation
1,corrected full,oversampling,7445591,rotational star,rotational star,validation
1,corrected full,oversampling,7565670,rotational star,rotational star,validation
1,corrected full,oversampling,7567558,rotational star,rotational star,validation
1,corrected full,oversampling,7570243,rotational star,rotational star,validation
1,corrected full,oversampling,7570813,Pulsating,Pulsating,validation
1,corrected full,oversampling,7727469,Pulsating,Pulsating,validation
1,corrected full,oversampling,7730060,Ecl,rotational star,validation
1,corrected full,oversampling,7730513,Pulsating,Pulsating,validation
1,corrected full,oversampling,7823994,Ecl,Ecl,validation
1,corrected full,oversampling,7882385,Ecl,Ecl,validation
1,corrected full,oversampling,7895929,Ecl,Ecl,validation
1,corrected full,oversampling,7897069,Pulsating,Pulsating,validation
1,corrected full,oversampling,7899663,rotational star,rotational star,validation
1,corrected full,oversampling,7904203,Ecl,rotational star,validation
1,corrected full,oversampling,7947845,Pulsating,Pulsating,validation
1,corrected full,oversampling,8082395,Pulsating,Pulsating,validation
1,corrected full,oversampling,8083257,Pulsating,Pulsating,validation
1,corrected full,oversampling,8083426,Ecl,Ecl,validation
1,corrected full,oversampling,8086665,Ecl,Ecl,validation
1,corrected full,oversampling,8086972,Ecl,Ecl,validation
1,corrected full,oversampling,8087946,Ecl,Ecl,validation
1,corrected full,oversampling,8089125,Pulsating,Pulsating,validation
1,corrected full,oversampling,8259819,rotational star,Ecl,validation
1,corrected full,oversampling,8260014,Ecl,Ecl,validation
1,corrected full,oversampling,8261582,rotational star,rotational star,validation
1,corrected full,oversampling,8302414,Ecl,Ecl,validation
1,corrected full,oversampling,8393466,Ecl,rotational star,validation
1,corrected full,oversampling,8394121,rotational star,rotational star,validation
1,corrected full,oversampling,8394481,Pulsating,Pulsating,validation
1,corrected full,oversampling,8395431,rotational star,rotational star,validation
1,corrected full,oversampling,8396360,Ecl,Ecl,validation
1,corrected full,oversampling,8412158,Pulsating,Pulsating,validation
1,corrected full,oversampling,8422352,rotational star,rotational star,validation
1,corrected full,oversampling,8546412,rotational star,rotational star,validation
1,corrected full,oversampling,8670455,rotational star,rotational star,validation
1,corrected full,oversampling,8699987,rotational star,rotational star,validation
1,corrected full,oversampling,8700483,Ecl,Ecl,validation
1,corrected full,oversampling,8819196,Ecl,Ecl,validation
1,corrected full,oversampling,8822653,Ecl,Ecl,validation
1,corrected full,oversampling,8828001,Ecl,Pulsating,validation
1,corrected full,oversampling,8865247,rotational star,rotational star,validation
1,corrected full,oversampling,8896147,rotational star,rotational star,validation
1,corrected full,oversampling,8899537,Ecl,Ecl,validation
1,corrected full,oversampling,8902556,rotational star,rotational star,validation
1,corrected full,oversampling,8903746,Ecl,Ecl,validation
1,corrected full,oversampling,9002177,Ecl,Ecl,validation
1,corrected full,oversampling,9058102,Ecl,Ecl,validation
1,corrected full,oversampling,9088982,Pulsating,Pulsating,validation
1,corrected full,oversampling,9253617,rotational star,Ecl,validation
1,corrected full,oversampling,9381201,Ecl,Ecl,validation
1,corrected full,oversampling,9381763,Pulsating,Pulsating,validation
1,corrected full,oversampling,9421913,Ecl,rotational star,validation
1,corrected full,oversampling,9426593,rotational star,rotational star,validation
1,corrected full,oversampling,9457934,Pulsating,Ecl,validation
1,corrected full,oversampling,9710912,rotational star,rotational star,validation
1,corrected full,oversampling,9824982,Ecl,Ecl,validation
1,corrected full,oversampling,9866814,rotational star,Pulsating,validation
1,corrected full,oversampling,9956460,Ecl,Ecl,validation
1,corrected full,oversampling,10239191,Pulsating,Pulsating,validation
1,corrected full,oversampling,10250850,Ecl,Ecl,validation
1,corrected full,oversampling,10354842,Pulsating,Pulsating,validation
1,corrected full,oversampling,10376566,Ecl,Ecl,validation
1,corrected full,oversampling,10493469,rotational star,rotational star,validation
1,corrected full,oversampling,10493735,Ecl,Ecl,validation
1,corrected full,oversampling,10497491,Pulsating,Pulsating,validation
1,corrected full,oversampling,10542430,Ecl,Ecl,validation
1,corrected full,oversampling,10683246,rotational star,rotational star,validation
1,corrected full,oversampling,10694849,Ecl,Ecl,validation
1,corrected full,oversampling,10695604,Ecl,Ecl,validation
1,corrected full,oversampling,10725648,Ecl,Ecl,validation
1,corrected full,oversampling,10758329,Pulsating,Pulsating,validation
1,corrected full,oversampling,10775690,Ecl,Ecl,validation
1,corrected full,oversampling,10781641,Ecl,Ecl,validation
1,corrected full,oversampling,10796406,Ecl,Ecl,validation
1,corrected full,oversampling,10797187,Ecl,rotational star,validation
1,corrected full,oversampling,10798587,rotational star,Ecl,validation
1,corrected full,oversampling,10999288,rotational star,rotational star,validation
1,corrected full,oversampling,11001884,rotational star,rotational star,validation
1,corrected full,oversampling,11007265,Ecl,Ecl,validation
1,corrected full,oversampling,11009101,Ecl,Ecl,validation
1,corrected full,oversampling,11011121,Pulsating,Pulsating,validation
1,corrected full,oversampling,11330091,Pulsating,Pulsating,validation
1,corrected full,oversampling,11331222,rotational star,rotational star,validation
1,corrected full,oversampling,11331243,Ecl,Ecl,validation
1,corrected full,oversampling,11569336,Ecl,Ecl,validation
1,corrected full,oversampling,11618917,Ecl,Ecl,validation
1,corrected full,oversampling,11619060,Pulsating,Pulsating,validation
1,corrected full,oversampling,11777950,Ecl,Ecl,validation
1,corrected full,oversampling,11781845,rotational star,rotational star,validation
1,corrected full,oversampling,12066656,Pulsating,Pulsating,validation
1,corrected full,oversampling,12258668,Ecl,Ecl,validation
1,corrected full,oversampling,12372966,Pulsating,Pulsating,validation
1,corrected full,oversampling,12381065,Pulsating,Pulsating,validation
1,corrected full,oversampling,12385141,Pulsating,Pulsating,validation
1,corrected full,oversampling,12396137,rotational star,rotational star,validation
1,corrected full,oversampling,12428154,rotational star,rotational star,validation
1,corrected full,oversampling,12429757,Pulsating,Pulsating,validation
1,corrected full,oversampling,12430524,Ecl,rotational star,validation
1,corrected full,oversampling,12455147,Pulsating,Pulsating,validation
1,corrected full,oversampling,12458201,Pulsating,Pulsating,validation
1,corrected full,oversampling,12485558,Ecl,Ecl,validation
1,corrected full,oversampling,12503915,Pulsating,Pulsating,validation
1,corrected full,oversampling,12629618,Ecl,Ecl,validation
1,corrected full,oversampling,12632305,rotational star,rotational star,validation
1,corrected full,oversampling,12645886,rotational star,rotational star,validation
1,corrected full,oversampling,12833109,Ecl,Ecl,validation
1,corrected full,oversampling,12985266,rotational star,rotational star,validation
1,corrected full,oversampling,12987403,rotational star,Ecl,validation
1,corrected full,oversampling,12987610,Pulsating,Pulsating,validation
1,corrected full,oversampling,12988288,rotational star,Ecl,validation
1,corrected full,oversampling,13087231,Pulsating,Pulsating,validation
1,corrected full,oversampling,13199413,rotational star,rotational star,validation
1,corrected full,oversampling,13207875,Pulsating,Pulsating,validation
1,corrected full,oversampling,13207951,Pulsating,Pulsating,validation
1,corrected full,oversampling,13208778,Pulsating,Pulsating,validation
1,corrected full,oversampling,13209911,rotational star,rotational star,validation
1,corrected full,oversampling,13242181,Pulsating,Pulsating,validation
1,corrected full,oversampling,13276565,Pulsating,Pulsating,validation
1,corrected full,oversampling,13383409,Pulsating,Ecl,validation
1,corrected full,oversampling,13389119,Ecl,Ecl,validation
1,corrected full,oversampling,13530333,Ecl,Ecl,validation
1,corrected full,oversampling,13654537,Pulsating,Pulsating,validation
1,corrected full,oversampling,13655974,Ecl,Ecl,validation
1,corrected full,oversampling,13751687,Pulsating,Pulsating,validation
1,corrected full,oversampling,14230613,Pulsating,Pulsating,validation
1,corrected full,oversampling,14244526,rotational star,rotational star,validation
1,corrected full,oversampling,14506922,Ecl,Ecl,validation
1,corrected full,oversampling,14691730,Pulsating,Pulsating,validation
1,corrected full,oversampling,14738575,Pulsating,Pulsating,validation
1,corrected full,oversampling,14740870,rotational star,rotational star,validation
1,corrected full,oversampling,14741764,Ecl,Ecl,validation
1,corrected full,oversampling,15137022,Pulsating,Pulsating,validation
1,corrected full,oversampling,15597839,Pulsating,Ecl,validation
1,corrected full,oversampling,15597867,rotational star,Ecl,validation
1,corrected full,oversampling,15599936,Ecl,rotational star,validation
1,corrected full,oversampling,15850657,Pulsating,Pulsating,validation
1,corrected full,oversampling,16014617,rotational star,rotational star,validation
1,corrected full,oversampling,16019390,Pulsating,Pulsating,validation
1,corrected full,oversampling,16025148,Pulsating,Pulsating,validation
1,corrected full,oversampling,16069152,Pulsating,Ecl,validation
1,corrected full,oversampling,16070460,Ecl,Ecl,validation
1,corrected full,oversampling,16191604,Ecl,Ecl,validation
1,corrected full,oversampling,16195962,Ecl,Ecl,validation
1,corrected full,oversampling,16196927,Ecl,rotational star,validation
1,corrected full,oversampling,16201007,Ecl,rotational star,validation
1,corrected full,oversampling,16346242,Ecl,Ecl,validation
1,corrected full,oversampling,16385436,Pulsating,Pulsating,validation
1,corrected full,oversampling,16524653,Pulsating,Ecl,validation
1,corrected full,oversampling,16524927,Ecl,Ecl,validation
1,corrected full,oversampling,16539212,Pulsating,Pulsating,validation
1,corrected full,oversampling,16652319,rotational star,rotational star,validation
1,corrected full,oversampling,16810259,Ecl,Ecl,validation
1,corrected full,oversampling,16815904,Pulsating,Pulsating,validation
1,corrected full,oversampling,17139277,Ecl,Ecl,validation
1,corrected full,oversampling,17143971,Pulsating,Pulsating,validation
1,corrected full,oversampling,17171545,rotational star,rotational star,validation
1,corrected full,oversampling,17171630,Ecl,Ecl,validation
1,corrected full,oversampling,17171915,Pulsating,Pulsating,validation
1,corrected full,oversampling,17173848,Pulsating,Pulsating,validation
1,corrected full,oversampling,17204841,Ecl,Ecl,validation
1,corrected full,oversampling,17207646,rotational star,rotational star,validation
1,corrected full,oversampling,17395501,Ecl,Ecl,validation
1,corrected full,oversampling,17395619,Ecl,Ecl,validation
1,corrected full,oversampling,17486534,Pulsating,Pulsating,validation
1,corrected full,oversampling,17487267,Ecl,Ecl,validation
1,corrected full,oversampling,17488151,rotational star,Pulsating,validation
1,corrected full,oversampling,17489885,rotational star,rotational star,validation
1,corrected full,oversampling,17668303,rotational star,Ecl,validation
1,corrected full,oversampling,17668765,rotational star,rotational star,validation
1,corrected full,oversampling,17683753,Pulsating,Pulsating,validation
1,corrected full,oversampling,17705241,Pulsating,Pulsating,validation
1,corrected full,oversampling,18161508,Pulsating,Ecl,validation
1,corrected full,oversampling,18162677,rotational star,rotational star,validation
1,corrected full,oversampling,18163157,rotational star,rotational star,validation
1,corrected full,oversampling,18196444,Ecl,Ecl,validation
1,corrected full,oversampling,18279384,Pulsating,Pulsating,validation
1,corrected full,oversampling,18565790,Ecl,Ecl,validation
1,corrected full,oversampling,18643995,Pulsating,Pulsating,validation
1,corrected full,oversampling,18685198,Pulsating,Ecl,validation
1,corrected full,oversampling,18753712,Ecl,Ecl,validation
1,corrected full,oversampling,19315549,rotational star,rotational star,validation
1,corrected full,oversampling,19316099,Pulsating,Pulsating,validation
1,corrected full,oversampling,19316948,Ecl,rotational star,validation
1,corrected full,oversampling,19318719,Ecl,Ecl,validation
1,corrected full,oversampling,19593398,Pulsating,Pulsating,validation
1,corrected full,oversampling,19661167,Pulsating,Pulsating,validation
1,corrected full,oversampling,20027143,Ecl,Ecl,validation
1,corrected full,oversampling,20185964,rotational star,Ecl,validation
1,corrected full,oversampling,20191975,Pulsating,Pulsating,validation
1,corrected full,oversampling,20236227,rotational star,rotational star,validation
1,corrected full,oversampling,20325802,Pulsating,Pulsating,validation
1,corrected full,oversampling,20350465,Ecl,Ecl,validation
1,corrected full,oversampling,20581090,Pulsating,Pulsating,validation
1,corrected full,oversampling,20582631,Ecl,rotational star,validation
1,corrected full,oversampling,20582974,Ecl,rotational star,validation
1,corrected full,oversampling,20729490,Pulsating,Ecl,validation
1,corrected full,oversampling,21232325,Ecl,Ecl,validation
1,corrected full,oversampling,21233087,Pulsating,Pulsating,validation
1,corrected full,oversampling,21257384,Ecl,Ecl,validation
1,corrected full,oversampling,21331636,Pulsating,Pulsating,validation
1,corrected full,oversampling,21525577,Ecl,Ecl,validation
1,corrected full,oversampling,21530397,Ecl,rotational star,validation
1,corrected full,oversampling,21532142,Ecl,rotational star,validation
1,corrected full,oversampling,21598085,rotational star,rotational star,validation
1,corrected full,oversampling,22025457,Ecl,rotational star,validation
1,corrected full,oversampling,22026557,Ecl,Ecl,validation
1,corrected full,oversampling,22032757,Ecl,Ecl,validation
1,corrected full,oversampling,22307491,rotational star,rotational star,validation
1,corrected full,oversampling,22439883,rotational star,rotational star,validation
1,corrected full,oversampling,22552904,Pulsating,Ecl,validation
1,corrected full,oversampling,22596528,rotational star,rotational star,validation
1,corrected full,oversampling,22845889,Pulsating,Pulsating,validation
1,corrected full,oversampling,22898649,Ecl,Ecl,validation
1,corrected full,oversampling,23094948,Pulsating,Pulsating,validation
1,corrected full,oversampling,23096737,Pulsating,Pulsating,validation
1,corrected full,oversampling,23520974,rotational star,Ecl,validation
1,corrected full,oversampling,23523004,Ecl,rotational star,validation
1,corrected full,oversampling,23524401,Ecl,Ecl,validation
1,corrected full,oversampling,23524902,Pulsating,Pulsating,validation
1,corrected full,oversampling,23527368,rotational star,rotational star,validation
1,corrected full,oversampling,23753830,Ecl,Ecl,validation
1,corrected full,oversampling,23762447,rotational star,Ecl,validation
1,corrected full,oversampling,24136790,Ecl,Ecl,validation
1,corrected full,oversampling,24138253,Pulsating,Ecl,validation
1,corrected full,oversampling,24139220,rotational star,rotational star,validation
1,corrected full,oversampling,24309921,rotational star,rotational star,validation
1,corrected full,oversampling,24473874,rotational star,rotational star,validation
1,corrected full,oversampling,24533647,Ecl,Ecl,validation
1,corrected full,oversampling,24577873,Ecl,Pulsating,validation
1,corrected full,oversampling,24693091,rotational star,rotational star,validation
1,corrected full,oversampling,24693649,Ecl,Ecl,validation
1,corrected full,oversampling,24694443,rotational star,rotational star,validation
1,corrected full,oversampling,24873115,Ecl,Ecl,validation
1,corrected full,oversampling,25061780,Ecl,Ecl,validation
1,corrected full,oversampling,25078708,Ecl,Ecl,validation
1,corrected full,oversampling,25171079,Ecl,Ecl,validation
1,corrected full,oversampling,25172198,rotational star,rotational star,validation
1,corrected full,oversampling,25300306,Ecl,Ecl,validation
1,corrected full,oversampling,25341342,Pulsating,Pulsating,validation
1,corrected full,oversampling,26121623,Pulsating,Pulsating,validation
1,corrected full,oversampling,26121898,Pulsating,Ecl,validation
1,corrected full,oversampling,26122981,Ecl,Ecl,validation
1,corrected full,oversampling,26286907,rotational star,rotational star,validation
1,corrected full,oversampling,26291452,Pulsating,Pulsating,validation
1,corrected full,oversampling,26292653,Pulsating,Pulsating,validation
1,corrected full,oversampling,26370884,Pulsating,Pulsating,validation
1,corrected full,oversampling,26373361,Pulsating,Pulsating,validation
1,corrected full,oversampling,26374646,rotational star,rotational star,validation
1,corrected full,oversampling,26388559,Pulsating,Pulsating,validation
1,corrected full,oversampling,26390208,Pulsating,Pulsating,validation
1,corrected full,oversampling,26657061,Pulsating,Pulsating,validation
1,corrected full,oversampling,26658269,Pulsating,Pulsating,validation
1,corrected full,oversampling,26658961,rotational star,rotational star,validation
1,corrected full,oversampling,26693205,Pulsating,Pulsating,validation
1,corrected full,oversampling,26800705,Ecl,Ecl,validation
1,corrected full,oversampling,26803187,Ecl,Ecl,validation
1,corrected full,oversampling,26803671,Ecl,rotational star,validation
1,corrected full,oversampling,27035707,Ecl,Ecl,validation
1,corrected full,oversampling,27143768,Pulsating,Pulsating,validation
1,corrected full,oversampling,27147130,Ecl,rotational star,validation
1,corrected full,oversampling,27311608,Pulsating,Pulsating,validation
1,corrected full,oversampling,27352796,rotational star,rotational star,validation
1,corrected full,oversampling,27569812,Pulsating,Pulsating,validation
1,corrected full,oversampling,27570608,Pulsating,Ecl,validation
1,corrected full,oversampling,28036632,rotational star,Ecl,validation
1,corrected full,oversampling,28334166,rotational star,rotational star,validation
1,corrected full,oversampling,28334662,Ecl,Ecl,validation
1,corrected full,oversampling,28686558,Pulsating,Pulsating,validation
1,corrected full,oversampling,28687329,Pulsating,Pulsating,validation
1,corrected full,oversampling,28707431,Pulsating,Pulsating,validation
1,corrected full,oversampling,28711657,Pulsating,Pulsating,validation
1,corrected full,oversampling,28712288,Ecl,Ecl,validation
1,corrected full,oversampling,28765447,Ecl,Ecl,validation
1,corrected full,oversampling,28902582,Pulsating,Pulsating,validation
1,corrected full,oversampling,29095077,Pulsating,Pulsating,validation
1,corrected full,oversampling,29120286,rotational star,rotational star,validation
1,corrected full,oversampling,29188330,rotational star,Ecl,validation
1,corrected full,oversampling,29188468,rotational star,rotational star,validation
1,corrected full,oversampling,29320586,Ecl,Ecl,validation
1,corrected full,oversampling,29466786,Ecl,Ecl,validation
1,corrected full,oversampling,29471286,Ecl,Ecl,validation
1,corrected full,oversampling,29585955,Pulsating,Pulsating,validation
1,corrected full,oversampling,29600773,Ecl,Ecl,validation
1,corrected full,oversampling,29602508,Pulsating,Pulsating,validation
1,corrected full,oversampling,31013677,Ecl,Ecl,validation
1,corrected full,oversampling,31074586,rotational star,rotational star,validation
1,corrected full,oversampling,31076565,Pulsating,Pulsating,validation
1,corrected full,oversampling,31076757,Ecl,Ecl,validation
1,corrected full,oversampling,31077308,Pulsating,Pulsating,validation
1,corrected full,oversampling,31276019,Pulsating,Pulsating,validation
1,corrected full,oversampling,31281030,Pulsating,Pulsating,validation
1,corrected full,oversampling,31323572,Ecl,Ecl,validation
1,corrected full,oversampling,31427907,Ecl,Ecl,validation
1,corrected full,oversampling,31431417,Ecl,Ecl,validation
1,corrected full,oversampling,31495559,rotational star,rotational star,validation
1,corrected full,oversampling,31528690,Pulsating,Pulsating,validation
1,corrected full,oversampling,31529882,Pulsating,Ecl,validation
1,corrected full,oversampling,31529982,rotational star,rotational star,validation
1,corrected full,oversampling,31733188,Pulsating,Pulsating,validation
1,corrected full,oversampling,32006741,rotational star,Ecl,validation
1,corrected full,oversampling,32096345,Pulsating,Pulsating,validation
1,corrected full,oversampling,32539259,Ecl,Ecl,validation
1,corrected full,oversampling,32539598,rotational star,rotational star,validation
1,corrected full,oversampling,32543509,Pulsating,Pulsating,validation
1,corrected full,oversampling,32919219,Ecl,Ecl,validation
1,corrected full,oversampling,32979723,Ecl,Ecl,validation
1,corrected full,oversampling,34290093,rotational star,Ecl,validation
1,corrected full,oversampling,34460627,Ecl,Ecl,validation
1,corrected full,oversampling,34462510,Pulsating,Pulsating,validation
1,corrected full,oversampling,36072684,rotational star,rotational star,validation
1,corrected full,oversampling,36931135,rotational star,rotational star,validation
1,corrected full,oversampling,37016147,Ecl,Ecl,validation
1,corrected full,oversampling,37023740,Ecl,Ecl,validation
1,corrected full,oversampling,37518901,rotational star,Ecl,validation
1,corrected full,oversampling,37878826,Ecl,Ecl,validation
1,corrected full,oversampling,37972693,Pulsating,Pulsating,validation
1,corrected full,oversampling,37974465,Pulsating,Pulsating,validation
1,corrected full,oversampling,37974712,rotational star,rotational star,validation
1,corrected full,oversampling,38003224,Ecl,Ecl,validation
1,corrected full,oversampling,38005317,rotational star,rotational star,validation
1,corrected full,oversampling,38592808,Ecl,Ecl,validation
1,corrected full,oversampling,38960060,Pulsating,Pulsating,validation
1,corrected full,oversampling,39190767,rotational star,rotational star,validation
1,corrected full,oversampling,39373713,Ecl,rotational star,validation
1,corrected full,oversampling,39592808,Ecl,Ecl,validation
1,corrected full,oversampling,39825744,Pulsating,Pulsating,validation
1,corrected full,oversampling,39827674,Ecl,Ecl,validation
1,corrected full,oversampling,39832833,Pulsating,Pulsating,validation
1,corrected full,oversampling,40430597,rotational star,rotational star,validation
1,corrected full,oversampling,40432753,rotational star,rotational star,validation
1,corrected full,oversampling,40702077,Pulsating,Ecl,validation
1,corrected full,oversampling,40702218,Pulsating,Pulsating,validation
1,corrected full,oversampling,40702829,rotational star,Pulsating,validation
1,corrected full,oversampling,40918651,rotational star,rotational star,validation
1,corrected full,oversampling,41125000,Pulsating,Pulsating,validation
1,corrected full,oversampling,41234847,Ecl,Ecl,validation
1,corrected full,oversampling,41479209,Pulsating,Pulsating,validation
1,corrected full,oversampling,41759938,Pulsating,Ecl,validation
1,corrected full,oversampling,42258160,Pulsating,Pulsating,validation
1,corrected full,oversampling,42477231,Ecl,Ecl,validation
1,corrected full,oversampling,42480121,rotational star,rotational star,validation
1,corrected full,oversampling,42745458,Pulsating,Pulsating,validation
1,corrected full,oversampling,42914165,Pulsating,Pulsating,validation
1,corrected full,oversampling,43462276,Ecl,Ecl,validation
1,corrected full,oversampling,43602504,rotational star,rotational star,validation
1,corrected full,oversampling,43751069,Ecl,Ecl,validation
1,corrected full,oversampling,43751070,rotational star,Ecl,validation
1,corrected full,oversampling,43751253,Pulsating,Pulsating,validation
1,corrected full,oversampling,43752999,Pulsating,Pulsating,validation
1,corrected full,oversampling,44660963,Pulsating,Pulsating,validation
1,corrected full,oversampling,44663347,Pulsating,Pulsating,validation
1,corrected full,oversampling,46260855,Ecl,rotational star,validation
1,corrected full,oversampling,46261677,Ecl,Ecl,validation
1,corrected full,oversampling,46413963,Pulsating,Pulsating,validation
1,corrected full,oversampling,46414555,Pulsating,Pulsating,validation
1,corrected full,oversampling,46897757,Pulsating,Pulsating,validation
1,corrected full,oversampling,46898141,Pulsating,Pulsating,validation
1,corrected full,oversampling,46900571,Pulsating,Pulsating,validation
1,corrected full,oversampling,46901361,rotational star,rotational star,validation
1,corrected full,oversampling,46909891,Pulsating,Pulsating,validation
1,corrected full,oversampling,47022061,Ecl,Ecl,validation
1,corrected full,oversampling,47494200,Ecl,Ecl,validation
1,corrected full,oversampling,47969932,Ecl,Pulsating,validation
1,corrected full,oversampling,47970268,Ecl,rotational star,validation
1,corrected full,oversampling,49377921,Ecl,Ecl,validation
1,corrected full,oversampling,49381051,Ecl,Ecl,validation
1,corrected full,oversampling,49847105,Ecl,Ecl,validation
1,corrected full,oversampling,50357494,Pulsating,Pulsating,validation
1,corrected full,oversampling,51452441,Pulsating,Ecl,validation
1,corrected full,oversampling,51784597,Ecl,Ecl,validation
1,corrected full,oversampling,52059746,rotational star,rotational star,validation
1,corrected full,oversampling,53235155,Pulsating,Pulsating,validation
1,corrected full,oversampling,53238530,Pulsating,Pulsating,validation
1,corrected full,oversampling,56915085,Pulsating,Pulsating,validation
1,corrected full,oversampling,57991378,rotational star,rotational star,validation
1,corrected full,oversampling,58251450,Ecl,Ecl,validation
1,corrected full,oversampling,58972248,Pulsating,Pulsating,validation
1,corrected full,oversampling,59054632,rotational star,rotational star,validation
1,corrected full,oversampling,59434931,rotational star,Ecl,validation
1,corrected full,oversampling,60261746,rotational star,rotational star,validation
1,corrected full,oversampling,60263788,Pulsating,Pulsating,validation
1,corrected full,oversampling,60290272,Pulsating,Pulsating,validation
1,corrected full,oversampling,60412706,Pulsating,Pulsating,validation
1,corrected full,oversampling,60518388,Ecl,Ecl,validation
1,corrected full,oversampling,60657172,rotational star,rotational star,validation
1,corrected full,oversampling,61497610,rotational star,Ecl,validation
1,corrected full,oversampling,63434538,Ecl,Ecl,validation
1,corrected full,oversampling,63436195,Ecl,Ecl,validation
1,corrected full,oversampling,63437025,Pulsating,Pulsating,validation
1,corrected full,oversampling,64169835,rotational star,rotational star,validation
1,corrected full,oversampling,64170749,rotational star,rotational star,validation
1,corrected full,oversampling,64170766,Pulsating,Ecl,validation
1,corrected full,oversampling,64210279,Pulsating,Pulsating,validation
1,corrected full,oversampling,64211202,Ecl,Ecl,validation
1,corrected full,oversampling,64520949,Ecl,rotational star,validation
1,corrected full,oversampling,64600489,rotational star,rotational star,validation
1,corrected full,oversampling,65707370,Ecl,Ecl,validation
1,corrected full,oversampling,66159119,Pulsating,Pulsating,validation
1,corrected full,oversampling,66601994,Pulsating,Pulsating,validation
1,corrected full,oversampling,70834957,Pulsating,Pulsating,validation
1,corrected full,oversampling,70879649,Pulsating,Pulsating,validation
1,corrected full,oversampling,77825973,Pulsating,Pulsating,validation
1,corrected full,oversampling,77826191,Pulsating,Pulsating,validation
1,corrected full,oversampling,77827357,Pulsating,Pulsating,validation
1,corrected full,oversampling,98165613,rotational star,rotational star,validation
1,corrected full,oversampling,1492,Pulsating,Pulsating,test
1,corrected full,oversampling,170389,Pulsating,Pulsating,test
1,corrected full,oversampling,174274,Pulsating,Pulsating,test
1,corrected full,oversampling,182732,Pulsating,Pulsating,test
1,corrected full,oversampling,351642,Ecl,Ecl,test
1,corrected full,oversampling,354735,Pulsating,Pulsating,test
1,corrected full,oversampling,356877,Pulsating,Pulsating,test
1,corrected full,oversampling,391705,Pulsating,Pulsating,test
1,corrected full,oversampling,396749,Ecl,rotational star,test
1,corrected full,oversampling,401124,Pulsating,Pulsating,test
1,corrected full,oversampling,401420,Ecl,Ecl,test
1,corrected full,oversampling,416128,Ecl,Ecl,test
1,corrected full,oversampling,517541,Ecl,Ecl,test
1,corrected full,oversampling,654210,Pulsating,Pulsating,test
1,corrected full,oversampling,682103,Pulsating,Pulsating,test
1,corrected full,oversampling,705322,Pulsating,Pulsating,test
1,corrected full,oversampling,706627,rotational star,rotational star,test
1,corrected full,oversampling,713256,rotational star,rotational star,test
1,corrected full,oversampling,720276,Ecl,Ecl,test
1,corrected full,oversampling,720910,Ecl,Ecl,test
1,corrected full,oversampling,795063,rotational star,Ecl,test
1,corrected full,oversampling,806270,rotational star,rotational star,test
1,corrected full,oversampling,855356,Pulsating,Ecl,test
1,corrected full,oversampling,891487,rotational star,rotational star,test
1,corrected full,oversampling,893445,Pulsating,Pulsating,test
1,corrected full,oversampling,989130,Pulsating,Pulsating,test
1,corrected full,oversampling,989377,rotational star,rotational star,test
1,corrected full,oversampling,993864,Ecl,Ecl,test
1,corrected full,oversampling,1085172,rotational star,rotational star,test
1,corrected full,oversampling,1086245,Pulsating,Pulsating,test
1,corrected full,oversampling,1086977,rotational star,rotational star,test
1,corrected full,oversampling,1087883,Pulsating,Pulsating,test
1,corrected full,oversampling,1137195,Pulsating,Pulsating,test
1,corrected full,oversampling,1359057,Ecl,Ecl,test
1,corrected full,oversampling,1360465,rotational star,Ecl,test
1,corrected full,oversampling,1399779,Ecl,Ecl,test
1,corrected full,oversampling,1400413,Pulsating,Pulsating,test
1,corrected full,oversampling,1465995,rotational star,rotational star,test
1,corrected full,oversampling,1486152,Ecl,Ecl,test
1,corrected full,oversampling,1486807,Ecl,Ecl,test
1,corrected full,oversampling,1487155,Pulsating,Pulsating,test
1,corrected full,oversampling,1487228,rotational star,rotational star,test
1,corrected full,oversampling,1488730,rotational star,rotational star,test
1,corrected full,oversampling,1520574,Ecl,rotational star,test
1,corrected full,oversampling,1525735,Pulsating,Pulsating,test
1,corrected full,oversampling,1529400,Pulsating,Pulsating,test
1,corrected full,oversampling,1533092,Pulsating,Pulsating,test
1,corrected full,oversampling,1534333,Pulsating,Pulsating,test
1,corrected full,oversampling,1540909,Ecl,Ecl,test
1,corrected full,oversampling,1542965,Pulsating,Pulsating,test
1,corrected full,oversampling,1786207,rotational star,rotational star,test
1,corrected full,oversampling,1786713,Pulsating,Pulsating,test
1,corrected full,oversampling,1787905,rotational star,rotational star,test
1,corrected full,oversampling,1788906,Ecl,Ecl,test
1,corrected full,oversampling,1815795,Pulsating,Pulsating,test
1,corrected full,oversampling,1819187,rotational star,Ecl,test
1,corrected full,oversampling,1821852,Pulsating,Pulsating,test
1,corrected full,oversampling,1858419,Ecl,Ecl,test
1,corrected full,oversampling,1866879,Pulsating,Ecl,test
1,corrected full,oversampling,1967928,rotational star,rotational star,test
1,corrected full,oversampling,2028803,Ecl,rotational star,test
1,corrected full,oversampling,2030192,Pulsating,Ecl,test
1,corrected full,oversampling,2078896,Pulsating,Pulsating,test
1,corrected full,oversampling,2210879,rotational star,rotational star,test
1,corrected full,oversampling,2211515,Ecl,rotational star,test
1,corrected full,oversampling,2255202,Ecl,Ecl,test
1,corrected full,oversampling,2710434,rotational star,rotational star,test
1,corrected full,oversampling,2854870,Ecl,Ecl,test
1,corrected full,oversampling,3037433,Ecl,rotational star,test
1,corrected full,oversampling,3039026,Pulsating,Pulsating,test
1,corrected full,oversampling,3053459,Ecl,Pulsating,test
1,corrected full,oversampling,3064343,Ecl,Ecl,test
1,corrected full,oversampling,3262989,Ecl,Ecl,test
1,corrected full,oversampling,3267525,Ecl,rotational star,test
1,corrected full,oversampling,3268443,Ecl,Ecl,test
1,corrected full,oversampling,3294397,Ecl,Ecl,test
1,corrected full,oversampling,3308758,Pulsating,Pulsating,test
1,corrected full,oversampling,3316875,rotational star,Ecl,test
1,corrected full,oversampling,3320934,Ecl,rotational star,test
1,corrected full,oversampling,3384809,Pulsating,Pulsating,test
1,corrected full,oversampling,3402113,Pulsating,Ecl,test
1,corrected full,oversampling,3515396,Pulsating,Pulsating,test
1,corrected full,oversampling,3530716,Ecl,Ecl,test
1,corrected full,oversampling,3532457,rotational star,rotational star,test
1,corrected full,oversampling,3535885,Ecl,Ecl,test
1,corrected full,oversampling,3536386,Ecl,Ecl,test
1,corrected full,oversampling,3538485,Ecl,Ecl,test
1,corrected full,oversampling,3538828,Ecl,rotational star,test
1,corrected full,oversampling,3539430,Pulsating,Pulsating,test
1,corrected full,oversampling,3540068,Pulsating,Pulsating,test
1,corrected full,oversampling,3563158,Pulsating,Pulsating,test
1,corrected full,oversampling,3573648,Pulsating,Pulsating,test
1,corrected full,oversampling,3574286,Pulsating,Pulsating,test
1,corrected full,oversampling,3578120,Ecl,Ecl,test
1,corrected full,oversampling,3578629,Pulsating,Pulsating,test
1,corrected full,oversampling,3579296,Pulsating,Pulsating,test
1,corrected full,oversampling,3580689,rotational star,rotational star,test
1,corrected full,oversampling,3581809,Ecl,Ecl,test
1,corrected full,oversampling,3610544,Pulsating,Pulsating,test
1,corrected full,oversampling,3707618,Pulsating,Pulsating,test
1,corrected full,oversampling,3712377,Pulsating,Pulsating,test
1,corrected full,oversampling,3778222,rotational star,rotational star,test
1,corrected full,oversampling,3879596,Pulsating,Pulsating,test
1,corrected full,oversampling,3888880,Pulsating,Pulsating,test
1,corrected full,oversampling,3888905,rotational star,rotational star,test
1,corrected full,oversampling,3891826,Ecl,Ecl,test
1,corrected full,oversampling,3900804,Ecl,Ecl,test
1,corrected full,oversampling,4016172,Pulsating,Pulsating,test
1,corrected full,oversampling,4052360,Ecl,Ecl,test
1,corrected full,oversampling,4053354,Pulsating,Pulsating,test
1,corrected full,oversampling,4085335,Pulsating,Pulsating,test
1,corrected full,oversampling,4086437,Ecl,Ecl,test
1,corrected full,oversampling,4112322,Ecl,Ecl,test
1,corrected full,oversampling,4112453,Pulsating,Pulsating,test
1,corrected full,oversampling,4154491,rotational star,rotational star,test
1,corrected full,oversampling,4165556,rotational star,Ecl,test
1,corrected full,oversampling,4202285,rotational star,rotational star,test
1,corrected full,oversampling,4203764,Pulsating,Pulsating,test
1,corrected full,oversampling,4204543,Ecl,Ecl,test
1,corrected full,oversampling,4204760,rotational star,rotational star,test
1,corrected full,oversampling,4207350,Ecl,Ecl,test
1,corrected full,oversampling,4221224,rotational star,rotational star,test
1,corrected full,oversampling,4222140,Pulsating,Pulsating,test
1,corrected full,oversampling,4318493,Ecl,Ecl,test
1,corrected full,oversampling,4319767,Ecl,Ecl,test
1,corrected full,oversampling,4503100,Ecl,Ecl,test
1,corrected full,oversampling,4503752,rotational star,rotational star,test
1,corrected full,oversampling,4525993,Ecl,Ecl,test
1,corrected full,oversampling,4531285,Ecl,Ecl,test
1,corrected full,oversampling,4555438,rotational star,Pulsating,test
1,corrected full,oversampling,4555634,rotational star,rotational star,test
1,corrected full,oversampling,4556326,rotational star,rotational star,test
1,corrected full,oversampling,4558584,rotational star,rotational star,test
1,corrected full,oversampling,4559117,rotational star,rotational star,test
1,corrected full,oversampling,4560178,rotational star,rotational star,test
1,corrected full,oversampling,4603259,Pulsating,Ecl,test
1,corrected full,oversampling,4627821,rotational star,rotational star,test
1,corrected full,oversampling,4720963,Pulsating,Ecl,test
1,corrected full,oversampling,4991083,Ecl,Ecl,test
1,corrected full,oversampling,5103090,rotational star,rotational star,test
1,corrected full,oversampling,5108781,Ecl,Ecl,test
1,corrected full,oversampling,5229099,rotational star,rotational star,test
1,corrected full,oversampling,5230789,Ecl,Ecl,test
1,corrected full,oversampling,5231192,Pulsating,Pulsating,test
1,corrected full,oversampling,5285064,Ecl,Ecl,test
1,corrected full,oversampling,5387464,Ecl,Ecl,test
1,corrected full,oversampling,5388985,rotational star,rotational star,test
1,corrected full,oversampling,5446648,rotational star,rotational star,test
1,corrected full,oversampling,5446653,Ecl,Ecl,test
1,corrected full,oversampling,5448059,Ecl,Ecl,test
1,corrected full,oversampling,5502401,Pulsating,Pulsating,test
1,corrected full,oversampling,5552243,Pulsating,Pulsating,test
1,corrected full,oversampling,5703162,Ecl,rotational star,test
1,corrected full,oversampling,5839093,Pulsating,Pulsating,test
1,corrected full,oversampling,5855159,Pulsating,Ecl,test
1,corrected full,oversampling,6035659,rotational star,rotational star,test
1,corrected full,oversampling,6385706,Pulsating,Pulsating,test
1,corrected full,oversampling,6388611,Pulsating,Pulsating,test
1,corrected full,oversampling,6420800,Ecl,Pulsating,test
1,corrected full,oversampling,6423392,Ecl,Ecl,test
1,corrected full,oversampling,6423500,Ecl,Ecl,test
1,corrected full,oversampling,6424179,Ecl,Ecl,test
1,corrected full,oversampling,6426729,Ecl,Ecl,test
1,corrected full,oversampling,6428939,Ecl,Ecl,test
1,corrected full,oversampling,6559105,rotational star,Pulsating,test
1,corrected full,oversampling,6578144,Pulsating,Pulsating,test
1,corrected full,oversampling,6582868,Pulsating,Pulsating,test
1,corrected full,oversampling,6708716,rotational star,rotational star,test
1,corrected full,oversampling,6711028,Ecl,Ecl,test
1,corrected full,oversampling,6771481,Pulsating,Pulsating,test
1,corrected full,oversampling,6772137,rotational star,rotational star,test
1,corrected full,oversampling,6772757,rotational star,rotational star,test
1,corrected full,oversampling,6772868,rotational star,rotational star,test
1,corrected full,oversampling,6774272,Pulsating,Pulsating,test
1,corrected full,oversampling,6885233,rotational star,rotational star,test
1,corrected full,oversampling,6886679,rotational star,rotational star,test
1,corrected full,oversampling,6900401,rotational star,rotational star,test
1,corrected full,oversampling,6914961,rotational star,rotational star,test
1,corrected full,oversampling,6968029,Ecl,Ecl,test
1,corrected full,oversampling,6968264,Pulsating,Pulsating,test
1,corrected full,oversampling,6971276,Pulsating,Ecl,test
1,corrected full,oversampling,6971505,rotational star,rotational star,test
1,corrected full,oversampling,7072651,rotational star,rotational star,test
1,corrected full,oversampling,7127722,Ecl,Ecl,test
1,corrected full,oversampling,7223147,Ecl,Ecl,test
1,corrected full,oversampling,7257067,Pulsating,Ecl,test
1,corrected full,oversampling,7348139,Pulsating,Pulsating,test
1,corrected full,oversampling,7348645,Pulsating,Pulsating,test
1,corrected full,oversampling,7438683,Ecl,rotational star,test
1,corrected full,oversampling,7443675,Pulsating,Pulsating,test
1,corrected full,oversampling,7566107,Ecl,rotational star,test
1,corrected full,oversampling,7569518,Pulsating,Pulsating,test
1,corrected full,oversampling,7576919,Pulsating,Pulsating,test
1,corrected full,oversampling,7641751,Pulsating,Pulsating,test
1,corrected full,oversampling,7775830,Pulsating,Pulsating,test
1,corrected full,oversampling,7824125,Ecl,Ecl,test
1,corrected full,oversampling,7898622,Ecl,Ecl,test
1,corrected full,oversampling,7904889,Ecl,Ecl,test
1,corrected full,oversampling,7907540,Ecl,Ecl,test
1,corrected full,oversampling,7907839,Pulsating,Pulsating,test
1,corrected full,oversampling,7911225,Ecl,Ecl,test
1,corrected full,oversampling,7948368,Ecl,Ecl,test
1,corrected full,oversampling,8071429,Ecl,Ecl,test
1,corrected full,oversampling,8072240,Pulsating,Pulsating,test
1,corrected full,oversampling,8077094,Ecl,Ecl,test
1,corrected full,oversampling,8085320,rotational star,rotational star,test
1,corrected full,oversampling,8089619,Ecl,Ecl,test
1,corrected full,oversampling,8089854,rotational star,rotational star,test
1,corrected full,oversampling,8095331,rotational star,rotational star,test
1,corrected full,oversampling,8234121,Pulsating,Pulsating,test
1,corrected full,oversampling,8260993,Pulsating,Pulsating,test
1,corrected full,oversampling,8298820,Ecl,Ecl,test
1,corrected full,oversampling,8301406,Pulsating,Pulsating,test
1,corrected full,oversampling,8302040,Ecl,Pulsating,test
1,corrected full,oversampling,8303969,rotational star,rotational star,test
1,corrected full,oversampling,8304398,rotational star,rotational star,test
1,corrected full,oversampling,8307548,Pulsating,Pulsating,test
1,corrected full,oversampling,8315756,Pulsating,Pulsating,test
1,corrected full,oversampling,8331224,Ecl,rotational star,test
1,corrected full,oversampling,8337585,rotational star,rotational star,test
1,corrected full,oversampling,8395322,Ecl,Ecl,test
1,corrected full,oversampling,8395517,Ecl,Ecl,test
1,corrected full,oversampling,8396121,Ecl,Ecl,test
1,corrected full,oversampling,8413061,Ecl,rotational star,test
1,corrected full,oversampling,8436241,Pulsating,Ecl,test
1,corrected full,oversampling,8568363,Ecl,Ecl,test
1,corrected full,oversampling,8649964,Pulsating,Pulsating,test
1,corrected full,oversampling,8667230,rotational star,rotational star,test
1,corrected full,oversampling,8700095,Ecl,rotational star,test
1,corrected full,oversampling,8700892,Pulsating,Pulsating,test
1,corrected full,oversampling,8701682,Pulsating,Pulsating,test
1,corrected full,oversampling,8702727,rotational star,rotational star,test
1,corrected full,oversampling,8821912,Ecl,Ecl,test
1,corrected full,oversampling,8825435,Ecl,Ecl,test
1,corrected full,oversampling,8825485,Ecl,Ecl,test
1,corrected full,oversampling,8826873,Ecl,Ecl,test
1,corrected full,oversampling,8833576,Ecl,Ecl,test
1,corrected full,oversampling,8862457,Pulsating,Pulsating,test
1,corrected full,oversampling,8865289,Ecl,Ecl,test
1,corrected full,oversampling,8895274,Pulsating,Pulsating,test
1,corrected full,oversampling,8896138,Ecl,Ecl,test
1,corrected full,oversampling,8901720,Pulsating,Pulsating,test
1,corrected full,oversampling,9001365,Ecl,Ecl,test
1,corrected full,oversampling,9087235,Ecl,Ecl,test
1,corrected full,oversampling,9090968,Pulsating,Pulsating,test
1,corrected full,oversampling,9210109,rotational star,Pulsating,test
1,corrected full,oversampling,9252425,Pulsating,Pulsating,test
1,corrected full,oversampling,9254197,Pulsating,Pulsating,test
1,corrected full,oversampling,9385226,rotational star,rotational star,test
1,corrected full,oversampling,9421023,Pulsating,Pulsating,test
1,corrected full,oversampling,9422650,rotational star,rotational star,test
1,corrected full,oversampling,9425767,Ecl,Ecl,test
1,corrected full,oversampling,9441160,rotational star,rotational star,test
1,corrected full,oversampling,9460839,Pulsating,Pulsating,test
1,corrected full,oversampling,9643812,rotational star,rotational star,test
1,corrected full,oversampling,9650202,Ecl,Ecl,test
1,corrected full,oversampling,9708710,Ecl,Ecl,test
1,corrected full,oversampling,9710004,Pulsating,Pulsating,test
1,corrected full,oversampling,9851742,Ecl,rotational star,test
1,corrected full,oversampling,9862976,Ecl,rotational star,test
1,corrected full,oversampling,10034483,Ecl,Pulsating,test
1,corrected full,oversampling,10045593,Pulsating,Pulsating,test
1,corrected full,oversampling,10221825,Pulsating,Pulsating,test
1,corrected full,oversampling,10235536,Ecl,Ecl,test
1,corrected full,oversampling,10237366,Pulsating,Pulsating,test
1,corrected full,oversampling,10237841,rotational star,rotational star,test
1,corrected full,oversampling,10240912,Pulsating,Pulsating,test
1,corrected full,oversampling,10384900,Pulsating,Pulsating,test
1,corrected full,oversampling,10477528,Ecl,Pulsating,test
1,corrected full,oversampling,10501955,Ecl,Ecl,test
1,corrected full,oversampling,10504051,Ecl,Ecl,test
1,corrected full,oversampling,10506123,Ecl,Ecl,test
1,corrected full,oversampling,10506299,rotational star,rotational star,test
1,corrected full,oversampling,10675231,Pulsating,Pulsating,test
1,corrected full,oversampling,10684029,rotational star,rotational star,test
1,corrected full,oversampling,10725909,Ecl,Ecl,test
1,corrected full,oversampling,10745759,rotational star,rotational star,test
1,corrected full,oversampling,10758622,Pulsating,Pulsating,test
1,corrected full,oversampling,10759236,Pulsating,Pulsating,test
1,corrected full,oversampling,10762635,Ecl,rotational star,test
1,corrected full,oversampling,10772457,Ecl,Ecl,test
1,corrected full,oversampling,10774324,rotational star,rotational star,test
1,corrected full,oversampling,10774489,Pulsating,Ecl,test
1,corrected full,oversampling,10778741,Ecl,Ecl,test
1,corrected full,oversampling,10781318,rotational star,rotational star,test
1,corrected full,oversampling,11000456,Pulsating,Pulsating,test
1,corrected full,oversampling,11000690,Pulsating,Pulsating,test
1,corrected full,oversampling,11002179,Ecl,Ecl,test
1,corrected full,oversampling,11003680,Pulsating,Pulsating,test
1,corrected full,oversampling,11008744,Ecl,Ecl,test
1,corrected full,oversampling,11103477,rotational star,rotational star,test
1,corrected full,oversampling,11281753,Ecl,Ecl,test
1,corrected full,oversampling,11332457,Pulsating,Pulsating,test
1,corrected full,oversampling,11333675,Ecl,Ecl,test
1,corrected full,oversampling,11333752,Pulsating,Ecl,test
1,corrected full,oversampling,11527909,Ecl,Ecl,test
1,corrected full,oversampling,11568132,Pulsating,Pulsating,test
1,corrected full,oversampling,11569837,Pulsating,Pulsating,test
1,corrected full,oversampling,11569977,Pulsating,Pulsating,test
1,corrected full,oversampling,11572714,rotational star,rotational star,test
1,corrected full,oversampling,11585007,Pulsating,Pulsating,test
1,corrected full,oversampling,11619555,Pulsating,Pulsating,test
1,corrected full,oversampling,11620334,Pulsating,Pulsating,test
1,corrected full,oversampling,11621089,Ecl,Ecl,test
1,corrected full,oversampling,11772275,Pulsating,Pulsating,test
1,corrected full,oversampling,11775317,Ecl,rotational star,test
1,corrected full,oversampling,11778107,Ecl,Ecl,test
1,corrected full,oversampling,11780339,Ecl,Ecl,test
1,corrected full,oversampling,11931277,rotational star,rotational star,test
1,corrected full,oversampling,12068202,Pulsating,Pulsating,test
1,corrected full,oversampling,12077861,rotational star,rotational star,test
1,corrected full,oversampling,12082661,Ecl,Ecl,test
1,corrected full,oversampling,12256111,Ecl,Ecl,test
1,corrected full,oversampling,12257100,Pulsating,Pulsating,test
1,corrected full,oversampling,12258499,Pulsating,Pulsating,test
1,corrected full,oversampling,12261159,Ecl,Ecl,test
1,corrected full,oversampling,12372134,Ecl,Ecl,test
1,corrected full,oversampling,12372670,Pulsating,Pulsating,test
1,corrected full,oversampling,12373785,Ecl,Ecl,test
1,corrected full,oversampling,12374282,Ecl,Ecl,test
1,corrected full,oversampling,12374400,Pulsating,Pulsating,test
1,corrected full,oversampling,12377666,Ecl,Ecl,test
1,corrected full,oversampling,12394941,Pulsating,Pulsating,test
1,corrected full,oversampling,12397628,Pulsating,Pulsating,test
1,corrected full,oversampling,12428055,Ecl,Ecl,test
1,corrected full,oversampling,12458470,Ecl,Ecl,test
1,corrected full,oversampling,12470242,Ecl,Ecl,test
1,corrected full,oversampling,12472170,rotational star,rotational star,test
1,corrected full,oversampling,12481937,rotational star,rotational star,test
1,corrected full,oversampling,12502942,Ecl,Ecl,test
1,corrected full,oversampling,12506794,rotational star,Ecl,test
1,corrected full,oversampling,12623479,Pulsating,Pulsating,test
1,corrected full,oversampling,12629856,Ecl,Ecl,test
1,corrected full,oversampling,12644912,rotational star,rotational star,test
1,corrected full,oversampling,12644999,rotational star,rotational star,test
1,corrected full,oversampling,12645321,rotational star,rotational star,test
1,corrected full,oversampling,12828861,Ecl,Ecl,test
1,corrected full,oversampling,12830670,Ecl,Ecl,test
1,corrected full,oversampling,12832709,rotational star,rotational star,test
1,corrected full,oversampling,12986116,Pulsating,Pulsating,test
1,corrected full,oversampling,12987544,Pulsating,Pulsating,test
1,corrected full,oversampling,13086137,Pulsating,Ecl,test
1,corrected full,oversampling,13087516,rotational star,rotational star,test
1,corrected full,oversampling,13206347,rotational star,rotational star,test
1,corrected full,oversampling,13276733,Pulsating,Pulsating,test
1,corrected full,oversampling,13281056,Pulsating,Pulsating,test
1,corrected full,oversampling,13383287,rotational star,rotational star,test
1,corrected full,oversampling,13390885,Ecl,Ecl,test
1,corrected full,oversampling,13398192,Ecl,Ecl,test
1,corrected full,oversampling,13642058,rotational star,rotational star,test
1,corrected full,oversampling,13729475,Pulsating,Pulsating,test
1,corrected full,oversampling,13731074,Ecl,rotational star,test
1,corrected full,oversampling,13833585,rotational star,rotational star,test
1,corrected full,oversampling,14022706,rotational star,rotational star,test
1,corrected full,oversampling,14024188,Pulsating,Pulsating,test
1,corrected full,oversampling,14025549,rotational star,rotational star,test
1,corrected full,oversampling,14506614,Ecl,Ecl,test
1,corrected full,oversampling,14507025,Ecl,Ecl,test
1,corrected full,oversampling,14521032,Ecl,Ecl,test
1,corrected full,oversampling,15134517,Pulsating,rotational star,test
1,corrected full,oversampling,15135391,Ecl,Ecl,test
1,corrected full,oversampling,15136616,rotational star,rotational star,test
1,corrected full,oversampling,15200820,Ecl,Ecl,test
1,corrected full,oversampling,15201345,Pulsating,Pulsating,test
1,corrected full,oversampling,15516051,rotational star,rotational star,test
1,corrected full,oversampling,15597494,rotational star,rotational star,test
1,corrected full,oversampling,15600345,Pulsating,Pulsating,test
1,corrected full,oversampling,15601545,rotational star,rotational star,test
1,corrected full,oversampling,16014078,Ecl,Ecl,test
1,corrected full,oversampling,16023201,Pulsating,Pulsating,test
1,corrected full,oversampling,16025636,rotational star,Ecl,test
1,corrected full,oversampling,16026174,Pulsating,Pulsating,test
1,corrected full,oversampling,16028452,Pulsating,Pulsating,test
1,corrected full,oversampling,16030990,Pulsating,Pulsating,test
1,corrected full,oversampling,16041487,rotational star,rotational star,test
1,corrected full,oversampling,16070289,Ecl,rotational star,test
1,corrected full,oversampling,16129494,Ecl,rotational star,test
1,corrected full,oversampling,16181266,Ecl,Ecl,test
1,corrected full,oversampling,16190605,Ecl,Ecl,test
1,corrected full,oversampling,16193408,Ecl,rotational star,test
1,corrected full,oversampling,16197293,Ecl,Ecl,test
1,corrected full,oversampling,16197428,Ecl,Ecl,test
1,corrected full,oversampling,16197570,rotational star,rotational star,test
1,corrected full,oversampling,16199371,Pulsating,Ecl,test
1,corrected full,oversampling,16344798,Pulsating,Pulsating,test
1,corrected full,oversampling,16383690,Ecl,Ecl,test
1,corrected full,oversampling,16526833,Pulsating,Pulsating,test
1,corrected full,oversampling,16536879,Pulsating,Pulsating,test
1,corrected full,oversampling,16537858,Ecl,Ecl,test
1,corrected full,oversampling,16538906,rotational star,rotational star,test
1,corrected full,oversampling,16653594,Ecl,rotational star,test
1,corrected full,oversampling,16653951,rotational star,rotational star,test
1,corrected full,oversampling,16658118,Pulsating,Pulsating,test
1,corrected full,oversampling,16658450,Pulsating,Pulsating,test
1,corrected full,oversampling,16766005,Pulsating,Pulsating,test
1,corrected full,oversampling,16767478,Ecl,Ecl,test
1,corrected full,oversampling,16801765,Pulsating,Pulsating,test
1,corrected full,oversampling,16805103,Ecl,Ecl,test
1,corrected full,oversampling,16805321,Pulsating,Pulsating,test
1,corrected full,oversampling,16806833,Ecl,Ecl,test
1,corrected full,oversampling,16809098,Pulsating,Pulsating,test
1,corrected full,oversampling,16810385,Pulsating,Pulsating,test
1,corrected full,oversampling,16845338,rotational star,rotational star,test
1,corrected full,oversampling,16847653,Ecl,Ecl,test
1,corrected full,oversampling,17144966,rotational star,rotational star,test
1,corrected full,oversampling,17172959,rotational star,rotational star,test
1,corrected full,oversampling,17173355,rotational star,rotational star,test
1,corrected full,oversampling,17173876,rotational star,rotational star,test
1,corrected full,oversampling,17174959,Pulsating,Pulsating,test
1,corrected full,oversampling,17394296,Pulsating,Pulsating,test
1,corrected full,oversampling,17487943,Ecl,Pulsating,test
1,corrected full,oversampling,17571403,Ecl,Ecl,test
1,corrected full,oversampling,17776220,Ecl,Pulsating,test
1,corrected full,oversampling,17834634,rotational star,rotational star,test
1,corrected full,oversampling,17851685,Pulsating,Pulsating,test
1,corrected full,oversampling,17883608,Ecl,Ecl,test
1,corrected full,oversampling,17904870,rotational star,rotational star,test
1,corrected full,oversampling,18273669,Pulsating,Pulsating,test
1,corrected full,oversampling,18276283,rotational star,rotational star,test
1,corrected full,oversampling,18285409,rotational star,rotational star,test
1,corrected full,oversampling,18559451,Ecl,rotational star,test
1,corrected full,oversampling,18563720,Ecl,Ecl,test
1,corrected full,oversampling,18642699,Pulsating,Pulsating,test
1,corrected full,oversampling,18655471,rotational star,Ecl,test
1,corrected full,oversampling,19137779,Pulsating,Pulsating,test
1,corrected full,oversampling,19138566,Ecl,Ecl,test
1,corrected full,oversampling,19316467,Pulsating,Pulsating,test
1,corrected full,oversampling,19316981,Ecl,rotational star,test
1,corrected full,oversampling,19318983,Ecl,Ecl,test
1,corrected full,oversampling,19590950,Pulsating,Pulsating,test
1,corrected full,oversampling,19658850,rotational star,rotational star,test
1,corrected full,oversampling,19662027,Ecl,Ecl,test
1,corrected full,oversampling,19968336,Pulsating,Pulsating,test
1,corrected full,oversampling,20027107,Ecl,Ecl,test
1,corrected full,oversampling,20027771,Ecl,Ecl,test
1,corrected full,oversampling,20193949,rotational star,rotational star,test
1,corrected full,oversampling,20196747,rotational star,rotational star,test
1,corrected full,oversampling,20235242,Ecl,Ecl,test
1,corrected full,oversampling,20238315,rotational star,rotational star,test
1,corrected full,oversampling,20325636,Ecl,Ecl,test
1,corrected full,oversampling,20325810,Pulsating,Pulsating,test
1,corrected full,oversampling,20326114,Ecl,Ecl,test
1,corrected full,oversampling,20453572,Ecl,Ecl,test
1,corrected full,oversampling,20453600,Ecl,Ecl,test
1,corrected full,oversampling,20465352,rotational star,rotational star,test
1,corrected full,oversampling,20471682,rotational star,rotational star,test
1,corrected full,oversampling,20475212,Ecl,Ecl,test
1,corrected full,oversampling,20475324,Pulsating,Pulsating,test
1,corrected full,oversampling,20476259,Ecl,rotational star,test
1,corrected full,oversampling,20582605,Ecl,Ecl,test
1,corrected full,oversampling,20727275,rotational star,rotational star,test
1,corrected full,oversampling,20731756,rotational star,rotational star,test
1,corrected full,oversampling,20961797,Ecl,Ecl,test
1,corrected full,oversampling,21232250,rotational star,rotational star,test
1,corrected full,oversampling,21232257,Pulsating,Pulsating,test
1,corrected full,oversampling,21232672,Pulsating,Pulsating,test
1,corrected full,oversampling,21233124,Pulsating,Pulsating,test
1,corrected full,oversampling,21422113,Ecl,Ecl,test
1,corrected full,oversampling,21524260,rotational star,rotational star,test
1,corrected full,oversampling,21527184,Ecl,Ecl,test
1,corrected full,oversampling,21531649,Ecl,Ecl,test
1,corrected full,oversampling,21532216,Ecl,Ecl,test
1,corrected full,oversampling,21598075,Pulsating,Ecl,test
1,corrected full,oversampling,21601463,Ecl,Ecl,test
1,corrected full,oversampling,21602369,Ecl,Ecl,test
1,corrected full,oversampling,21736850,rotational star,rotational star,test
1,corrected full,oversampling,21738821,rotational star,Pulsating,test
1,corrected full,oversampling,21742022,rotational star,rotational star,test
1,corrected full,oversampling,21771327,Ecl,Ecl,test
1,corrected full,oversampling,21860728,Pulsating,Pulsating,test
1,corrected full,oversampling,22039675,Pulsating,Pulsating,test
1,corrected full,oversampling,22307772,rotational star,rotational star,test
1,corrected full,oversampling,22308016,Ecl,Ecl,test
1,corrected full,oversampling,22308607,Pulsating,Pulsating,test
1,corrected full,oversampling,22309322,rotational star,rotational star,test
1,corrected full,oversampling,22570897,Ecl,Ecl,test
1,corrected full,oversampling,22580083,rotational star,rotational star,test
1,corrected full,oversampling,22580223,rotational star,rotational star,test
1,corrected full,oversampling,22840115,Pulsating,Pulsating,test
1,corrected full,oversampling,22846405,Pulsating,Pulsating,test
1,corrected full,oversampling,22846563,rotational star,rotational star,test
1,corrected full,oversampling,22898690,Pulsating,Pulsating,test
1,corrected full,oversampling,23048157,Pulsating,Pulsating,test
1,corrected full,oversampling,23049620,Pulsating,Pulsating,test
1,corrected full,oversampling,23095577,rotational star,rotational star,test
1,corrected full,oversampling,23101515,Pulsating,Pulsating,test
1,corrected full,oversampling,23101770,Pulsating,Pulsating,test
1,corrected full,oversampling,23229632,Pulsating,Pulsating,test
1,corrected full,oversampling,23369295,Ecl,Ecl,test
1,corrected full,oversampling,23519994,rotational star,rotational star,test
1,corrected full,oversampling,23521330,rotational star,rotational star,test
1,corrected full,oversampling,23523912,Ecl,Pulsating,test
1,corrected full,oversampling,23524150,rotational star,rotational star,test
1,corrected full,oversampling,24138124,rotational star,rotational star,test
1,corrected full,oversampling,24140979,Ecl,Ecl,test
1,corrected full,oversampling,24174358,rotational star,Ecl,test
1,corrected full,oversampling,24484885,Pulsating,Pulsating,test
1,corrected full,oversampling,24533094,Pulsating,Pulsating,test
1,corrected full,oversampling,24577185,Ecl,Ecl,test
1,corrected full,oversampling,24577672,Ecl,Ecl,test
1,corrected full,oversampling,24577924,Ecl,Ecl,test
1,corrected full,oversampling,24578578,rotational star,Ecl,test
1,corrected full,oversampling,24690993,Ecl,rotational star,test
1,corrected full,oversampling,24691343,Ecl,Ecl,test
1,corrected full,oversampling,24691515,Ecl,Ecl,test
1,corrected full,oversampling,24692152,Pulsating,Pulsating,test
1,corrected full,oversampling,24827721,Ecl,Ecl,test
1,corrected full,oversampling,25362557,Pulsating,Pulsating,test
1,corrected full,oversampling,25463342,Pulsating,Pulsating,test
1,corrected full,oversampling,25465107,Ecl,Ecl,test
1,corrected full,oversampling,25586204,Ecl,Ecl,test
1,corrected full,oversampling,25587645,Ecl,Ecl,test
1,corrected full,oversampling,25588590,rotational star,Ecl,test
1,corrected full,oversampling,25793632,Pulsating,Pulsating,test
1,corrected full,oversampling,26067932,rotational star,rotational star,test
1,corrected full,oversampling,26133011,Ecl,Ecl,test
1,corrected full,oversampling,26133520,rotational star,rotational star,test
1,corrected full,oversampling,26144601,rotational star,rotational star,test
1,corrected full,oversampling,26294888,rotational star,rotational star,test
1,corrected full,oversampling,26369924,Ecl,Ecl,test
1,corrected full,oversampling,26473626,rotational star,rotational star,test
1,corrected full,oversampling,26799867,Ecl,Ecl,test
1,corrected full,oversampling,26801970,Ecl,Ecl,test
1,corrected full,oversampling,26803237,Pulsating,Pulsating,test
1,corrected full,oversampling,26915868,rotational star,rotational star,test
1,corrected full,oversampling,26916686,Ecl,Ecl,test
1,corrected full,oversampling,26917114,Pulsating,Pulsating,test
1,corrected full,oversampling,27144593,Pulsating,Pulsating,test
1,corrected full,oversampling,27326490,rotational star,rotational star,test
1,corrected full,oversampling,27571837,Ecl,Ecl,test
1,corrected full,oversampling,27794525,Ecl,Ecl,test
1,corrected full,oversampling,27794663,Ecl,Ecl,test
1,corrected full,oversampling,27923697,Ecl,Ecl,test
1,corrected full,oversampling,28265471,rotational star,rotational star,test
1,corrected full,oversampling,28684551,Pulsating,Pulsating,test
1,corrected full,oversampling,28684789,Ecl,Ecl,test
1,corrected full,oversampling,28711497,rotational star,rotational star,test
1,corrected full,oversampling,28753266,Ecl,Ecl,test
1,corrected full,oversampling,28766428,Pulsating,Pulsating,test
1,corrected full,oversampling,28816210,rotational star,rotational star,test
1,corrected full,oversampling,28817718,Ecl,Ecl,test
1,corrected full,oversampling,28906137,Ecl,Ecl,test
1,corrected full,oversampling,29111193,Ecl,Ecl,test
1,corrected full,oversampling,29120461,rotational star,rotational star,test
1,corrected full,oversampling,29123719,rotational star,rotational star,test
1,corrected full,oversampling,29125200,rotational star,rotational star,test
1,corrected full,oversampling,29186647,Ecl,Ecl,test
1,corrected full,oversampling,29188720,rotational star,rotational star,test
1,corrected full,oversampling,29240740,rotational star,rotational star,test
1,corrected full,oversampling,29244562,Pulsating,Pulsating,test
1,corrected full,oversampling,29255984,Pulsating,Pulsating,test
1,corrected full,oversampling,29272289,Pulsating,Pulsating,test
1,corrected full,oversampling,29333111,Pulsating,Pulsating,test
1,corrected full,oversampling,29468390,Pulsating,Pulsating,test
1,corrected full,oversampling,29470734,rotational star,rotational star,test
1,corrected full,oversampling,29581880,rotational star,rotational star,test
1,corrected full,oversampling,29587302,rotational star,rotational star,test
1,corrected full,oversampling,29588091,Pulsating,Ecl,test
1,corrected full,oversampling,30985418,Ecl,Ecl,test
1,corrected full,oversampling,31050780,rotational star,rotational star,test
1,corrected full,oversampling,31079188,Pulsating,Pulsating,test
1,corrected full,oversampling,31132730,rotational star,rotational star,test
1,corrected full,oversampling,31264095,Ecl,Ecl,test
1,corrected full,oversampling,31275601,Ecl,Ecl,test
1,corrected full,oversampling,31276935,Ecl,Ecl,test
1,corrected full,oversampling,31419272,Pulsating,Ecl,test
1,corrected full,oversampling,31430137,rotational star,rotational star,test
1,corrected full,oversampling,31495826,Ecl,Ecl,test
1,corrected full,oversampling,31495934,Ecl,Ecl,test
1,corrected full,oversampling,31499229,rotational star,rotational star,test
1,corrected full,oversampling,31530586,Ecl,Ecl,test
1,corrected full,oversampling,31596857,rotational star,rotational star,test
1,corrected full,oversampling,32007198,Pulsating,Ecl,test
1,corrected full,oversampling,32538552,Pulsating,Pulsating,test
1,corrected full,oversampling,32540202,Pulsating,Pulsating,test
1,corrected full,oversampling,32540408,rotational star,rotational star,test
1,corrected full,oversampling,32979939,Ecl,Ecl,test
1,corrected full,oversampling,33293395,Ecl,Ecl,test
1,corrected full,oversampling,33545044,rotational star,rotational star,test
1,corrected full,oversampling,33889547,Ecl,Ecl,test
1,corrected full,oversampling,34288224,rotational star,rotational star,test
1,corrected full,oversampling,34721768,Pulsating,Pulsating,test
1,corrected full,oversampling,34732858,Pulsating,Pulsating,test
1,corrected full,oversampling,35903210,rotational star,rotational star,test
1,corrected full,oversampling,36068658,Ecl,Ecl,test
1,corrected full,oversampling,36073512,Ecl,Ecl,test
1,corrected full,oversampling,36073957,Ecl,rotational star,test
1,corrected full,oversampling,36151101,Ecl,Ecl,test
1,corrected full,oversampling,36929805,rotational star,rotational star,test
1,corrected full,oversampling,36932872,Pulsating,Pulsating,test
1,corrected full,oversampling,36934154,rotational star,rotational star,test
1,corrected full,oversampling,37036024,Pulsating,Pulsating,test
1,corrected full,oversampling,37156018,Pulsating,Pulsating,test
1,corrected full,oversampling,37156082,rotational star,rotational star,test
1,corrected full,oversampling,37519132,Ecl,rotational star,test
1,corrected full,oversampling,37972550,Ecl,Pulsating,test
1,corrected full,oversampling,38957658,Ecl,Ecl,test
1,corrected full,oversampling,38959792,Pulsating,Ecl,test
1,corrected full,oversampling,38960487,rotational star,rotational star,test
1,corrected full,oversampling,39184902,rotational star,rotational star,test
1,corrected full,oversampling,39185786,rotational star,rotational star,test
1,corrected full,oversampling,39241909,Ecl,rotational star,test
1,corrected full,oversampling,39373554,Pulsating,Pulsating,test
1,corrected full,oversampling,39375276,Pulsating,Ecl,test
1,corrected full,oversampling,39594938,Ecl,Ecl,test
1,corrected full,oversampling,39595213,rotational star,rotational star,test
1,corrected full,oversampling,39832168,Ecl,Ecl,test
1,corrected full,oversampling,40702567,Pulsating,Pulsating,test
1,corrected full,oversampling,41128071,Ecl,Ecl,test
1,corrected full,oversampling,41474622,Ecl,Ecl,test
1,corrected full,oversampling,41582109,Ecl,Ecl,test
1,corrected full,oversampling,41585546,Ecl,Ecl,test
1,corrected full,oversampling,41586209,Ecl,Ecl,test
1,corrected full,oversampling,41590845,rotational star,rotational star,test
1,corrected full,oversampling,42032149,Ecl,Ecl,test
1,corrected full,oversampling,42324856,Ecl,Ecl,test
1,corrected full,oversampling,42476058,Pulsating,Pulsating,test
1,corrected full,oversampling,42479355,Pulsating,Pulsating,test
1,corrected full,oversampling,42746983,Ecl,Ecl,test
1,corrected full,oversampling,42785560,Ecl,Ecl,test
1,corrected full,oversampling,42786413,Pulsating,Pulsating,test
1,corrected full,oversampling,42912979,Ecl,Ecl,test
1,corrected full,oversampling,42913803,Ecl,Ecl,test
1,corrected full,oversampling,42913866,Pulsating,Pulsating,test
1,corrected full,oversampling,43463371,Ecl,Ecl,test
1,corrected full,oversampling,43606048,Pulsating,Pulsating,test
1,corrected full,oversampling,43607595,Pulsating,Pulsating,test
1,corrected full,oversampling,43723851,Ecl,Ecl,test
1,corrected full,oversampling,43751151,Pulsating,Pulsating,test
1,corrected full,oversampling,43752630,Pulsating,Pulsating,test
1,corrected full,oversampling,43752743,Pulsating,Pulsating,test
1,corrected full,oversampling,43920296,Ecl,Ecl,test
1,corrected full,oversampling,43920441,Ecl,Ecl,test
1,corrected full,oversampling,43920514,Pulsating,Pulsating,test
1,corrected full,oversampling,44123679,Pulsating,Pulsating,test
1,corrected full,oversampling,44137633,Ecl,Ecl,test
1,corrected full,oversampling,44449429,Ecl,Ecl,test
1,corrected full,oversampling,44663258,Ecl,Ecl,test
1,corrected full,oversampling,46259988,Pulsating,Pulsating,test
1,corrected full,oversampling,46260797,rotational star,rotational star,test
1,corrected full,oversampling,46415881,rotational star,Ecl,test
1,corrected full,oversampling,46632641,Ecl,Ecl,test
1,corrected full,oversampling,46897724,Pulsating,Pulsating,test
1,corrected full,oversampling,46897839,Pulsating,Pulsating,test
1,corrected full,oversampling,46898218,Pulsating,Pulsating,test
1,corrected full,oversampling,46900721,Pulsating,Pulsating,test
1,corrected full,oversampling,46914594,Pulsating,Pulsating,test
1,corrected full,oversampling,46981461,Pulsating,Pulsating,test
1,corrected full,oversampling,47022490,Ecl,Ecl,test
1,corrected full,oversampling,47024234,Ecl,rotational star,test
1,corrected full,oversampling,47024240,Ecl,Ecl,test
1,corrected full,oversampling,47970546,Ecl,Ecl,test
1,corrected full,oversampling,48249657,rotational star,rotational star,test
1,corrected full,oversampling,48254913,Pulsating,Pulsating,test
1,corrected full,oversampling,48982818,Ecl,Ecl,test
1,corrected full,oversampling,50132451,Ecl,Ecl,test
1,corrected full,oversampling,50354719,Pulsating,Pulsating,test
1,corrected full,oversampling,51619832,Pulsating,Pulsating,test
1,corrected full,oversampling,53182877,Ecl,Ecl,test
1,corrected full,oversampling,53228372,Ecl,Ecl,test
1,corrected full,oversampling,53232890,rotational star,rotational star,test
1,corrected full,oversampling,53236580,Pulsating,Pulsating,test
1,corrected full,oversampling,53330452,Ecl,rotational star,test
1,corrected full,oversampling,53396979,rotational star,rotational star,test
1,corrected full,oversampling,57826750,Ecl,Ecl,test
1,corrected full,oversampling,57989097,Ecl,Pulsating,test
1,corrected full,oversampling,57992772,Ecl,Ecl,test
1,corrected full,oversampling,58248985,Pulsating,rotational star,test
1,corrected full,oversampling,58249067,Ecl,Ecl,test
1,corrected full,oversampling,58286884,rotational star,rotational star,test
1,corrected full,oversampling,59438186,rotational star,Pulsating,test
1,corrected full,oversampling,59739171,rotational star,rotational star,test
1,corrected full,oversampling,60262047,Ecl,rotational star,test
1,corrected full,oversampling,60263095,rotational star,rotational star,test
1,corrected full,oversampling,60265807,rotational star,rotational star,test
1,corrected full,oversampling,60289910,Pulsating,Pulsating,test
1,corrected full,oversampling,60498365,Ecl,Ecl,test
1,corrected full,oversampling,60656985,Pulsating,Pulsating,test
1,corrected full,oversampling,60657582,rotational star,rotational star,test
1,corrected full,oversampling,61496813,Ecl,Ecl,test
1,corrected full,oversampling,64171523,Ecl,Ecl,test
1,corrected full,oversampling,64449850,Pulsating,Pulsating,test
1,corrected full,oversampling,64468311,Pulsating,Pulsating,test
1,corrected full,oversampling,65147776,rotational star,rotational star,test
1,corrected full,oversampling,65712645,Pulsating,Pulsating,test
1,corrected full,oversampling,67079023,Pulsating,Pulsating,test
1,corrected full,oversampling,70836558,Pulsating,Pulsating,test
1,corrected full,oversampling,70836696,Ecl,Ecl,test
1,corrected full,oversampling,71713323,Pulsating,Pulsating,test
1,corrected full,oversampling,72373285,Ecl,Ecl,test
1,corrected full,oversampling,77824269,rotational star,rotational star,test
1,corrected full,oversampling,77824723,Pulsating,Pulsating,test
1,corrected full,oversampling,77826239,Pulsating,Pulsating,test
1,corrected full,oversampling,92903768,Ecl,Ecl,test
1,corrected full,oversampling,120940265,rotational star,rotational star,test
