source_id,broad_class,stage
1492,PULS,catalog-matched GOTTA sources
2113,PULS,catalog-matched GOTTA sources
3475,PULS,catalog-matched GOTTA sources
3653,ECL,catalog-matched GOTTA sources
3731,ROT,catalog-matched GOTTA sources
4477,ROT,catalog-matched GOTTA sources
4556,PULS,catalog-matched GOTTA sources
15264,ECL,catalog-matched GOTTA sources
15969,PULS,catalog-matched GOTTA sources
63075,ECL,catalog-matched GOTTA sources
63682,PULS,catalog-matched GOTTA sources
63741,ECL,catalog-matched GOTTA sources
64131,ECL,catalog-matched GOTTA sources
64136,PULS,catalog-matched GOTTA sources
65503,ECL,catalog-matched GOTTA sources
65730,ECL,catalog-matched GOTTA sources
66469,ECL,catalog-matched GOTTA sources
67084,ROT,catalog-matched GOTTA sources
67850,ECL,catalog-matched GOTTA sources
68234,ROT,catalog-matched GOTTA sources
68481,PULS,catalog-matched GOTTA sources
68854,ROT,catalog-matched GOTTA sources
69497,PULS,catalog-matched GOTTA sources
69851,PULS,catalog-matched GOTTA sources
163442,PULS,catalog-matched GOTTA sources
170222,ECL,catalog-matched GOTTA sources
170389,PULS,catalog-matched GOTTA sources
170439,ECL,catalog-matched GOTTA sources
171278,ECL,catalog-matched GOTTA sources
171284,PULS,catalog-matched GOTTA sources
172032,PULS,catalog-matched GOTTA sources
174274,PULS,catalog-matched GOTTA sources
174418,PULS,catalog-matched GOTTA sources
182534,ECL,catalog-matched GOTTA sources
182732,PULS,catalog-matched GOTTA sources
183083,ECL,catalog-matched GOTTA sources
183252,ECL,catalog-matched GOTTA sources
256886,PULS,catalog-matched GOTTA sources
347028,ROT,catalog-matched GOTTA sources
347435,PULS,catalog-matched GOTTA sources
348190,ECL,catalog-matched GOTTA sources
348505,ROT,catalog-matched GOTTA sources
350330,ECL,catalog-matched GOTTA sources
351121,PULS,catalog-matched GOTTA sources
351125,PULS,catalog-matched GOTTA sources
351642,ECL,catalog-matched GOTTA sources
353686,ROT,catalog-matched GOTTA sources
354735,PULS,catalog-matched GOTTA sources
356273,ECL,catalog-matched GOTTA sources
356817,PULS,catalog-matched GOTTA sources
356877,PULS,catalog-matched GOTTA sources
356960,ROT,catalog-matched GOTTA sources
357512,ROT,catalog-matched GOTTA sources
360534,PULS,catalog-matched GOTTA sources
360784,ROT,catalog-matched GOTTA sources
361365,ECL,catalog-matched GOTTA sources
361570,PULS,catalog-matched GOTTA sources
363214,ROT,catalog-matched GOTTA sources
363645,PULS,catalog-matched GOTTA sources
368138,ROT,catalog-matched GOTTA sources
373912,ECL,catalog-matched GOTTA sources
374227,ECL,catalog-matched GOTTA sources
390886,ROT,catalog-matched GOTTA sources
391705,PULS,catalog-matched GOTTA sources
391868,ROT,catalog-matched GOTTA sources
393727,PULS,catalog-matched GOTTA sources
396706,ECL,catalog-matched GOTTA sources
396749,ECL,catalog-matched GOTTA sources
396820,ECL,catalog-matched GOTTA sources
398315,PULS,catalog-matched GOTTA sources
401124,PULS,catalog-matched GOTTA sources
401420,ECL,catalog-matched GOTTA sources
401938,PULS,catalog-matched GOTTA sources
402398,ECL,catalog-matched GOTTA sources
402966,ROT,catalog-matched GOTTA sources
403076,ECL,catalog-matched GOTTA sources
412163,PULS,catalog-matched GOTTA sources
414020,PULS,catalog-matched GOTTA sources
416128,ECL,catalog-matched GOTTA sources
517541,ECL,catalog-matched GOTTA sources
519013,ECL,catalog-matched GOTTA sources
552072,PULS,catalog-matched GOTTA sources
552131,PULS,catalog-matched GOTTA sources
552284,ROT,catalog-matched GOTTA sources
552393,PULS,catalog-matched GOTTA sources
552761,ECL,catalog-matched GOTTA sources
553091,PULS,catalog-matched GOTTA sources
553657,ECL,catalog-matched GOTTA sources
553694,PULS,catalog-matched GOTTA sources
554426,ROT,catalog-matched GOTTA sources
554819,ROT,catalog-matched GOTTA sources
554850,PULS,catalog-matched GOTTA sources
555301,ECL,catalog-matched GOTTA sources
555446,PULS,catalog-matched GOTTA sources
555576,PULS,catalog-matched GOTTA sources
555851,PULS,catalog-matched GOTTA sources
556264,ROT,catalog-matched GOTTA sources
556300,ROT,catalog-matched GOTTA sources
556506,PULS,catalog-matched GOTTA sources
604427,ECL,catalog-matched GOTTA sources
605404,ECL,catalog-matched GOTTA sources
605885,ECL,catalog-matched GOTTA sources
605958,ROT,catalog-matched GOTTA sources
606285,ECL,catalog-matched GOTTA sources
606772,PULS,catalog-matched GOTTA sources
607072,PULS,catalog-matched GOTTA sources
607147,ECL,catalog-matched GOTTA sources
607672,PULS,catalog-matched GOTTA sources
640192,PULS,catalog-matched GOTTA sources
640768,ROT,catalog-matched GOTTA sources
642234,PULS,catalog-matched GOTTA sources
651349,ECL,catalog-matched GOTTA sources
653188,ECL,catalog-matched GOTTA sources
653611,ECL,catalog-matched GOTTA sources
654210,PULS,catalog-matched GOTTA sources
666222,PULS,catalog-matched GOTTA sources
667493,ECL,catalog-matched GOTTA sources
682103,PULS,catalog-matched GOTTA sources
682300,PULS,catalog-matched GOTTA sources
682586,ROT,catalog-matched GOTTA sources
689284,ECL,catalog-matched GOTTA sources
690118,ECL,catalog-matched GOTTA sources
690265,PULS,catalog-matched GOTTA sources
691739,PULS,catalog-matched GOTTA sources
692194,ECL,catalog-matched GOTTA sources
703633,ECL,catalog-matched GOTTA sources
705322,PULS,catalog-matched GOTTA sources
706627,ROT,catalog-matched GOTTA sources
708922,ROT,catalog-matched GOTTA sources
712084,PULS,catalog-matched GOTTA sources
713013,ROT,catalog-matched GOTTA sources
713147,PULS,catalog-matched GOTTA sources
713256,ROT,catalog-matched GOTTA sources
713664,ECL,catalog-matched GOTTA sources
713962,ECL,catalog-matched GOTTA sources
714011,ECL,catalog-matched GOTTA sources
718278,ROT,catalog-matched GOTTA sources
718410,ROT,catalog-matched GOTTA sources
718432,ECL,catalog-matched GOTTA sources
720276,ECL,catalog-matched GOTTA sources
720902,PULS,catalog-matched GOTTA sources
720910,ECL,catalog-matched GOTTA sources
744286,ECL,catalog-matched GOTTA sources
744509,ECL,catalog-matched GOTTA sources
744737,PULS,catalog-matched GOTTA sources
745248,PULS,catalog-matched GOTTA sources
745603,ROT,catalog-matched GOTTA sources
747751,PULS,catalog-matched GOTTA sources
747854,ROT,catalog-matched GOTTA sources
747858,ECL,catalog-matched GOTTA sources
779132,ECL,catalog-matched GOTTA sources
789761,PULS,catalog-matched GOTTA sources
791559,ROT,catalog-matched GOTTA sources
791822,PULS,catalog-matched GOTTA sources
793028,ROT,catalog-matched GOTTA sources
795063,ROT,catalog-matched GOTTA sources
795583,ROT,catalog-matched GOTTA sources
797638,ROT,catalog-matched GOTTA sources
799045,PULS,catalog-matched GOTTA sources
802931,ECL,catalog-matched GOTTA sources
803688,PULS,catalog-matched GOTTA sources
805006,ECL,catalog-matched GOTTA sources
806063,ECL,catalog-matched GOTTA sources
806270,ROT,catalog-matched GOTTA sources
854006,ROT,catalog-matched GOTTA sources
854473,ROT,catalog-matched GOTTA sources
855121,ECL,catalog-matched GOTTA sources
855356,PULS,catalog-matched GOTTA sources
855660,PULS,catalog-matched GOTTA sources
856282,PULS,catalog-matched GOTTA sources
856341,ROT,catalog-matched GOTTA sources
857152,ROT,catalog-matched GOTTA sources
857271,PULS,catalog-matched GOTTA sources
890936,ECL,catalog-matched GOTTA sources
891487,ROT,catalog-matched GOTTA sources
892865,PULS,catalog-matched GOTTA sources
893445,PULS,catalog-matched GOTTA sources
988111,PULS,catalog-matched GOTTA sources
989079,ROT,catalog-matched GOTTA sources
989130,PULS,catalog-matched GOTTA sources
989377,ROT,catalog-matched GOTTA sources
989622,ECL,catalog-matched GOTTA sources
990412,PULS,catalog-matched GOTTA sources
990435,PULS,catalog-matched GOTTA sources
990921,ECL,catalog-matched GOTTA sources
992423,PULS,catalog-matched GOTTA sources
993864,ECL,catalog-matched GOTTA sources
1068823,PULS,catalog-matched GOTTA sources
1070298,ECL,catalog-matched GOTTA sources
1072279,ROT,catalog-matched GOTTA sources
1073451,PULS,catalog-matched GOTTA sources
1074524,PULS,catalog-matched GOTTA sources
1077061,ECL,catalog-matched GOTTA sources
1085172,ROT,catalog-matched GOTTA sources
1086245,PULS,catalog-matched GOTTA sources
1086274,ROT,catalog-matched GOTTA sources
1086977,ROT,catalog-matched GOTTA sources
1086994,ROT,catalog-matched GOTTA sources
1087137,ECL,catalog-matched GOTTA sources
1087435,ROT,catalog-matched GOTTA sources
1087883,PULS,catalog-matched GOTTA sources
1087992,ECL,catalog-matched GOTTA sources
1088481,PULS,catalog-matched GOTTA sources
1089135,ROT,catalog-matched GOTTA sources
1089276,ROT,catalog-matched GOTTA sources
1089633,ROT,catalog-matched GOTTA sources
1091902,PULS,catalog-matched GOTTA sources
1092063,PULS,catalog-matched GOTTA sources
1137195,PULS,catalog-matched GOTTA sources
1137452,PULS,catalog-matched GOTTA sources
1148586,ECL,catalog-matched GOTTA sources
1221185,ECL,catalog-matched GOTTA sources
1306430,PULS,catalog-matched GOTTA sources
1306900,ECL,catalog-matched GOTTA sources
1307925,PULS,catalog-matched GOTTA sources
1327214,PULS,catalog-matched GOTTA sources
1356552,ECL,catalog-matched GOTTA sources
1357058,ROT,catalog-matched GOTTA sources
1357214,PULS,catalog-matched GOTTA sources
1357624,ROT,catalog-matched GOTTA sources
1358168,ROT,catalog-matched GOTTA sources
1358199,ROT,catalog-matched GOTTA sources
1359057,ECL,catalog-matched GOTTA sources
1359578,PULS,catalog-matched GOTTA sources
1360465,ROT,catalog-matched GOTTA sources
1360724,ECL,catalog-matched GOTTA sources
1361192,ECL,catalog-matched GOTTA sources
1362114,ECL,catalog-matched GOTTA sources
1397516,ROT,catalog-matched GOTTA sources
1397937,ECL,catalog-matched GOTTA sources
1398126,PULS,catalog-matched GOTTA sources
1398170,ROT,catalog-matched GOTTA sources
1398335,ECL,catalog-matched GOTTA sources
1398837,ROT,catalog-matched GOTTA sources
1399125,ECL,catalog-matched GOTTA sources
1399357,PULS,catalog-matched GOTTA sources
1399779,ECL,catalog-matched GOTTA sources
1399842,ECL,catalog-matched GOTTA sources
1400000,ROT,catalog-matched GOTTA sources
1400413,PULS,catalog-matched GOTTA sources
1400532,ECL,catalog-matched GOTTA sources
1409483,ECL,catalog-matched GOTTA sources
1415802,PULS,catalog-matched GOTTA sources
1439510,ECL,catalog-matched GOTTA sources
1462754,ROT,catalog-matched GOTTA sources
1465995,ROT,catalog-matched GOTTA sources
1485668,ROT,catalog-matched GOTTA sources
1485823,ECL,catalog-matched GOTTA sources
1485997,ECL,catalog-matched GOTTA sources
1486152,ECL,catalog-matched GOTTA sources
1486373,ECL,catalog-matched GOTTA sources
1486619,ROT,catalog-matched GOTTA sources
1486807,ECL,catalog-matched GOTTA sources
1487059,ECL,catalog-matched GOTTA sources
1487155,PULS,catalog-matched GOTTA sources
1487164,PULS,catalog-matched GOTTA sources
1487228,ROT,catalog-matched GOTTA sources
1488257,ECL,catalog-matched GOTTA sources
1488730,ROT,catalog-matched GOTTA sources
1493843,PULS,catalog-matched GOTTA sources
1494121,ECL,catalog-matched GOTTA sources
1494531,PULS,catalog-matched GOTTA sources
1495831,ECL,catalog-matched GOTTA sources
1496161,ECL,catalog-matched GOTTA sources
1496257,ROT,catalog-matched GOTTA sources
1496636,ECL,catalog-matched GOTTA sources
1498734,ECL,catalog-matched GOTTA sources
1499363,ECL,catalog-matched GOTTA sources
1499366,PULS,catalog-matched GOTTA sources
1517076,PULS,catalog-matched GOTTA sources
1519021,PULS,catalog-matched GOTTA sources
1519427,ROT,catalog-matched GOTTA sources
1520574,ECL,catalog-matched GOTTA sources
1525735,PULS,catalog-matched GOTTA sources
1526024,ECL,catalog-matched GOTTA sources
1526394,ECL,catalog-matched GOTTA sources
1527090,ROT,catalog-matched GOTTA sources
1527248,ECL,catalog-matched GOTTA sources
1527302,PULS,catalog-matched GOTTA sources
1527555,ECL,catalog-matched GOTTA sources
1528638,ECL,catalog-matched GOTTA sources
1528696,ECL,catalog-matched GOTTA sources
1529400,PULS,catalog-matched GOTTA sources
1531989,ECL,catalog-matched GOTTA sources
1533092,PULS,catalog-matched GOTTA sources
1534333,PULS,catalog-matched GOTTA sources
1535831,ECL,catalog-matched GOTTA sources
1536077,ECL,catalog-matched GOTTA sources
1539636,ECL,catalog-matched GOTTA sources
1540609,ROT,catalog-matched GOTTA sources
1540909,ECL,catalog-matched GOTTA sources
1542965,PULS,catalog-matched GOTTA sources
1559991,ECL,catalog-matched GOTTA sources
1560686,PULS,catalog-matched GOTTA sources
1785454,ECL,catalog-matched GOTTA sources
1786179,PULS,catalog-matched GOTTA sources
1786207,ROT,catalog-matched GOTTA sources
1786713,PULS,catalog-matched GOTTA sources
1787336,ECL,catalog-matched GOTTA sources
1787349,PULS,catalog-matched GOTTA sources
1787905,ROT,catalog-matched GOTTA sources
1788194,PULS,catalog-matched GOTTA sources
1788362,PULS,catalog-matched GOTTA sources
1788906,ECL,catalog-matched GOTTA sources
1789186,ECL,catalog-matched GOTTA sources
1794893,ROT,catalog-matched GOTTA sources
1795580,PULS,catalog-matched GOTTA sources
1796381,ECL,catalog-matched GOTTA sources
1800673,PULS,catalog-matched GOTTA sources
1801887,ROT,catalog-matched GOTTA sources
1805412,ROT,catalog-matched GOTTA sources
1806837,ROT,catalog-matched GOTTA sources
1815795,PULS,catalog-matched GOTTA sources
1816052,ECL,catalog-matched GOTTA sources
1817711,ROT,catalog-matched GOTTA sources
1817739,PULS,catalog-matched GOTTA sources
1817793,ROT,catalog-matched GOTTA sources
1818735,ECL,catalog-matched GOTTA sources
1818922,ROT,catalog-matched GOTTA sources
1819187,ROT,catalog-matched GOTTA sources
1819474,PULS,catalog-matched GOTTA sources
1820019,PULS,catalog-matched GOTTA sources
1821852,PULS,catalog-matched GOTTA sources
1837406,ECL,catalog-matched GOTTA sources
1837892,ECL,catalog-matched GOTTA sources
1856288,ECL,catalog-matched GOTTA sources
1856609,ECL,catalog-matched GOTTA sources
1856610,ECL,catalog-matched GOTTA sources
1856858,ECL,catalog-matched GOTTA sources
1858419,ECL,catalog-matched GOTTA sources
1858942,PULS,catalog-matched GOTTA sources
1859120,ROT,catalog-matched GOTTA sources
1859549,PULS,catalog-matched GOTTA sources
1860639,ECL,catalog-matched GOTTA sources
1860824,ECL,catalog-matched GOTTA sources
1865521,ROT,catalog-matched GOTTA sources
1866065,PULS,catalog-matched GOTTA sources
1866197,PULS,catalog-matched GOTTA sources
1866441,PULS,catalog-matched GOTTA sources
1866879,PULS,catalog-matched GOTTA sources
1886786,ECL,catalog-matched GOTTA sources
1886911,ECL,catalog-matched GOTTA sources
1959652,ECL,catalog-matched GOTTA sources
1960201,PULS,catalog-matched GOTTA sources
1960442,ROT,catalog-matched GOTTA sources
1960701,ECL,catalog-matched GOTTA sources
1961004,ECL,catalog-matched GOTTA sources
1961362,ROT,catalog-matched GOTTA sources
1962251,ECL,catalog-matched GOTTA sources
1964003,ECL,catalog-matched GOTTA sources
1964314,PULS,catalog-matched GOTTA sources
1967365,ECL,catalog-matched GOTTA sources
1967928,ROT,catalog-matched GOTTA sources
1968103,ROT,catalog-matched GOTTA sources
1968195,PULS,catalog-matched GOTTA sources
1969088,PULS,catalog-matched GOTTA sources
1970224,PULS,catalog-matched GOTTA sources
1977822,ECL,catalog-matched GOTTA sources
1989190,PULS,catalog-matched GOTTA sources
1989257,ROT,catalog-matched GOTTA sources
1989854,ECL,catalog-matched GOTTA sources
1990680,ECL,catalog-matched GOTTA sources
1990981,ECL,catalog-matched GOTTA sources
1993903,PULS,catalog-matched GOTTA sources
1994256,PULS,catalog-matched GOTTA sources
1999305,PULS,catalog-matched GOTTA sources
2000754,ECL,catalog-matched GOTTA sources
2028803,ECL,catalog-matched GOTTA sources
2030192,PULS,catalog-matched GOTTA sources
2033051,ROT,catalog-matched GOTTA sources
2033988,ECL,catalog-matched GOTTA sources
2035428,ECL,catalog-matched GOTTA sources
2035660,ECL,catalog-matched GOTTA sources
2045532,PULS,catalog-matched GOTTA sources
2078003,ECL,catalog-matched GOTTA sources
2078896,PULS,catalog-matched GOTTA sources
2082191,ROT,catalog-matched GOTTA sources
2127207,ROT,catalog-matched GOTTA sources
2129148,PULS,catalog-matched GOTTA sources
2129233,PULS,catalog-matched GOTTA sources
2205938,ECL,catalog-matched GOTTA sources
2206720,PULS,catalog-matched GOTTA sources
2207193,ROT,catalog-matched GOTTA sources
2207385,PULS,catalog-matched GOTTA sources
2207758,ECL,catalog-matched GOTTA sources
2210307,PULS,catalog-matched GOTTA sources
2210879,ROT,catalog-matched GOTTA sources
2211515,ECL,catalog-matched GOTTA sources
2245522,PULS,catalog-matched GOTTA sources
2255202,ECL,catalog-matched GOTTA sources
2255577,ECL,catalog-matched GOTTA sources
2284719,ROT,catalog-matched GOTTA sources
2507603,ECL,catalog-matched GOTTA sources
2513845,ECL,catalog-matched GOTTA sources
2609577,ROT,catalog-matched GOTTA sources
2612743,ROT,catalog-matched GOTTA sources
2613554,PULS,catalog-matched GOTTA sources
2696868,ROT,catalog-matched GOTTA sources
2698959,PULS,catalog-matched GOTTA sources
2707879,ROT,catalog-matched GOTTA sources
2708149,ROT,catalog-matched GOTTA sources
2708365,PULS,catalog-matched GOTTA sources
2708658,ROT,catalog-matched GOTTA sources
2709414,PULS,catalog-matched GOTTA sources
2710032,ECL,catalog-matched GOTTA sources
2710268,ROT,catalog-matched GOTTA sources
2710434,ROT,catalog-matched GOTTA sources
2710508,ROT,catalog-matched GOTTA sources
2710636,ECL,catalog-matched GOTTA sources
2710820,ECL,catalog-matched GOTTA sources
2711188,ECL,catalog-matched GOTTA sources
2854870,ECL,catalog-matched GOTTA sources
3015289,ECL,catalog-matched GOTTA sources
3015458,ECL,catalog-matched GOTTA sources
3025879,PULS,catalog-matched GOTTA sources
3025983,PULS,catalog-matched GOTTA sources
3026248,ROT,catalog-matched GOTTA sources
3026911,ROT,catalog-matched GOTTA sources
3027597,PULS,catalog-matched GOTTA sources
3027876,PULS,catalog-matched GOTTA sources
3028224,PULS,catalog-matched GOTTA sources
3033675,PULS,catalog-matched GOTTA sources
3037433,ECL,catalog-matched GOTTA sources
3037907,PULS,catalog-matched GOTTA sources
3039026,PULS,catalog-matched GOTTA sources
3040680,ROT,catalog-matched GOTTA sources
3042322,ROT,catalog-matched GOTTA sources
3045647,ECL,catalog-matched GOTTA sources
3051434,ROT,catalog-matched GOTTA sources
3053459,ECL,catalog-matched GOTTA sources
3055159,PULS,catalog-matched GOTTA sources
3055370,ROT,catalog-matched GOTTA sources
3056864,PULS,catalog-matched GOTTA sources
3064343,ECL,catalog-matched GOTTA sources
3168240,PULS,catalog-matched GOTTA sources
3169596,PULS,catalog-matched GOTTA sources
3169788,PULS,catalog-matched GOTTA sources
3170824,ECL,catalog-matched GOTTA sources
3170981,ROT,catalog-matched GOTTA sources
3171009,PULS,catalog-matched GOTTA sources
3238469,ROT,catalog-matched GOTTA sources
3262989,ECL,catalog-matched GOTTA sources
3263801,ECL,catalog-matched GOTTA sources
3263917,ROT,catalog-matched GOTTA sources
3265024,ECL,catalog-matched GOTTA sources
3267078,ECL,catalog-matched GOTTA sources
3267525,ECL,catalog-matched GOTTA sources
3268343,PULS,catalog-matched GOTTA sources
3268443,ECL,catalog-matched GOTTA sources
3268485,ECL,catalog-matched GOTTA sources
3274513,PULS,catalog-matched GOTTA sources
3294397,ECL,catalog-matched GOTTA sources
3301478,ROT,catalog-matched GOTTA sources
3302875,ECL,catalog-matched GOTTA sources
3307588,ROT,catalog-matched GOTTA sources
3307979,PULS,catalog-matched GOTTA sources
3308758,PULS,catalog-matched GOTTA sources
3315056,PULS,catalog-matched GOTTA sources
3316443,ECL,catalog-matched GOTTA sources
3316543,ROT,catalog-matched GOTTA sources
3316875,ROT,catalog-matched GOTTA sources
3320934,ECL,catalog-matched GOTTA sources
3321170,ROT,catalog-matched GOTTA sources
3321236,ECL,catalog-matched GOTTA sources
3350358,ECL,catalog-matched GOTTA sources
3350680,ROT,catalog-matched GOTTA sources
3351882,ECL,catalog-matched GOTTA sources
3352429,ECL,catalog-matched GOTTA sources
3353183,ECL,catalog-matched GOTTA sources
3354645,ECL,catalog-matched GOTTA sources
3356571,ECL,catalog-matched GOTTA sources
3380993,PULS,catalog-matched GOTTA sources
3384102,PULS,catalog-matched GOTTA sources
3384809,PULS,catalog-matched GOTTA sources
3397979,PULS,catalog-matched GOTTA sources
3398410,PULS,catalog-matched GOTTA sources
3398604,ECL,catalog-matched GOTTA sources
3400030,PULS,catalog-matched GOTTA sources
3402034,PULS,catalog-matched GOTTA sources
3402113,PULS,catalog-matched GOTTA sources
3493861,ROT,catalog-matched GOTTA sources
3494134,ECL,catalog-matched GOTTA sources
3496870,ROT,catalog-matched GOTTA sources
3497470,ECL,catalog-matched GOTTA sources
3497777,ROT,catalog-matched GOTTA sources
3498542,ROT,catalog-matched GOTTA sources
3506040,ECL,catalog-matched GOTTA sources
3506867,PULS,catalog-matched GOTTA sources
3510231,PULS,catalog-matched GOTTA sources
3513921,PULS,catalog-matched GOTTA sources
3515396,PULS,catalog-matched GOTTA sources
3515922,ROT,catalog-matched GOTTA sources
3517491,PULS,catalog-matched GOTTA sources
3517587,ROT,catalog-matched GOTTA sources
3517636,PULS,catalog-matched GOTTA sources
3530716,ECL,catalog-matched GOTTA sources
3530851,ECL,catalog-matched GOTTA sources
3532457,ROT,catalog-matched GOTTA sources
3532504,ROT,catalog-matched GOTTA sources
3532548,ECL,catalog-matched GOTTA sources
3532725,ROT,catalog-matched GOTTA sources
3532895,PULS,catalog-matched GOTTA sources
3532955,PULS,catalog-matched GOTTA sources
3534132,ROT,catalog-matched GOTTA sources
3534796,ECL,catalog-matched GOTTA sources
3535885,ECL,catalog-matched GOTTA sources
3535904,PULS,catalog-matched GOTTA sources
3536220,ROT,catalog-matched GOTTA sources
3536386,ECL,catalog-matched GOTTA sources
3536616,ECL,catalog-matched GOTTA sources
3536824,ECL,catalog-matched GOTTA sources
3537341,PULS,catalog-matched GOTTA sources
3537506,ROT,catalog-matched GOTTA sources
3538360,PULS,catalog-matched GOTTA sources
3538485,ECL,catalog-matched GOTTA sources
3538597,ECL,catalog-matched GOTTA sources
3538812,ROT,catalog-matched GOTTA sources
3538828,ECL,catalog-matched GOTTA sources
3539186,ECL,catalog-matched GOTTA sources
3539430,PULS,catalog-matched GOTTA sources
3540068,PULS,catalog-matched GOTTA sources
3563158,PULS,catalog-matched GOTTA sources
3563177,ROT,catalog-matched GOTTA sources
3563635,ECL,catalog-matched GOTTA sources
3564427,ECL,catalog-matched GOTTA sources
3564510,ECL,catalog-matched GOTTA sources
3564690,ROT,catalog-matched GOTTA sources
3564893,ROT,catalog-matched GOTTA sources
3565126,ROT,catalog-matched GOTTA sources
3569945,PULS,catalog-matched GOTTA sources
3573648,PULS,catalog-matched GOTTA sources
3574211,ROT,catalog-matched GOTTA sources
3574286,PULS,catalog-matched GOTTA sources
3577225,ROT,catalog-matched GOTTA sources
3577401,PULS,catalog-matched GOTTA sources
3577405,PULS,catalog-matched GOTTA sources
3577505,ECL,catalog-matched GOTTA sources
3577793,PULS,catalog-matched GOTTA sources
3578120,ECL,catalog-matched GOTTA sources
3578149,ROT,catalog-matched GOTTA sources
3578629,PULS,catalog-matched GOTTA sources
3579296,PULS,catalog-matched GOTTA sources
3579339,PULS,catalog-matched GOTTA sources
3580508,PULS,catalog-matched GOTTA sources
3580689,ROT,catalog-matched GOTTA sources
3581212,PULS,catalog-matched GOTTA sources
3581809,ECL,catalog-matched GOTTA sources
3609640,PULS,catalog-matched GOTTA sources
3610139,ROT,catalog-matched GOTTA sources
3610311,ECL,catalog-matched GOTTA sources
3610496,PULS,catalog-matched GOTTA sources
3610544,PULS,catalog-matched GOTTA sources
3610975,ECL,catalog-matched GOTTA sources
3610982,ROT,catalog-matched GOTTA sources
3611639,PULS,catalog-matched GOTTA sources
3707618,PULS,catalog-matched GOTTA sources
3707856,ECL,catalog-matched GOTTA sources
3708831,ECL,catalog-matched GOTTA sources
3710767,PULS,catalog-matched GOTTA sources
3710808,ECL,catalog-matched GOTTA sources
3710915,ROT,catalog-matched GOTTA sources
3711337,ROT,catalog-matched GOTTA sources
3712095,PULS,catalog-matched GOTTA sources
3712377,PULS,catalog-matched GOTTA sources
3712394,PULS,catalog-matched GOTTA sources
3712568,PULS,catalog-matched GOTTA sources
3769324,ECL,catalog-matched GOTTA sources
3778222,ROT,catalog-matched GOTTA sources
3820286,ECL,catalog-matched GOTTA sources
3820912,ECL,catalog-matched GOTTA sources
3821074,ECL,catalog-matched GOTTA sources
3821561,ECL,catalog-matched GOTTA sources
3822793,ECL,catalog-matched GOTTA sources
3868624,PULS,catalog-matched GOTTA sources
3871206,ROT,catalog-matched GOTTA sources
3873433,ROT,catalog-matched GOTTA sources
3874759,ROT,catalog-matched GOTTA sources
3875738,ECL,catalog-matched GOTTA sources
3877762,PULS,catalog-matched GOTTA sources
3878143,ROT,catalog-matched GOTTA sources
3879596,PULS,catalog-matched GOTTA sources
3886622,PULS,catalog-matched GOTTA sources
3887691,ROT,catalog-matched GOTTA sources
3888046,ROT,catalog-matched GOTTA sources
3888880,PULS,catalog-matched GOTTA sources
3888905,ROT,catalog-matched GOTTA sources
3890146,PULS,catalog-matched GOTTA sources
3891190,PULS,catalog-matched GOTTA sources
3891514,PULS,catalog-matched GOTTA sources
3891826,ECL,catalog-matched GOTTA sources
3892236,PULS,catalog-matched GOTTA sources
3892698,PULS,catalog-matched GOTTA sources
3892908,PULS,catalog-matched GOTTA sources
3893385,PULS,catalog-matched GOTTA sources
3894048,ECL,catalog-matched GOTTA sources
3896410,ECL,catalog-matched GOTTA sources
3897960,PULS,catalog-matched GOTTA sources
3898363,PULS,catalog-matched GOTTA sources
3899727,ROT,catalog-matched GOTTA sources
3900804,ECL,catalog-matched GOTTA sources
3901049,PULS,catalog-matched GOTTA sources
3901195,ECL,catalog-matched GOTTA sources
3901523,PULS,catalog-matched GOTTA sources
3901579,PULS,catalog-matched GOTTA sources
3902479,ROT,catalog-matched GOTTA sources
3903295,ECL,catalog-matched GOTTA sources
3903789,ROT,catalog-matched GOTTA sources
3903846,PULS,catalog-matched GOTTA sources
3905246,PULS,catalog-matched GOTTA sources
3905543,ROT,catalog-matched GOTTA sources
4016172,PULS,catalog-matched GOTTA sources
4037793,ROT,catalog-matched GOTTA sources
4038104,ROT,catalog-matched GOTTA sources
4048608,PULS,catalog-matched GOTTA sources
4049175,ECL,catalog-matched GOTTA sources
4049286,ECL,catalog-matched GOTTA sources
4049593,ECL,catalog-matched GOTTA sources
4049660,ROT,catalog-matched GOTTA sources
4049775,ECL,catalog-matched GOTTA sources
4052360,ECL,catalog-matched GOTTA sources
4053354,PULS,catalog-matched GOTTA sources
4075914,PULS,catalog-matched GOTTA sources
4077049,ROT,catalog-matched GOTTA sources
4077455,ECL,catalog-matched GOTTA sources
4077488,PULS,catalog-matched GOTTA sources
4077773,ROT,catalog-matched GOTTA sources
4078284,ECL,catalog-matched GOTTA sources
4082210,PULS,catalog-matched GOTTA sources
4083549,PULS,catalog-matched GOTTA sources
4084295,PULS,catalog-matched GOTTA sources
4085335,PULS,catalog-matched GOTTA sources
4085912,PULS,catalog-matched GOTTA sources
4086204,PULS,catalog-matched GOTTA sources
4086437,ECL,catalog-matched GOTTA sources
4109411,PULS,catalog-matched GOTTA sources
4109986,PULS,catalog-matched GOTTA sources
4112105,PULS,catalog-matched GOTTA sources
4112322,ECL,catalog-matched GOTTA sources
4112453,PULS,catalog-matched GOTTA sources
4112491,PULS,catalog-matched GOTTA sources
4113244,PULS,catalog-matched GOTTA sources
4150111,ECL,catalog-matched GOTTA sources
4150246,ROT,catalog-matched GOTTA sources
4151235,ECL,catalog-matched GOTTA sources
4151340,ECL,catalog-matched GOTTA sources
4151423,ECL,catalog-matched GOTTA sources
4152234,ECL,catalog-matched GOTTA sources
4152448,ECL,catalog-matched GOTTA sources
4154491,ROT,catalog-matched GOTTA sources
4157047,ECL,catalog-matched GOTTA sources
4157465,ROT,catalog-matched GOTTA sources
4163984,ROT,catalog-matched GOTTA sources
4165504,ROT,catalog-matched GOTTA sources
4165556,ROT,catalog-matched GOTTA sources
4202106,ROT,catalog-matched GOTTA sources
4202285,ROT,catalog-matched GOTTA sources
4203356,ROT,catalog-matched GOTTA sources
4203615,PULS,catalog-matched GOTTA sources
4203738,ROT,catalog-matched GOTTA sources
4203764,PULS,catalog-matched GOTTA sources
4204460,ECL,catalog-matched GOTTA sources
4204543,ECL,catalog-matched GOTTA sources
4204699,ECL,catalog-matched GOTTA sources
4204745,ECL,catalog-matched GOTTA sources
4204760,ROT,catalog-matched GOTTA sources
4204790,ROT,catalog-matched GOTTA sources
4205438,ROT,catalog-matched GOTTA sources
4205759,ROT,catalog-matched GOTTA sources
4207350,ECL,catalog-matched GOTTA sources
4219811,PULS,catalog-matched GOTTA sources
4220347,ECL,catalog-matched GOTTA sources
4220437,ROT,catalog-matched GOTTA sources
4221224,ROT,catalog-matched GOTTA sources
4221685,PULS,catalog-matched GOTTA sources
4222140,PULS,catalog-matched GOTTA sources
4222204,ECL,catalog-matched GOTTA sources
4222265,PULS,catalog-matched GOTTA sources
4230288,ROT,catalog-matched GOTTA sources
4232643,PULS,catalog-matched GOTTA sources
4232752,PULS,catalog-matched GOTTA sources
4243027,ECL,catalog-matched GOTTA sources
4247530,ROT,catalog-matched GOTTA sources
4266221,PULS,catalog-matched GOTTA sources
4266254,ROT,catalog-matched GOTTA sources
4268448,ROT,catalog-matched GOTTA sources
4268603,ECL,catalog-matched GOTTA sources
4268759,ECL,catalog-matched GOTTA sources
4269136,PULS,catalog-matched GOTTA sources
4269492,ECL,catalog-matched GOTTA sources
4270548,ROT,catalog-matched GOTTA sources
4270728,ROT,catalog-matched GOTTA sources
4272041,ECL,catalog-matched GOTTA sources
4318493,ECL,catalog-matched GOTTA sources
4318952,PULS,catalog-matched GOTTA sources
4319767,ECL,catalog-matched GOTTA sources
4320064,ROT,catalog-matched GOTTA sources
4320073,PULS,catalog-matched GOTTA sources
4320406,PULS,catalog-matched GOTTA sources
4320733,ROT,catalog-matched GOTTA sources
4321371,ROT,catalog-matched GOTTA sources
4322722,ECL,catalog-matched GOTTA sources
4323524,ROT,catalog-matched GOTTA sources
4323577,ROT,catalog-matched GOTTA sources
4326154,ECL,catalog-matched GOTTA sources
4327369,ECL,catalog-matched GOTTA sources
4327679,ROT,catalog-matched GOTTA sources
4468898,ECL,catalog-matched GOTTA sources
4501986,PULS,catalog-matched GOTTA sources
4503100,ECL,catalog-matched GOTTA sources
4503543,ECL,catalog-matched GOTTA sources
4503720,ROT,catalog-matched GOTTA sources
4503752,ROT,catalog-matched GOTTA sources
4504299,ECL,catalog-matched GOTTA sources
4504350,ECL,catalog-matched GOTTA sources
4504450,ROT,catalog-matched GOTTA sources
4505350,ROT,catalog-matched GOTTA sources
4506346,ECL,catalog-matched GOTTA sources
4523620,PULS,catalog-matched GOTTA sources
4525019,ROT,catalog-matched GOTTA sources
4525993,ECL,catalog-matched GOTTA sources
4529698,PULS,catalog-matched GOTTA sources
4529974,ECL,catalog-matched GOTTA sources
4529988,PULS,catalog-matched GOTTA sources
4530813,PULS,catalog-matched GOTTA sources
4531005,ECL,catalog-matched GOTTA sources
4531285,ECL,catalog-matched GOTTA sources
4555438,ROT,catalog-matched GOTTA sources
4555634,ROT,catalog-matched GOTTA sources
4556326,ROT,catalog-matched GOTTA sources
4557912,ROT,catalog-matched GOTTA sources
4558576,ECL,catalog-matched GOTTA sources
4558584,ROT,catalog-matched GOTTA sources
4558756,ROT,catalog-matched GOTTA sources
4559117,ROT,catalog-matched GOTTA sources
4559734,PULS,catalog-matched GOTTA sources
4560178,ROT,catalog-matched GOTTA sources
4560436,ROT,catalog-matched GOTTA sources
4561650,PULS,catalog-matched GOTTA sources
4561933,ECL,catalog-matched GOTTA sources
4561956,ROT,catalog-matched GOTTA sources
4562521,PULS,catalog-matched GOTTA sources
4562612,PULS,catalog-matched GOTTA sources
4562628,ROT,catalog-matched GOTTA sources
4563359,ECL,catalog-matched GOTTA sources
4563463,PULS,catalog-matched GOTTA sources
4564992,ROT,catalog-matched GOTTA sources
4565091,PULS,catalog-matched GOTTA sources
4566339,PULS,catalog-matched GOTTA sources
4567403,ECL,catalog-matched GOTTA sources
4567648,ROT,catalog-matched GOTTA sources
4567961,PULS,catalog-matched GOTTA sources
4568345,PULS,catalog-matched GOTTA sources
4569641,PULS,catalog-matched GOTTA sources
4602673,ECL,catalog-matched GOTTA sources
4603259,PULS,catalog-matched GOTTA sources
4616836,PULS,catalog-matched GOTTA sources
4617347,ROT,catalog-matched GOTTA sources
4617532,PULS,catalog-matched GOTTA sources
4617815,ROT,catalog-matched GOTTA sources
4618241,ROT,catalog-matched GOTTA sources
4619318,PULS,catalog-matched GOTTA sources
4619652,PULS,catalog-matched GOTTA sources
4620115,ROT,catalog-matched GOTTA sources
4620388,ROT,catalog-matched GOTTA sources
4620570,ROT,catalog-matched GOTTA sources
4626941,ROT,catalog-matched GOTTA sources
4627821,ROT,catalog-matched GOTTA sources
4629220,ROT,catalog-matched GOTTA sources
4716237,ECL,catalog-matched GOTTA sources
4720963,PULS,catalog-matched GOTTA sources
4723469,PULS,catalog-matched GOTTA sources
4989226,ECL,catalog-matched GOTTA sources
4989912,ROT,catalog-matched GOTTA sources
4990201,PULS,catalog-matched GOTTA sources
4990534,ECL,catalog-matched GOTTA sources
4990915,PULS,catalog-matched GOTTA sources
4991083,ECL,catalog-matched GOTTA sources
4992303,ROT,catalog-matched GOTTA sources
4993494,PULS,catalog-matched GOTTA sources
4994274,PULS,catalog-matched GOTTA sources
4994551,ROT,catalog-matched GOTTA sources
4996067,ROT,catalog-matched GOTTA sources
5103090,ROT,catalog-matched GOTTA sources
5108781,ECL,catalog-matched GOTTA sources
5109301,ECL,catalog-matched GOTTA sources
5119390,ECL,catalog-matched GOTTA sources
5119471,ROT,catalog-matched GOTTA sources
5119518,ECL,catalog-matched GOTTA sources
5120506,PULS,catalog-matched GOTTA sources
5121047,ECL,catalog-matched GOTTA sources
5121051,ROT,catalog-matched GOTTA sources
5122590,ECL,catalog-matched GOTTA sources
5125286,ECL,catalog-matched GOTTA sources
5125343,PULS,catalog-matched GOTTA sources
5183708,ECL,catalog-matched GOTTA sources
5224658,PULS,catalog-matched GOTTA sources
5229059,ECL,catalog-matched GOTTA sources
5229099,ROT,catalog-matched GOTTA sources
5230304,ROT,catalog-matched GOTTA sources
5230455,ECL,catalog-matched GOTTA sources
5230789,ECL,catalog-matched GOTTA sources
5231192,PULS,catalog-matched GOTTA sources
5231304,PULS,catalog-matched GOTTA sources
5231414,ROT,catalog-matched GOTTA sources
5232017,ROT,catalog-matched GOTTA sources
5232586,ECL,catalog-matched GOTTA sources
5284944,ECL,catalog-matched GOTTA sources
5285064,ECL,catalog-matched GOTTA sources
5285390,ECL,catalog-matched GOTTA sources
5370414,ECL,catalog-matched GOTTA sources
5387273,PULS,catalog-matched GOTTA sources
5387464,ECL,catalog-matched GOTTA sources
5388752,ECL,catalog-matched GOTTA sources
5388985,ROT,catalog-matched GOTTA sources
5389578,ECL,catalog-matched GOTTA sources
5400617,ECL,catalog-matched GOTTA sources
5403672,ECL,catalog-matched GOTTA sources
5403826,ROT,catalog-matched GOTTA sources
5403891,PULS,catalog-matched GOTTA sources
5404247,PULS,catalog-matched GOTTA sources
5404815,ECL,catalog-matched GOTTA sources
5406081,PULS,catalog-matched GOTTA sources
5406789,PULS,catalog-matched GOTTA sources
5406994,PULS,catalog-matched GOTTA sources
5407922,ECL,catalog-matched GOTTA sources
5411231,PULS,catalog-matched GOTTA sources
5411253,ECL,catalog-matched GOTTA sources
5411324,ROT,catalog-matched GOTTA sources
5412626,ROT,catalog-matched GOTTA sources
5413328,PULS,catalog-matched GOTTA sources
5413438,PULS,catalog-matched GOTTA sources
5414852,PULS,catalog-matched GOTTA sources
5415208,ROT,catalog-matched GOTTA sources
5416842,ECL,catalog-matched GOTTA sources
5446555,ECL,catalog-matched GOTTA sources
5446585,ROT,catalog-matched GOTTA sources
5446648,ROT,catalog-matched GOTTA sources
5446653,ECL,catalog-matched GOTTA sources
5447840,ECL,catalog-matched GOTTA sources
5448059,ECL,catalog-matched GOTTA sources
5451001,ECL,catalog-matched GOTTA sources
5451617,ECL,catalog-matched GOTTA sources
5452287,ECL,catalog-matched GOTTA sources
5453239,PULS,catalog-matched GOTTA sources
5453649,ECL,catalog-matched GOTTA sources
5455434,ROT,catalog-matched GOTTA sources
5497547,PULS,catalog-matched GOTTA sources
5498176,PULS,catalog-matched GOTTA sources
5498278,PULS,catalog-matched GOTTA sources
5502345,PULS,catalog-matched GOTTA sources
5502401,PULS,catalog-matched GOTTA sources
5537777,ECL,catalog-matched GOTTA sources
5543393,ECL,catalog-matched GOTTA sources
5551469,ROT,catalog-matched GOTTA sources
5552243,PULS,catalog-matched GOTTA sources
5553338,ECL,catalog-matched GOTTA sources
5554190,PULS,catalog-matched GOTTA sources
5555406,PULS,catalog-matched GOTTA sources
5556361,ECL,catalog-matched GOTTA sources
5575930,ECL,catalog-matched GOTTA sources
5601765,ECL,catalog-matched GOTTA sources
5701570,ROT,catalog-matched GOTTA sources
5702699,ECL,catalog-matched GOTTA sources
5703159,ECL,catalog-matched GOTTA sources
5703162,ECL,catalog-matched GOTTA sources
5704161,ECL,catalog-matched GOTTA sources
5748902,ROT,catalog-matched GOTTA sources
5749047,ECL,catalog-matched GOTTA sources
5781873,ECL,catalog-matched GOTTA sources
5802736,PULS,catalog-matched GOTTA sources
5802790,ECL,catalog-matched GOTTA sources
5803027,ECL,catalog-matched GOTTA sources
5804289,ECL,catalog-matched GOTTA sources
5804658,ECL,catalog-matched GOTTA sources
5807094,ROT,catalog-matched GOTTA sources
5830471,ECL,catalog-matched GOTTA sources
5836693,ECL,catalog-matched GOTTA sources
5836875,PULS,catalog-matched GOTTA sources
5838015,ROT,catalog-matched GOTTA sources
5838126,ROT,catalog-matched GOTTA sources
5838169,ROT,catalog-matched GOTTA sources
5838220,ROT,catalog-matched GOTTA sources
5838315,PULS,catalog-matched GOTTA sources
5838622,ROT,catalog-matched GOTTA sources
5838672,ROT,catalog-matched GOTTA sources
5839029,ROT,catalog-matched GOTTA sources
5839093,PULS,catalog-matched GOTTA sources
5839101,PULS,catalog-matched GOTTA sources
5839538,PULS,catalog-matched GOTTA sources
5840495,PULS,catalog-matched GOTTA sources
5840880,PULS,catalog-matched GOTTA sources
5841268,PULS,catalog-matched GOTTA sources
5841545,ROT,catalog-matched GOTTA sources
5841559,ROT,catalog-matched GOTTA sources
5842585,PULS,catalog-matched GOTTA sources
5842809,ROT,catalog-matched GOTTA sources
5855159,PULS,catalog-matched GOTTA sources
6035200,ECL,catalog-matched GOTTA sources
6035659,ROT,catalog-matched GOTTA sources
6048675,PULS,catalog-matched GOTTA sources
6050395,ECL,catalog-matched GOTTA sources
6052526,ECL,catalog-matched GOTTA sources
6187110,ECL,catalog-matched GOTTA sources
6243964,PULS,catalog-matched GOTTA sources
6251007,ECL,catalog-matched GOTTA sources
6281459,ROT,catalog-matched GOTTA sources
6320510,ECL,catalog-matched GOTTA sources
6321074,PULS,catalog-matched GOTTA sources
6322787,ROT,catalog-matched GOTTA sources
6324101,ECL,catalog-matched GOTTA sources
6329849,ROT,catalog-matched GOTTA sources
6332255,ECL,catalog-matched GOTTA sources
6334546,ECL,catalog-matched GOTTA sources
6339008,PULS,catalog-matched GOTTA sources
6340386,ROT,catalog-matched GOTTA sources
6342912,ECL,catalog-matched GOTTA sources
6384545,ECL,catalog-matched GOTTA sources
6384849,PULS,catalog-matched GOTTA sources
6385117,PULS,catalog-matched GOTTA sources
6385201,ECL,catalog-matched GOTTA sources
6385704,ECL,catalog-matched GOTTA sources
6385706,PULS,catalog-matched GOTTA sources
6386002,ROT,catalog-matched GOTTA sources
6386441,ROT,catalog-matched GOTTA sources
6386697,ROT,catalog-matched GOTTA sources
6387940,PULS,catalog-matched GOTTA sources
6388094,ROT,catalog-matched GOTTA sources
6388611,PULS,catalog-matched GOTTA sources
6388710,ROT,catalog-matched GOTTA sources
6417890,ECL,catalog-matched GOTTA sources
6418421,ECL,catalog-matched GOTTA sources
6418708,ROT,catalog-matched GOTTA sources
6419178,ECL,catalog-matched GOTTA sources
6420588,ECL,catalog-matched GOTTA sources
6420800,ECL,catalog-matched GOTTA sources
6421462,ECL,catalog-matched GOTTA sources
6421945,PULS,catalog-matched GOTTA sources
6422961,ECL,catalog-matched GOTTA sources
6423392,ECL,catalog-matched GOTTA sources
6423500,ECL,catalog-matched GOTTA sources
6423659,ECL,catalog-matched GOTTA sources
6424179,ECL,catalog-matched GOTTA sources
6424280,ECL,catalog-matched GOTTA sources
6424598,ECL,catalog-matched GOTTA sources
6426339,ECL,catalog-matched GOTTA sources
6426352,ECL,catalog-matched GOTTA sources
6426366,PULS,catalog-matched GOTTA sources
6426482,ECL,catalog-matched GOTTA sources
6426729,ECL,catalog-matched GOTTA sources
6426741,PULS,catalog-matched GOTTA sources
6427086,ROT,catalog-matched GOTTA sources
6427402,ECL,catalog-matched GOTTA sources
6428649,ECL,catalog-matched GOTTA sources
6428939,ECL,catalog-matched GOTTA sources
6430298,ECL,catalog-matched GOTTA sources
6430426,PULS,catalog-matched GOTTA sources
6430859,ECL,catalog-matched GOTTA sources
6435198,PULS,catalog-matched GOTTA sources
6451729,ECL,catalog-matched GOTTA sources
6452260,ECL,catalog-matched GOTTA sources
6452926,ECL,catalog-matched GOTTA sources
6452939,ROT,catalog-matched GOTTA sources
6453909,PULS,catalog-matched GOTTA sources
6453989,PULS,catalog-matched GOTTA sources
6454798,ROT,catalog-matched GOTTA sources
6454805,ROT,catalog-matched GOTTA sources
6454975,PULS,catalog-matched GOTTA sources
6455934,PULS,catalog-matched GOTTA sources
6456211,ROT,catalog-matched GOTTA sources
6456916,ROT,catalog-matched GOTTA sources
6457080,ROT,catalog-matched GOTTA sources
6458597,ROT,catalog-matched GOTTA sources
6558698,PULS,catalog-matched GOTTA sources
6559105,ROT,catalog-matched GOTTA sources
6567096,PULS,catalog-matched GOTTA sources
6576787,PULS,catalog-matched GOTTA sources
6576943,ECL,catalog-matched GOTTA sources
6577509,ECL,catalog-matched GOTTA sources
6578144,PULS,catalog-matched GOTTA sources
6578876,PULS,catalog-matched GOTTA sources
6581648,ROT,catalog-matched GOTTA sources
6582868,PULS,catalog-matched GOTTA sources
6656938,ECL,catalog-matched GOTTA sources
6656959,ECL,catalog-matched GOTTA sources
6658051,ROT,catalog-matched GOTTA sources
6708716,ROT,catalog-matched GOTTA sources
6708819,PULS,catalog-matched GOTTA sources
6709328,PULS,catalog-matched GOTTA sources
6709986,ECL,catalog-matched GOTTA sources
6710210,ROT,catalog-matched GOTTA sources
6711016,ROT,catalog-matched GOTTA sources
6711028,ECL,catalog-matched GOTTA sources
6711345,PULS,catalog-matched GOTTA sources
6711799,PULS,catalog-matched GOTTA sources
6712108,PULS,catalog-matched GOTTA sources
6712252,ROT,catalog-matched GOTTA sources
6712505,ROT,catalog-matched GOTTA sources
6712584,PULS,catalog-matched GOTTA sources
6739694,ECL,catalog-matched GOTTA sources
6766899,ECL,catalog-matched GOTTA sources
6769695,ECL,catalog-matched GOTTA sources
6771481,PULS,catalog-matched GOTTA sources
6772137,ROT,catalog-matched GOTTA sources
6772717,PULS,catalog-matched GOTTA sources
6772757,ROT,catalog-matched GOTTA sources
6772868,ROT,catalog-matched GOTTA sources
6773037,ROT,catalog-matched GOTTA sources
6774100,PULS,catalog-matched GOTTA sources
6774272,PULS,catalog-matched GOTTA sources
6775497,ROT,catalog-matched GOTTA sources
6775810,PULS,catalog-matched GOTTA sources
6775890,PULS,catalog-matched GOTTA sources
6776179,PULS,catalog-matched GOTTA sources
6776202,PULS,catalog-matched GOTTA sources
6776545,PULS,catalog-matched GOTTA sources
6776575,ECL,catalog-matched GOTTA sources
6795847,ECL,catalog-matched GOTTA sources
6853592,ECL,catalog-matched GOTTA sources
6885169,ECL,catalog-matched GOTTA sources
6885233,ROT,catalog-matched GOTTA sources
6885262,PULS,catalog-matched GOTTA sources
6885272,ECL,catalog-matched GOTTA sources
6885471,PULS,catalog-matched GOTTA sources
6885726,ECL,catalog-matched GOTTA sources
6886254,ECL,catalog-matched GOTTA sources
6886679,ROT,catalog-matched GOTTA sources
6886753,ECL,catalog-matched GOTTA sources
6887380,ECL,catalog-matched GOTTA sources
6887869,ECL,catalog-matched GOTTA sources
6888060,PULS,catalog-matched GOTTA sources
6888668,ECL,catalog-matched GOTTA sources
6888687,ROT,catalog-matched GOTTA sources
6889004,PULS,catalog-matched GOTTA sources
6898568,ROT,catalog-matched GOTTA sources
6899577,ECL,catalog-matched GOTTA sources
6900401,ROT,catalog-matched GOTTA sources
6901057,ECL,catalog-matched GOTTA sources
6901157,PULS,catalog-matched GOTTA sources
6901524,ROT,catalog-matched GOTTA sources
6901938,PULS,catalog-matched GOTTA sources
6902134,ROT,catalog-matched GOTTA sources
6902706,ROT,catalog-matched GOTTA sources
6903815,PULS,catalog-matched GOTTA sources
6903872,PULS,catalog-matched GOTTA sources
6904628,ECL,catalog-matched GOTTA sources
6905427,ECL,catalog-matched GOTTA sources
6913726,ROT,catalog-matched GOTTA sources
6914940,ROT,catalog-matched GOTTA sources
6914961,ROT,catalog-matched GOTTA sources
6935829,ROT,catalog-matched GOTTA sources
6939337,ECL,catalog-matched GOTTA sources
6950970,PULS,catalog-matched GOTTA sources
6964118,PULS,catalog-matched GOTTA sources
6964557,ECL,catalog-matched GOTTA sources
6964581,PULS,catalog-matched GOTTA sources
6965492,ROT,catalog-matched GOTTA sources
6968029,ECL,catalog-matched GOTTA sources
6968264,PULS,catalog-matched GOTTA sources
6970333,ROT,catalog-matched GOTTA sources
6970379,ROT,catalog-matched GOTTA sources
6971276,PULS,catalog-matched GOTTA sources
6971505,ROT,catalog-matched GOTTA sources
6971792,ECL,catalog-matched GOTTA sources
6974018,ECL,catalog-matched GOTTA sources
6976195,ECL,catalog-matched GOTTA sources
6986684,ROT,catalog-matched GOTTA sources
6995226,ECL,catalog-matched GOTTA sources
7070074,ECL,catalog-matched GOTTA sources
7070781,ROT,catalog-matched GOTTA sources
7071158,ROT,catalog-matched GOTTA sources
7071443,PULS,catalog-matched GOTTA sources
7072626,ECL,catalog-matched GOTTA sources
7072651,ROT,catalog-matched GOTTA sources
7074195,ECL,catalog-matched GOTTA sources
7074364,PULS,catalog-matched GOTTA sources
7074434,PULS,catalog-matched GOTTA sources
7075075,ROT,catalog-matched GOTTA sources
7076796,PULS,catalog-matched GOTTA sources
7077326,ECL,catalog-matched GOTTA sources
7078316,ECL,catalog-matched GOTTA sources
7107905,PULS,catalog-matched GOTTA sources
7108115,ROT,catalog-matched GOTTA sources
7108859,ECL,catalog-matched GOTTA sources
7109399,ECL,catalog-matched GOTTA sources
7109820,PULS,catalog-matched GOTTA sources
7124520,PULS,catalog-matched GOTTA sources
7124995,ROT,catalog-matched GOTTA sources
7125146,ECL,catalog-matched GOTTA sources
7125249,PULS,catalog-matched GOTTA sources
7125546,PULS,catalog-matched GOTTA sources
7125563,ROT,catalog-matched GOTTA sources
7125765,PULS,catalog-matched GOTTA sources
7126295,PULS,catalog-matched GOTTA sources
7127071,ROT,catalog-matched GOTTA sources
7127238,PULS,catalog-matched GOTTA sources
7127722,ECL,catalog-matched GOTTA sources
7210657,ECL,catalog-matched GOTTA sources
7216188,ECL,catalog-matched GOTTA sources
7216267,ECL,catalog-matched GOTTA sources
7216705,ECL,catalog-matched GOTTA sources
7217281,ROT,catalog-matched GOTTA sources
7220555,ECL,catalog-matched GOTTA sources
7221127,ROT,catalog-matched GOTTA sources
7222035,ROT,catalog-matched GOTTA sources
7222925,ECL,catalog-matched GOTTA sources
7223147,ECL,catalog-matched GOTTA sources
7223975,ECL,catalog-matched GOTTA sources
7223998,ECL,catalog-matched GOTTA sources
7224437,ECL,catalog-matched GOTTA sources
7224641,PULS,catalog-matched GOTTA sources
7257067,PULS,catalog-matched GOTTA sources
7337693,ECL,catalog-matched GOTTA sources
7337783,PULS,catalog-matched GOTTA sources
7337871,PULS,catalog-matched GOTTA sources
7338025,ECL,catalog-matched GOTTA sources
7338134,ECL,catalog-matched GOTTA sources
7348139,PULS,catalog-matched GOTTA sources
7348645,PULS,catalog-matched GOTTA sources
7348693,ROT,catalog-matched GOTTA sources
7366942,PULS,catalog-matched GOTTA sources
7437296,ROT,catalog-matched GOTTA sources
7437374,ECL,catalog-matched GOTTA sources
7438204,PULS,catalog-matched GOTTA sources
7438439,PULS,catalog-matched GOTTA sources
7438598,PULS,catalog-matched GOTTA sources
7438683,ECL,catalog-matched GOTTA sources
7439873,ECL,catalog-matched GOTTA sources
7439899,PULS,catalog-matched GOTTA sources
7440327,PULS,catalog-matched GOTTA sources
7441171,ROT,catalog-matched GOTTA sources
7442075,ROT,catalog-matched GOTTA sources
7442130,PULS,catalog-matched GOTTA sources
7442275,ECL,catalog-matched GOTTA sources
7442998,ROT,catalog-matched GOTTA sources
7443459,ECL,catalog-matched GOTTA sources
7443675,PULS,catalog-matched GOTTA sources
7444924,ECL,catalog-matched GOTTA sources
7445268,PULS,catalog-matched GOTTA sources
7445591,ROT,catalog-matched GOTTA sources
7470754,PULS,catalog-matched GOTTA sources
7533051,ECL,catalog-matched GOTTA sources
7565508,ECL,catalog-matched GOTTA sources
7565670,ROT,catalog-matched GOTTA sources
7566107,ECL,catalog-matched GOTTA sources
7567558,ROT,catalog-matched GOTTA sources
7568349,PULS,catalog-matched GOTTA sources
7569477,PULS,catalog-matched GOTTA sources
7569518,PULS,catalog-matched GOTTA sources
7569803,ROT,catalog-matched GOTTA sources
7570243,ROT,catalog-matched GOTTA sources
7570813,PULS,catalog-matched GOTTA sources
7576919,PULS,catalog-matched GOTTA sources
7583312,PULS,catalog-matched GOTTA sources
7583531,ROT,catalog-matched GOTTA sources
7626069,ECL,catalog-matched GOTTA sources
7626652,ECL,catalog-matched GOTTA sources
7626747,ROT,catalog-matched GOTTA sources
7640962,PULS,catalog-matched GOTTA sources
7641751,PULS,catalog-matched GOTTA sources
7727005,ROT,catalog-matched GOTTA sources
7727469,PULS,catalog-matched GOTTA sources
7727662,ROT,catalog-matched GOTTA sources
7728538,PULS,catalog-matched GOTTA sources
7730060,ECL,catalog-matched GOTTA sources
7730513,PULS,catalog-matched GOTTA sources
7730714,PULS,catalog-matched GOTTA sources
7774103,ECL,catalog-matched GOTTA sources
7775830,PULS,catalog-matched GOTTA sources
7823498,ECL,catalog-matched GOTTA sources
7823994,ECL,catalog-matched GOTTA sources
7824125,ECL,catalog-matched GOTTA sources
7882385,ECL,catalog-matched GOTTA sources
7883167,ROT,catalog-matched GOTTA sources
7895183,ROT,catalog-matched GOTTA sources
7895556,PULS,catalog-matched GOTTA sources
7895929,ECL,catalog-matched GOTTA sources
7896356,ECL,catalog-matched GOTTA sources
7896452,ECL,catalog-matched GOTTA sources
7896648,ECL,catalog-matched GOTTA sources
7897069,PULS,catalog-matched GOTTA sources
7898286,ECL,catalog-matched GOTTA sources
7898622,ECL,catalog-matched GOTTA sources
7898800,PULS,catalog-matched GOTTA sources
7898810,ECL,catalog-matched GOTTA sources
7898858,ECL,catalog-matched GOTTA sources
7898895,ROT,catalog-matched GOTTA sources
7899663,ROT,catalog-matched GOTTA sources
7903764,ECL,catalog-matched GOTTA sources
7904203,ECL,catalog-matched GOTTA sources
7904889,ECL,catalog-matched GOTTA sources
7907155,ECL,catalog-matched GOTTA sources
7907460,ECL,catalog-matched GOTTA sources
7907540,ECL,catalog-matched GOTTA sources
7907839,PULS,catalog-matched GOTTA sources
7908072,PULS,catalog-matched GOTTA sources
7908534,ECL,catalog-matched GOTTA sources
7910252,ROT,catalog-matched GOTTA sources
7911028,ECL,catalog-matched GOTTA sources
7911225,ECL,catalog-matched GOTTA sources
7947845,PULS,catalog-matched GOTTA sources
7948368,ECL,catalog-matched GOTTA sources
8047786,ECL,catalog-matched GOTTA sources
8068666,PULS,catalog-matched GOTTA sources
8068842,ECL,catalog-matched GOTTA sources
8071429,ECL,catalog-matched GOTTA sources
8071881,ECL,catalog-matched GOTTA sources
8072240,PULS,catalog-matched GOTTA sources
8072435,PULS,catalog-matched GOTTA sources
8073438,PULS,catalog-matched GOTTA sources
8074328,ROT,catalog-matched GOTTA sources
8074888,ROT,catalog-matched GOTTA sources
8075730,PULS,catalog-matched GOTTA sources
8076116,PULS,catalog-matched GOTTA sources
8076701,ECL,catalog-matched GOTTA sources
8077094,ECL,catalog-matched GOTTA sources
8077230,ECL,catalog-matched GOTTA sources
8082395,PULS,catalog-matched GOTTA sources
8082471,ROT,catalog-matched GOTTA sources
8082552,PULS,catalog-matched GOTTA sources
8083257,PULS,catalog-matched GOTTA sources
8083426,ECL,catalog-matched GOTTA sources
8083768,ECL,catalog-matched GOTTA sources
8084106,PULS,catalog-matched GOTTA sources
8085320,ROT,catalog-matched GOTTA sources
8085518,ROT,catalog-matched GOTTA sources
8086665,ECL,catalog-matched GOTTA sources
8086972,ECL,catalog-matched GOTTA sources
8087946,ECL,catalog-matched GOTTA sources
8089106,ECL,catalog-matched GOTTA sources
8089125,PULS,catalog-matched GOTTA sources
8089619,ECL,catalog-matched GOTTA sources
8089705,ROT,catalog-matched GOTTA sources
8089854,ROT,catalog-matched GOTTA sources
8092746,PULS,catalog-matched GOTTA sources
8093720,ECL,catalog-matched GOTTA sources
8095331,ROT,catalog-matched GOTTA sources
8098769,ECL,catalog-matched GOTTA sources
8233546,ECL,catalog-matched GOTTA sources
8234121,PULS,catalog-matched GOTTA sources
8234397,PULS,catalog-matched GOTTA sources
8259819,ROT,catalog-matched GOTTA sources
8260014,ECL,catalog-matched GOTTA sources
8260993,PULS,catalog-matched GOTTA sources
8261091,ROT,catalog-matched GOTTA sources
8261516,ECL,catalog-matched GOTTA sources
8261562,ECL,catalog-matched GOTTA sources
8261582,ROT,catalog-matched GOTTA sources
8262856,PULS,catalog-matched GOTTA sources
8263311,PULS,catalog-matched GOTTA sources
8263430,PULS,catalog-matched GOTTA sources
8298820,ECL,catalog-matched GOTTA sources
8299599,ROT,catalog-matched GOTTA sources
8300516,ROT,catalog-matched GOTTA sources
8301231,ECL,catalog-matched GOTTA sources
8301406,PULS,catalog-matched GOTTA sources
8301688,ROT,catalog-matched GOTTA sources
8302040,ECL,catalog-matched GOTTA sources
8302414,ECL,catalog-matched GOTTA sources
8303969,ROT,catalog-matched GOTTA sources
8304398,ROT,catalog-matched GOTTA sources
8305219,ECL,catalog-matched GOTTA sources
8307548,PULS,catalog-matched GOTTA sources
8315756,PULS,catalog-matched GOTTA sources
8320284,ECL,catalog-matched GOTTA sources
8320880,PULS,catalog-matched GOTTA sources
8322462,PULS,catalog-matched GOTTA sources
8331224,ECL,catalog-matched GOTTA sources
8332182,PULS,catalog-matched GOTTA sources
8332271,ROT,catalog-matched GOTTA sources
8335030,ECL,catalog-matched GOTTA sources
8335368,ROT,catalog-matched GOTTA sources
8337085,ECL,catalog-matched GOTTA sources
8337585,ROT,catalog-matched GOTTA sources
8339159,PULS,catalog-matched GOTTA sources
8393155,ECL,catalog-matched GOTTA sources
8393170,ECL,catalog-matched GOTTA sources
8393250,ROT,catalog-matched GOTTA sources
8393466,ECL,catalog-matched GOTTA sources
8393797,ROT,catalog-matched GOTTA sources
8394121,ROT,catalog-matched GOTTA sources
8394147,ROT,catalog-matched GOTTA sources
8394481,PULS,catalog-matched GOTTA sources
8394767,PULS,catalog-matched GOTTA sources
8395322,ECL,catalog-matched GOTTA sources
8395431,ROT,catalog-matched GOTTA sources
8395517,ECL,catalog-matched GOTTA sources
8395519,ROT,catalog-matched GOTTA sources
8395617,ECL,catalog-matched GOTTA sources
8395718,PULS,catalog-matched GOTTA sources
8395893,ECL,catalog-matched GOTTA sources
8396121,ECL,catalog-matched GOTTA sources
8396331,PULS,catalog-matched GOTTA sources
8396360,ECL,catalog-matched GOTTA sources
8412158,PULS,catalog-matched GOTTA sources
8413061,ECL,catalog-matched GOTTA sources
8422352,ROT,catalog-matched GOTTA sources
8425025,PULS,catalog-matched GOTTA sources
8425463,PULS,catalog-matched GOTTA sources
8432779,ROT,catalog-matched GOTTA sources
8434259,ROT,catalog-matched GOTTA sources
8436241,PULS,catalog-matched GOTTA sources
8542300,PULS,catalog-matched GOTTA sources
8543863,ROT,catalog-matched GOTTA sources
8545757,ROT,catalog-matched GOTTA sources
8546412,ROT,catalog-matched GOTTA sources
8546961,PULS,catalog-matched GOTTA sources
8557549,PULS,catalog-matched GOTTA sources
8564724,ECL,catalog-matched GOTTA sources
8568363,ECL,catalog-matched GOTTA sources
8649964,PULS,catalog-matched GOTTA sources
8667230,ROT,catalog-matched GOTTA sources
8667502,ECL,catalog-matched GOTTA sources
8670012,ECL,catalog-matched GOTTA sources
8670455,ROT,catalog-matched GOTTA sources
8699916,PULS,catalog-matched GOTTA sources
8699987,ROT,catalog-matched GOTTA sources
8700037,ROT,catalog-matched GOTTA sources
8700095,ECL,catalog-matched GOTTA sources
8700246,PULS,catalog-matched GOTTA sources
8700320,PULS,catalog-matched GOTTA sources
8700483,ECL,catalog-matched GOTTA sources
8700535,PULS,catalog-matched GOTTA sources
8700892,PULS,catalog-matched GOTTA sources
8701682,PULS,catalog-matched GOTTA sources
8702423,PULS,catalog-matched GOTTA sources
8702483,PULS,catalog-matched GOTTA sources
8702500,ROT,catalog-matched GOTTA sources
8702521,ROT,catalog-matched GOTTA sources
8702727,ROT,catalog-matched GOTTA sources
8704579,PULS,catalog-matched GOTTA sources
8704610,ECL,catalog-matched GOTTA sources
8704696,PULS,catalog-matched GOTTA sources
8784265,ECL,catalog-matched GOTTA sources
8819196,ECL,catalog-matched GOTTA sources
8821912,ECL,catalog-matched GOTTA sources
8822653,ECL,catalog-matched GOTTA sources
8822978,PULS,catalog-matched GOTTA sources
8823819,ECL,catalog-matched GOTTA sources
8825435,ECL,catalog-matched GOTTA sources
8825485,ECL,catalog-matched GOTTA sources
8826860,ROT,catalog-matched GOTTA sources
8826873,ECL,catalog-matched GOTTA sources
8827035,ECL,catalog-matched GOTTA sources
8827070,ECL,catalog-matched GOTTA sources
8828001,ECL,catalog-matched GOTTA sources
8829207,ROT,catalog-matched GOTTA sources
8829788,PULS,catalog-matched GOTTA sources
8830717,ECL,catalog-matched GOTTA sources
8831470,PULS,catalog-matched GOTTA sources
8832968,ROT,catalog-matched GOTTA sources
8833434,PULS,catalog-matched GOTTA sources
8833576,ECL,catalog-matched GOTTA sources
8841633,PULS,catalog-matched GOTTA sources
8862457,PULS,catalog-matched GOTTA sources
8865247,ROT,catalog-matched GOTTA sources
8865289,ECL,catalog-matched GOTTA sources
8894179,PULS,catalog-matched GOTTA sources
8895224,PULS,catalog-matched GOTTA sources
8895274,PULS,catalog-matched GOTTA sources
8895629,ROT,catalog-matched GOTTA sources
8896138,ECL,catalog-matched GOTTA sources
8896147,ROT,catalog-matched GOTTA sources
8896173,ECL,catalog-matched GOTTA sources
8896234,PULS,catalog-matched GOTTA sources
8896298,ROT,catalog-matched GOTTA sources
8896887,ECL,catalog-matched GOTTA sources
8897858,ECL,catalog-matched GOTTA sources
8899537,ECL,catalog-matched GOTTA sources
8899594,PULS,catalog-matched GOTTA sources
8899881,PULS,catalog-matched GOTTA sources
8899939,ROT,catalog-matched GOTTA sources
8899980,ROT,catalog-matched GOTTA sources
8900411,ECL,catalog-matched GOTTA sources
8900711,PULS,catalog-matched GOTTA sources
8900750,ROT,catalog-matched GOTTA sources
8901720,PULS,catalog-matched GOTTA sources
8902536,PULS,catalog-matched GOTTA sources
8902556,ROT,catalog-matched GOTTA sources
8903423,ROT,catalog-matched GOTTA sources
8903746,ECL,catalog-matched GOTTA sources
8904565,ROT,catalog-matched GOTTA sources
8909137,PULS,catalog-matched GOTTA sources
8909809,PULS,catalog-matched GOTTA sources
9001273,ECL,catalog-matched GOTTA sources
9001365,ECL,catalog-matched GOTTA sources
9002155,PULS,catalog-matched GOTTA sources
9002177,ECL,catalog-matched GOTTA sources
9058102,ECL,catalog-matched GOTTA sources
9058337,ECL,catalog-matched GOTTA sources
9086627,PULS,catalog-matched GOTTA sources
9087179,PULS,catalog-matched GOTTA sources
9087235,ECL,catalog-matched GOTTA sources
9087352,PULS,catalog-matched GOTTA sources
9088982,PULS,catalog-matched GOTTA sources
9090968,PULS,catalog-matched GOTTA sources
9210109,ROT,catalog-matched GOTTA sources
9251753,ROT,catalog-matched GOTTA sources
9251966,PULS,catalog-matched GOTTA sources
9252216,PULS,catalog-matched GOTTA sources
9252425,PULS,catalog-matched GOTTA sources
9253617,ROT,catalog-matched GOTTA sources
9254197,PULS,catalog-matched GOTTA sources
9322176,ECL,catalog-matched GOTTA sources
9381201,ECL,catalog-matched GOTTA sources
9381639,ROT,catalog-matched GOTTA sources
9381763,PULS,catalog-matched GOTTA sources
9382224,ECL,catalog-matched GOTTA sources
9382352,PULS,catalog-matched GOTTA sources
9382525,ROT,catalog-matched GOTTA sources
9383083,ECL,catalog-matched GOTTA sources
9383092,ROT,catalog-matched GOTTA sources
9384895,ECL,catalog-matched GOTTA sources
9385226,ROT,catalog-matched GOTTA sources
9385654,ROT,catalog-matched GOTTA sources
9386210,ECL,catalog-matched GOTTA sources
9421023,PULS,catalog-matched GOTTA sources
9421347,PULS,catalog-matched GOTTA sources
9421599,PULS,catalog-matched GOTTA sources
9421604,ECL,catalog-matched GOTTA sources
9421650,PULS,catalog-matched GOTTA sources
9421875,PULS,catalog-matched GOTTA sources
9421913,ECL,catalog-matched GOTTA sources
9422460,ROT,catalog-matched GOTTA sources
9422650,ROT,catalog-matched GOTTA sources
9422977,PULS,catalog-matched GOTTA sources
9423042,PULS,catalog-matched GOTTA sources
9424274,ECL,catalog-matched GOTTA sources
9425767,ECL,catalog-matched GOTTA sources
9426593,ROT,catalog-matched GOTTA sources
9427365,ECL,catalog-matched GOTTA sources
9428064,ROT,catalog-matched GOTTA sources
9429099,PULS,catalog-matched GOTTA sources
9431610,ECL,catalog-matched GOTTA sources
9434470,ECL,catalog-matched GOTTA sources
9439475,ROT,catalog-matched GOTTA sources
9441160,ROT,catalog-matched GOTTA sources
9450313,PULS,catalog-matched GOTTA sources
9450736,PULS,catalog-matched GOTTA sources
9450929,ROT,catalog-matched GOTTA sources
9452348,ROT,catalog-matched GOTTA sources
9453344,PULS,catalog-matched GOTTA sources
9453622,PULS,catalog-matched GOTTA sources
9454863,ECL,catalog-matched GOTTA sources
9456002,PULS,catalog-matched GOTTA sources
9456270,ROT,catalog-matched GOTTA sources
9456525,PULS,catalog-matched GOTTA sources
9456617,PULS,catalog-matched GOTTA sources
9456813,PULS,catalog-matched GOTTA sources
9457934,PULS,catalog-matched GOTTA sources
9458579,ECL,catalog-matched GOTTA sources
9460839,PULS,catalog-matched GOTTA sources
9643411,ECL,catalog-matched GOTTA sources
9643691,ROT,catalog-matched GOTTA sources
9643812,ROT,catalog-matched GOTTA sources
9644976,ROT,catalog-matched GOTTA sources
9649557,ECL,catalog-matched GOTTA sources
9650202,ECL,catalog-matched GOTTA sources
9651084,PULS,catalog-matched GOTTA sources
9651399,ROT,catalog-matched GOTTA sources
9652405,PULS,catalog-matched GOTTA sources
9653645,ROT,catalog-matched GOTTA sources
9657617,ECL,catalog-matched GOTTA sources
9675295,PULS,catalog-matched GOTTA sources
9675309,ECL,catalog-matched GOTTA sources
9708274,PULS,catalog-matched GOTTA sources
9708371,ROT,catalog-matched GOTTA sources
9708710,ECL,catalog-matched GOTTA sources
9708918,ECL,catalog-matched GOTTA sources
9710004,PULS,catalog-matched GOTTA sources
9710912,ROT,catalog-matched GOTTA sources
9711106,ROT,catalog-matched GOTTA sources
9711807,ECL,catalog-matched GOTTA sources
9711882,ECL,catalog-matched GOTTA sources
9824982,ECL,catalog-matched GOTTA sources
9851742,ECL,catalog-matched GOTTA sources
9857403,ECL,catalog-matched GOTTA sources
9861363,PULS,catalog-matched GOTTA sources
9862976,ECL,catalog-matched GOTTA sources
9866814,ROT,catalog-matched GOTTA sources
9867488,ECL,catalog-matched GOTTA sources
9874771,ECL,catalog-matched GOTTA sources
9874894,PULS,catalog-matched GOTTA sources
9954565,ECL,catalog-matched GOTTA sources
9955745,ECL,catalog-matched GOTTA sources
9956460,ECL,catalog-matched GOTTA sources
9956546,ECL,catalog-matched GOTTA sources
9956644,ECL,catalog-matched GOTTA sources
9956690,ECL,catalog-matched GOTTA sources
9998494,ECL,catalog-matched GOTTA sources
10034472,ECL,catalog-matched GOTTA sources
10034483,ECL,catalog-matched GOTTA sources
10034584,ROT,catalog-matched GOTTA sources
10045593,PULS,catalog-matched GOTTA sources
10217188,ROT,catalog-matched GOTTA sources
10217273,ROT,catalog-matched GOTTA sources
10218333,PULS,catalog-matched GOTTA sources
10219790,ECL,catalog-matched GOTTA sources
10220636,PULS,catalog-matched GOTTA sources
10220956,PULS,catalog-matched GOTTA sources
10221825,PULS,catalog-matched GOTTA sources
10235536,ECL,catalog-matched GOTTA sources
10236927,ECL,catalog-matched GOTTA sources
10237366,PULS,catalog-matched GOTTA sources
10237771,ROT,catalog-matched GOTTA sources
10237841,ROT,catalog-matched GOTTA sources
10238176,PULS,catalog-matched GOTTA sources
10239140,PULS,catalog-matched GOTTA sources
10239191,PULS,catalog-matched GOTTA sources
10239273,ROT,catalog-matched GOTTA sources
10239298,PULS,catalog-matched GOTTA sources
10240177,ECL,catalog-matched GOTTA sources
10240912,PULS,catalog-matched GOTTA sources
10244303,ECL,catalog-matched GOTTA sources
10250850,ECL,catalog-matched GOTTA sources
10354842,PULS,catalog-matched GOTTA sources
10376566,ECL,catalog-matched GOTTA sources
10384900,PULS,catalog-matched GOTTA sources
10477528,ECL,catalog-matched GOTTA sources
10493349,ECL,catalog-matched GOTTA sources
10493469,ROT,catalog-matched GOTTA sources
10493718,ECL,catalog-matched GOTTA sources
10493735,ECL,catalog-matched GOTTA sources
10493833,ROT,catalog-matched GOTTA sources
10496941,PULS,catalog-matched GOTTA sources
10497248,PULS,catalog-matched GOTTA sources
10497491,PULS,catalog-matched GOTTA sources
10498170,ROT,catalog-matched GOTTA sources
10498319,ECL,catalog-matched GOTTA sources
10498570,ECL,catalog-matched GOTTA sources
10500493,ROT,catalog-matched GOTTA sources
10500915,ECL,catalog-matched GOTTA sources
10501818,PULS,catalog-matched GOTTA sources
10501955,ECL,catalog-matched GOTTA sources
10502034,ECL,catalog-matched GOTTA sources
10503264,ECL,catalog-matched GOTTA sources
10504051,ECL,catalog-matched GOTTA sources
10504130,ECL,catalog-matched GOTTA sources
10505166,ROT,catalog-matched GOTTA sources
10505469,ECL,catalog-matched GOTTA sources
10506123,ECL,catalog-matched GOTTA sources
10506299,ROT,catalog-matched GOTTA sources
10507674,ROT,catalog-matched GOTTA sources
10519140,PULS,catalog-matched GOTTA sources
10520315,ECL,catalog-matched GOTTA sources
10542430,ECL,catalog-matched GOTTA sources
10542796,ECL,catalog-matched GOTTA sources
10543016,ECL,catalog-matched GOTTA sources
10543409,ECL,catalog-matched GOTTA sources
10544057,ECL,catalog-matched GOTTA sources
10675231,PULS,catalog-matched GOTTA sources
10681939,ECL,catalog-matched GOTTA sources
10683246,ROT,catalog-matched GOTTA sources
10683347,ROT,catalog-matched GOTTA sources
10683387,ECL,catalog-matched GOTTA sources
10684029,ROT,catalog-matched GOTTA sources
10691077,ECL,catalog-matched GOTTA sources
10693578,ECL,catalog-matched GOTTA sources
10694849,ECL,catalog-matched GOTTA sources
10695093,ECL,catalog-matched GOTTA sources
10695604,ECL,catalog-matched GOTTA sources
10696865,PULS,catalog-matched GOTTA sources
10697645,ECL,catalog-matched GOTTA sources
10724744,ECL,catalog-matched GOTTA sources
10725426,ECL,catalog-matched GOTTA sources
10725648,ECL,catalog-matched GOTTA sources
10725909,ECL,catalog-matched GOTTA sources
10726559,ROT,catalog-matched GOTTA sources
10744167,ECL,catalog-matched GOTTA sources
10745759,ROT,catalog-matched GOTTA sources
10757580,ROT,catalog-matched GOTTA sources
10758214,PULS,catalog-matched GOTTA sources
10758329,PULS,catalog-matched GOTTA sources
10758622,PULS,catalog-matched GOTTA sources
10759236,PULS,catalog-matched GOTTA sources
10762635,ECL,catalog-matched GOTTA sources
10762758,PULS,catalog-matched GOTTA sources
10764044,ECL,catalog-matched GOTTA sources
10772457,ECL,catalog-matched GOTTA sources
10773364,PULS,catalog-matched GOTTA sources
10774324,ROT,catalog-matched GOTTA sources
10774489,PULS,catalog-matched GOTTA sources
10775003,PULS,catalog-matched GOTTA sources
10775690,ECL,catalog-matched GOTTA sources
10778223,ROT,catalog-matched GOTTA sources
10778625,ECL,catalog-matched GOTTA sources
10778741,ECL,catalog-matched GOTTA sources
10779108,ECL,catalog-matched GOTTA sources
10779272,PULS,catalog-matched GOTTA sources
10779490,PULS,catalog-matched GOTTA sources
10780015,PULS,catalog-matched GOTTA sources
10780230,ECL,catalog-matched GOTTA sources
10781257,ROT,catalog-matched GOTTA sources
10781318,ROT,catalog-matched GOTTA sources
10781527,ECL,catalog-matched GOTTA sources
10781641,ECL,catalog-matched GOTTA sources
10781693,PULS,catalog-matched GOTTA sources
10781754,PULS,catalog-matched GOTTA sources
10782174,ROT,catalog-matched GOTTA sources
10782535,PULS,catalog-matched GOTTA sources
10795329,PULS,catalog-matched GOTTA sources
10796406,ECL,catalog-matched GOTTA sources
10797187,ECL,catalog-matched GOTTA sources
10797327,PULS,catalog-matched GOTTA sources
10797522,ECL,catalog-matched GOTTA sources
10798587,ROT,catalog-matched GOTTA sources
10808297,PULS,catalog-matched GOTTA sources
10999140,PULS,catalog-matched GOTTA sources
10999288,ROT,catalog-matched GOTTA sources
10999667,ECL,catalog-matched GOTTA sources
11000456,PULS,catalog-matched GOTTA sources
11000690,PULS,catalog-matched GOTTA sources
11001740,ECL,catalog-matched GOTTA sources
11001765,ECL,catalog-matched GOTTA sources
11001884,ROT,catalog-matched GOTTA sources
11002179,ECL,catalog-matched GOTTA sources
11003680,PULS,catalog-matched GOTTA sources
11007137,ECL,catalog-matched GOTTA sources
11007234,PULS,catalog-matched GOTTA sources
11007265,ECL,catalog-matched GOTTA sources
11008744,ECL,catalog-matched GOTTA sources
11009101,ECL,catalog-matched GOTTA sources
11011121,PULS,catalog-matched GOTTA sources
11013770,PULS,catalog-matched GOTTA sources
11092165,PULS,catalog-matched GOTTA sources
11103477,ROT,catalog-matched GOTTA sources
11130442,PULS,catalog-matched GOTTA sources
11281544,ECL,catalog-matched GOTTA sources
11281753,ECL,catalog-matched GOTTA sources
11283620,ECL,catalog-matched GOTTA sources
11330091,PULS,catalog-matched GOTTA sources
11330676,PULS,catalog-matched GOTTA sources
11331078,ROT,catalog-matched GOTTA sources
11331222,ROT,catalog-matched GOTTA sources
11331243,ECL,catalog-matched GOTTA sources
11331797,ECL,catalog-matched GOTTA sources
11332217,ECL,catalog-matched GOTTA sources
11332457,PULS,catalog-matched GOTTA sources
11333675,ECL,catalog-matched GOTTA sources
11333752,PULS,catalog-matched GOTTA sources
11388855,ECL,catalog-matched GOTTA sources
11512052,ECL,catalog-matched GOTTA sources
11512067,ECL,catalog-matched GOTTA sources
11522127,PULS,catalog-matched GOTTA sources
11527909,ECL,catalog-matched GOTTA sources
11542047,PULS,catalog-matched GOTTA sources
11561258,ROT,catalog-matched GOTTA sources
11566495,ECL,catalog-matched GOTTA sources
11566774,PULS,catalog-matched GOTTA sources
11566988,PULS,catalog-matched GOTTA sources
11567147,PULS,catalog-matched GOTTA sources
11568132,PULS,catalog-matched GOTTA sources
11569336,ECL,catalog-matched GOTTA sources
11569354,PULS,catalog-matched GOTTA sources
11569837,PULS,catalog-matched GOTTA sources
11569977,PULS,catalog-matched GOTTA sources
11572714,ROT,catalog-matched GOTTA sources
11582843,ECL,catalog-matched GOTTA sources
11583637,PULS,catalog-matched GOTTA sources
11583913,ROT,catalog-matched GOTTA sources
11585007,PULS,catalog-matched GOTTA sources
11585038,ROT,catalog-matched GOTTA sources
11585275,PULS,catalog-matched GOTTA sources
11585571,ROT,catalog-matched GOTTA sources
11618917,ECL,catalog-matched GOTTA sources
11619060,PULS,catalog-matched GOTTA sources
11619156,PULS,catalog-matched GOTTA sources
11619555,PULS,catalog-matched GOTTA sources
11619576,ECL,catalog-matched GOTTA sources
11620070,PULS,catalog-matched GOTTA sources
11620130,PULS,catalog-matched GOTTA sources
11620334,PULS,catalog-matched GOTTA sources
11620459,ROT,catalog-matched GOTTA sources
11620849,ECL,catalog-matched GOTTA sources
11621089,ECL,catalog-matched GOTTA sources
11621668,ROT,catalog-matched GOTTA sources
11622276,ECL,catalog-matched GOTTA sources
11623180,ECL,catalog-matched GOTTA sources
11756280,ECL,catalog-matched GOTTA sources
11757532,PULS,catalog-matched GOTTA sources
11759538,ROT,catalog-matched GOTTA sources
11767612,ROT,catalog-matched GOTTA sources
11767831,ECL,catalog-matched GOTTA sources
11768436,ROT,catalog-matched GOTTA sources
11769119,ROT,catalog-matched GOTTA sources
11769623,PULS,catalog-matched GOTTA sources
11770453,ROT,catalog-matched GOTTA sources
11770897,ECL,catalog-matched GOTTA sources
11771742,ECL,catalog-matched GOTTA sources
11772275,PULS,catalog-matched GOTTA sources
11772535,ROT,catalog-matched GOTTA sources
11772925,ECL,catalog-matched GOTTA sources
11773942,PULS,catalog-matched GOTTA sources
11774091,ROT,catalog-matched GOTTA sources
11775013,PULS,catalog-matched GOTTA sources
11775317,ECL,catalog-matched GOTTA sources
11775602,ROT,catalog-matched GOTTA sources
11776356,ROT,catalog-matched GOTTA sources
11776690,ROT,catalog-matched GOTTA sources
11777501,PULS,catalog-matched GOTTA sources
11777709,ECL,catalog-matched GOTTA sources
11777950,ECL,catalog-matched GOTTA sources
11778107,ECL,catalog-matched GOTTA sources
11779815,ROT,catalog-matched GOTTA sources
11779929,ECL,catalog-matched GOTTA sources
11780339,ECL,catalog-matched GOTTA sources
11781845,ROT,catalog-matched GOTTA sources
11896983,ECL,catalog-matched GOTTA sources
11922285,ECL,catalog-matched GOTTA sources
11931277,ROT,catalog-matched GOTTA sources
11937619,PULS,catalog-matched GOTTA sources
11942497,PULS,catalog-matched GOTTA sources
11942722,PULS,catalog-matched GOTTA sources
11943720,ECL,catalog-matched GOTTA sources
12066656,PULS,catalog-matched GOTTA sources
12067010,PULS,catalog-matched GOTTA sources
12068202,PULS,catalog-matched GOTTA sources
12071937,ROT,catalog-matched GOTTA sources
12074305,PULS,catalog-matched GOTTA sources
12074656,ROT,catalog-matched GOTTA sources
12075609,PULS,catalog-matched GOTTA sources
12077861,ROT,catalog-matched GOTTA sources
12080401,ECL,catalog-matched GOTTA sources
12081932,ROT,catalog-matched GOTTA sources
12082661,ECL,catalog-matched GOTTA sources
12256071,ECL,catalog-matched GOTTA sources
12256111,ECL,catalog-matched GOTTA sources
12256223,ECL,catalog-matched GOTTA sources
12256569,ROT,catalog-matched GOTTA sources
12257055,ECL,catalog-matched GOTTA sources
12257100,PULS,catalog-matched GOTTA sources
12258499,PULS,catalog-matched GOTTA sources
12258668,ECL,catalog-matched GOTTA sources
12258929,PULS,catalog-matched GOTTA sources
12261159,ECL,catalog-matched GOTTA sources
12261398,ECL,catalog-matched GOTTA sources
12346114,PULS,catalog-matched GOTTA sources
12349450,PULS,catalog-matched GOTTA sources
12369096,ECL,catalog-matched GOTTA sources
12370652,ROT,catalog-matched GOTTA sources
12372134,ECL,catalog-matched GOTTA sources
12372670,PULS,catalog-matched GOTTA sources
12372905,PULS,catalog-matched GOTTA sources
12372966,PULS,catalog-matched GOTTA sources
12373303,ECL,catalog-matched GOTTA sources
12373379,PULS,catalog-matched GOTTA sources
12373785,ECL,catalog-matched GOTTA sources
12374282,ECL,catalog-matched GOTTA sources
12374400,PULS,catalog-matched GOTTA sources
12374828,ECL,catalog-matched GOTTA sources
12375010,ECL,catalog-matched GOTTA sources
12377666,ECL,catalog-matched GOTTA sources
12378369,ROT,catalog-matched GOTTA sources
12379950,PULS,catalog-matched GOTTA sources
12380680,ROT,catalog-matched GOTTA sources
12381065,PULS,catalog-matched GOTTA sources
12385076,PULS,catalog-matched GOTTA sources
12385141,PULS,catalog-matched GOTTA sources
12387794,ROT,catalog-matched GOTTA sources
12388154,ROT,catalog-matched GOTTA sources
12389796,ROT,catalog-matched GOTTA sources
12391617,ROT,catalog-matched GOTTA sources
12394941,PULS,catalog-matched GOTTA sources
12396137,ROT,catalog-matched GOTTA sources
12397628,PULS,catalog-matched GOTTA sources
12397793,ROT,catalog-matched GOTTA sources
12399483,ECL,catalog-matched GOTTA sources
12400225,ECL,catalog-matched GOTTA sources
12428055,ECL,catalog-matched GOTTA sources
12428154,ROT,catalog-matched GOTTA sources
12428514,ROT,catalog-matched GOTTA sources
12429757,PULS,catalog-matched GOTTA sources
12430524,ECL,catalog-matched GOTTA sources
12430621,ECL,catalog-matched GOTTA sources
12455147,PULS,catalog-matched GOTTA sources
12456197,ECL,catalog-matched GOTTA sources
12458201,PULS,catalog-matched GOTTA sources
12458346,ROT,catalog-matched GOTTA sources
12458470,ECL,catalog-matched GOTTA sources
12458676,ECL,catalog-matched GOTTA sources
12458809,PULS,catalog-matched GOTTA sources
12458863,ROT,catalog-matched GOTTA sources
12459234,ECL,catalog-matched GOTTA sources
12459274,ECL,catalog-matched GOTTA sources
12459323,ROT,catalog-matched GOTTA sources
12460558,ECL,catalog-matched GOTTA sources
12460854,ECL,catalog-matched GOTTA sources
12461215,ROT,catalog-matched GOTTA sources
12461844,PULS,catalog-matched GOTTA sources
12470000,ECL,catalog-matched GOTTA sources
12470242,ECL,catalog-matched GOTTA sources
12472170,ROT,catalog-matched GOTTA sources
12475158,ECL,catalog-matched GOTTA sources
12475631,PULS,catalog-matched GOTTA sources
12476950,ROT,catalog-matched GOTTA sources
12479266,PULS,catalog-matched GOTTA sources
12481111,ECL,catalog-matched GOTTA sources
12481937,ROT,catalog-matched GOTTA sources
12485558,ECL,catalog-matched GOTTA sources
12485990,ECL,catalog-matched GOTTA sources
12486010,ECL,catalog-matched GOTTA sources
12486028,PULS,catalog-matched GOTTA sources
12486274,ECL,catalog-matched GOTTA sources
12487006,ROT,catalog-matched GOTTA sources
12487492,ECL,catalog-matched GOTTA sources
12487551,ECL,catalog-matched GOTTA sources
12501360,ECL,catalog-matched GOTTA sources
12502645,ROT,catalog-matched GOTTA sources
12502942,ECL,catalog-matched GOTTA sources
12503536,ECL,catalog-matched GOTTA sources
12503915,PULS,catalog-matched GOTTA sources
12506476,ECL,catalog-matched GOTTA sources
12506794,ROT,catalog-matched GOTTA sources
12623479,PULS,catalog-matched GOTTA sources
12624102,PULS,catalog-matched GOTTA sources
12624324,PULS,catalog-matched GOTTA sources
12629618,ECL,catalog-matched GOTTA sources
12629856,ECL,catalog-matched GOTTA sources
12630623,ROT,catalog-matched GOTTA sources
12632305,ROT,catalog-matched GOTTA sources
12644829,ROT,catalog-matched GOTTA sources
12644912,ROT,catalog-matched GOTTA sources
12644929,ECL,catalog-matched GOTTA sources
12644939,PULS,catalog-matched GOTTA sources
12644999,ROT,catalog-matched GOTTA sources
12645321,ROT,catalog-matched GOTTA sources
12645886,ROT,catalog-matched GOTTA sources
12825744,ROT,catalog-matched GOTTA sources
12827079,ECL,catalog-matched GOTTA sources
12827172,ROT,catalog-matched GOTTA sources
12827303,ECL,catalog-matched GOTTA sources
12828861,ECL,catalog-matched GOTTA sources
12830641,ROT,catalog-matched GOTTA sources
12830670,ECL,catalog-matched GOTTA sources
12832340,PULS,catalog-matched GOTTA sources
12832709,ROT,catalog-matched GOTTA sources
12833109,ECL,catalog-matched GOTTA sources
12985156,ECL,catalog-matched GOTTA sources
12985266,ROT,catalog-matched GOTTA sources
12986116,PULS,catalog-matched GOTTA sources
12986234,PULS,catalog-matched GOTTA sources
12987403,ROT,catalog-matched GOTTA sources
12987544,PULS,catalog-matched GOTTA sources
12987610,PULS,catalog-matched GOTTA sources
12988151,ROT,catalog-matched GOTTA sources
12988288,ROT,catalog-matched GOTTA sources
13086137,PULS,catalog-matched GOTTA sources
13086704,ECL,catalog-matched GOTTA sources
13086739,PULS,catalog-matched GOTTA sources
13087081,ECL,catalog-matched GOTTA sources
13087231,PULS,catalog-matched GOTTA sources
13087516,ROT,catalog-matched GOTTA sources
13088029,PULS,catalog-matched GOTTA sources
13163573,PULS,catalog-matched GOTTA sources
13173566,PULS,catalog-matched GOTTA sources
13198852,PULS,catalog-matched GOTTA sources
13198875,PULS,catalog-matched GOTTA sources
13199413,ROT,catalog-matched GOTTA sources
13206347,ROT,catalog-matched GOTTA sources
13207875,PULS,catalog-matched GOTTA sources
13207951,PULS,catalog-matched GOTTA sources
13208078,PULS,catalog-matched GOTTA sources
13208778,PULS,catalog-matched GOTTA sources
13208782,PULS,catalog-matched GOTTA sources
13209911,ROT,catalog-matched GOTTA sources
13210034,PULS,catalog-matched GOTTA sources
13210065,PULS,catalog-matched GOTTA sources
13210171,ECL,catalog-matched GOTTA sources
13210452,ROT,catalog-matched GOTTA sources
13210823,PULS,catalog-matched GOTTA sources
13242181,PULS,catalog-matched GOTTA sources
13242895,PULS,catalog-matched GOTTA sources
13276515,ROT,catalog-matched GOTTA sources
13276565,PULS,catalog-matched GOTTA sources
13276733,PULS,catalog-matched GOTTA sources
13277558,PULS,catalog-matched GOTTA sources
13278614,PULS,catalog-matched GOTTA sources
13279148,ECL,catalog-matched GOTTA sources
13280032,ROT,catalog-matched GOTTA sources
13281056,PULS,catalog-matched GOTTA sources
13377618,ROT,catalog-matched GOTTA sources
13383170,PULS,catalog-matched GOTTA sources
13383185,ROT,catalog-matched GOTTA sources
13383287,ROT,catalog-matched GOTTA sources
13383409,PULS,catalog-matched GOTTA sources
13385971,PULS,catalog-matched GOTTA sources
13386010,ROT,catalog-matched GOTTA sources
13386022,PULS,catalog-matched GOTTA sources
13388620,ECL,catalog-matched GOTTA sources
13389119,ECL,catalog-matched GOTTA sources
13389615,ECL,catalog-matched GOTTA sources
13389746,PULS,catalog-matched GOTTA sources
13390885,ECL,catalog-matched GOTTA sources
13391126,PULS,catalog-matched GOTTA sources
13391261,ECL,catalog-matched GOTTA sources
13391542,PULS,catalog-matched GOTTA sources
13392690,ROT,catalog-matched GOTTA sources
13397690,ROT,catalog-matched GOTTA sources
13397738,PULS,catalog-matched GOTTA sources
13398192,ECL,catalog-matched GOTTA sources
13402469,PULS,catalog-matched GOTTA sources
13528990,ECL,catalog-matched GOTTA sources
13530333,ECL,catalog-matched GOTTA sources
13532173,PULS,catalog-matched GOTTA sources
13612155,PULS,catalog-matched GOTTA sources
13613101,ECL,catalog-matched GOTTA sources
13613357,ROT,catalog-matched GOTTA sources
13613460,ECL,catalog-matched GOTTA sources
13614088,ROT,catalog-matched GOTTA sources
13638859,ROT,catalog-matched GOTTA sources
13639168,ECL,catalog-matched GOTTA sources
13639219,ECL,catalog-matched GOTTA sources
13642058,ROT,catalog-matched GOTTA sources
13642862,PULS,catalog-matched GOTTA sources
13654275,ECL,catalog-matched GOTTA sources
13654537,PULS,catalog-matched GOTTA sources
13654628,ECL,catalog-matched GOTTA sources
13655331,ECL,catalog-matched GOTTA sources
13655440,PULS,catalog-matched GOTTA sources
13655974,ECL,catalog-matched GOTTA sources
13728725,ECL,catalog-matched GOTTA sources
13729475,PULS,catalog-matched GOTTA sources
13730176,ECL,catalog-matched GOTTA sources
13731074,ECL,catalog-matched GOTTA sources
13731178,ROT,catalog-matched GOTTA sources
13751687,PULS,catalog-matched GOTTA sources
13831952,ROT,catalog-matched GOTTA sources
13833585,ROT,catalog-matched GOTTA sources
13907290,PULS,catalog-matched GOTTA sources
14021974,ECL,catalog-matched GOTTA sources
14022706,ROT,catalog-matched GOTTA sources
14022970,ECL,catalog-matched GOTTA sources
14023770,PULS,catalog-matched GOTTA sources
14024188,PULS,catalog-matched GOTTA sources
14025005,ROT,catalog-matched GOTTA sources
14025549,ROT,catalog-matched GOTTA sources
14025916,ECL,catalog-matched GOTTA sources
14230613,PULS,catalog-matched GOTTA sources
14244526,ROT,catalog-matched GOTTA sources
14462866,ECL,catalog-matched GOTTA sources
14505676,PULS,catalog-matched GOTTA sources
14506569,ECL,catalog-matched GOTTA sources
14506614,ECL,catalog-matched GOTTA sources
14506922,ECL,catalog-matched GOTTA sources
14507025,ECL,catalog-matched GOTTA sources
14521032,ECL,catalog-matched GOTTA sources
14691730,PULS,catalog-matched GOTTA sources
14692610,PULS,catalog-matched GOTTA sources
14693174,PULS,catalog-matched GOTTA sources
14736855,ECL,catalog-matched GOTTA sources
14737597,ROT,catalog-matched GOTTA sources
14737961,PULS,catalog-matched GOTTA sources
14738575,PULS,catalog-matched GOTTA sources
14738798,PULS,catalog-matched GOTTA sources
14739564,ROT,catalog-matched GOTTA sources
14740555,ROT,catalog-matched GOTTA sources
14740870,ROT,catalog-matched GOTTA sources
14740939,ECL,catalog-matched GOTTA sources
14741764,ECL,catalog-matched GOTTA sources
15005394,ROT,catalog-matched GOTTA sources
15130106,PULS,catalog-matched GOTTA sources
15130664,PULS,catalog-matched GOTTA sources
15133177,PULS,catalog-matched GOTTA sources
15134517,PULS,catalog-matched GOTTA sources
15134608,ECL,catalog-matched GOTTA sources
15135391,ECL,catalog-matched GOTTA sources
15135521,ROT,catalog-matched GOTTA sources
15136616,ROT,catalog-matched GOTTA sources
15137022,PULS,catalog-matched GOTTA sources
15200820,ECL,catalog-matched GOTTA sources
15201345,PULS,catalog-matched GOTTA sources
15211789,PULS,catalog-matched GOTTA sources
15212230,ECL,catalog-matched GOTTA sources
15213943,ROT,catalog-matched GOTTA sources
15215637,ECL,catalog-matched GOTTA sources
15217578,ROT,catalog-matched GOTTA sources
15220558,ROT,catalog-matched GOTTA sources
15221797,ROT,catalog-matched GOTTA sources
15516051,ROT,catalog-matched GOTTA sources
15516085,ECL,catalog-matched GOTTA sources
15516160,ECL,catalog-matched GOTTA sources
15516254,ECL,catalog-matched GOTTA sources
15516751,PULS,catalog-matched GOTTA sources
15517603,ECL,catalog-matched GOTTA sources
15597494,ROT,catalog-matched GOTTA sources
15597796,PULS,catalog-matched GOTTA sources
15597839,PULS,catalog-matched GOTTA sources
15597867,ROT,catalog-matched GOTTA sources
15598458,ROT,catalog-matched GOTTA sources
15599936,ECL,catalog-matched GOTTA sources
15600345,PULS,catalog-matched GOTTA sources
15601545,ROT,catalog-matched GOTTA sources
15616791,ROT,catalog-matched GOTTA sources
15850646,PULS,catalog-matched GOTTA sources
15850657,PULS,catalog-matched GOTTA sources
15850732,ECL,catalog-matched GOTTA sources
15851022,PULS,catalog-matched GOTTA sources
15851871,PULS,catalog-matched GOTTA sources
15851908,ECL,catalog-matched GOTTA sources
16014078,ECL,catalog-matched GOTTA sources
16014617,ROT,catalog-matched GOTTA sources
16015434,ECL,catalog-matched GOTTA sources
16015562,ECL,catalog-matched GOTTA sources
16017205,PULS,catalog-matched GOTTA sources
16019390,PULS,catalog-matched GOTTA sources
16019978,ROT,catalog-matched GOTTA sources
16020079,PULS,catalog-matched GOTTA sources
16021644,ECL,catalog-matched GOTTA sources
16023201,PULS,catalog-matched GOTTA sources
16023235,ECL,catalog-matched GOTTA sources
16024382,PULS,catalog-matched GOTTA sources
16025148,PULS,catalog-matched GOTTA sources
16025636,ROT,catalog-matched GOTTA sources
16026174,PULS,catalog-matched GOTTA sources
16027803,PULS,catalog-matched GOTTA sources
16028452,PULS,catalog-matched GOTTA sources
16029489,ECL,catalog-matched GOTTA sources
16030990,PULS,catalog-matched GOTTA sources
16041487,ROT,catalog-matched GOTTA sources
16069049,PULS,catalog-matched GOTTA sources
16069152,PULS,catalog-matched GOTTA sources
16069199,ROT,catalog-matched GOTTA sources
16069534,ECL,catalog-matched GOTTA sources
16069954,ROT,catalog-matched GOTTA sources
16070289,ECL,catalog-matched GOTTA sources
16070460,ECL,catalog-matched GOTTA sources
16070820,PULS,catalog-matched GOTTA sources
16129494,ECL,catalog-matched GOTTA sources
16151233,PULS,catalog-matched GOTTA sources
16177968,ECL,catalog-matched GOTTA sources
16181266,ECL,catalog-matched GOTTA sources
16183532,ECL,catalog-matched GOTTA sources
16190605,ECL,catalog-matched GOTTA sources
16190988,ECL,catalog-matched GOTTA sources
16191604,ECL,catalog-matched GOTTA sources
16191679,ECL,catalog-matched GOTTA sources
16192223,ECL,catalog-matched GOTTA sources
16192527,PULS,catalog-matched GOTTA sources
16192999,ECL,catalog-matched GOTTA sources
16193174,ROT,catalog-matched GOTTA sources
16193408,ECL,catalog-matched GOTTA sources
16195348,ROT,catalog-matched GOTTA sources
16195962,ECL,catalog-matched GOTTA sources
16196009,PULS,catalog-matched GOTTA sources
16196034,ECL,catalog-matched GOTTA sources
16196259,ROT,catalog-matched GOTTA sources
16196927,ECL,catalog-matched GOTTA sources
16196962,ECL,catalog-matched GOTTA sources
16197210,PULS,catalog-matched GOTTA sources
16197293,ECL,catalog-matched GOTTA sources
16197428,ECL,catalog-matched GOTTA sources
16197570,ROT,catalog-matched GOTTA sources
16199371,PULS,catalog-matched GOTTA sources
16201007,ECL,catalog-matched GOTTA sources
16344798,PULS,catalog-matched GOTTA sources
16346242,ECL,catalog-matched GOTTA sources
16346532,ECL,catalog-matched GOTTA sources
16383690,ECL,catalog-matched GOTTA sources
16384281,PULS,catalog-matched GOTTA sources
16384375,ECL,catalog-matched GOTTA sources
16385281,ECL,catalog-matched GOTTA sources
16385363,ECL,catalog-matched GOTTA sources
16385436,PULS,catalog-matched GOTTA sources
16385521,ECL,catalog-matched GOTTA sources
16385804,PULS,catalog-matched GOTTA sources
16523984,ECL,catalog-matched GOTTA sources
16524508,PULS,catalog-matched GOTTA sources
16524653,PULS,catalog-matched GOTTA sources
16524755,ROT,catalog-matched GOTTA sources
16524797,PULS,catalog-matched GOTTA sources
16524927,ECL,catalog-matched GOTTA sources
16525820,ROT,catalog-matched GOTTA sources
16526833,PULS,catalog-matched GOTTA sources
16536773,PULS,catalog-matched GOTTA sources
16536874,ECL,catalog-matched GOTTA sources
16536879,PULS,catalog-matched GOTTA sources
16537786,ECL,catalog-matched GOTTA sources
16537858,ECL,catalog-matched GOTTA sources
16538198,PULS,catalog-matched GOTTA sources
16538585,PULS,catalog-matched GOTTA sources
16538906,ROT,catalog-matched GOTTA sources
16539212,PULS,catalog-matched GOTTA sources
16539240,ROT,catalog-matched GOTTA sources
16651735,ROT,catalog-matched GOTTA sources
16651910,PULS,catalog-matched GOTTA sources
16651968,PULS,catalog-matched GOTTA sources
16652128,ROT,catalog-matched GOTTA sources
16652319,ROT,catalog-matched GOTTA sources
16652536,ECL,catalog-matched GOTTA sources
16653594,ECL,catalog-matched GOTTA sources
16653829,ECL,catalog-matched GOTTA sources
16653951,ROT,catalog-matched GOTTA sources
16654438,ROT,catalog-matched GOTTA sources
16654741,ECL,catalog-matched GOTTA sources
16655178,ROT,catalog-matched GOTTA sources
16655581,PULS,catalog-matched GOTTA sources
16655715,ROT,catalog-matched GOTTA sources
16655998,PULS,catalog-matched GOTTA sources
16657969,PULS,catalog-matched GOTTA sources
16658005,ROT,catalog-matched GOTTA sources
16658118,PULS,catalog-matched GOTTA sources
16658180,ECL,catalog-matched GOTTA sources
16658450,PULS,catalog-matched GOTTA sources
16658572,ECL,catalog-matched GOTTA sources
16732189,PULS,catalog-matched GOTTA sources
16732464,ROT,catalog-matched GOTTA sources
16738104,PULS,catalog-matched GOTTA sources
16738518,PULS,catalog-matched GOTTA sources
16738839,ECL,catalog-matched GOTTA sources
16765635,PULS,catalog-matched GOTTA sources
16765737,ROT,catalog-matched GOTTA sources
16765870,ECL,catalog-matched GOTTA sources
16766005,PULS,catalog-matched GOTTA sources
16766402,ECL,catalog-matched GOTTA sources
16766439,PULS,catalog-matched GOTTA sources
16766939,ROT,catalog-matched GOTTA sources
16767076,PULS,catalog-matched GOTTA sources
16767181,ECL,catalog-matched GOTTA sources
16767478,ECL,catalog-matched GOTTA sources
16767505,ECL,catalog-matched GOTTA sources
16784892,PULS,catalog-matched GOTTA sources
16787173,PULS,catalog-matched GOTTA sources
16801379,PULS,catalog-matched GOTTA sources
16801765,PULS,catalog-matched GOTTA sources
16805103,ECL,catalog-matched GOTTA sources
16805321,PULS,catalog-matched GOTTA sources
16806494,ECL,catalog-matched GOTTA sources
16806833,ECL,catalog-matched GOTTA sources
16808369,ECL,catalog-matched GOTTA sources
16809098,PULS,catalog-matched GOTTA sources
16809873,PULS,catalog-matched GOTTA sources
16810259,ECL,catalog-matched GOTTA sources
16810385,PULS,catalog-matched GOTTA sources
16810896,ECL,catalog-matched GOTTA sources
16811132,ROT,catalog-matched GOTTA sources
16814727,ROT,catalog-matched GOTTA sources
16815665,PULS,catalog-matched GOTTA sources
16815886,PULS,catalog-matched GOTTA sources
16815904,PULS,catalog-matched GOTTA sources
16816534,PULS,catalog-matched GOTTA sources
16816704,PULS,catalog-matched GOTTA sources
16818208,PULS,catalog-matched GOTTA sources
16818524,PULS,catalog-matched GOTTA sources
16818531,ROT,catalog-matched GOTTA sources
16819405,ECL,catalog-matched GOTTA sources
16843720,ECL,catalog-matched GOTTA sources
16844332,ECL,catalog-matched GOTTA sources
16845338,ROT,catalog-matched GOTTA sources
16847653,ECL,catalog-matched GOTTA sources
16848595,ECL,catalog-matched GOTTA sources
16851429,PULS,catalog-matched GOTTA sources
16868804,PULS,catalog-matched GOTTA sources
16954351,ROT,catalog-matched GOTTA sources
16955892,ROT,catalog-matched GOTTA sources
16956216,PULS,catalog-matched GOTTA sources
16957061,PULS,catalog-matched GOTTA sources
16957595,ECL,catalog-matched GOTTA sources
16958072,ECL,catalog-matched GOTTA sources
16958154,ECL,catalog-matched GOTTA sources
16958954,ROT,catalog-matched GOTTA sources
16989421,PULS,catalog-matched GOTTA sources
16990224,ECL,catalog-matched GOTTA sources
17139277,ECL,catalog-matched GOTTA sources
17140336,PULS,catalog-matched GOTTA sources
17142602,ECL,catalog-matched GOTTA sources
17143734,ROT,catalog-matched GOTTA sources
17143971,PULS,catalog-matched GOTTA sources
17144966,ROT,catalog-matched GOTTA sources
17144986,ECL,catalog-matched GOTTA sources
17168309,ROT,catalog-matched GOTTA sources
17168332,ECL,catalog-matched GOTTA sources
17168788,ROT,catalog-matched GOTTA sources
17171442,ECL,catalog-matched GOTTA sources
17171512,ROT,catalog-matched GOTTA sources
17171545,ROT,catalog-matched GOTTA sources
17171630,ECL,catalog-matched GOTTA sources
17171765,ECL,catalog-matched GOTTA sources
17171821,ECL,catalog-matched GOTTA sources
17171883,PULS,catalog-matched GOTTA sources
17171915,PULS,catalog-matched GOTTA sources
17172000,ECL,catalog-matched GOTTA sources
17172258,ROT,catalog-matched GOTTA sources
17172303,ECL,catalog-matched GOTTA sources
17172959,ROT,catalog-matched GOTTA sources
17173082,ROT,catalog-matched GOTTA sources
17173355,ROT,catalog-matched GOTTA sources
17173556,ECL,catalog-matched GOTTA sources
17173610,PULS,catalog-matched GOTTA sources
17173848,PULS,catalog-matched GOTTA sources
17173876,ROT,catalog-matched GOTTA sources
17174897,ECL,catalog-matched GOTTA sources
17174959,PULS,catalog-matched GOTTA sources
17204841,ECL,catalog-matched GOTTA sources
17207486,PULS,catalog-matched GOTTA sources
17207646,ROT,catalog-matched GOTTA sources
17328065,ROT,catalog-matched GOTTA sources
17328837,PULS,catalog-matched GOTTA sources
17329374,PULS,catalog-matched GOTTA sources
17332086,ROT,catalog-matched GOTTA sources
17393810,PULS,catalog-matched GOTTA sources
17394296,PULS,catalog-matched GOTTA sources
17395501,ECL,catalog-matched GOTTA sources
17395619,ECL,catalog-matched GOTTA sources
17483546,ECL,catalog-matched GOTTA sources
17486534,PULS,catalog-matched GOTTA sources
17486554,PULS,catalog-matched GOTTA sources
17486654,PULS,catalog-matched GOTTA sources
17486976,ECL,catalog-matched GOTTA sources
17487182,PULS,catalog-matched GOTTA sources
17487202,ROT,catalog-matched GOTTA sources
17487267,ECL,catalog-matched GOTTA sources
17487538,PULS,catalog-matched GOTTA sources
17487542,PULS,catalog-matched GOTTA sources
17487943,ECL,catalog-matched GOTTA sources
17488151,ROT,catalog-matched GOTTA sources
17488161,PULS,catalog-matched GOTTA sources
17488708,PULS,catalog-matched GOTTA sources
17488899,PULS,catalog-matched GOTTA sources
17489885,ROT,catalog-matched GOTTA sources
17492316,ECL,catalog-matched GOTTA sources
17565697,ROT,catalog-matched GOTTA sources
17568455,ROT,catalog-matched GOTTA sources
17568778,ROT,catalog-matched GOTTA sources
17570784,ECL,catalog-matched GOTTA sources
17571053,PULS,catalog-matched GOTTA sources
17571403,ECL,catalog-matched GOTTA sources
17576796,ROT,catalog-matched GOTTA sources
17584219,ROT,catalog-matched GOTTA sources
17585884,PULS,catalog-matched GOTTA sources
17656786,PULS,catalog-matched GOTTA sources
17665822,PULS,catalog-matched GOTTA sources
17668303,ROT,catalog-matched GOTTA sources
17668765,ROT,catalog-matched GOTTA sources
17683753,PULS,catalog-matched GOTTA sources
17704560,ECL,catalog-matched GOTTA sources
17705241,PULS,catalog-matched GOTTA sources
17775926,ECL,catalog-matched GOTTA sources
17776063,ECL,catalog-matched GOTTA sources
17776220,ECL,catalog-matched GOTTA sources
17776585,ECL,catalog-matched GOTTA sources
17776640,ECL,catalog-matched GOTTA sources
17834634,ROT,catalog-matched GOTTA sources
17843334,PULS,catalog-matched GOTTA sources
17845490,PULS,catalog-matched GOTTA sources
17851092,ROT,catalog-matched GOTTA sources
17851685,PULS,catalog-matched GOTTA sources
17852168,ROT,catalog-matched GOTTA sources
17880566,ECL,catalog-matched GOTTA sources
17883608,ECL,catalog-matched GOTTA sources
17901681,PULS,catalog-matched GOTTA sources
17904870,ROT,catalog-matched GOTTA sources
18161508,PULS,catalog-matched GOTTA sources
18162497,ROT,catalog-matched GOTTA sources
18162677,ROT,catalog-matched GOTTA sources
18162680,ECL,catalog-matched GOTTA sources
18162899,ECL,catalog-matched GOTTA sources
18163157,ROT,catalog-matched GOTTA sources
18163621,PULS,catalog-matched GOTTA sources
18165084,ECL,catalog-matched GOTTA sources
18165093,ROT,catalog-matched GOTTA sources
18165266,PULS,catalog-matched GOTTA sources
18166766,PULS,catalog-matched GOTTA sources
18167556,ECL,catalog-matched GOTTA sources
18167717,ECL,catalog-matched GOTTA sources
18168720,ROT,catalog-matched GOTTA sources
18169982,ROT,catalog-matched GOTTA sources
18184350,ECL,catalog-matched GOTTA sources
18193560,PULS,catalog-matched GOTTA sources
18195756,PULS,catalog-matched GOTTA sources
18195792,PULS,catalog-matched GOTTA sources
18196444,ECL,catalog-matched GOTTA sources
18196901,PULS,catalog-matched GOTTA sources
18197353,PULS,catalog-matched GOTTA sources
18197760,PULS,catalog-matched GOTTA sources
18197993,ECL,catalog-matched GOTTA sources
18265396,ECL,catalog-matched GOTTA sources
18265822,ROT,catalog-matched GOTTA sources
18273669,PULS,catalog-matched GOTTA sources
18276283,ROT,catalog-matched GOTTA sources
18279384,PULS,catalog-matched GOTTA sources
18280952,ECL,catalog-matched GOTTA sources
18281209,ECL,catalog-matched GOTTA sources
18285409,ROT,catalog-matched GOTTA sources
18286689,PULS,catalog-matched GOTTA sources
18313806,ROT,catalog-matched GOTTA sources
18314073,PULS,catalog-matched GOTTA sources
18426152,ECL,catalog-matched GOTTA sources
18480905,ECL,catalog-matched GOTTA sources
18483904,ROT,catalog-matched GOTTA sources
18534956,ECL,catalog-matched GOTTA sources
18558007,ROT,catalog-matched GOTTA sources
18559260,ECL,catalog-matched GOTTA sources
18559451,ECL,catalog-matched GOTTA sources
18559578,ECL,catalog-matched GOTTA sources
18561633,PULS,catalog-matched GOTTA sources
18562774,PULS,catalog-matched GOTTA sources
18563120,ECL,catalog-matched GOTTA sources
18563556,ROT,catalog-matched GOTTA sources
18563573,ECL,catalog-matched GOTTA sources
18563637,ECL,catalog-matched GOTTA sources
18563720,ECL,catalog-matched GOTTA sources
18563739,ROT,catalog-matched GOTTA sources
18563890,ROT,catalog-matched GOTTA sources
18565048,ROT,catalog-matched GOTTA sources
18565325,PULS,catalog-matched GOTTA sources
18565790,ECL,catalog-matched GOTTA sources
18566020,ROT,catalog-matched GOTTA sources
18642543,ROT,catalog-matched GOTTA sources
18642699,PULS,catalog-matched GOTTA sources
18642702,PULS,catalog-matched GOTTA sources
18643556,ROT,catalog-matched GOTTA sources
18643995,PULS,catalog-matched GOTTA sources
18644233,ECL,catalog-matched GOTTA sources
18644909,ECL,catalog-matched GOTTA sources
18645297,ECL,catalog-matched GOTTA sources
18645374,ROT,catalog-matched GOTTA sources
18645404,ROT,catalog-matched GOTTA sources
18645497,ECL,catalog-matched GOTTA sources
18646072,PULS,catalog-matched GOTTA sources
18655471,ROT,catalog-matched GOTTA sources
18657423,ECL,catalog-matched GOTTA sources
18657447,ROT,catalog-matched GOTTA sources
18657766,ECL,catalog-matched GOTTA sources
18658755,ROT,catalog-matched GOTTA sources
18658938,ECL,catalog-matched GOTTA sources
18659291,PULS,catalog-matched GOTTA sources
18660334,ECL,catalog-matched GOTTA sources
18660460,PULS,catalog-matched GOTTA sources
18680467,ECL,catalog-matched GOTTA sources
18680916,ECL,catalog-matched GOTTA sources
18681665,ROT,catalog-matched GOTTA sources
18681808,ECL,catalog-matched GOTTA sources
18682871,ECL,catalog-matched GOTTA sources
18683438,ECL,catalog-matched GOTTA sources
18684107,ROT,catalog-matched GOTTA sources
18685198,PULS,catalog-matched GOTTA sources
18753712,ECL,catalog-matched GOTTA sources
18946645,ECL,catalog-matched GOTTA sources
19132178,ECL,catalog-matched GOTTA sources
19136639,ECL,catalog-matched GOTTA sources
19137088,PULS,catalog-matched GOTTA sources
19137315,PULS,catalog-matched GOTTA sources
19137338,ECL,catalog-matched GOTTA sources
19137779,PULS,catalog-matched GOTTA sources
19138566,ECL,catalog-matched GOTTA sources
19193474,ECL,catalog-matched GOTTA sources
19193693,ROT,catalog-matched GOTTA sources
19193756,ROT,catalog-matched GOTTA sources
19194483,ECL,catalog-matched GOTTA sources
19195294,ROT,catalog-matched GOTTA sources
19197408,ROT,catalog-matched GOTTA sources
19315549,ROT,catalog-matched GOTTA sources
19315713,PULS,catalog-matched GOTTA sources
19316099,PULS,catalog-matched GOTTA sources
19316467,PULS,catalog-matched GOTTA sources
19316804,PULS,catalog-matched GOTTA sources
19316948,ECL,catalog-matched GOTTA sources
19316981,ECL,catalog-matched GOTTA sources
19317220,ECL,catalog-matched GOTTA sources
19317330,ECL,catalog-matched GOTTA sources
19317387,ECL,catalog-matched GOTTA sources
19317521,PULS,catalog-matched GOTTA sources
19317833,ROT,catalog-matched GOTTA sources
19318719,ECL,catalog-matched GOTTA sources
19318983,ECL,catalog-matched GOTTA sources
19319251,ECL,catalog-matched GOTTA sources
19319569,ECL,catalog-matched GOTTA sources
19319754,ROT,catalog-matched GOTTA sources
19586588,PULS,catalog-matched GOTTA sources
19588422,PULS,catalog-matched GOTTA sources
19590950,PULS,catalog-matched GOTTA sources
19591600,PULS,catalog-matched GOTTA sources
19591983,ECL,catalog-matched GOTTA sources
19593398,PULS,catalog-matched GOTTA sources
19658850,ROT,catalog-matched GOTTA sources
19659532,ECL,catalog-matched GOTTA sources
19660286,ECL,catalog-matched GOTTA sources
19660400,ROT,catalog-matched GOTTA sources
19660896,ROT,catalog-matched GOTTA sources
19661167,PULS,catalog-matched GOTTA sources
19661765,ROT,catalog-matched GOTTA sources
19661840,PULS,catalog-matched GOTTA sources
19662027,ECL,catalog-matched GOTTA sources
19662904,PULS,catalog-matched GOTTA sources
19750741,ECL,catalog-matched GOTTA sources
19964893,PULS,catalog-matched GOTTA sources
19964951,ECL,catalog-matched GOTTA sources
19968336,PULS,catalog-matched GOTTA sources
19968756,PULS,catalog-matched GOTTA sources
19969256,PULS,catalog-matched GOTTA sources
19990288,ROT,catalog-matched GOTTA sources
20026511,ECL,catalog-matched GOTTA sources
20027049,ROT,catalog-matched GOTTA sources
20027107,ECL,catalog-matched GOTTA sources
20027143,ECL,catalog-matched GOTTA sources
20027771,ECL,catalog-matched GOTTA sources
20028050,ECL,catalog-matched GOTTA sources
20028894,ECL,catalog-matched GOTTA sources
20029567,ECL,catalog-matched GOTTA sources
20029746,ECL,catalog-matched GOTTA sources
20029959,PULS,catalog-matched GOTTA sources
20030174,ECL,catalog-matched GOTTA sources
20070902,ECL,catalog-matched GOTTA sources
20118322,PULS,catalog-matched GOTTA sources
20118856,ECL,catalog-matched GOTTA sources
20119353,PULS,catalog-matched GOTTA sources
20120409,PULS,catalog-matched GOTTA sources
20122357,PULS,catalog-matched GOTTA sources
20169612,PULS,catalog-matched GOTTA sources
20184886,ROT,catalog-matched GOTTA sources
20185109,ECL,catalog-matched GOTTA sources
20185156,ECL,catalog-matched GOTTA sources
20185964,ROT,catalog-matched GOTTA sources
20186268,ECL,catalog-matched GOTTA sources
20187093,ROT,catalog-matched GOTTA sources
20187133,ECL,catalog-matched GOTTA sources
20187149,PULS,catalog-matched GOTTA sources
20187502,PULS,catalog-matched GOTTA sources
20187525,ROT,catalog-matched GOTTA sources
20188566,ECL,catalog-matched GOTTA sources
20190320,ROT,catalog-matched GOTTA sources
20190462,ECL,catalog-matched GOTTA sources
20190616,ECL,catalog-matched GOTTA sources
20191701,ROT,catalog-matched GOTTA sources
20191975,PULS,catalog-matched GOTTA sources
20191977,ROT,catalog-matched GOTTA sources
20193949,ROT,catalog-matched GOTTA sources
20196747,ROT,catalog-matched GOTTA sources
20212525,PULS,catalog-matched GOTTA sources
20233695,PULS,catalog-matched GOTTA sources
20233748,ECL,catalog-matched GOTTA sources
20234508,ECL,catalog-matched GOTTA sources
20234682,ROT,catalog-matched GOTTA sources
20235179,ROT,catalog-matched GOTTA sources
20235242,ECL,catalog-matched GOTTA sources
20235479,ECL,catalog-matched GOTTA sources
20235704,PULS,catalog-matched GOTTA sources
20236227,ROT,catalog-matched GOTTA sources
20236239,ECL,catalog-matched GOTTA sources
20236425,PULS,catalog-matched GOTTA sources
20238116,PULS,catalog-matched GOTTA sources
20238124,PULS,catalog-matched GOTTA sources
20238315,ROT,catalog-matched GOTTA sources
20238736,PULS,catalog-matched GOTTA sources
20239410,PULS,catalog-matched GOTTA sources
20325152,ECL,catalog-matched GOTTA sources
20325257,ECL,catalog-matched GOTTA sources
20325636,ECL,catalog-matched GOTTA sources
20325781,ROT,catalog-matched GOTTA sources
20325802,PULS,catalog-matched GOTTA sources
20325810,PULS,catalog-matched GOTTA sources
20326076,ECL,catalog-matched GOTTA sources
20326114,ECL,catalog-matched GOTTA sources
20326118,PULS,catalog-matched GOTTA sources
20326344,ROT,catalog-matched GOTTA sources
20326406,ECL,catalog-matched GOTTA sources
20326573,ECL,catalog-matched GOTTA sources
20327752,ECL,catalog-matched GOTTA sources
20328250,ECL,catalog-matched GOTTA sources
20329553,ROT,catalog-matched GOTTA sources
20330408,PULS,catalog-matched GOTTA sources
20331638,ROT,catalog-matched GOTTA sources
20341021,ECL,catalog-matched GOTTA sources
20347229,PULS,catalog-matched GOTTA sources
20349883,PULS,catalog-matched GOTTA sources
20350465,ECL,catalog-matched GOTTA sources
20453572,ECL,catalog-matched GOTTA sources
20453600,ECL,catalog-matched GOTTA sources
20456735,ROT,catalog-matched GOTTA sources
20459579,PULS,catalog-matched GOTTA sources
20460094,PULS,catalog-matched GOTTA sources
20460218,ROT,catalog-matched GOTTA sources
20464203,ECL,catalog-matched GOTTA sources
20465302,ECL,catalog-matched GOTTA sources
20465352,ROT,catalog-matched GOTTA sources
20471682,ROT,catalog-matched GOTTA sources
20473051,PULS,catalog-matched GOTTA sources
20473112,ROT,catalog-matched GOTTA sources
20473143,ROT,catalog-matched GOTTA sources
20475142,PULS,catalog-matched GOTTA sources
20475212,ECL,catalog-matched GOTTA sources
20475324,PULS,catalog-matched GOTTA sources
20475980,PULS,catalog-matched GOTTA sources
20476259,ECL,catalog-matched GOTTA sources
20476262,PULS,catalog-matched GOTTA sources
20476550,PULS,catalog-matched GOTTA sources
20579279,PULS,catalog-matched GOTTA sources
20581090,PULS,catalog-matched GOTTA sources
20582605,ECL,catalog-matched GOTTA sources
20582631,ECL,catalog-matched GOTTA sources
20582752,ECL,catalog-matched GOTTA sources
20582974,ECL,catalog-matched GOTTA sources
20583489,PULS,catalog-matched GOTTA sources
20727061,PULS,catalog-matched GOTTA sources
20727275,ROT,catalog-matched GOTTA sources
20727397,PULS,catalog-matched GOTTA sources
20727923,PULS,catalog-matched GOTTA sources
20729490,PULS,catalog-matched GOTTA sources
20731248,PULS,catalog-matched GOTTA sources
20731571,ROT,catalog-matched GOTTA sources
20731639,ECL,catalog-matched GOTTA sources
20731756,ROT,catalog-matched GOTTA sources
20733437,ROT,catalog-matched GOTTA sources
20924737,ROT,catalog-matched GOTTA sources
20925153,ROT,catalog-matched GOTTA sources
20961797,ECL,catalog-matched GOTTA sources
21175289,PULS,catalog-matched GOTTA sources
21175361,ECL,catalog-matched GOTTA sources
21232250,ROT,catalog-matched GOTTA sources
21232257,PULS,catalog-matched GOTTA sources
21232325,ECL,catalog-matched GOTTA sources
21232516,PULS,catalog-matched GOTTA sources
21232672,PULS,catalog-matched GOTTA sources
21233087,PULS,catalog-matched GOTTA sources
21233124,PULS,catalog-matched GOTTA sources
21233648,PULS,catalog-matched GOTTA sources
21233732,PULS,catalog-matched GOTTA sources
21233825,PULS,catalog-matched GOTTA sources
21235833,ECL,catalog-matched GOTTA sources
21256951,ECL,catalog-matched GOTTA sources
21257384,ECL,catalog-matched GOTTA sources
21257439,ECL,catalog-matched GOTTA sources
21331636,PULS,catalog-matched GOTTA sources
21422113,ECL,catalog-matched GOTTA sources
21422125,ECL,catalog-matched GOTTA sources
21422211,PULS,catalog-matched GOTTA sources
21422546,PULS,catalog-matched GOTTA sources
21423044,ECL,catalog-matched GOTTA sources
21524260,ROT,catalog-matched GOTTA sources
21525577,ECL,catalog-matched GOTTA sources
21526418,ECL,catalog-matched GOTTA sources
21527184,ECL,catalog-matched GOTTA sources
21527211,PULS,catalog-matched GOTTA sources
21530338,ECL,catalog-matched GOTTA sources
21530397,ECL,catalog-matched GOTTA sources
21530762,PULS,catalog-matched GOTTA sources
21530868,ROT,catalog-matched GOTTA sources
21530908,PULS,catalog-matched GOTTA sources
21531054,ECL,catalog-matched GOTTA sources
21531110,ROT,catalog-matched GOTTA sources
21531331,ROT,catalog-matched GOTTA sources
21531421,ROT,catalog-matched GOTTA sources
21531447,PULS,catalog-matched GOTTA sources
21531649,ECL,catalog-matched GOTTA sources
21531680,ROT,catalog-matched GOTTA sources
21531988,ROT,catalog-matched GOTTA sources
21532142,ECL,catalog-matched GOTTA sources
21532216,ECL,catalog-matched GOTTA sources
21533102,ECL,catalog-matched GOTTA sources
21533311,ECL,catalog-matched GOTTA sources
21533661,ECL,catalog-matched GOTTA sources
21534447,ROT,catalog-matched GOTTA sources
21598075,PULS,catalog-matched GOTTA sources
21598085,ROT,catalog-matched GOTTA sources
21598336,PULS,catalog-matched GOTTA sources
21599311,PULS,catalog-matched GOTTA sources
21599615,ROT,catalog-matched GOTTA sources
21600329,PULS,catalog-matched GOTTA sources
21600913,ECL,catalog-matched GOTTA sources
21601027,ROT,catalog-matched GOTTA sources
21601463,ECL,catalog-matched GOTTA sources
21602369,ECL,catalog-matched GOTTA sources
21602902,ECL,catalog-matched GOTTA sources
21736850,ROT,catalog-matched GOTTA sources
21737728,ROT,catalog-matched GOTTA sources
21738137,PULS,catalog-matched GOTTA sources
21738361,ECL,catalog-matched GOTTA sources
21738821,ROT,catalog-matched GOTTA sources
21741260,ROT,catalog-matched GOTTA sources
21741472,ROT,catalog-matched GOTTA sources
21741826,ROT,catalog-matched GOTTA sources
21741842,ROT,catalog-matched GOTTA sources
21741912,PULS,catalog-matched GOTTA sources
21742022,ROT,catalog-matched GOTTA sources
21742048,PULS,catalog-matched GOTTA sources
21771327,ECL,catalog-matched GOTTA sources
21771635,ECL,catalog-matched GOTTA sources
21849999,PULS,catalog-matched GOTTA sources
21851139,ROT,catalog-matched GOTTA sources
21854183,ECL,catalog-matched GOTTA sources
21857747,ECL,catalog-matched GOTTA sources
21857836,ECL,catalog-matched GOTTA sources
21859112,ECL,catalog-matched GOTTA sources
21860728,PULS,catalog-matched GOTTA sources
21865677,PULS,catalog-matched GOTTA sources
21889893,ROT,catalog-matched GOTTA sources
21891265,PULS,catalog-matched GOTTA sources
21891524,PULS,catalog-matched GOTTA sources
21891765,PULS,catalog-matched GOTTA sources
22019656,ECL,catalog-matched GOTTA sources
22024390,ECL,catalog-matched GOTTA sources
22024537,ECL,catalog-matched GOTTA sources
22025457,ECL,catalog-matched GOTTA sources
22026557,ECL,catalog-matched GOTTA sources
22027571,ECL,catalog-matched GOTTA sources
22029517,ECL,catalog-matched GOTTA sources
22029998,PULS,catalog-matched GOTTA sources
22032757,ECL,catalog-matched GOTTA sources
22039675,PULS,catalog-matched GOTTA sources
22040350,PULS,catalog-matched GOTTA sources
22306244,PULS,catalog-matched GOTTA sources
22306767,PULS,catalog-matched GOTTA sources
22307491,ROT,catalog-matched GOTTA sources
22307772,ROT,catalog-matched GOTTA sources
22307887,ROT,catalog-matched GOTTA sources
22308016,ECL,catalog-matched GOTTA sources
22308111,ROT,catalog-matched GOTTA sources
22308607,PULS,catalog-matched GOTTA sources
22309322,ROT,catalog-matched GOTTA sources
22309375,PULS,catalog-matched GOTTA sources
22436387,ECL,catalog-matched GOTTA sources
22436608,ECL,catalog-matched GOTTA sources
22439883,ROT,catalog-matched GOTTA sources
22440147,ECL,catalog-matched GOTTA sources
22440296,ECL,catalog-matched GOTTA sources
22551837,ROT,catalog-matched GOTTA sources
22552904,PULS,catalog-matched GOTTA sources
22570897,ECL,catalog-matched GOTTA sources
22575351,ROT,catalog-matched GOTTA sources
22578074,ECL,catalog-matched GOTTA sources
22579185,ROT,catalog-matched GOTTA sources
22579387,PULS,catalog-matched GOTTA sources
22580083,ROT,catalog-matched GOTTA sources
22580223,ROT,catalog-matched GOTTA sources
22580935,ROT,catalog-matched GOTTA sources
22581958,ROT,catalog-matched GOTTA sources
22596528,ROT,catalog-matched GOTTA sources
22660943,ECL,catalog-matched GOTTA sources
22671545,ECL,catalog-matched GOTTA sources
22672045,ECL,catalog-matched GOTTA sources
22672109,PULS,catalog-matched GOTTA sources
22672659,PULS,catalog-matched GOTTA sources
22674765,ROT,catalog-matched GOTTA sources
22722003,ECL,catalog-matched GOTTA sources
22840115,PULS,catalog-matched GOTTA sources
22840773,PULS,catalog-matched GOTTA sources
22841055,ROT,catalog-matched GOTTA sources
22845416,ECL,catalog-matched GOTTA sources
22845889,PULS,catalog-matched GOTTA sources
22846288,ECL,catalog-matched GOTTA sources
22846405,PULS,catalog-matched GOTTA sources
22846563,ROT,catalog-matched GOTTA sources
22846571,ECL,catalog-matched GOTTA sources
22846993,PULS,catalog-matched GOTTA sources
22847634,ECL,catalog-matched GOTTA sources
22848397,PULS,catalog-matched GOTTA sources
22896811,ROT,catalog-matched GOTTA sources
22897498,PULS,catalog-matched GOTTA sources
22897715,ECL,catalog-matched GOTTA sources
22897818,ROT,catalog-matched GOTTA sources
22898174,ECL,catalog-matched GOTTA sources
22898360,PULS,catalog-matched GOTTA sources
22898649,ECL,catalog-matched GOTTA sources
22898690,PULS,catalog-matched GOTTA sources
23048145,PULS,catalog-matched GOTTA sources
23048157,PULS,catalog-matched GOTTA sources
23048297,PULS,catalog-matched GOTTA sources
23048548,PULS,catalog-matched GOTTA sources
23049620,PULS,catalog-matched GOTTA sources
23050744,ECL,catalog-matched GOTTA sources
23094948,PULS,catalog-matched GOTTA sources
23095157,PULS,catalog-matched GOTTA sources
23095577,ROT,catalog-matched GOTTA sources
23095666,PULS,catalog-matched GOTTA sources
23096286,ECL,catalog-matched GOTTA sources
23096737,PULS,catalog-matched GOTTA sources
23096766,ECL,catalog-matched GOTTA sources
23096785,ECL,catalog-matched GOTTA sources
23098777,ECL,catalog-matched GOTTA sources
23101244,ECL,catalog-matched GOTTA sources
23101515,PULS,catalog-matched GOTTA sources
23101770,PULS,catalog-matched GOTTA sources
23106029,PULS,catalog-matched GOTTA sources
23229152,PULS,catalog-matched GOTTA sources
23229632,PULS,catalog-matched GOTTA sources
23231605,PULS,catalog-matched GOTTA sources
23366587,ROT,catalog-matched GOTTA sources
23369295,ECL,catalog-matched GOTTA sources
23369964,ECL,catalog-matched GOTTA sources
23370146,ROT,catalog-matched GOTTA sources
23518998,ECL,catalog-matched GOTTA sources
23519994,ROT,catalog-matched GOTTA sources
23520652,ECL,catalog-matched GOTTA sources
23520861,ROT,catalog-matched GOTTA sources
23520974,ROT,catalog-matched GOTTA sources
23521293,ROT,catalog-matched GOTTA sources
23521330,ROT,catalog-matched GOTTA sources
23522303,ECL,catalog-matched GOTTA sources
23522309,ECL,catalog-matched GOTTA sources
23523004,ECL,catalog-matched GOTTA sources
23523446,ECL,catalog-matched GOTTA sources
23523912,ECL,catalog-matched GOTTA sources
23524150,ROT,catalog-matched GOTTA sources
23524401,ECL,catalog-matched GOTTA sources
23524514,ROT,catalog-matched GOTTA sources
23524698,ROT,catalog-matched GOTTA sources
23524902,PULS,catalog-matched GOTTA sources
23527368,ROT,catalog-matched GOTTA sources
23670575,ECL,catalog-matched GOTTA sources
23751164,ECL,catalog-matched GOTTA sources
23753830,ECL,catalog-matched GOTTA sources
23762010,ROT,catalog-matched GOTTA sources
23762161,ECL,catalog-matched GOTTA sources
23762447,ROT,catalog-matched GOTTA sources
23976863,PULS,catalog-matched GOTTA sources
23977083,PULS,catalog-matched GOTTA sources
23979154,PULS,catalog-matched GOTTA sources
24041704,ROT,catalog-matched GOTTA sources
24046847,ROT,catalog-matched GOTTA sources
24058064,PULS,catalog-matched GOTTA sources
24082089,PULS,catalog-matched GOTTA sources
24136790,ECL,catalog-matched GOTTA sources
24137404,ROT,catalog-matched GOTTA sources
24137426,ECL,catalog-matched GOTTA sources
24138124,ROT,catalog-matched GOTTA sources
24138253,PULS,catalog-matched GOTTA sources
24139220,ROT,catalog-matched GOTTA sources
24139579,ROT,catalog-matched GOTTA sources
24139669,PULS,catalog-matched GOTTA sources
24140494,ROT,catalog-matched GOTTA sources
24140948,PULS,catalog-matched GOTTA sources
24140951,PULS,catalog-matched GOTTA sources
24140979,ECL,catalog-matched GOTTA sources
24158549,PULS,catalog-matched GOTTA sources
24161912,ECL,catalog-matched GOTTA sources
24174358,ROT,catalog-matched GOTTA sources
24180436,ECL,catalog-matched GOTTA sources
24247507,PULS,catalog-matched GOTTA sources
24309152,PULS,catalog-matched GOTTA sources
24309208,PULS,catalog-matched GOTTA sources
24309822,PULS,catalog-matched GOTTA sources
24309838,ROT,catalog-matched GOTTA sources
24309921,ROT,catalog-matched GOTTA sources
24310021,PULS,catalog-matched GOTTA sources
24310162,ROT,catalog-matched GOTTA sources
24310879,ROT,catalog-matched GOTTA sources
24473874,ROT,catalog-matched GOTTA sources
24484885,PULS,catalog-matched GOTTA sources
24531523,PULS,catalog-matched GOTTA sources
24533094,PULS,catalog-matched GOTTA sources
24533647,ECL,catalog-matched GOTTA sources
24533652,ROT,catalog-matched GOTTA sources
24534898,PULS,catalog-matched GOTTA sources
24535838,ECL,catalog-matched GOTTA sources
24576891,ECL,catalog-matched GOTTA sources
24577185,ECL,catalog-matched GOTTA sources
24577245,PULS,catalog-matched GOTTA sources
24577672,ECL,catalog-matched GOTTA sources
24577873,ECL,catalog-matched GOTTA sources
24577924,ECL,catalog-matched GOTTA sources
24578447,ECL,catalog-matched GOTTA sources
24578578,ROT,catalog-matched GOTTA sources
24578996,ECL,catalog-matched GOTTA sources
24579557,ECL,catalog-matched GOTTA sources
24579599,ECL,catalog-matched GOTTA sources
24690074,PULS,catalog-matched GOTTA sources
24690299,ECL,catalog-matched GOTTA sources
24690444,ROT,catalog-matched GOTTA sources
24690993,ECL,catalog-matched GOTTA sources
24691204,ROT,catalog-matched GOTTA sources
24691343,ECL,catalog-matched GOTTA sources
24691515,ECL,catalog-matched GOTTA sources
24692152,PULS,catalog-matched GOTTA sources
24693091,ROT,catalog-matched GOTTA sources
24693649,ECL,catalog-matched GOTTA sources
24694443,ROT,catalog-matched GOTTA sources
24694507,ECL,catalog-matched GOTTA sources
24694749,ECL,catalog-matched GOTTA sources
24824452,ECL,catalog-matched GOTTA sources
24824822,ECL,catalog-matched GOTTA sources
24827705,ECL,catalog-matched GOTTA sources
24827721,ECL,catalog-matched GOTTA sources
24827924,ECL,catalog-matched GOTTA sources
24873115,ECL,catalog-matched GOTTA sources
24921828,PULS,catalog-matched GOTTA sources
25058137,ECL,catalog-matched GOTTA sources
25058560,ROT,catalog-matched GOTTA sources
25059709,ROT,catalog-matched GOTTA sources
25061780,ECL,catalog-matched GOTTA sources
25061860,PULS,catalog-matched GOTTA sources
25061940,ROT,catalog-matched GOTTA sources
25062344,PULS,catalog-matched GOTTA sources
25064865,ECL,catalog-matched GOTTA sources
25078708,ECL,catalog-matched GOTTA sources
25080673,ROT,catalog-matched GOTTA sources
25171079,ECL,catalog-matched GOTTA sources
25171382,ROT,catalog-matched GOTTA sources
25172198,ROT,catalog-matched GOTTA sources
25172366,PULS,catalog-matched GOTTA sources
25173063,PULS,catalog-matched GOTTA sources
25173145,ECL,catalog-matched GOTTA sources
25173249,ROT,catalog-matched GOTTA sources
25240411,ECL,catalog-matched GOTTA sources
25295434,PULS,catalog-matched GOTTA sources
25297554,ECL,catalog-matched GOTTA sources
25297906,PULS,catalog-matched GOTTA sources
25298060,ECL,catalog-matched GOTTA sources
25299705,ROT,catalog-matched GOTTA sources
25299815,ROT,catalog-matched GOTTA sources
25300306,ECL,catalog-matched GOTTA sources
25301316,ECL,catalog-matched GOTTA sources
25301803,ROT,catalog-matched GOTTA sources
25305800,ROT,catalog-matched GOTTA sources
25313442,ECL,catalog-matched GOTTA sources
25341342,PULS,catalog-matched GOTTA sources
25361240,ROT,catalog-matched GOTTA sources
25362557,PULS,catalog-matched GOTTA sources
25365677,PULS,catalog-matched GOTTA sources
25365681,ECL,catalog-matched GOTTA sources
25374643,PULS,catalog-matched GOTTA sources
25463181,PULS,catalog-matched GOTTA sources
25463342,PULS,catalog-matched GOTTA sources
25463366,ECL,catalog-matched GOTTA sources
25464244,ECL,catalog-matched GOTTA sources
25464551,PULS,catalog-matched GOTTA sources
25464972,PULS,catalog-matched GOTTA sources
25465061,ECL,catalog-matched GOTTA sources
25465107,ECL,catalog-matched GOTTA sources
25465609,ECL,catalog-matched GOTTA sources
25520307,ROT,catalog-matched GOTTA sources
25561249,PULS,catalog-matched GOTTA sources
25586150,PULS,catalog-matched GOTTA sources
25586204,ECL,catalog-matched GOTTA sources
25586524,ROT,catalog-matched GOTTA sources
25587375,PULS,catalog-matched GOTTA sources
25587478,ROT,catalog-matched GOTTA sources
25587645,ECL,catalog-matched GOTTA sources
25588590,ROT,catalog-matched GOTTA sources
25588598,ECL,catalog-matched GOTTA sources
25588685,PULS,catalog-matched GOTTA sources
25637549,PULS,catalog-matched GOTTA sources
25706787,ECL,catalog-matched GOTTA sources
25785978,ROT,catalog-matched GOTTA sources
25791999,ECL,catalog-matched GOTTA sources
25792990,ECL,catalog-matched GOTTA sources
25793632,PULS,catalog-matched GOTTA sources
25793714,PULS,catalog-matched GOTTA sources
25893413,ECL,catalog-matched GOTTA sources
25894370,ROT,catalog-matched GOTTA sources
25895471,ECL,catalog-matched GOTTA sources
26063881,ECL,catalog-matched GOTTA sources
26064248,ECL,catalog-matched GOTTA sources
26064413,ECL,catalog-matched GOTTA sources
26065668,ECL,catalog-matched GOTTA sources
26066871,ECL,catalog-matched GOTTA sources
26067932,ROT,catalog-matched GOTTA sources
26068044,ECL,catalog-matched GOTTA sources
26068718,ECL,catalog-matched GOTTA sources
26069460,ECL,catalog-matched GOTTA sources
26121623,PULS,catalog-matched GOTTA sources
26121898,PULS,catalog-matched GOTTA sources
26122981,ECL,catalog-matched GOTTA sources
26123040,ECL,catalog-matched GOTTA sources
26123221,ECL,catalog-matched GOTTA sources
26123307,ECL,catalog-matched GOTTA sources
26132406,PULS,catalog-matched GOTTA sources
26132567,PULS,catalog-matched GOTTA sources
26132906,PULS,catalog-matched GOTTA sources
26133011,ECL,catalog-matched GOTTA sources
26133022,ROT,catalog-matched GOTTA sources
26133386,ECL,catalog-matched GOTTA sources
26133520,ROT,catalog-matched GOTTA sources
26134605,ECL,catalog-matched GOTTA sources
26134626,ECL,catalog-matched GOTTA sources
26134629,ROT,catalog-matched GOTTA sources
26134637,PULS,catalog-matched GOTTA sources
26142525,PULS,catalog-matched GOTTA sources
26144019,ECL,catalog-matched GOTTA sources
26144601,ROT,catalog-matched GOTTA sources
26144643,ROT,catalog-matched GOTTA sources
26145781,ROT,catalog-matched GOTTA sources
26146708,PULS,catalog-matched GOTTA sources
26286907,ROT,catalog-matched GOTTA sources
26291334,PULS,catalog-matched GOTTA sources
26291452,PULS,catalog-matched GOTTA sources
26292653,PULS,catalog-matched GOTTA sources
26294888,ROT,catalog-matched GOTTA sources
26369497,ECL,catalog-matched GOTTA sources
26369924,ECL,catalog-matched GOTTA sources
26370134,ROT,catalog-matched GOTTA sources
26370884,PULS,catalog-matched GOTTA sources
26371728,ECL,catalog-matched GOTTA sources
26373361,PULS,catalog-matched GOTTA sources
26373616,ECL,catalog-matched GOTTA sources
26374646,ROT,catalog-matched GOTTA sources
26388559,PULS,catalog-matched GOTTA sources
26390057,ROT,catalog-matched GOTTA sources
26390208,PULS,catalog-matched GOTTA sources
26473626,ROT,catalog-matched GOTTA sources
26657061,PULS,catalog-matched GOTTA sources
26657673,ROT,catalog-matched GOTTA sources
26657829,PULS,catalog-matched GOTTA sources
26658269,PULS,catalog-matched GOTTA sources
26658961,ROT,catalog-matched GOTTA sources
26660109,PULS,catalog-matched GOTTA sources
26660191,PULS,catalog-matched GOTTA sources
26661195,PULS,catalog-matched GOTTA sources
26661714,ROT,catalog-matched GOTTA sources
26663375,ECL,catalog-matched GOTTA sources
26664672,ECL,catalog-matched GOTTA sources
26692563,PULS,catalog-matched GOTTA sources
26692722,ECL,catalog-matched GOTTA sources
26693205,PULS,catalog-matched GOTTA sources
26797474,ECL,catalog-matched GOTTA sources
26798666,ROT,catalog-matched GOTTA sources
26799867,ECL,catalog-matched GOTTA sources
26800126,ROT,catalog-matched GOTTA sources
26800705,ECL,catalog-matched GOTTA sources
26801868,ECL,catalog-matched GOTTA sources
26801970,ECL,catalog-matched GOTTA sources
26802072,ECL,catalog-matched GOTTA sources
26802831,ROT,catalog-matched GOTTA sources
26803187,ECL,catalog-matched GOTTA sources
26803237,PULS,catalog-matched GOTTA sources
26803639,PULS,catalog-matched GOTTA sources
26803671,ECL,catalog-matched GOTTA sources
26804212,ECL,catalog-matched GOTTA sources
26804238,PULS,catalog-matched GOTTA sources
26809701,PULS,catalog-matched GOTTA sources
26820043,ROT,catalog-matched GOTTA sources
26915868,ROT,catalog-matched GOTTA sources
26916686,ECL,catalog-matched GOTTA sources
26917114,PULS,catalog-matched GOTTA sources
26917129,ECL,catalog-matched GOTTA sources
26917131,ROT,catalog-matched GOTTA sources
26918330,ROT,catalog-matched GOTTA sources
26919066,ROT,catalog-matched GOTTA sources
26974283,ROT,catalog-matched GOTTA sources
27035707,ECL,catalog-matched GOTTA sources
27036090,ROT,catalog-matched GOTTA sources
27037023,ECL,catalog-matched GOTTA sources
27037332,ECL,catalog-matched GOTTA sources
27037925,PULS,catalog-matched GOTTA sources
27038435,PULS,catalog-matched GOTTA sources
27142600,PULS,catalog-matched GOTTA sources
27142668,PULS,catalog-matched GOTTA sources
27143353,PULS,catalog-matched GOTTA sources
27143513,ROT,catalog-matched GOTTA sources
27143768,PULS,catalog-matched GOTTA sources
27143939,PULS,catalog-matched GOTTA sources
27144345,PULS,catalog-matched GOTTA sources
27144593,PULS,catalog-matched GOTTA sources
27146301,PULS,catalog-matched GOTTA sources
27147130,ECL,catalog-matched GOTTA sources
27311608,PULS,catalog-matched GOTTA sources
27311686,ECL,catalog-matched GOTTA sources
27326490,ROT,catalog-matched GOTTA sources
27352796,ROT,catalog-matched GOTTA sources
27568556,ECL,catalog-matched GOTTA sources
27569812,PULS,catalog-matched GOTTA sources
27570608,PULS,catalog-matched GOTTA sources
27571837,ECL,catalog-matched GOTTA sources
27571875,PULS,catalog-matched GOTTA sources
27572843,PULS,catalog-matched GOTTA sources
27690280,ECL,catalog-matched GOTTA sources
27793881,PULS,catalog-matched GOTTA sources
27794077,ECL,catalog-matched GOTTA sources
27794525,ECL,catalog-matched GOTTA sources
27794663,ECL,catalog-matched GOTTA sources
27922514,ECL,catalog-matched GOTTA sources
27923695,ECL,catalog-matched GOTTA sources
27923697,ECL,catalog-matched GOTTA sources
28035431,ROT,catalog-matched GOTTA sources
28036632,ROT,catalog-matched GOTTA sources
28036727,PULS,catalog-matched GOTTA sources
28038109,ROT,catalog-matched GOTTA sources
28038117,PULS,catalog-matched GOTTA sources
28039132,PULS,catalog-matched GOTTA sources
28264500,ROT,catalog-matched GOTTA sources
28264688,ROT,catalog-matched GOTTA sources
28265471,ROT,catalog-matched GOTTA sources
28308557,ECL,catalog-matched GOTTA sources
28308661,PULS,catalog-matched GOTTA sources
28308693,PULS,catalog-matched GOTTA sources
28308855,ROT,catalog-matched GOTTA sources
28309118,PULS,catalog-matched GOTTA sources
28309364,ROT,catalog-matched GOTTA sources
28332660,ECL,catalog-matched GOTTA sources
28333172,PULS,catalog-matched GOTTA sources
28334044,ROT,catalog-matched GOTTA sources
28334166,ROT,catalog-matched GOTTA sources
28334662,ECL,catalog-matched GOTTA sources
28334764,PULS,catalog-matched GOTTA sources
28664308,ROT,catalog-matched GOTTA sources
28684532,PULS,catalog-matched GOTTA sources
28684551,PULS,catalog-matched GOTTA sources
28684789,ECL,catalog-matched GOTTA sources
28685822,ECL,catalog-matched GOTTA sources
28685888,ECL,catalog-matched GOTTA sources
28686089,ECL,catalog-matched GOTTA sources
28686558,PULS,catalog-matched GOTTA sources
28686585,PULS,catalog-matched GOTTA sources
28687133,ROT,catalog-matched GOTTA sources
28687329,PULS,catalog-matched GOTTA sources
28706672,PULS,catalog-matched GOTTA sources
28706711,ROT,catalog-matched GOTTA sources
28707431,PULS,catalog-matched GOTTA sources
28708056,PULS,catalog-matched GOTTA sources
28708430,ROT,catalog-matched GOTTA sources
28708465,PULS,catalog-matched GOTTA sources
28708716,PULS,catalog-matched GOTTA sources
28708916,PULS,catalog-matched GOTTA sources
28710216,PULS,catalog-matched GOTTA sources
28711497,ROT,catalog-matched GOTTA sources
28711657,PULS,catalog-matched GOTTA sources
28712288,ECL,catalog-matched GOTTA sources
28752224,ROT,catalog-matched GOTTA sources
28753266,ECL,catalog-matched GOTTA sources
28763671,ECL,catalog-matched GOTTA sources
28763727,ECL,catalog-matched GOTTA sources
28763873,ECL,catalog-matched GOTTA sources
28765447,ECL,catalog-matched GOTTA sources
28765678,ECL,catalog-matched GOTTA sources
28766310,ECL,catalog-matched GOTTA sources
28766428,PULS,catalog-matched GOTTA sources
28766478,PULS,catalog-matched GOTTA sources
28816210,ROT,catalog-matched GOTTA sources
28817718,ECL,catalog-matched GOTTA sources
28902582,PULS,catalog-matched GOTTA sources
28903167,ECL,catalog-matched GOTTA sources
28903832,PULS,catalog-matched GOTTA sources
28904168,ECL,catalog-matched GOTTA sources
28904467,ECL,catalog-matched GOTTA sources
28905263,ECL,catalog-matched GOTTA sources
28905333,ROT,catalog-matched GOTTA sources
28906137,ECL,catalog-matched GOTTA sources
28921949,ROT,catalog-matched GOTTA sources
28922290,ECL,catalog-matched GOTTA sources
29095077,PULS,catalog-matched GOTTA sources
29109245,ECL,catalog-matched GOTTA sources
29111193,ECL,catalog-matched GOTTA sources
29115645,PULS,catalog-matched GOTTA sources
29116765,ROT,catalog-matched GOTTA sources
29120233,ROT,catalog-matched GOTTA sources
29120286,ROT,catalog-matched GOTTA sources
29120461,ROT,catalog-matched GOTTA sources
29120503,ROT,catalog-matched GOTTA sources
29120736,PULS,catalog-matched GOTTA sources
29120854,ROT,catalog-matched GOTTA sources
29122492,ROT,catalog-matched GOTTA sources
29122503,ROT,catalog-matched GOTTA sources
29123121,ECL,catalog-matched GOTTA sources
29123437,ROT,catalog-matched GOTTA sources
29123719,ROT,catalog-matched GOTTA sources
29124055,PULS,catalog-matched GOTTA sources
29124128,ROT,catalog-matched GOTTA sources
29124667,ROT,catalog-matched GOTTA sources
29125200,ROT,catalog-matched GOTTA sources
29186647,ECL,catalog-matched GOTTA sources
29186694,ECL,catalog-matched GOTTA sources
29188245,ROT,catalog-matched GOTTA sources
29188309,PULS,catalog-matched GOTTA sources
29188330,ROT,catalog-matched GOTTA sources
29188415,PULS,catalog-matched GOTTA sources
29188468,ROT,catalog-matched GOTTA sources
29188595,PULS,catalog-matched GOTTA sources
29188608,ROT,catalog-matched GOTTA sources
29188720,ROT,catalog-matched GOTTA sources
29188874,ROT,catalog-matched GOTTA sources
29189060,PULS,catalog-matched GOTTA sources
29189081,PULS,catalog-matched GOTTA sources
29189133,ROT,catalog-matched GOTTA sources
29240740,ROT,catalog-matched GOTTA sources
29240998,PULS,catalog-matched GOTTA sources
29243682,ECL,catalog-matched GOTTA sources
29244562,PULS,catalog-matched GOTTA sources
29244733,ROT,catalog-matched GOTTA sources
29245444,ECL,catalog-matched GOTTA sources
29255984,PULS,catalog-matched GOTTA sources
29272289,PULS,catalog-matched GOTTA sources
29320586,ECL,catalog-matched GOTTA sources
29333111,PULS,catalog-matched GOTTA sources
29401089,ROT,catalog-matched GOTTA sources
29418604,ROT,catalog-matched GOTTA sources
29466786,ECL,catalog-matched GOTTA sources
29468390,PULS,catalog-matched GOTTA sources
29470734,ROT,catalog-matched GOTTA sources
29471286,ECL,catalog-matched GOTTA sources
29492502,PULS,catalog-matched GOTTA sources
29526107,ECL,catalog-matched GOTTA sources
29529311,ROT,catalog-matched GOTTA sources
29561134,ECL,catalog-matched GOTTA sources
29581880,ROT,catalog-matched GOTTA sources
29585697,ECL,catalog-matched GOTTA sources
29585955,PULS,catalog-matched GOTTA sources
29586228,PULS,catalog-matched GOTTA sources
29587302,ROT,catalog-matched GOTTA sources
29587989,PULS,catalog-matched GOTTA sources
29588053,PULS,catalog-matched GOTTA sources
29588091,PULS,catalog-matched GOTTA sources
29588414,ROT,catalog-matched GOTTA sources
29593421,PULS,catalog-matched GOTTA sources
29600415,ECL,catalog-matched GOTTA sources
29600773,ECL,catalog-matched GOTTA sources
29602508,PULS,catalog-matched GOTTA sources
30985418,ECL,catalog-matched GOTTA sources
31013677,ECL,catalog-matched GOTTA sources
31050780,ROT,catalog-matched GOTTA sources
31074379,PULS,catalog-matched GOTTA sources
31074586,ROT,catalog-matched GOTTA sources
31074838,PULS,catalog-matched GOTTA sources
31075466,ROT,catalog-matched GOTTA sources
31075571,ECL,catalog-matched GOTTA sources
31075998,ECL,catalog-matched GOTTA sources
31076565,PULS,catalog-matched GOTTA sources
31076717,ECL,catalog-matched GOTTA sources
31076757,ECL,catalog-matched GOTTA sources
31077308,PULS,catalog-matched GOTTA sources
31077316,ROT,catalog-matched GOTTA sources
31077447,ROT,catalog-matched GOTTA sources
31079188,PULS,catalog-matched GOTTA sources
31132626,PULS,catalog-matched GOTTA sources
31132730,ROT,catalog-matched GOTTA sources
31135162,PULS,catalog-matched GOTTA sources
31135319,ROT,catalog-matched GOTTA sources
31135453,PULS,catalog-matched GOTTA sources
31137219,PULS,catalog-matched GOTTA sources
31143822,ROT,catalog-matched GOTTA sources
31238844,ROT,catalog-matched GOTTA sources
31263985,ECL,catalog-matched GOTTA sources
31264095,ECL,catalog-matched GOTTA sources
31269082,PULS,catalog-matched GOTTA sources
31269173,ECL,catalog-matched GOTTA sources
31269743,PULS,catalog-matched GOTTA sources
31275163,PULS,catalog-matched GOTTA sources
31275601,ECL,catalog-matched GOTTA sources
31275987,ECL,catalog-matched GOTTA sources
31276019,PULS,catalog-matched GOTTA sources
31276873,ECL,catalog-matched GOTTA sources
31276935,ECL,catalog-matched GOTTA sources
31278093,ROT,catalog-matched GOTTA sources
31278666,PULS,catalog-matched GOTTA sources
31279311,ROT,catalog-matched GOTTA sources
31279583,ECL,catalog-matched GOTTA sources
31279961,ECL,catalog-matched GOTTA sources
31281030,PULS,catalog-matched GOTTA sources
31323486,ECL,catalog-matched GOTTA sources
31323572,ECL,catalog-matched GOTTA sources
31324071,PULS,catalog-matched GOTTA sources
31419272,PULS,catalog-matched GOTTA sources
31421863,ECL,catalog-matched GOTTA sources
31427907,ECL,catalog-matched GOTTA sources
31427924,ECL,catalog-matched GOTTA sources
31429192,ROT,catalog-matched GOTTA sources
31429308,ECL,catalog-matched GOTTA sources
31430137,ROT,catalog-matched GOTTA sources
31430792,PULS,catalog-matched GOTTA sources
31430811,PULS,catalog-matched GOTTA sources
31431417,ECL,catalog-matched GOTTA sources
31431523,PULS,catalog-matched GOTTA sources
31432450,ECL,catalog-matched GOTTA sources
31495559,ROT,catalog-matched GOTTA sources
31495826,ECL,catalog-matched GOTTA sources
31495934,ECL,catalog-matched GOTTA sources
31496765,ROT,catalog-matched GOTTA sources
31497590,ECL,catalog-matched GOTTA sources
31498095,ECL,catalog-matched GOTTA sources
31498178,ECL,catalog-matched GOTTA sources
31498196,ECL,catalog-matched GOTTA sources
31498437,ECL,catalog-matched GOTTA sources
31498598,ROT,catalog-matched GOTTA sources
31499096,ECL,catalog-matched GOTTA sources
31499229,ROT,catalog-matched GOTTA sources
31527894,ECL,catalog-matched GOTTA sources
31528384,ECL,catalog-matched GOTTA sources
31528620,ROT,catalog-matched GOTTA sources
31528690,PULS,catalog-matched GOTTA sources
31529140,PULS,catalog-matched GOTTA sources
31529882,PULS,catalog-matched GOTTA sources
31529982,ROT,catalog-matched GOTTA sources
31530586,ECL,catalog-matched GOTTA sources
31594996,ECL,catalog-matched GOTTA sources
31596421,ECL,catalog-matched GOTTA sources
31596540,ROT,catalog-matched GOTTA sources
31596857,ROT,catalog-matched GOTTA sources
31597049,ECL,catalog-matched GOTTA sources
31597426,ECL,catalog-matched GOTTA sources
31688082,PULS,catalog-matched GOTTA sources
31733188,PULS,catalog-matched GOTTA sources
32006044,PULS,catalog-matched GOTTA sources
32006362,PULS,catalog-matched GOTTA sources
32006741,ROT,catalog-matched GOTTA sources
32006784,ECL,catalog-matched GOTTA sources
32007198,PULS,catalog-matched GOTTA sources
32008016,ROT,catalog-matched GOTTA sources
32052215,PULS,catalog-matched GOTTA sources
32052316,ECL,catalog-matched GOTTA sources
32052452,ECL,catalog-matched GOTTA sources
32070347,PULS,catalog-matched GOTTA sources
32070806,ROT,catalog-matched GOTTA sources
32071598,ECL,catalog-matched GOTTA sources
32071733,ROT,catalog-matched GOTTA sources
32072018,PULS,catalog-matched GOTTA sources
32096345,PULS,catalog-matched GOTTA sources
32206694,ROT,catalog-matched GOTTA sources
32268791,ROT,catalog-matched GOTTA sources
32537516,PULS,catalog-matched GOTTA sources
32537544,ROT,catalog-matched GOTTA sources
32538441,ECL,catalog-matched GOTTA sources
32538552,PULS,catalog-matched GOTTA sources
32538930,ROT,catalog-matched GOTTA sources
32539259,ECL,catalog-matched GOTTA sources
32539513,ECL,catalog-matched GOTTA sources
32539598,ROT,catalog-matched GOTTA sources
32540202,PULS,catalog-matched GOTTA sources
32540408,ROT,catalog-matched GOTTA sources
32543509,PULS,catalog-matched GOTTA sources
32639569,ECL,catalog-matched GOTTA sources
32919219,ECL,catalog-matched GOTTA sources
32919972,ROT,catalog-matched GOTTA sources
32978541,ECL,catalog-matched GOTTA sources
32978787,ECL,catalog-matched GOTTA sources
32979566,PULS,catalog-matched GOTTA sources
32979723,ECL,catalog-matched GOTTA sources
32979791,ROT,catalog-matched GOTTA sources
32979939,ECL,catalog-matched GOTTA sources
32980056,ECL,catalog-matched GOTTA sources
32980375,ECL,catalog-matched GOTTA sources
32980404,PULS,catalog-matched GOTTA sources
32981849,PULS,catalog-matched GOTTA sources
33055478,ROT,catalog-matched GOTTA sources
33292680,ECL,catalog-matched GOTTA sources
33293309,ECL,catalog-matched GOTTA sources
33293395,ECL,catalog-matched GOTTA sources
33293424,ECL,catalog-matched GOTTA sources
33293623,ROT,catalog-matched GOTTA sources
33295073,ECL,catalog-matched GOTTA sources
33295106,ECL,catalog-matched GOTTA sources
33544828,ECL,catalog-matched GOTTA sources
33545044,ROT,catalog-matched GOTTA sources
33547683,ECL,catalog-matched GOTTA sources
33552533,ROT,catalog-matched GOTTA sources
33552796,ECL,catalog-matched GOTTA sources
33553864,PULS,catalog-matched GOTTA sources
33555050,ECL,catalog-matched GOTTA sources
33602149,ECL,catalog-matched GOTTA sources
33728037,PULS,catalog-matched GOTTA sources
33804233,ROT,catalog-matched GOTTA sources
33889547,ECL,catalog-matched GOTTA sources
34288053,ROT,catalog-matched GOTTA sources
34288224,ROT,catalog-matched GOTTA sources
34288445,ROT,catalog-matched GOTTA sources
34288636,ROT,catalog-matched GOTTA sources
34288999,ROT,catalog-matched GOTTA sources
34289874,ECL,catalog-matched GOTTA sources
34290093,ROT,catalog-matched GOTTA sources
34460627,ECL,catalog-matched GOTTA sources
34460680,ECL,catalog-matched GOTTA sources
34462510,PULS,catalog-matched GOTTA sources
34718778,ECL,catalog-matched GOTTA sources
34719717,PULS,catalog-matched GOTTA sources
34721210,ECL,catalog-matched GOTTA sources
34721768,PULS,catalog-matched GOTTA sources
34722895,PULS,catalog-matched GOTTA sources
34732752,ECL,catalog-matched GOTTA sources
34732858,PULS,catalog-matched GOTTA sources
35903210,ROT,catalog-matched GOTTA sources
36068453,ECL,catalog-matched GOTTA sources
36068658,ECL,catalog-matched GOTTA sources
36072429,ECL,catalog-matched GOTTA sources
36072530,ECL,catalog-matched GOTTA sources
36072684,ROT,catalog-matched GOTTA sources
36072883,ECL,catalog-matched GOTTA sources
36072914,ECL,catalog-matched GOTTA sources
36073512,ECL,catalog-matched GOTTA sources
36073957,ECL,catalog-matched GOTTA sources
36074181,ECL,catalog-matched GOTTA sources
36075031,ECL,catalog-matched GOTTA sources
36151101,ECL,catalog-matched GOTTA sources
36775911,PULS,catalog-matched GOTTA sources
36928744,ROT,catalog-matched GOTTA sources
36928781,ECL,catalog-matched GOTTA sources
36929805,ROT,catalog-matched GOTTA sources
36931036,ECL,catalog-matched GOTTA sources
36931135,ROT,catalog-matched GOTTA sources
36931377,ROT,catalog-matched GOTTA sources
36931732,PULS,catalog-matched GOTTA sources
36932338,ROT,catalog-matched GOTTA sources
36932661,PULS,catalog-matched GOTTA sources
36932838,ECL,catalog-matched GOTTA sources
36932872,PULS,catalog-matched GOTTA sources
36933237,PULS,catalog-matched GOTTA sources
36933640,PULS,catalog-matched GOTTA sources
36933865,ROT,catalog-matched GOTTA sources
36934082,ECL,catalog-matched GOTTA sources
36934154,ROT,catalog-matched GOTTA sources
36934230,PULS,catalog-matched GOTTA sources
37004154,ECL,catalog-matched GOTTA sources
37007009,PULS,catalog-matched GOTTA sources
37009402,ECL,catalog-matched GOTTA sources
37009428,PULS,catalog-matched GOTTA sources
37011076,PULS,catalog-matched GOTTA sources
37015268,ECL,catalog-matched GOTTA sources
37016147,ECL,catalog-matched GOTTA sources
37018086,PULS,catalog-matched GOTTA sources
37019146,PULS,catalog-matched GOTTA sources
37023740,ECL,catalog-matched GOTTA sources
37026452,ROT,catalog-matched GOTTA sources
37028600,PULS,catalog-matched GOTTA sources
37036024,PULS,catalog-matched GOTTA sources
37116783,ECL,catalog-matched GOTTA sources
37156018,PULS,catalog-matched GOTTA sources
37156082,ROT,catalog-matched GOTTA sources
37483271,ECL,catalog-matched GOTTA sources
37518790,ECL,catalog-matched GOTTA sources
37518901,ROT,catalog-matched GOTTA sources
37519132,ECL,catalog-matched GOTTA sources
37521089,ROT,catalog-matched GOTTA sources
37652695,ECL,catalog-matched GOTTA sources
37784948,ECL,catalog-matched GOTTA sources
37878702,ROT,catalog-matched GOTTA sources
37878826,ECL,catalog-matched GOTTA sources
37879054,PULS,catalog-matched GOTTA sources
37879621,ROT,catalog-matched GOTTA sources
37879672,ROT,catalog-matched GOTTA sources
37880184,PULS,catalog-matched GOTTA sources
37881238,ROT,catalog-matched GOTTA sources
37935112,ECL,catalog-matched GOTTA sources
37972279,PULS,catalog-matched GOTTA sources
37972550,ECL,catalog-matched GOTTA sources
37972693,PULS,catalog-matched GOTTA sources
37973556,PULS,catalog-matched GOTTA sources
37974064,ROT,catalog-matched GOTTA sources
37974465,PULS,catalog-matched GOTTA sources
37974712,ROT,catalog-matched GOTTA sources
37974802,ROT,catalog-matched GOTTA sources
38003224,ECL,catalog-matched GOTTA sources
38005317,ROT,catalog-matched GOTTA sources
38006062,ECL,catalog-matched GOTTA sources
38006385,PULS,catalog-matched GOTTA sources
38006979,PULS,catalog-matched GOTTA sources
38009350,PULS,catalog-matched GOTTA sources
38286876,ECL,catalog-matched GOTTA sources
38592808,ECL,catalog-matched GOTTA sources
38956548,PULS,catalog-matched GOTTA sources
38957402,ECL,catalog-matched GOTTA sources
38957658,ECL,catalog-matched GOTTA sources
38957859,ROT,catalog-matched GOTTA sources
38959227,ECL,catalog-matched GOTTA sources
38959321,ECL,catalog-matched GOTTA sources
38959792,PULS,catalog-matched GOTTA sources
38960060,PULS,catalog-matched GOTTA sources
38960487,ROT,catalog-matched GOTTA sources
38960767,ROT,catalog-matched GOTTA sources
39178060,ROT,catalog-matched GOTTA sources
39178767,ECL,catalog-matched GOTTA sources
39180485,ROT,catalog-matched GOTTA sources
39184902,ROT,catalog-matched GOTTA sources
39185786,ROT,catalog-matched GOTTA sources
39190767,ROT,catalog-matched GOTTA sources
39196991,ROT,catalog-matched GOTTA sources
39199258,ECL,catalog-matched GOTTA sources
39200556,PULS,catalog-matched GOTTA sources
39241909,ECL,catalog-matched GOTTA sources
39372846,ROT,catalog-matched GOTTA sources
39372929,ROT,catalog-matched GOTTA sources
39373554,PULS,catalog-matched GOTTA sources
39373713,ECL,catalog-matched GOTTA sources
39373810,PULS,catalog-matched GOTTA sources
39374303,ECL,catalog-matched GOTTA sources
39374588,ROT,catalog-matched GOTTA sources
39374606,ECL,catalog-matched GOTTA sources
39375276,PULS,catalog-matched GOTTA sources
39375292,ECL,catalog-matched GOTTA sources
39591775,ECL,catalog-matched GOTTA sources
39592134,ECL,catalog-matched GOTTA sources
39592802,ROT,catalog-matched GOTTA sources
39592808,ECL,catalog-matched GOTTA sources
39593923,ECL,catalog-matched GOTTA sources
39594938,ECL,catalog-matched GOTTA sources
39595213,ROT,catalog-matched GOTTA sources
39824850,ECL,catalog-matched GOTTA sources
39825744,PULS,catalog-matched GOTTA sources
39826907,PULS,catalog-matched GOTTA sources
39827041,PULS,catalog-matched GOTTA sources
39827357,PULS,catalog-matched GOTTA sources
39827674,ECL,catalog-matched GOTTA sources
39827996,ECL,catalog-matched GOTTA sources
39831038,ROT,catalog-matched GOTTA sources
39832168,ECL,catalog-matched GOTTA sources
39832833,PULS,catalog-matched GOTTA sources
39833615,ROT,catalog-matched GOTTA sources
39834297,ECL,catalog-matched GOTTA sources
39836419,PULS,catalog-matched GOTTA sources
39857858,ECL,catalog-matched GOTTA sources
40430566,ROT,catalog-matched GOTTA sources
40430597,ROT,catalog-matched GOTTA sources
40430973,PULS,catalog-matched GOTTA sources
40431015,PULS,catalog-matched GOTTA sources
40432753,ROT,catalog-matched GOTTA sources
40432971,PULS,catalog-matched GOTTA sources
40433685,PULS,catalog-matched GOTTA sources
40560678,PULS,catalog-matched GOTTA sources
40584785,PULS,catalog-matched GOTTA sources
40586154,ECL,catalog-matched GOTTA sources
40601869,PULS,catalog-matched GOTTA sources
40698865,PULS,catalog-matched GOTTA sources
40702077,PULS,catalog-matched GOTTA sources
40702218,PULS,catalog-matched GOTTA sources
40702518,ECL,catalog-matched GOTTA sources
40702567,PULS,catalog-matched GOTTA sources
40702829,ROT,catalog-matched GOTTA sources
40703147,PULS,catalog-matched GOTTA sources
40703379,ECL,catalog-matched GOTTA sources
40703607,PULS,catalog-matched GOTTA sources
40769636,ECL,catalog-matched GOTTA sources
40918651,ROT,catalog-matched GOTTA sources
41124661,ECL,catalog-matched GOTTA sources
41125000,PULS,catalog-matched GOTTA sources
41125983,PULS,catalog-matched GOTTA sources
41126101,PULS,catalog-matched GOTTA sources
41128071,ECL,catalog-matched GOTTA sources
41128216,ECL,catalog-matched GOTTA sources
41128990,ECL,catalog-matched GOTTA sources
41181026,PULS,catalog-matched GOTTA sources
41232080,PULS,catalog-matched GOTTA sources
41232751,PULS,catalog-matched GOTTA sources
41234847,ECL,catalog-matched GOTTA sources
41235395,ROT,catalog-matched GOTTA sources
41308849,PULS,catalog-matched GOTTA sources
41310649,PULS,catalog-matched GOTTA sources
41316692,PULS,catalog-matched GOTTA sources
41316703,ECL,catalog-matched GOTTA sources
41474622,ECL,catalog-matched GOTTA sources
41475600,ECL,catalog-matched GOTTA sources
41477018,ROT,catalog-matched GOTTA sources
41479209,PULS,catalog-matched GOTTA sources
41581717,ECL,catalog-matched GOTTA sources
41582109,ECL,catalog-matched GOTTA sources
41582537,ECL,catalog-matched GOTTA sources
41583024,ECL,catalog-matched GOTTA sources
41583109,ECL,catalog-matched GOTTA sources
41583171,ECL,catalog-matched GOTTA sources
41584957,ECL,catalog-matched GOTTA sources
41585546,ECL,catalog-matched GOTTA sources
41585807,ECL,catalog-matched GOTTA sources
41585868,ECL,catalog-matched GOTTA sources
41586209,ECL,catalog-matched GOTTA sources
41588082,ECL,catalog-matched GOTTA sources
41590845,ROT,catalog-matched GOTTA sources
41759938,PULS,catalog-matched GOTTA sources
41760694,ROT,catalog-matched GOTTA sources
42026980,ROT,catalog-matched GOTTA sources
42027594,PULS,catalog-matched GOTTA sources
42028981,ECL,catalog-matched GOTTA sources
42031082,PULS,catalog-matched GOTTA sources
42032149,ECL,catalog-matched GOTTA sources
42032298,ECL,catalog-matched GOTTA sources
42204208,ROT,catalog-matched GOTTA sources
42258160,PULS,catalog-matched GOTTA sources
42324814,PULS,catalog-matched GOTTA sources
42324856,ECL,catalog-matched GOTTA sources
42325915,ROT,catalog-matched GOTTA sources
42326648,ROT,catalog-matched GOTTA sources
42327085,ROT,catalog-matched GOTTA sources
42327260,PULS,catalog-matched GOTTA sources
42328798,PULS,catalog-matched GOTTA sources
42440756,ECL,catalog-matched GOTTA sources
42445385,ECL,catalog-matched GOTTA sources
42446215,ROT,catalog-matched GOTTA sources
42469634,PULS,catalog-matched GOTTA sources
42473187,ROT,catalog-matched GOTTA sources
42475683,ROT,catalog-matched GOTTA sources
42476058,PULS,catalog-matched GOTTA sources
42477231,ECL,catalog-matched GOTTA sources
42477419,PULS,catalog-matched GOTTA sources
42479355,PULS,catalog-matched GOTTA sources
42480121,ROT,catalog-matched GOTTA sources
42483150,ROT,catalog-matched GOTTA sources
42487693,ROT,catalog-matched GOTTA sources
42489822,ROT,catalog-matched GOTTA sources
42543968,ROT,catalog-matched GOTTA sources
42745364,PULS,catalog-matched GOTTA sources
42745458,PULS,catalog-matched GOTTA sources
42746782,ROT,catalog-matched GOTTA sources
42746983,ECL,catalog-matched GOTTA sources
42747364,PULS,catalog-matched GOTTA sources
42747397,PULS,catalog-matched GOTTA sources
42748649,ECL,catalog-matched GOTTA sources
42785560,ECL,catalog-matched GOTTA sources
42786413,PULS,catalog-matched GOTTA sources
42786595,ECL,catalog-matched GOTTA sources
42786820,PULS,catalog-matched GOTTA sources
42787423,ROT,catalog-matched GOTTA sources
42798863,ECL,catalog-matched GOTTA sources
42912979,ECL,catalog-matched GOTTA sources
42913803,ECL,catalog-matched GOTTA sources
42913866,PULS,catalog-matched GOTTA sources
42914013,PULS,catalog-matched GOTTA sources
42914156,ROT,catalog-matched GOTTA sources
42914165,PULS,catalog-matched GOTTA sources
42914778,PULS,catalog-matched GOTTA sources
42914806,ECL,catalog-matched GOTTA sources
43339674,ECL,catalog-matched GOTTA sources
43420539,ECL,catalog-matched GOTTA sources
43459884,ECL,catalog-matched GOTTA sources
43460024,ROT,catalog-matched GOTTA sources
43460705,ROT,catalog-matched GOTTA sources
43460737,ROT,catalog-matched GOTTA sources
43461889,ECL,catalog-matched GOTTA sources
43461999,PULS,catalog-matched GOTTA sources
43462247,ROT,catalog-matched GOTTA sources
43462276,ECL,catalog-matched GOTTA sources
43463371,ECL,catalog-matched GOTTA sources
43488513,ECL,catalog-matched GOTTA sources
43488648,PULS,catalog-matched GOTTA sources
43600514,ECL,catalog-matched GOTTA sources
43602504,ROT,catalog-matched GOTTA sources
43602683,PULS,catalog-matched GOTTA sources
43605629,ECL,catalog-matched GOTTA sources
43606048,PULS,catalog-matched GOTTA sources
43606826,PULS,catalog-matched GOTTA sources
43607337,PULS,catalog-matched GOTTA sources
43607595,PULS,catalog-matched GOTTA sources
43646238,PULS,catalog-matched GOTTA sources
43723574,ECL,catalog-matched GOTTA sources
43723851,ECL,catalog-matched GOTTA sources
43723861,ROT,catalog-matched GOTTA sources
43724324,ECL,catalog-matched GOTTA sources
43725364,ECL,catalog-matched GOTTA sources
43725412,PULS,catalog-matched GOTTA sources
43725574,ECL,catalog-matched GOTTA sources
43726367,ECL,catalog-matched GOTTA sources
43726744,ECL,catalog-matched GOTTA sources
43729149,PULS,catalog-matched GOTTA sources
43751047,PULS,catalog-matched GOTTA sources
43751069,ECL,catalog-matched GOTTA sources
43751070,ROT,catalog-matched GOTTA sources
43751104,ECL,catalog-matched GOTTA sources
43751136,ROT,catalog-matched GOTTA sources
43751151,PULS,catalog-matched GOTTA sources
43751158,PULS,catalog-matched GOTTA sources
43751253,PULS,catalog-matched GOTTA sources
43751394,PULS,catalog-matched GOTTA sources
43751433,ROT,catalog-matched GOTTA sources
43751484,PULS,catalog-matched GOTTA sources
43752175,PULS,catalog-matched GOTTA sources
43752630,PULS,catalog-matched GOTTA sources
43752743,PULS,catalog-matched GOTTA sources
43752999,PULS,catalog-matched GOTTA sources
43819139,PULS,catalog-matched GOTTA sources
43915068,ECL,catalog-matched GOTTA sources
43920294,ECL,catalog-matched GOTTA sources
43920296,ECL,catalog-matched GOTTA sources
43920441,ECL,catalog-matched GOTTA sources
43920514,PULS,catalog-matched GOTTA sources
43921401,ROT,catalog-matched GOTTA sources
44122794,PULS,catalog-matched GOTTA sources
44123646,ROT,catalog-matched GOTTA sources
44123679,PULS,catalog-matched GOTTA sources
44123784,ECL,catalog-matched GOTTA sources
44124677,ECL,catalog-matched GOTTA sources
44125049,PULS,catalog-matched GOTTA sources
44137633,ECL,catalog-matched GOTTA sources
44449429,ECL,catalog-matched GOTTA sources
44449501,PULS,catalog-matched GOTTA sources
44449773,ECL,catalog-matched GOTTA sources
44450177,ECL,catalog-matched GOTTA sources
44660628,ROT,catalog-matched GOTTA sources
44660668,PULS,catalog-matched GOTTA sources
44660963,PULS,catalog-matched GOTTA sources
44661169,ROT,catalog-matched GOTTA sources
44661540,ROT,catalog-matched GOTTA sources
44662651,ROT,catalog-matched GOTTA sources
44663248,ECL,catalog-matched GOTTA sources
44663258,ECL,catalog-matched GOTTA sources
44663347,PULS,catalog-matched GOTTA sources
46094232,ECL,catalog-matched GOTTA sources
46259988,PULS,catalog-matched GOTTA sources
46260797,ROT,catalog-matched GOTTA sources
46260855,ECL,catalog-matched GOTTA sources
46260931,PULS,catalog-matched GOTTA sources
46261293,ECL,catalog-matched GOTTA sources
46261627,ROT,catalog-matched GOTTA sources
46261677,ECL,catalog-matched GOTTA sources
46413963,PULS,catalog-matched GOTTA sources
46414437,PULS,catalog-matched GOTTA sources
46414440,PULS,catalog-matched GOTTA sources
46414555,PULS,catalog-matched GOTTA sources
46414760,PULS,catalog-matched GOTTA sources
46414813,ROT,catalog-matched GOTTA sources
46415881,ROT,catalog-matched GOTTA sources
46416027,PULS,catalog-matched GOTTA sources
46416057,ROT,catalog-matched GOTTA sources
46416385,ECL,catalog-matched GOTTA sources
46417476,ECL,catalog-matched GOTTA sources
46435479,PULS,catalog-matched GOTTA sources
46632641,ECL,catalog-matched GOTTA sources
46897724,PULS,catalog-matched GOTTA sources
46897757,PULS,catalog-matched GOTTA sources
46897839,PULS,catalog-matched GOTTA sources
46897972,PULS,catalog-matched GOTTA sources
46898141,PULS,catalog-matched GOTTA sources
46898174,PULS,catalog-matched GOTTA sources
46898175,PULS,catalog-matched GOTTA sources
46898218,PULS,catalog-matched GOTTA sources
46898222,PULS,catalog-matched GOTTA sources
46898273,PULS,catalog-matched GOTTA sources
46898381,PULS,catalog-matched GOTTA sources
46898392,PULS,catalog-matched GOTTA sources
46898395,PULS,catalog-matched GOTTA sources
46898462,PULS,catalog-matched GOTTA sources
46898500,PULS,catalog-matched GOTTA sources
46898524,PULS,catalog-matched GOTTA sources
46900523,PULS,catalog-matched GOTTA sources
46900530,PULS,catalog-matched GOTTA sources
46900571,PULS,catalog-matched GOTTA sources
46900721,PULS,catalog-matched GOTTA sources
46900766,PULS,catalog-matched GOTTA sources
46900775,PULS,catalog-matched GOTTA sources
46900792,PULS,catalog-matched GOTTA sources
46900957,PULS,catalog-matched GOTTA sources
46901361,ROT,catalog-matched GOTTA sources
46909891,PULS,catalog-matched GOTTA sources
46914594,PULS,catalog-matched GOTTA sources
46981461,PULS,catalog-matched GOTTA sources
47022061,ECL,catalog-matched GOTTA sources
47022490,ECL,catalog-matched GOTTA sources
47022601,ECL,catalog-matched GOTTA sources
47024234,ECL,catalog-matched GOTTA sources
47024240,ECL,catalog-matched GOTTA sources
47035237,ROT,catalog-matched GOTTA sources
47038292,ROT,catalog-matched GOTTA sources
47491699,ECL,catalog-matched GOTTA sources
47491785,ECL,catalog-matched GOTTA sources
47492672,ECL,catalog-matched GOTTA sources
47493141,ECL,catalog-matched GOTTA sources
47493276,ECL,catalog-matched GOTTA sources
47494200,ECL,catalog-matched GOTTA sources
47494726,ECL,catalog-matched GOTTA sources
47969932,ECL,catalog-matched GOTTA sources
47970268,ECL,catalog-matched GOTTA sources
47970466,ECL,catalog-matched GOTTA sources
47970546,ECL,catalog-matched GOTTA sources
48249657,ROT,catalog-matched GOTTA sources
48251461,PULS,catalog-matched GOTTA sources
48254750,ECL,catalog-matched GOTTA sources
48254913,PULS,catalog-matched GOTTA sources
48286211,ROT,catalog-matched GOTTA sources
48287254,PULS,catalog-matched GOTTA sources
48290715,ECL,catalog-matched GOTTA sources
48291676,ROT,catalog-matched GOTTA sources
48291723,ECL,catalog-matched GOTTA sources
48291761,PULS,catalog-matched GOTTA sources
48291854,ECL,catalog-matched GOTTA sources
48293073,ROT,catalog-matched GOTTA sources
48861948,ROT,catalog-matched GOTTA sources
48982818,ECL,catalog-matched GOTTA sources
49372616,ECL,catalog-matched GOTTA sources
49373707,PULS,catalog-matched GOTTA sources
49377921,ECL,catalog-matched GOTTA sources
49381051,ECL,catalog-matched GOTTA sources
49385327,ECL,catalog-matched GOTTA sources
49395288,ECL,catalog-matched GOTTA sources
49847105,ECL,catalog-matched GOTTA sources
50132451,ECL,catalog-matched GOTTA sources
50354719,PULS,catalog-matched GOTTA sources
50355247,ROT,catalog-matched GOTTA sources
50355827,PULS,catalog-matched GOTTA sources
50356551,ROT,catalog-matched GOTTA sources
50357254,PULS,catalog-matched GOTTA sources
50357494,PULS,catalog-matched GOTTA sources
50357583,PULS,catalog-matched GOTTA sources
50357741,PULS,catalog-matched GOTTA sources
50897611,PULS,catalog-matched GOTTA sources
51452441,PULS,catalog-matched GOTTA sources
51619399,ECL,catalog-matched GOTTA sources
51619832,PULS,catalog-matched GOTTA sources
51620430,PULS,catalog-matched GOTTA sources
51621528,ROT,catalog-matched GOTTA sources
51621678,ECL,catalog-matched GOTTA sources
51784597,ECL,catalog-matched GOTTA sources
51786275,ECL,catalog-matched GOTTA sources
52059746,ROT,catalog-matched GOTTA sources
52059747,PULS,catalog-matched GOTTA sources
52059949,PULS,catalog-matched GOTTA sources
53182877,ECL,catalog-matched GOTTA sources
53222658,PULS,catalog-matched GOTTA sources
53228372,ECL,catalog-matched GOTTA sources
53229717,ROT,catalog-matched GOTTA sources
53232471,PULS,catalog-matched GOTTA sources
53232890,ROT,catalog-matched GOTTA sources
53235155,PULS,catalog-matched GOTTA sources
53235397,ROT,catalog-matched GOTTA sources
53235521,PULS,catalog-matched GOTTA sources
53235616,ROT,catalog-matched GOTTA sources
53235876,PULS,catalog-matched GOTTA sources
53235922,PULS,catalog-matched GOTTA sources
53236580,PULS,catalog-matched GOTTA sources
53238530,PULS,catalog-matched GOTTA sources
53329569,ECL,catalog-matched GOTTA sources
53330452,ECL,catalog-matched GOTTA sources
53330884,ECL,catalog-matched GOTTA sources
53396979,ROT,catalog-matched GOTTA sources
53912901,PULS,catalog-matched GOTTA sources
53914318,ROT,catalog-matched GOTTA sources
54234641,ECL,catalog-matched GOTTA sources
54833781,PULS,catalog-matched GOTTA sources
55693949,PULS,catalog-matched GOTTA sources
55709185,ROT,catalog-matched GOTTA sources
55901359,ECL,catalog-matched GOTTA sources
56915085,PULS,catalog-matched GOTTA sources
57826612,PULS,catalog-matched GOTTA sources
57826750,ECL,catalog-matched GOTTA sources
57827024,ECL,catalog-matched GOTTA sources
57827358,ROT,catalog-matched GOTTA sources
57827397,ROT,catalog-matched GOTTA sources
57989097,ECL,catalog-matched GOTTA sources
57991378,ROT,catalog-matched GOTTA sources
57992772,ECL,catalog-matched GOTTA sources
58248261,ECL,catalog-matched GOTTA sources
58248337,ROT,catalog-matched GOTTA sources
58248360,ECL,catalog-matched GOTTA sources
58248985,PULS,catalog-matched GOTTA sources
58249067,ECL,catalog-matched GOTTA sources
58249566,ECL,catalog-matched GOTTA sources
58249780,ECL,catalog-matched GOTTA sources
58249965,ECL,catalog-matched GOTTA sources
58251035,ECL,catalog-matched GOTTA sources
58251450,ECL,catalog-matched GOTTA sources
58251579,ECL,catalog-matched GOTTA sources
58252576,ECL,catalog-matched GOTTA sources
58252767,ECL,catalog-matched GOTTA sources
58286884,ROT,catalog-matched GOTTA sources
58438055,ROT,catalog-matched GOTTA sources
58794305,PULS,catalog-matched GOTTA sources
58796041,PULS,catalog-matched GOTTA sources
58798404,PULS,catalog-matched GOTTA sources
58800074,ROT,catalog-matched GOTTA sources
58810544,PULS,catalog-matched GOTTA sources
58972187,ROT,catalog-matched GOTTA sources
58972248,PULS,catalog-matched GOTTA sources
58973832,ROT,catalog-matched GOTTA sources
59051007,ROT,catalog-matched GOTTA sources
59051013,ROT,catalog-matched GOTTA sources
59051248,PULS,catalog-matched GOTTA sources
59051356,ECL,catalog-matched GOTTA sources
59051628,ROT,catalog-matched GOTTA sources
59052568,ROT,catalog-matched GOTTA sources
59054382,ROT,catalog-matched GOTTA sources
59054632,ROT,catalog-matched GOTTA sources
59057392,ROT,catalog-matched GOTTA sources
59428296,ROT,catalog-matched GOTTA sources
59434931,ROT,catalog-matched GOTTA sources
59435172,ECL,catalog-matched GOTTA sources
59435638,PULS,catalog-matched GOTTA sources
59437778,ECL,catalog-matched GOTTA sources
59437932,PULS,catalog-matched GOTTA sources
59438186,ROT,catalog-matched GOTTA sources
59724929,ECL,catalog-matched GOTTA sources
59739171,ROT,catalog-matched GOTTA sources
60261746,ROT,catalog-matched GOTTA sources
60262047,ECL,catalog-matched GOTTA sources
60263076,PULS,catalog-matched GOTTA sources
60263095,ROT,catalog-matched GOTTA sources
60263670,ECL,catalog-matched GOTTA sources
60263788,PULS,catalog-matched GOTTA sources
60263799,ECL,catalog-matched GOTTA sources
60264159,ECL,catalog-matched GOTTA sources
60265807,ROT,catalog-matched GOTTA sources
60289910,PULS,catalog-matched GOTTA sources
60290272,PULS,catalog-matched GOTTA sources
60412706,PULS,catalog-matched GOTTA sources
60468363,ECL,catalog-matched GOTTA sources
60483813,ECL,catalog-matched GOTTA sources
60498365,ECL,catalog-matched GOTTA sources
60504463,PULS,catalog-matched GOTTA sources
60507049,PULS,catalog-matched GOTTA sources
60513231,PULS,catalog-matched GOTTA sources
60518388,ECL,catalog-matched GOTTA sources
60656985,PULS,catalog-matched GOTTA sources
60657172,ROT,catalog-matched GOTTA sources
60657582,ROT,catalog-matched GOTTA sources
61496708,ROT,catalog-matched GOTTA sources
61496813,ECL,catalog-matched GOTTA sources
61497285,ROT,catalog-matched GOTTA sources
61497610,ROT,catalog-matched GOTTA sources
61760167,PULS,catalog-matched GOTTA sources
61899853,ROT,catalog-matched GOTTA sources
63434538,ECL,catalog-matched GOTTA sources
63435677,ROT,catalog-matched GOTTA sources
63436195,ECL,catalog-matched GOTTA sources
63436596,ECL,catalog-matched GOTTA sources
63436799,ECL,catalog-matched GOTTA sources
63437025,PULS,catalog-matched GOTTA sources
63437560,PULS,catalog-matched GOTTA sources
63437718,ECL,catalog-matched GOTTA sources
63438290,ROT,catalog-matched GOTTA sources
63439174,ROT,catalog-matched GOTTA sources
64169835,ROT,catalog-matched GOTTA sources
64170749,ROT,catalog-matched GOTTA sources
64170766,PULS,catalog-matched GOTTA sources
64171523,ECL,catalog-matched GOTTA sources
64210142,ROT,catalog-matched GOTTA sources
64210279,PULS,catalog-matched GOTTA sources
64211193,ECL,catalog-matched GOTTA sources
64211202,ECL,catalog-matched GOTTA sources
64441220,ECL,catalog-matched GOTTA sources
64449850,PULS,catalog-matched GOTTA sources
64468311,PULS,catalog-matched GOTTA sources
64486569,ROT,catalog-matched GOTTA sources
64488620,ECL,catalog-matched GOTTA sources
64496966,PULS,catalog-matched GOTTA sources
64505857,PULS,catalog-matched GOTTA sources
64519009,ECL,catalog-matched GOTTA sources
64520949,ECL,catalog-matched GOTTA sources
64528712,PULS,catalog-matched GOTTA sources
64600489,ROT,catalog-matched GOTTA sources
64601171,ECL,catalog-matched GOTTA sources
64601210,PULS,catalog-matched GOTTA sources
64601243,ROT,catalog-matched GOTTA sources
64603388,ECL,catalog-matched GOTTA sources
65147776,ROT,catalog-matched GOTTA sources
65409921,PULS,catalog-matched GOTTA sources
65707370,ECL,catalog-matched GOTTA sources
65712645,PULS,catalog-matched GOTTA sources
65713036,PULS,catalog-matched GOTTA sources
66159119,PULS,catalog-matched GOTTA sources
66340287,ROT,catalog-matched GOTTA sources
66601190,ECL,catalog-matched GOTTA sources
66601994,PULS,catalog-matched GOTTA sources
67079023,PULS,catalog-matched GOTTA sources
70834957,PULS,catalog-matched GOTTA sources
70835195,ECL,catalog-matched GOTTA sources
70836558,PULS,catalog-matched GOTTA sources
70836696,ECL,catalog-matched GOTTA sources
70836946,ROT,catalog-matched GOTTA sources
70837644,ECL,catalog-matched GOTTA sources
70879649,PULS,catalog-matched GOTTA sources
71713323,PULS,catalog-matched GOTTA sources
71713356,PULS,catalog-matched GOTTA sources
72372723,ECL,catalog-matched GOTTA sources
72373285,ECL,catalog-matched GOTTA sources
73598524,PULS,catalog-matched GOTTA sources
77823016,ROT,catalog-matched GOTTA sources
77824269,ROT,catalog-matched GOTTA sources
77824723,PULS,catalog-matched GOTTA sources
77825129,ROT,catalog-matched GOTTA sources
77825973,PULS,catalog-matched GOTTA sources
77826191,PULS,catalog-matched GOTTA sources
77826239,PULS,catalog-matched GOTTA sources
77826398,PULS,catalog-matched GOTTA sources
77827133,PULS,catalog-matched GOTTA sources
77827357,PULS,catalog-matched GOTTA sources
87877251,PULS,catalog-matched GOTTA sources
92903768,ECL,catalog-matched GOTTA sources
96131644,ROT,catalog-matched GOTTA sources
98165613,ROT,catalog-matched GOTTA sources
105131014,ECL,catalog-matched GOTTA sources
120940265,ROT,catalog-matched GOTTA sources
129079539,PULS,catalog-matched GOTTA sources
356960,ROT,local ZTF light curve unavailable
357512,ROT,local ZTF light curve unavailable
360534,PULS,local ZTF light curve unavailable
360784,ROT,local ZTF light curve unavailable
361365,ECL,local ZTF light curve unavailable
361570,PULS,local ZTF light curve unavailable
363214,ROT,local ZTF light curve unavailable
363645,PULS,local ZTF light curve unavailable
368138,ROT,local ZTF light curve unavailable
373912,ECL,local ZTF light curve unavailable
374227,ECL,local ZTF light curve unavailable
390886,ROT,local ZTF light curve unavailable
391705,PULS,local ZTF light curve unavailable
391868,ROT,local ZTF light curve unavailable
393727,PULS,local ZTF light curve unavailable
396706,ECL,local ZTF light curve unavailable
396749,ECL,local ZTF light curve unavailable
396820,ECL,local ZTF light curve unavailable
398315,PULS,local ZTF light curve unavailable
401124,PULS,local ZTF light curve unavailable
401420,ECL,local ZTF light curve unavailable
401938,PULS,local ZTF light curve unavailable
402398,ECL,local ZTF light curve unavailable
402966,ROT,local ZTF light curve unavailable
403076,ECL,local ZTF light curve unavailable
412163,PULS,local ZTF light curve unavailable
414020,PULS,local ZTF light curve unavailable
416128,ECL,local ZTF light curve unavailable
517541,ECL,local ZTF light curve unavailable
519013,ECL,local ZTF light curve unavailable
552072,PULS,local ZTF light curve unavailable
552131,PULS,local ZTF light curve unavailable
552284,ROT,local ZTF light curve unavailable
552393,PULS,local ZTF light curve unavailable
552761,ECL,local ZTF light curve unavailable
553091,PULS,local ZTF light curve unavailable
553657,ECL,local ZTF light curve unavailable
553694,PULS,local ZTF light curve unavailable
554426,ROT,local ZTF light curve unavailable
554819,ROT,local ZTF light curve unavailable
554850,PULS,local ZTF light curve unavailable
555301,ECL,local ZTF light curve unavailable
555446,PULS,local ZTF light curve unavailable
555576,PULS,local ZTF light curve unavailable
555851,PULS,local ZTF light curve unavailable
556264,ROT,local ZTF light curve unavailable
556300,ROT,local ZTF light curve unavailable
556506,PULS,local ZTF light curve unavailable
604427,ECL,local ZTF light curve unavailable
605958,ROT,local ZTF light curve unavailable
606285,ECL,local ZTF light curve unavailable
606772,PULS,local ZTF light curve unavailable
607072,PULS,local ZTF light curve unavailable
607147,ECL,local ZTF light curve unavailable
607672,PULS,local ZTF light curve unavailable
640192,PULS,local ZTF light curve unavailable
640768,ROT,local ZTF light curve unavailable
642234,PULS,local ZTF light curve unavailable
651349,ECL,local ZTF light curve unavailable
653188,ECL,local ZTF light curve unavailable
653611,ECL,local ZTF light curve unavailable
654210,PULS,local ZTF light curve unavailable
666222,PULS,local ZTF light curve unavailable
667493,ECL,local ZTF light curve unavailable
682103,PULS,local ZTF light curve unavailable
682300,PULS,local ZTF light curve unavailable
682586,ROT,local ZTF light curve unavailable
689284,ECL,local ZTF light curve unavailable
690118,ECL,local ZTF light curve unavailable
690265,PULS,local ZTF light curve unavailable
691739,PULS,local ZTF light curve unavailable
692194,ECL,local ZTF light curve unavailable
703633,ECL,local ZTF light curve unavailable
705322,PULS,local ZTF light curve unavailable
706627,ROT,local ZTF light curve unavailable
708922,ROT,local ZTF light curve unavailable
712084,PULS,local ZTF light curve unavailable
713013,ROT,local ZTF light curve unavailable
713147,PULS,local ZTF light curve unavailable
713256,ROT,local ZTF light curve unavailable
713664,ECL,local ZTF light curve unavailable
713962,ECL,local ZTF light curve unavailable
714011,ECL,local ZTF light curve unavailable
718278,ROT,local ZTF light curve unavailable
718410,ROT,local ZTF light curve unavailable
718432,ECL,local ZTF light curve unavailable
720276,ECL,local ZTF light curve unavailable
720902,PULS,local ZTF light curve unavailable
720910,ECL,local ZTF light curve unavailable
744286,ECL,local ZTF light curve unavailable
744509,ECL,local ZTF light curve unavailable
744737,PULS,local ZTF light curve unavailable
745248,PULS,local ZTF light curve unavailable
745603,ROT,local ZTF light curve unavailable
747751,PULS,local ZTF light curve unavailable
747854,ROT,local ZTF light curve unavailable
747858,ECL,local ZTF light curve unavailable
779132,ECL,local ZTF light curve unavailable
789761,PULS,local ZTF light curve unavailable
791559,ROT,local ZTF light curve unavailable
791822,PULS,local ZTF light curve unavailable
793028,ROT,local ZTF light curve unavailable
795063,ROT,local ZTF light curve unavailable
795583,ROT,local ZTF light curve unavailable
797638,ROT,local ZTF light curve unavailable
799045,PULS,local ZTF light curve unavailable
802931,ECL,local ZTF light curve unavailable
803688,PULS,local ZTF light curve unavailable
805006,ECL,local ZTF light curve unavailable
806063,ECL,local ZTF light curve unavailable
806270,ROT,local ZTF light curve unavailable
854006,ROT,local ZTF light curve unavailable
854473,ROT,local ZTF light curve unavailable
855121,ECL,local ZTF light curve unavailable
855356,PULS,local ZTF light curve unavailable
855660,PULS,local ZTF light curve unavailable
856282,PULS,local ZTF light curve unavailable
856341,ROT,local ZTF light curve unavailable
857152,ROT,local ZTF light curve unavailable
857271,PULS,local ZTF light curve unavailable
890936,ECL,local ZTF light curve unavailable
891487,ROT,local ZTF light curve unavailable
892865,PULS,local ZTF light curve unavailable
893445,PULS,local ZTF light curve unavailable
988111,PULS,local ZTF light curve unavailable
989079,ROT,local ZTF light curve unavailable
989130,PULS,local ZTF light curve unavailable
989377,ROT,local ZTF light curve unavailable
989622,ECL,local ZTF light curve unavailable
990412,PULS,local ZTF light curve unavailable
990435,PULS,local ZTF light curve unavailable
990921,ECL,local ZTF light curve unavailable
992423,PULS,local ZTF light curve unavailable
993864,ECL,local ZTF light curve unavailable
1068823,PULS,local ZTF light curve unavailable
1070298,ECL,local ZTF light curve unavailable
1072279,ROT,local ZTF light curve unavailable
1073451,PULS,local ZTF light curve unavailable
1074524,PULS,local ZTF light curve unavailable
1077061,ECL,local ZTF light curve unavailable
1085172,ROT,local ZTF light curve unavailable
1086245,PULS,local ZTF light curve unavailable
1086274,ROT,local ZTF light curve unavailable
1086977,ROT,local ZTF light curve unavailable
1086994,ROT,local ZTF light curve unavailable
1087137,ECL,local ZTF light curve unavailable
1087435,ROT,local ZTF light curve unavailable
1087883,PULS,local ZTF light curve unavailable
1087992,ECL,local ZTF light curve unavailable
1088481,PULS,local ZTF light curve unavailable
1089135,ROT,local ZTF light curve unavailable
1089276,ROT,local ZTF light curve unavailable
1089633,ROT,local ZTF light curve unavailable
1091902,PULS,local ZTF light curve unavailable
1092063,PULS,local ZTF light curve unavailable
1137195,PULS,local ZTF light curve unavailable
1137452,PULS,local ZTF light curve unavailable
1148586,ECL,local ZTF light curve unavailable
1221185,ECL,local ZTF light curve unavailable
1306430,PULS,local ZTF light curve unavailable
1306900,ECL,local ZTF light curve unavailable
1307925,PULS,local ZTF light curve unavailable
1327214,PULS,local ZTF light curve unavailable
1356552,ECL,local ZTF light curve unavailable
1357058,ROT,local ZTF light curve unavailable
1357214,PULS,local ZTF light curve unavailable
1357624,ROT,local ZTF light curve unavailable
1358168,ROT,local ZTF light curve unavailable
1358199,ROT,local ZTF light curve unavailable
1359057,ECL,local ZTF light curve unavailable
1359578,PULS,local ZTF light curve unavailable
1360465,ROT,local ZTF light curve unavailable
1360724,ECL,local ZTF light curve unavailable
1361192,ECL,local ZTF light curve unavailable
1362114,ECL,local ZTF light curve unavailable
1397516,ROT,local ZTF light curve unavailable
1397937,ECL,local ZTF light curve unavailable
1398126,PULS,local ZTF light curve unavailable
1398170,ROT,local ZTF light curve unavailable
1398335,ECL,local ZTF light curve unavailable
1398837,ROT,local ZTF light curve unavailable
1399125,ECL,local ZTF light curve unavailable
1399357,PULS,local ZTF light curve unavailable
1399779,ECL,local ZTF light curve unavailable
1399842,ECL,local ZTF light curve unavailable
1400000,ROT,local ZTF light curve unavailable
1400413,PULS,local ZTF light curve unavailable
1400532,ECL,local ZTF light curve unavailable
1409483,ECL,local ZTF light curve unavailable
1415802,PULS,local ZTF light curve unavailable
1439510,ECL,local ZTF light curve unavailable
1462754,ROT,local ZTF light curve unavailable
1465995,ROT,local ZTF light curve unavailable
1485668,ROT,local ZTF light curve unavailable
1485823,ECL,local ZTF light curve unavailable
1485997,ECL,local ZTF light curve unavailable
1486152,ECL,local ZTF light curve unavailable
1486373,ECL,local ZTF light curve unavailable
1486619,ROT,local ZTF light curve unavailable
1486807,ECL,local ZTF light curve unavailable
1487059,ECL,local ZTF light curve unavailable
1487155,PULS,local ZTF light curve unavailable
1487164,PULS,local ZTF light curve unavailable
1487228,ROT,local ZTF light curve unavailable
1488257,ECL,local ZTF light curve unavailable
1488730,ROT,local ZTF light curve unavailable
1493843,PULS,local ZTF light curve unavailable
1494121,ECL,local ZTF light curve unavailable
1494531,PULS,local ZTF light curve unavailable
1495831,ECL,local ZTF light curve unavailable
1496161,ECL,local ZTF light curve unavailable
1496257,ROT,local ZTF light curve unavailable
1496636,ECL,local ZTF light curve unavailable
1498734,ECL,local ZTF light curve unavailable
1499363,ECL,local ZTF light curve unavailable
1499366,PULS,local ZTF light curve unavailable
1517076,PULS,local ZTF light curve unavailable
1519021,PULS,local ZTF light curve unavailable
1519427,ROT,local ZTF light curve unavailable
1520574,ECL,local ZTF light curve unavailable
1525735,PULS,local ZTF light curve unavailable
1526024,ECL,local ZTF light curve unavailable
1526394,ECL,local ZTF light curve unavailable
1527090,ROT,local ZTF light curve unavailable
1527248,ECL,local ZTF light curve unavailable
1527302,PULS,local ZTF light curve unavailable
1527555,ECL,local ZTF light curve unavailable
1528638,ECL,local ZTF light curve unavailable
1528696,ECL,local ZTF light curve unavailable
1529400,PULS,local ZTF light curve unavailable
1531989,ECL,local ZTF light curve unavailable
1533092,PULS,local ZTF light curve unavailable
1534333,PULS,local ZTF light curve unavailable
1535831,ECL,local ZTF light curve unavailable
1536077,ECL,local ZTF light curve unavailable
1539636,ECL,local ZTF light curve unavailable
1540609,ROT,local ZTF light curve unavailable
1540909,ECL,local ZTF light curve unavailable
1542965,PULS,local ZTF light curve unavailable
1559991,ECL,local ZTF light curve unavailable
1560686,PULS,local ZTF light curve unavailable
1785454,ECL,local ZTF light curve unavailable
1786179,PULS,local ZTF light curve unavailable
1786207,ROT,local ZTF light curve unavailable
1786713,PULS,local ZTF light curve unavailable
1787336,ECL,local ZTF light curve unavailable
1787349,PULS,local ZTF light curve unavailable
1806837,ROT,local ZTF light curve unavailable
1815795,PULS,local ZTF light curve unavailable
1816052,ECL,local ZTF light curve unavailable
1817711,ROT,local ZTF light curve unavailable
1817739,PULS,local ZTF light curve unavailable
1817793,ROT,local ZTF light curve unavailable
1818735,ECL,local ZTF light curve unavailable
1818922,ROT,local ZTF light curve unavailable
1819187,ROT,local ZTF light curve unavailable
1819474,PULS,local ZTF light curve unavailable
1820019,PULS,local ZTF light curve unavailable
1821852,PULS,local ZTF light curve unavailable
1837406,ECL,local ZTF light curve unavailable
1837892,ECL,local ZTF light curve unavailable
1856288,ECL,local ZTF light curve unavailable
1856609,ECL,local ZTF light curve unavailable
1856610,ECL,local ZTF light curve unavailable
1856858,ECL,local ZTF light curve unavailable
1858419,ECL,local ZTF light curve unavailable
1858942,PULS,local ZTF light curve unavailable
1859120,ROT,local ZTF light curve unavailable
1859549,PULS,local ZTF light curve unavailable
1860639,ECL,local ZTF light curve unavailable
1860824,ECL,local ZTF light curve unavailable
1865521,ROT,local ZTF light curve unavailable
1866065,PULS,local ZTF light curve unavailable
1866197,PULS,local ZTF light curve unavailable
1866441,PULS,local ZTF light curve unavailable
1866879,PULS,local ZTF light curve unavailable
1886786,ECL,local ZTF light curve unavailable
1886911,ECL,local ZTF light curve unavailable
1959652,ECL,local ZTF light curve unavailable
1960201,PULS,local ZTF light curve unavailable
1960442,ROT,local ZTF light curve unavailable
1960701,ECL,local ZTF light curve unavailable
1961004,ECL,local ZTF light curve unavailable
1961362,ROT,local ZTF light curve unavailable
1962251,ECL,local ZTF light curve unavailable
1964003,ECL,local ZTF light curve unavailable
1964314,PULS,local ZTF light curve unavailable
1967365,ECL,local ZTF light curve unavailable
1967928,ROT,local ZTF light curve unavailable
1968103,ROT,local ZTF light curve unavailable
1968195,PULS,local ZTF light curve unavailable
1969088,PULS,local ZTF light curve unavailable
1970224,PULS,local ZTF light curve unavailable
1977822,ECL,local ZTF light curve unavailable
1989190,PULS,local ZTF light curve unavailable
1989257,ROT,local ZTF light curve unavailable
1989854,ECL,local ZTF light curve unavailable
1990680,ECL,local ZTF light curve unavailable
1990981,ECL,local ZTF light curve unavailable
1993903,PULS,local ZTF light curve unavailable
1994256,PULS,local ZTF light curve unavailable
1999305,PULS,local ZTF light curve unavailable
2000754,ECL,local ZTF light curve unavailable
2028803,ECL,local ZTF light curve unavailable
2030192,PULS,local ZTF light curve unavailable
2033051,ROT,local ZTF light curve unavailable
2033988,ECL,local ZTF light curve unavailable
2035428,ECL,local ZTF light curve unavailable
2035660,ECL,local ZTF light curve unavailable
2045532,PULS,local ZTF light curve unavailable
2078003,ECL,local ZTF light curve unavailable
2078896,PULS,local ZTF light curve unavailable
2082191,ROT,local ZTF light curve unavailable
2127207,ROT,local ZTF light curve unavailable
2129148,PULS,local ZTF light curve unavailable
2129233,PULS,local ZTF light curve unavailable
2205938,ECL,local ZTF light curve unavailable
2206720,PULS,local ZTF light curve unavailable
2207193,ROT,local ZTF light curve unavailable
2207385,PULS,local ZTF light curve unavailable
2207758,ECL,local ZTF light curve unavailable
2210307,PULS,local ZTF light curve unavailable
2210879,ROT,local ZTF light curve unavailable
2211515,ECL,local ZTF light curve unavailable
2245522,PULS,local ZTF light curve unavailable
2255202,ECL,local ZTF light curve unavailable
2255577,ECL,local ZTF light curve unavailable
2284719,ROT,local ZTF light curve unavailable
2507603,ECL,local ZTF light curve unavailable
2513845,ECL,local ZTF light curve unavailable
2609577,ROT,local ZTF light curve unavailable
2612743,ROT,local ZTF light curve unavailable
2613554,PULS,local ZTF light curve unavailable
2696868,ROT,local ZTF light curve unavailable
2698959,PULS,local ZTF light curve unavailable
2707879,ROT,local ZTF light curve unavailable
3168240,PULS,local ZTF light curve unavailable
3169596,PULS,local ZTF light curve unavailable
3169788,PULS,local ZTF light curve unavailable
3170824,ECL,local ZTF light curve unavailable
3170981,ROT,local ZTF light curve unavailable
3171009,PULS,local ZTF light curve unavailable
3238469,ROT,local ZTF light curve unavailable
3262989,ECL,local ZTF light curve unavailable
3263801,ECL,local ZTF light curve unavailable
3263917,ROT,local ZTF light curve unavailable
3265024,ECL,local ZTF light curve unavailable
3267078,ECL,local ZTF light curve unavailable
3267525,ECL,local ZTF light curve unavailable
3268343,PULS,local ZTF light curve unavailable
3268443,ECL,local ZTF light curve unavailable
3268485,ECL,local ZTF light curve unavailable
3274513,PULS,local ZTF light curve unavailable
3294397,ECL,local ZTF light curve unavailable
3301478,ROT,local ZTF light curve unavailable
3302875,ECL,local ZTF light curve unavailable
3307588,ROT,local ZTF light curve unavailable
3307979,PULS,local ZTF light curve unavailable
3308758,PULS,local ZTF light curve unavailable
3315056,PULS,local ZTF light curve unavailable
3316443,ECL,local ZTF light curve unavailable
3316543,ROT,local ZTF light curve unavailable
3316875,ROT,local ZTF light curve unavailable
3320934,ECL,local ZTF light curve unavailable
3321170,ROT,local ZTF light curve unavailable
3321236,ECL,local ZTF light curve unavailable
3350358,ECL,local ZTF light curve unavailable
3350680,ROT,local ZTF light curve unavailable
3351882,ECL,local ZTF light curve unavailable
3352429,ECL,local ZTF light curve unavailable
3353183,ECL,local ZTF light curve unavailable
3354645,ECL,local ZTF light curve unavailable
3356571,ECL,local ZTF light curve unavailable
3380993,PULS,local ZTF light curve unavailable
3384102,PULS,local ZTF light curve unavailable
3384809,PULS,local ZTF light curve unavailable
3397979,PULS,local ZTF light curve unavailable
3398410,PULS,local ZTF light curve unavailable
3398604,ECL,local ZTF light curve unavailable
3400030,PULS,local ZTF light curve unavailable
3402034,PULS,local ZTF light curve unavailable
3402113,PULS,local ZTF light curve unavailable
3493861,ROT,local ZTF light curve unavailable
3494134,ECL,local ZTF light curve unavailable
3496870,ROT,local ZTF light curve unavailable
3497470,ECL,local ZTF light curve unavailable
3497777,ROT,local ZTF light curve unavailable
3498542,ROT,local ZTF light curve unavailable
3506040,ECL,local ZTF light curve unavailable
3506867,PULS,local ZTF light curve unavailable
3510231,PULS,local ZTF light curve unavailable
3513921,PULS,local ZTF light curve unavailable
3515396,PULS,local ZTF light curve unavailable
3515922,ROT,local ZTF light curve unavailable
3517491,PULS,local ZTF light curve unavailable
3517587,ROT,local ZTF light curve unavailable
3517636,PULS,local ZTF light curve unavailable
3530716,ECL,local ZTF light curve unavailable
3530851,ECL,local ZTF light curve unavailable
3532457,ROT,local ZTF light curve unavailable
3532504,ROT,local ZTF light curve unavailable
3532548,ECL,local ZTF light curve unavailable
11777950,ECL,local ZTF light curve unavailable
11778107,ECL,local ZTF light curve unavailable
11779815,ROT,local ZTF light curve unavailable
11779929,ECL,local ZTF light curve unavailable
11780339,ECL,local ZTF light curve unavailable
11781845,ROT,local ZTF light curve unavailable
11896983,ECL,local ZTF light curve unavailable
11922285,ECL,local ZTF light curve unavailable
11931277,ROT,local ZTF light curve unavailable
11937619,PULS,local ZTF light curve unavailable
11942497,PULS,local ZTF light curve unavailable
11942722,PULS,local ZTF light curve unavailable
11943720,ECL,local ZTF light curve unavailable
12066656,PULS,local ZTF light curve unavailable
12067010,PULS,local ZTF light curve unavailable
12068202,PULS,local ZTF light curve unavailable
12071937,ROT,local ZTF light curve unavailable
12074305,PULS,local ZTF light curve unavailable
12074656,ROT,local ZTF light curve unavailable
12075609,PULS,local ZTF light curve unavailable
12077861,ROT,local ZTF light curve unavailable
12080401,ECL,local ZTF light curve unavailable
12081932,ROT,local ZTF light curve unavailable
12082661,ECL,local ZTF light curve unavailable
12256071,ECL,local ZTF light curve unavailable
12256111,ECL,local ZTF light curve unavailable
12256223,ECL,local ZTF light curve unavailable
12256569,ROT,local ZTF light curve unavailable
12257055,ECL,local ZTF light curve unavailable
12257100,PULS,local ZTF light curve unavailable
12258499,PULS,local ZTF light curve unavailable
12258668,ECL,local ZTF light curve unavailable
12258929,PULS,local ZTF light curve unavailable
12261159,ECL,local ZTF light curve unavailable
12261398,ECL,local ZTF light curve unavailable
12346114,PULS,local ZTF light curve unavailable
12349450,PULS,local ZTF light curve unavailable
12369096,ECL,local ZTF light curve unavailable
12370652,ROT,local ZTF light curve unavailable
12372134,ECL,local ZTF light curve unavailable
12372670,PULS,local ZTF light curve unavailable
12372905,PULS,local ZTF light curve unavailable
12372966,PULS,local ZTF light curve unavailable
12373303,ECL,local ZTF light curve unavailable
12373379,PULS,local ZTF light curve unavailable
12373785,ECL,local ZTF light curve unavailable
12374282,ECL,local ZTF light curve unavailable
12374400,PULS,local ZTF light curve unavailable
12374828,ECL,local ZTF light curve unavailable
12375010,ECL,local ZTF light curve unavailable
12377666,ECL,local ZTF light curve unavailable
12378369,ROT,local ZTF light curve unavailable
12379950,PULS,local ZTF light curve unavailable
12380680,ROT,local ZTF light curve unavailable
12381065,PULS,local ZTF light curve unavailable
12385076,PULS,local ZTF light curve unavailable
12385141,PULS,local ZTF light curve unavailable
12387794,ROT,local ZTF light curve unavailable
12388154,ROT,local ZTF light curve unavailable
12389796,ROT,local ZTF light curve unavailable
12391617,ROT,local ZTF light curve unavailable
12394941,PULS,local ZTF light curve unavailable
12396137,ROT,local ZTF light curve unavailable
12397628,PULS,local ZTF light curve unavailable
12397793,ROT,local ZTF light curve unavailable
12399483,ECL,local ZTF light curve unavailable
12400225,ECL,local ZTF light curve unavailable
12428055,ECL,local ZTF light curve unavailable
12428154,ROT,local ZTF light curve unavailable
12428514,ROT,local ZTF light curve unavailable
12429757,PULS,local ZTF light curve unavailable
12430524,ECL,local ZTF light curve unavailable
12430621,ECL,local ZTF light curve unavailable
12455147,PULS,local ZTF light curve unavailable
12456197,ECL,local ZTF light curve unavailable
12458201,PULS,local ZTF light curve unavailable
12458346,ROT,local ZTF light curve unavailable
12458470,ECL,local ZTF light curve unavailable
12458676,ECL,local ZTF light curve unavailable
12458809,PULS,local ZTF light curve unavailable
12458863,ROT,local ZTF light curve unavailable
12459234,ECL,local ZTF light curve unavailable
12459274,ECL,local ZTF light curve unavailable
12459323,ROT,local ZTF light curve unavailable
12460558,ECL,local ZTF light curve unavailable
12460854,ECL,local ZTF light curve unavailable
12461215,ROT,local ZTF light curve unavailable
12461844,PULS,local ZTF light curve unavailable
12470000,ECL,local ZTF light curve unavailable
12470242,ECL,local ZTF light curve unavailable
12472170,ROT,local ZTF light curve unavailable
12475158,ECL,local ZTF light curve unavailable
12475631,PULS,local ZTF light curve unavailable
12476950,ROT,local ZTF light curve unavailable
12479266,PULS,local ZTF light curve unavailable
12481111,ECL,local ZTF light curve unavailable
12481937,ROT,local ZTF light curve unavailable
12485558,ECL,local ZTF light curve unavailable
12485990,ECL,local ZTF light curve unavailable
12486010,ECL,local ZTF light curve unavailable
12832709,ROT,local ZTF light curve unavailable
12833109,ECL,local ZTF light curve unavailable
12985156,ECL,local ZTF light curve unavailable
12985266,ROT,local ZTF light curve unavailable
12986116,PULS,local ZTF light curve unavailable
12986234,PULS,local ZTF light curve unavailable
12987403,ROT,local ZTF light curve unavailable
12987544,PULS,local ZTF light curve unavailable
12987610,PULS,local ZTF light curve unavailable
12988151,ROT,local ZTF light curve unavailable
12988288,ROT,local ZTF light curve unavailable
13086137,PULS,local ZTF light curve unavailable
13086704,ECL,local ZTF light curve unavailable
13086739,PULS,local ZTF light curve unavailable
13087081,ECL,local ZTF light curve unavailable
13087231,PULS,local ZTF light curve unavailable
13087516,ROT,local ZTF light curve unavailable
13088029,PULS,local ZTF light curve unavailable
13163573,PULS,local ZTF light curve unavailable
13173566,PULS,local ZTF light curve unavailable
13198852,PULS,local ZTF light curve unavailable
13198875,PULS,local ZTF light curve unavailable
13199413,ROT,local ZTF light curve unavailable
13206347,ROT,local ZTF light curve unavailable
13207875,PULS,local ZTF light curve unavailable
13207951,PULS,local ZTF light curve unavailable
13208078,PULS,local ZTF light curve unavailable
13208778,PULS,local ZTF light curve unavailable
13208782,PULS,local ZTF light curve unavailable
13209911,ROT,local ZTF light curve unavailable
13210034,PULS,local ZTF light curve unavailable
13210065,PULS,local ZTF light curve unavailable
13210171,ECL,local ZTF light curve unavailable
13210452,ROT,local ZTF light curve unavailable
13210823,PULS,local ZTF light curve unavailable
13242181,PULS,local ZTF light curve unavailable
13242895,PULS,local ZTF light curve unavailable
13276515,ROT,local ZTF light curve unavailable
13276565,PULS,local ZTF light curve unavailable
13276733,PULS,local ZTF light curve unavailable
13277558,PULS,local ZTF light curve unavailable
13278614,PULS,local ZTF light curve unavailable
13279148,ECL,local ZTF light curve unavailable
13280032,ROT,local ZTF light curve unavailable
13281056,PULS,local ZTF light curve unavailable
13377618,ROT,local ZTF light curve unavailable
13383170,PULS,local ZTF light curve unavailable
13383185,ROT,local ZTF light curve unavailable
13383287,ROT,local ZTF light curve unavailable
13383409,PULS,local ZTF light curve unavailable
13385971,PULS,local ZTF light curve unavailable
13386010,ROT,local ZTF light curve unavailable
13386022,PULS,local ZTF light curve unavailable
13388620,ECL,local ZTF light curve unavailable
13389119,ECL,local ZTF light curve unavailable
13389615,ECL,local ZTF light curve unavailable
13389746,PULS,local ZTF light curve unavailable
13390885,ECL,local ZTF light curve unavailable
13391126,PULS,local ZTF light curve unavailable
13391261,ECL,local ZTF light curve unavailable
13391542,PULS,local ZTF light curve unavailable
13392690,ROT,local ZTF light curve unavailable
13397690,ROT,local ZTF light curve unavailable
13397738,PULS,local ZTF light curve unavailable
13398192,ECL,local ZTF light curve unavailable
13402469,PULS,local ZTF light curve unavailable
13731074,ECL,local ZTF light curve unavailable
13731178,ROT,local ZTF light curve unavailable
13751687,PULS,local ZTF light curve unavailable
13831952,ROT,local ZTF light curve unavailable
13833585,ROT,local ZTF light curve unavailable
13907290,PULS,local ZTF light curve unavailable
14021974,ECL,local ZTF light curve unavailable
14022706,ROT,local ZTF light curve unavailable
14022970,ECL,local ZTF light curve unavailable
14023770,PULS,local ZTF light curve unavailable
14024188,PULS,local ZTF light curve unavailable
14025005,ROT,local ZTF light curve unavailable
14025549,ROT,local ZTF light curve unavailable
14025916,ECL,local ZTF light curve unavailable
14230613,PULS,local ZTF light curve unavailable
14244526,ROT,local ZTF light curve unavailable
14462866,ECL,local ZTF light curve unavailable
14505676,PULS,local ZTF light curve unavailable
14506569,ECL,local ZTF light curve unavailable
14506614,ECL,local ZTF light curve unavailable
14506922,ECL,local ZTF light curve unavailable
14507025,ECL,local ZTF light curve unavailable
14521032,ECL,local ZTF light curve unavailable
14691730,PULS,local ZTF light curve unavailable
14692610,PULS,local ZTF light curve unavailable
14693174,PULS,local ZTF light curve unavailable
14736855,ECL,local ZTF light curve unavailable
14737597,ROT,local ZTF light curve unavailable
14737961,PULS,local ZTF light curve unavailable
14738575,PULS,local ZTF light curve unavailable
14738798,PULS,local ZTF light curve unavailable
14739564,ROT,local ZTF light curve unavailable
14740555,ROT,local ZTF light curve unavailable
14740870,ROT,local ZTF light curve unavailable
14740939,ECL,local ZTF light curve unavailable
14741764,ECL,local ZTF light curve unavailable
15005394,ROT,local ZTF light curve unavailable
15130106,PULS,local ZTF light curve unavailable
15130664,PULS,local ZTF light curve unavailable
15133177,PULS,local ZTF light curve unavailable
15134517,PULS,local ZTF light curve unavailable
15134608,ECL,local ZTF light curve unavailable
15135391,ECL,local ZTF light curve unavailable
15135521,ROT,local ZTF light curve unavailable
15136616,ROT,local ZTF light curve unavailable
15137022,PULS,local ZTF light curve unavailable
15200820,ECL,local ZTF light curve unavailable
15201345,PULS,local ZTF light curve unavailable
15211789,PULS,local ZTF light curve unavailable
15212230,ECL,local ZTF light curve unavailable
15213943,ROT,local ZTF light curve unavailable
15215637,ECL,local ZTF light curve unavailable
15217578,ROT,local ZTF light curve unavailable
15220558,ROT,local ZTF light curve unavailable
15221797,ROT,local ZTF light curve unavailable
15516051,ROT,local ZTF light curve unavailable
15516085,ECL,local ZTF light curve unavailable
15516160,ECL,local ZTF light curve unavailable
15516254,ECL,local ZTF light curve unavailable
15516751,PULS,local ZTF light curve unavailable
15517603,ECL,local ZTF light curve unavailable
15597494,ROT,local ZTF light curve unavailable
15597796,PULS,local ZTF light curve unavailable
15597839,PULS,local ZTF light curve unavailable
15597867,ROT,local ZTF light curve unavailable
15598458,ROT,local ZTF light curve unavailable
15599936,ECL,local ZTF light curve unavailable
15600345,PULS,local ZTF light curve unavailable
15601545,ROT,local ZTF light curve unavailable
15616791,ROT,local ZTF light curve unavailable
15850646,PULS,local ZTF light curve unavailable
15850657,PULS,local ZTF light curve unavailable
15850732,ECL,local ZTF light curve unavailable
15851022,PULS,local ZTF light curve unavailable
15851871,PULS,local ZTF light curve unavailable
15851908,ECL,local ZTF light curve unavailable
16014078,ECL,local ZTF light curve unavailable
16014617,ROT,local ZTF light curve unavailable
16069199,ROT,local ZTF light curve unavailable
16069534,ECL,local ZTF light curve unavailable
16069954,ROT,local ZTF light curve unavailable
16070289,ECL,local ZTF light curve unavailable
16070460,ECL,local ZTF light curve unavailable
16070820,PULS,local ZTF light curve unavailable
16129494,ECL,local ZTF light curve unavailable
16151233,PULS,local ZTF light curve unavailable
16177968,ECL,local ZTF light curve unavailable
16181266,ECL,local ZTF light curve unavailable
16183532,ECL,local ZTF light curve unavailable
16190605,ECL,local ZTF light curve unavailable
16190988,ECL,local ZTF light curve unavailable
16191604,ECL,local ZTF light curve unavailable
16191679,ECL,local ZTF light curve unavailable
16192223,ECL,local ZTF light curve unavailable
16192527,PULS,local ZTF light curve unavailable
16192999,ECL,local ZTF light curve unavailable
16193174,ROT,local ZTF light curve unavailable
16193408,ECL,local ZTF light curve unavailable
16195348,ROT,local ZTF light curve unavailable
16195962,ECL,local ZTF light curve unavailable
16196009,PULS,local ZTF light curve unavailable
16196034,ECL,local ZTF light curve unavailable
16196259,ROT,local ZTF light curve unavailable
16196927,ECL,local ZTF light curve unavailable
16196962,ECL,local ZTF light curve unavailable
16197210,PULS,local ZTF light curve unavailable
16197293,ECL,local ZTF light curve unavailable
16197428,ECL,local ZTF light curve unavailable
16197570,ROT,local ZTF light curve unavailable
16199371,PULS,local ZTF light curve unavailable
16201007,ECL,local ZTF light curve unavailable
16344798,PULS,local ZTF light curve unavailable
16346242,ECL,local ZTF light curve unavailable
16346532,ECL,local ZTF light curve unavailable
16383690,ECL,local ZTF light curve unavailable
16384281,PULS,local ZTF light curve unavailable
16384375,ECL,local ZTF light curve unavailable
16385281,ECL,local ZTF light curve unavailable
16385363,ECL,local ZTF light curve unavailable
16385436,PULS,local ZTF light curve unavailable
16385521,ECL,local ZTF light curve unavailable
16385804,PULS,local ZTF light curve unavailable
16523984,ECL,local ZTF light curve unavailable
16524508,PULS,local ZTF light curve unavailable
16524653,PULS,local ZTF light curve unavailable
16524755,ROT,local ZTF light curve unavailable
16524797,PULS,local ZTF light curve unavailable
16524927,ECL,local ZTF light curve unavailable
16525820,ROT,local ZTF light curve unavailable
16526833,PULS,local ZTF light curve unavailable
16536773,PULS,local ZTF light curve unavailable
16536874,ECL,local ZTF light curve unavailable
16536879,PULS,local ZTF light curve unavailable
16537786,ECL,local ZTF light curve unavailable
16537858,ECL,local ZTF light curve unavailable
16538198,PULS,local ZTF light curve unavailable
16538585,PULS,local ZTF light curve unavailable
16538906,ROT,local ZTF light curve unavailable
16539212,PULS,local ZTF light curve unavailable
16539240,ROT,local ZTF light curve unavailable
16651735,ROT,local ZTF light curve unavailable
16651910,PULS,local ZTF light curve unavailable
16651968,PULS,local ZTF light curve unavailable
16652128,ROT,local ZTF light curve unavailable
16652319,ROT,local ZTF light curve unavailable
16652536,ECL,local ZTF light curve unavailable
16653594,ECL,local ZTF light curve unavailable
16653829,ECL,local ZTF light curve unavailable
16653951,ROT,local ZTF light curve unavailable
16654438,ROT,local ZTF light curve unavailable
16654741,ECL,local ZTF light curve unavailable
16655178,ROT,local ZTF light curve unavailable
16655581,PULS,local ZTF light curve unavailable
16655715,ROT,local ZTF light curve unavailable
16655998,PULS,local ZTF light curve unavailable
16657969,PULS,local ZTF light curve unavailable
16658005,ROT,local ZTF light curve unavailable
16658118,PULS,local ZTF light curve unavailable
20236425,PULS,local ZTF light curve unavailable
20238116,PULS,local ZTF light curve unavailable
20238124,PULS,local ZTF light curve unavailable
20238315,ROT,local ZTF light curve unavailable
20238736,PULS,local ZTF light curve unavailable
20239410,PULS,local ZTF light curve unavailable
20325152,ECL,local ZTF light curve unavailable
20325257,ECL,local ZTF light curve unavailable
20325636,ECL,local ZTF light curve unavailable
20325781,ROT,local ZTF light curve unavailable
20325802,PULS,local ZTF light curve unavailable
20325810,PULS,local ZTF light curve unavailable
20326076,ECL,local ZTF light curve unavailable
20326114,ECL,local ZTF light curve unavailable
20326118,PULS,local ZTF light curve unavailable
20326344,ROT,local ZTF light curve unavailable
20326406,ECL,local ZTF light curve unavailable
20326573,ECL,local ZTF light curve unavailable
20327752,ECL,local ZTF light curve unavailable
20328250,ECL,local ZTF light curve unavailable
20329553,ROT,local ZTF light curve unavailable
20330408,PULS,local ZTF light curve unavailable
20331638,ROT,local ZTF light curve unavailable
20341021,ECL,local ZTF light curve unavailable
20347229,PULS,local ZTF light curve unavailable
20349883,PULS,local ZTF light curve unavailable
20350465,ECL,local ZTF light curve unavailable
20453572,ECL,local ZTF light curve unavailable
20453600,ECL,local ZTF light curve unavailable
20456735,ROT,local ZTF light curve unavailable
20459579,PULS,local ZTF light curve unavailable
20460094,PULS,local ZTF light curve unavailable
20460218,ROT,local ZTF light curve unavailable
20464203,ECL,local ZTF light curve unavailable
20465302,ECL,local ZTF light curve unavailable
20465352,ROT,local ZTF light curve unavailable
20471682,ROT,local ZTF light curve unavailable
20473051,PULS,local ZTF light curve unavailable
20473112,ROT,local ZTF light curve unavailable
20473143,ROT,local ZTF light curve unavailable
20475142,PULS,local ZTF light curve unavailable
20475212,ECL,local ZTF light curve unavailable
20475324,PULS,local ZTF light curve unavailable
20475980,PULS,local ZTF light curve unavailable
20476259,ECL,local ZTF light curve unavailable
20476262,PULS,local ZTF light curve unavailable
20476550,PULS,local ZTF light curve unavailable
20579279,PULS,local ZTF light curve unavailable
20581090,PULS,local ZTF light curve unavailable
20582605,ECL,local ZTF light curve unavailable
20582631,ECL,local ZTF light curve unavailable
20582752,ECL,local ZTF light curve unavailable
20582974,ECL,local ZTF light curve unavailable
20583489,PULS,local ZTF light curve unavailable
20727061,PULS,local ZTF light curve unavailable
20727275,ROT,local ZTF light curve unavailable
20727397,PULS,local ZTF light curve unavailable
20727923,PULS,local ZTF light curve unavailable
20729490,PULS,local ZTF light curve unavailable
20731248,PULS,local ZTF light curve unavailable
20731571,ROT,local ZTF light curve unavailable
20731639,ECL,local ZTF light curve unavailable
21857836,ECL,local ZTF light curve unavailable
21859112,ECL,local ZTF light curve unavailable
21860728,PULS,local ZTF light curve unavailable
21865677,PULS,local ZTF light curve unavailable
21889893,ROT,local ZTF light curve unavailable
21891265,PULS,local ZTF light curve unavailable
21891524,PULS,local ZTF light curve unavailable
21891765,PULS,local ZTF light curve unavailable
22019656,ECL,local ZTF light curve unavailable
22024390,ECL,local ZTF light curve unavailable
22024537,ECL,local ZTF light curve unavailable
22025457,ECL,local ZTF light curve unavailable
22026557,ECL,local ZTF light curve unavailable
22027571,ECL,local ZTF light curve unavailable
22029517,ECL,local ZTF light curve unavailable
22029998,PULS,local ZTF light curve unavailable
22032757,ECL,local ZTF light curve unavailable
22039675,PULS,local ZTF light curve unavailable
22040350,PULS,local ZTF light curve unavailable
22306244,PULS,local ZTF light curve unavailable
22579387,PULS,local ZTF light curve unavailable
22580083,ROT,local ZTF light curve unavailable
22580223,ROT,local ZTF light curve unavailable
22580935,ROT,local ZTF light curve unavailable
22581958,ROT,local ZTF light curve unavailable
22596528,ROT,local ZTF light curve unavailable
22660943,ECL,local ZTF light curve unavailable
22671545,ECL,local ZTF light curve unavailable
22672045,ECL,local ZTF light curve unavailable
22672109,PULS,local ZTF light curve unavailable
22672659,PULS,local ZTF light curve unavailable
22674765,ROT,local ZTF light curve unavailable
22722003,ECL,local ZTF light curve unavailable
22840115,PULS,local ZTF light curve unavailable
22840773,PULS,local ZTF light curve unavailable
22841055,ROT,local ZTF light curve unavailable
22845416,ECL,local ZTF light curve unavailable
22845889,PULS,local ZTF light curve unavailable
22846288,ECL,local ZTF light curve unavailable
22846405,PULS,local ZTF light curve unavailable
22846563,ROT,local ZTF light curve unavailable
22846571,ECL,local ZTF light curve unavailable
22846993,PULS,local ZTF light curve unavailable
22847634,ECL,local ZTF light curve unavailable
22848397,PULS,local ZTF light curve unavailable
22896811,ROT,local ZTF light curve unavailable
22897498,PULS,local ZTF light curve unavailable
22897715,ECL,local ZTF light curve unavailable
22897818,ROT,local ZTF light curve unavailable
22898174,ECL,local ZTF light curve unavailable
22898360,PULS,local ZTF light curve unavailable
22898649,ECL,local ZTF light curve unavailable
22898690,PULS,local ZTF light curve unavailable
23048145,PULS,local ZTF light curve unavailable
23048157,PULS,local ZTF light curve unavailable
23048297,PULS,local ZTF light curve unavailable
23048548,PULS,local ZTF light curve unavailable
23049620,PULS,local ZTF light curve unavailable
23050744,ECL,local ZTF light curve unavailable
23094948,PULS,local ZTF light curve unavailable
23095157,PULS,local ZTF light curve unavailable
23095577,ROT,local ZTF light curve unavailable
23095666,PULS,local ZTF light curve unavailable
23096286,ECL,local ZTF light curve unavailable
23096737,PULS,local ZTF light curve unavailable
23096766,ECL,local ZTF light curve unavailable
23096785,ECL,local ZTF light curve unavailable
23098777,ECL,local ZTF light curve unavailable
23101244,ECL,local ZTF light curve unavailable
23101515,PULS,local ZTF light curve unavailable
23101770,PULS,local ZTF light curve unavailable
23106029,PULS,local ZTF light curve unavailable
23229152,PULS,local ZTF light curve unavailable
23229632,PULS,local ZTF light curve unavailable
23231605,PULS,local ZTF light curve unavailable
23366587,ROT,local ZTF light curve unavailable
23369295,ECL,local ZTF light curve unavailable
23369964,ECL,local ZTF light curve unavailable
23370146,ROT,local ZTF light curve unavailable
23518998,ECL,local ZTF light curve unavailable
23519994,ROT,local ZTF light curve unavailable
23520652,ECL,local ZTF light curve unavailable
23520861,ROT,local ZTF light curve unavailable
23520974,ROT,local ZTF light curve unavailable
23521293,ROT,local ZTF light curve unavailable
23521330,ROT,local ZTF light curve unavailable
23522303,ECL,local ZTF light curve unavailable
23522309,ECL,local ZTF light curve unavailable
23523004,ECL,local ZTF light curve unavailable
23523446,ECL,local ZTF light curve unavailable
23523912,ECL,local ZTF light curve unavailable
23524150,ROT,local ZTF light curve unavailable
23524401,ECL,local ZTF light curve unavailable
23524514,ROT,local ZTF light curve unavailable
23524698,ROT,local ZTF light curve unavailable
23524902,PULS,local ZTF light curve unavailable
23527368,ROT,local ZTF light curve unavailable
23670575,ECL,local ZTF light curve unavailable
23751164,ECL,local ZTF light curve unavailable
23753830,ECL,local ZTF light curve unavailable
23762447,ROT,local ZTF light curve unavailable
23976863,PULS,local ZTF light curve unavailable
23977083,PULS,local ZTF light curve unavailable
23979154,PULS,local ZTF light curve unavailable
24041704,ROT,local ZTF light curve unavailable
24046847,ROT,local ZTF light curve unavailable
24058064,PULS,local ZTF light curve unavailable
24082089,PULS,local ZTF light curve unavailable
24136790,ECL,local ZTF light curve unavailable
24137404,ROT,local ZTF light curve unavailable
24137426,ECL,local ZTF light curve unavailable
24138124,ROT,local ZTF light curve unavailable
24138253,PULS,local ZTF light curve unavailable
24139220,ROT,local ZTF light curve unavailable
24139579,ROT,local ZTF light curve unavailable
24139669,PULS,local ZTF light curve unavailable
24140494,ROT,local ZTF light curve unavailable
24140948,PULS,local ZTF light curve unavailable
24140951,PULS,local ZTF light curve unavailable
24140979,ECL,local ZTF light curve unavailable
24158549,PULS,local ZTF light curve unavailable
24161912,ECL,local ZTF light curve unavailable
24174358,ROT,local ZTF light curve unavailable
24180436,ECL,local ZTF light curve unavailable
24247507,PULS,local ZTF light curve unavailable
24309152,PULS,local ZTF light curve unavailable
24309208,PULS,local ZTF light curve unavailable
24309822,PULS,local ZTF light curve unavailable
24309838,ROT,local ZTF light curve unavailable
24309921,ROT,local ZTF light curve unavailable
24310021,PULS,local ZTF light curve unavailable
24310162,ROT,local ZTF light curve unavailable
24310879,ROT,local ZTF light curve unavailable
24473874,ROT,local ZTF light curve unavailable
24484885,PULS,local ZTF light curve unavailable
24531523,PULS,local ZTF light curve unavailable
24533094,PULS,local ZTF light curve unavailable
24533647,ECL,local ZTF light curve unavailable
24533652,ROT,local ZTF light curve unavailable
24534898,PULS,local ZTF light curve unavailable
24535838,ECL,local ZTF light curve unavailable
24576891,ECL,local ZTF light curve unavailable
24577185,ECL,local ZTF light curve unavailable
24577245,PULS,local ZTF light curve unavailable
24577672,ECL,local ZTF light curve unavailable
24577873,ECL,local ZTF light curve unavailable
24577924,ECL,local ZTF light curve unavailable
24578447,ECL,local ZTF light curve unavailable
24578578,ROT,local ZTF light curve unavailable
24578996,ECL,local ZTF light curve unavailable
24579557,ECL,local ZTF light curve unavailable
24579599,ECL,local ZTF light curve unavailable
24690074,PULS,local ZTF light curve unavailable
24690299,ECL,local ZTF light curve unavailable
24690444,ROT,local ZTF light curve unavailable
24690993,ECL,local ZTF light curve unavailable
24691204,ROT,local ZTF light curve unavailable
24691343,ECL,local ZTF light curve unavailable
24691515,ECL,local ZTF light curve unavailable
24692152,PULS,local ZTF light curve unavailable
24693091,ROT,local ZTF light curve unavailable
24693649,ECL,local ZTF light curve unavailable
24694443,ROT,local ZTF light curve unavailable
24694507,ECL,local ZTF light curve unavailable
24694749,ECL,local ZTF light curve unavailable
24824452,ECL,local ZTF light curve unavailable
24824822,ECL,local ZTF light curve unavailable
24827705,ECL,local ZTF light curve unavailable
24827721,ECL,local ZTF light curve unavailable
24827924,ECL,local ZTF light curve unavailable
24873115,ECL,local ZTF light curve unavailable
24921828,PULS,local ZTF light curve unavailable
25058137,ECL,local ZTF light curve unavailable
25058560,ROT,local ZTF light curve unavailable
25059709,ROT,local ZTF light curve unavailable
25061780,ECL,local ZTF light curve unavailable
25061860,PULS,local ZTF light curve unavailable
25061940,ROT,local ZTF light curve unavailable
25062344,PULS,local ZTF light curve unavailable
25064865,ECL,local ZTF light curve unavailable
25078708,ECL,local ZTF light curve unavailable
25080673,ROT,local ZTF light curve unavailable
25171079,ECL,local ZTF light curve unavailable
25171382,ROT,local ZTF light curve unavailable
25172198,ROT,local ZTF light curve unavailable
25172366,PULS,local ZTF light curve unavailable
25173063,PULS,local ZTF light curve unavailable
25173145,ECL,local ZTF light curve unavailable
25173249,ROT,local ZTF light curve unavailable
25240411,ECL,local ZTF light curve unavailable
25295434,PULS,local ZTF light curve unavailable
25297554,ECL,local ZTF light curve unavailable
25297906,PULS,local ZTF light curve unavailable
25298060,ECL,local ZTF light curve unavailable
25299705,ROT,local ZTF light curve unavailable
25299815,ROT,local ZTF light curve unavailable
25300306,ECL,local ZTF light curve unavailable
25301316,ECL,local ZTF light curve unavailable
25341342,PULS,local ZTF light curve unavailable
25361240,ROT,local ZTF light curve unavailable
25362557,PULS,local ZTF light curve unavailable
25365677,PULS,local ZTF light curve unavailable
25365681,ECL,local ZTF light curve unavailable
25374643,PULS,local ZTF light curve unavailable
25463181,PULS,local ZTF light curve unavailable
25463342,PULS,local ZTF light curve unavailable
25463366,ECL,local ZTF light curve unavailable
25464244,ECL,local ZTF light curve unavailable
25464551,PULS,local ZTF light curve unavailable
25464972,PULS,local ZTF light curve unavailable
25465061,ECL,local ZTF light curve unavailable
25465107,ECL,local ZTF light curve unavailable
25465609,ECL,local ZTF light curve unavailable
25520307,ROT,local ZTF light curve unavailable
25561249,PULS,local ZTF light curve unavailable
25586150,PULS,local ZTF light curve unavailable
25586204,ECL,local ZTF light curve unavailable
25586524,ROT,local ZTF light curve unavailable
25587375,PULS,local ZTF light curve unavailable
25587478,ROT,local ZTF light curve unavailable
25587645,ECL,local ZTF light curve unavailable
25588590,ROT,local ZTF light curve unavailable
25588598,ECL,local ZTF light curve unavailable
25588685,PULS,local ZTF light curve unavailable
25637549,PULS,local ZTF light curve unavailable
25706787,ECL,local ZTF light curve unavailable
25785978,ROT,local ZTF light curve unavailable
25791999,ECL,local ZTF light curve unavailable
25792990,ECL,local ZTF light curve unavailable
25793632,PULS,local ZTF light curve unavailable
25793714,PULS,local ZTF light curve unavailable
25893413,ECL,local ZTF light curve unavailable
25894370,ROT,local ZTF light curve unavailable
25895471,ECL,local ZTF light curve unavailable
26063881,ECL,local ZTF light curve unavailable
26064248,ECL,local ZTF light curve unavailable
26064413,ECL,local ZTF light curve unavailable
26065668,ECL,local ZTF light curve unavailable
26066871,ECL,local ZTF light curve unavailable
26067932,ROT,local ZTF light curve unavailable
26068044,ECL,local ZTF light curve unavailable
26068718,ECL,local ZTF light curve unavailable
26069460,ECL,local ZTF light curve unavailable
26121623,PULS,local ZTF light curve unavailable
26121898,PULS,local ZTF light curve unavailable
26122981,ECL,local ZTF light curve unavailable
26123040,ECL,local ZTF light curve unavailable
26123221,ECL,local ZTF light curve unavailable
26123307,ECL,local ZTF light curve unavailable
26132406,PULS,local ZTF light curve unavailable
26132567,PULS,local ZTF light curve unavailable
26132906,PULS,local ZTF light curve unavailable
26133011,ECL,local ZTF light curve unavailable
26133022,ROT,local ZTF light curve unavailable
26133386,ECL,local ZTF light curve unavailable
26133520,ROT,local ZTF light curve unavailable
26134605,ECL,local ZTF light curve unavailable
26134626,ECL,local ZTF light curve unavailable
26134629,ROT,local ZTF light curve unavailable
26134637,PULS,local ZTF light curve unavailable
26142525,PULS,local ZTF light curve unavailable
26144019,ECL,local ZTF light curve unavailable
26144601,ROT,local ZTF light curve unavailable
26144643,ROT,local ZTF light curve unavailable
26145781,ROT,local ZTF light curve unavailable
26146708,PULS,local ZTF light curve unavailable
26286907,ROT,local ZTF light curve unavailable
26291334,PULS,local ZTF light curve unavailable
26291452,PULS,local ZTF light curve unavailable
26292653,PULS,local ZTF light curve unavailable
26294888,ROT,local ZTF light curve unavailable
26369497,ECL,local ZTF light curve unavailable
26369924,ECL,local ZTF light curve unavailable
26370134,ROT,local ZTF light curve unavailable
26370884,PULS,local ZTF light curve unavailable
26371728,ECL,local ZTF light curve unavailable
26373361,PULS,local ZTF light curve unavailable
26373616,ECL,local ZTF light curve unavailable
26374646,ROT,local ZTF light curve unavailable
26388559,PULS,local ZTF light curve unavailable
26390057,ROT,local ZTF light curve unavailable
26390208,PULS,local ZTF light curve unavailable
26473626,ROT,local ZTF light curve unavailable
26657061,PULS,local ZTF light curve unavailable
26657673,ROT,local ZTF light curve unavailable
26657829,PULS,local ZTF light curve unavailable
26658269,PULS,local ZTF light curve unavailable
26658961,ROT,local ZTF light curve unavailable
26660109,PULS,local ZTF light curve unavailable
26660191,PULS,local ZTF light curve unavailable
26661195,PULS,local ZTF light curve unavailable
26661714,ROT,local ZTF light curve unavailable
26663375,ECL,local ZTF light curve unavailable
26664672,ECL,local ZTF light curve unavailable
26692563,PULS,local ZTF light curve unavailable
26797474,ECL,local ZTF light curve unavailable
26798666,ROT,local ZTF light curve unavailable
26799867,ECL,local ZTF light curve unavailable
26800126,ROT,local ZTF light curve unavailable
26800705,ECL,local ZTF light curve unavailable
26801868,ECL,local ZTF light curve unavailable
26801970,ECL,local ZTF light curve unavailable
26802072,ECL,local ZTF light curve unavailable
26802831,ROT,local ZTF light curve unavailable
26803187,ECL,local ZTF light curve unavailable
26803237,PULS,local ZTF light curve unavailable
26803639,PULS,local ZTF light curve unavailable
26803671,ECL,local ZTF light curve unavailable
26804212,ECL,local ZTF light curve unavailable
26804238,PULS,local ZTF light curve unavailable
26809701,PULS,local ZTF light curve unavailable
26820043,ROT,local ZTF light curve unavailable
26915868,ROT,local ZTF light curve unavailable
26916686,ECL,local ZTF light curve unavailable
26917114,PULS,local ZTF light curve unavailable
26917129,ECL,local ZTF light curve unavailable
26917131,ROT,local ZTF light curve unavailable
26918330,ROT,local ZTF light curve unavailable
26919066,ROT,local ZTF light curve unavailable
26974283,ROT,local ZTF light curve unavailable
27035707,ECL,local ZTF light curve unavailable
27036090,ROT,local ZTF light curve unavailable
27037023,ECL,local ZTF light curve unavailable
27037332,ECL,local ZTF light curve unavailable
27037925,PULS,local ZTF light curve unavailable
27038435,PULS,local ZTF light curve unavailable
27142600,PULS,local ZTF light curve unavailable
27142668,PULS,local ZTF light curve unavailable
27143353,PULS,local ZTF light curve unavailable
27143513,ROT,local ZTF light curve unavailable
27143768,PULS,local ZTF light curve unavailable
27143939,PULS,local ZTF light curve unavailable
27144345,PULS,local ZTF light curve unavailable
27144593,PULS,local ZTF light curve unavailable
27146301,PULS,local ZTF light curve unavailable
27147130,ECL,local ZTF light curve unavailable
27311608,PULS,local ZTF light curve unavailable
27311686,ECL,local ZTF light curve unavailable
27326490,ROT,local ZTF light curve unavailable
27352796,ROT,local ZTF light curve unavailable
27568556,ECL,local ZTF light curve unavailable
27569812,PULS,local ZTF light curve unavailable
27570608,PULS,local ZTF light curve unavailable
27571837,ECL,local ZTF light curve unavailable
27571875,PULS,local ZTF light curve unavailable
27572843,PULS,local ZTF light curve unavailable
27690280,ECL,local ZTF light curve unavailable
27793881,PULS,local ZTF light curve unavailable
27794077,ECL,local ZTF light curve unavailable
27794525,ECL,local ZTF light curve unavailable
27794663,ECL,local ZTF light curve unavailable
27922514,ECL,local ZTF light curve unavailable
27923695,ECL,local ZTF light curve unavailable
27923697,ECL,local ZTF light curve unavailable
28035431,ROT,local ZTF light curve unavailable
28036632,ROT,local ZTF light curve unavailable
28036727,PULS,local ZTF light curve unavailable
28038109,ROT,local ZTF light curve unavailable
28038117,PULS,local ZTF light curve unavailable
28039132,PULS,local ZTF light curve unavailable
28264500,ROT,local ZTF light curve unavailable
28264688,ROT,local ZTF light curve unavailable
28265471,ROT,local ZTF light curve unavailable
28308557,ECL,local ZTF light curve unavailable
28308661,PULS,local ZTF light curve unavailable
28308693,PULS,local ZTF light curve unavailable
28308855,ROT,local ZTF light curve unavailable
28309118,PULS,local ZTF light curve unavailable
28309364,ROT,local ZTF light curve unavailable
28332660,ECL,local ZTF light curve unavailable
28333172,PULS,local ZTF light curve unavailable
28334044,ROT,local ZTF light curve unavailable
28334166,ROT,local ZTF light curve unavailable
28334662,ECL,local ZTF light curve unavailable
28334764,PULS,local ZTF light curve unavailable
28664308,ROT,local ZTF light curve unavailable
28684532,PULS,local ZTF light curve unavailable
28684551,PULS,local ZTF light curve unavailable
28684789,ECL,local ZTF light curve unavailable
28685822,ECL,local ZTF light curve unavailable
28685888,ECL,local ZTF light curve unavailable
28686089,ECL,local ZTF light curve unavailable
28686558,PULS,local ZTF light curve unavailable
28686585,PULS,local ZTF light curve unavailable
28687133,ROT,local ZTF light curve unavailable
28687329,PULS,local ZTF light curve unavailable
28706672,PULS,local ZTF light curve unavailable
28706711,ROT,local ZTF light curve unavailable
28707431,PULS,local ZTF light curve unavailable
28708056,PULS,local ZTF light curve unavailable
28708430,ROT,local ZTF light curve unavailable
28708465,PULS,local ZTF light curve unavailable
28708716,PULS,local ZTF light curve unavailable
31077447,ROT,local ZTF light curve unavailable
31079188,PULS,local ZTF light curve unavailable
31132626,PULS,local ZTF light curve unavailable
31132730,ROT,local ZTF light curve unavailable
31135162,PULS,local ZTF light curve unavailable
31135319,ROT,local ZTF light curve unavailable
31135453,PULS,local ZTF light curve unavailable
31137219,PULS,local ZTF light curve unavailable
31143822,ROT,local ZTF light curve unavailable
31238844,ROT,local ZTF light curve unavailable
31263985,ECL,local ZTF light curve unavailable
31264095,ECL,local ZTF light curve unavailable
31269082,PULS,local ZTF light curve unavailable
31269173,ECL,local ZTF light curve unavailable
31269743,PULS,local ZTF light curve unavailable
31275163,PULS,local ZTF light curve unavailable
31275601,ECL,local ZTF light curve unavailable
31275987,ECL,local ZTF light curve unavailable
31276019,PULS,local ZTF light curve unavailable
31276873,ECL,local ZTF light curve unavailable
31276935,ECL,local ZTF light curve unavailable
31278093,ROT,local ZTF light curve unavailable
31278666,PULS,local ZTF light curve unavailable
31279311,ROT,local ZTF light curve unavailable
31279583,ECL,local ZTF light curve unavailable
31279961,ECL,local ZTF light curve unavailable
31281030,PULS,local ZTF light curve unavailable
31323486,ECL,local ZTF light curve unavailable
31323572,ECL,local ZTF light curve unavailable
31324071,PULS,local ZTF light curve unavailable
31419272,PULS,local ZTF light curve unavailable
31421863,ECL,local ZTF light curve unavailable
31427907,ECL,local ZTF light curve unavailable
31427924,ECL,local ZTF light curve unavailable
31429192,ROT,local ZTF light curve unavailable
31429308,ECL,local ZTF light curve unavailable
31430137,ROT,local ZTF light curve unavailable
31430792,PULS,local ZTF light curve unavailable
31430811,PULS,local ZTF light curve unavailable
31431417,ECL,local ZTF light curve unavailable
31431523,PULS,local ZTF light curve unavailable
31432450,ECL,local ZTF light curve unavailable
31495559,ROT,local ZTF light curve unavailable
31495826,ECL,local ZTF light curve unavailable
31495934,ECL,local ZTF light curve unavailable
31496765,ROT,local ZTF light curve unavailable
31497590,ECL,local ZTF light curve unavailable
31498095,ECL,local ZTF light curve unavailable
31498178,ECL,local ZTF light curve unavailable
31498196,ECL,local ZTF light curve unavailable
31498437,ECL,local ZTF light curve unavailable
31498598,ROT,local ZTF light curve unavailable
31499096,ECL,local ZTF light curve unavailable
31499229,ROT,local ZTF light curve unavailable
31527894,ECL,local ZTF light curve unavailable
31528384,ECL,local ZTF light curve unavailable
31528620,ROT,local ZTF light curve unavailable
31528690,PULS,local ZTF light curve unavailable
31529140,PULS,local ZTF light curve unavailable
31529882,PULS,local ZTF light curve unavailable
31529982,ROT,local ZTF light curve unavailable
31530586,ECL,local ZTF light curve unavailable
31594996,ECL,local ZTF light curve unavailable
31596421,ECL,local ZTF light curve unavailable
31596540,ROT,local ZTF light curve unavailable
31596857,ROT,local ZTF light curve unavailable
31597049,ECL,local ZTF light curve unavailable
31597426,ECL,local ZTF light curve unavailable
31688082,PULS,local ZTF light curve unavailable
31733188,PULS,local ZTF light curve unavailable
32006044,PULS,local ZTF light curve unavailable
32006362,PULS,local ZTF light curve unavailable
32006741,ROT,local ZTF light curve unavailable
32006784,ECL,local ZTF light curve unavailable
32007198,PULS,local ZTF light curve unavailable
32008016,ROT,local ZTF light curve unavailable
32052215,PULS,local ZTF light curve unavailable
32052316,ECL,local ZTF light curve unavailable
32052452,ECL,local ZTF light curve unavailable
32070347,PULS,local ZTF light curve unavailable
32070806,ROT,local ZTF light curve unavailable
32071598,ECL,local ZTF light curve unavailable
32071733,ROT,local ZTF light curve unavailable
32072018,PULS,local ZTF light curve unavailable
32096345,PULS,local ZTF light curve unavailable
32206694,ROT,local ZTF light curve unavailable
32268791,ROT,local ZTF light curve unavailable
32537516,PULS,local ZTF light curve unavailable
32537544,ROT,local ZTF light curve unavailable
32538441,ECL,local ZTF light curve unavailable
32538552,PULS,local ZTF light curve unavailable
32538930,ROT,local ZTF light curve unavailable
32539259,ECL,local ZTF light curve unavailable
32539513,ECL,local ZTF light curve unavailable
32539598,ROT,local ZTF light curve unavailable
32540202,PULS,local ZTF light curve unavailable
32540408,ROT,local ZTF light curve unavailable
32543509,PULS,local ZTF light curve unavailable
32639569,ECL,local ZTF light curve unavailable
32919219,ECL,local ZTF light curve unavailable
32919972,ROT,local ZTF light curve unavailable
32978541,ECL,local ZTF light curve unavailable
32978787,ECL,local ZTF light curve unavailable
32979566,PULS,local ZTF light curve unavailable
32979723,ECL,local ZTF light curve unavailable
32979791,ROT,local ZTF light curve unavailable
32979939,ECL,local ZTF light curve unavailable
32980056,ECL,local ZTF light curve unavailable
32980375,ECL,local ZTF light curve unavailable
32980404,PULS,local ZTF light curve unavailable
32981849,PULS,local ZTF light curve unavailable
33055478,ROT,local ZTF light curve unavailable
33292680,ECL,local ZTF light curve unavailable
33293309,ECL,local ZTF light curve unavailable
33293395,ECL,local ZTF light curve unavailable
33293424,ECL,local ZTF light curve unavailable
33293623,ROT,local ZTF light curve unavailable
33295073,ECL,local ZTF light curve unavailable
33295106,ECL,local ZTF light curve unavailable
33544828,ECL,local ZTF light curve unavailable
33545044,ROT,local ZTF light curve unavailable
33547683,ECL,local ZTF light curve unavailable
33552533,ROT,local ZTF light curve unavailable
33552796,ECL,local ZTF light curve unavailable
33553864,PULS,local ZTF light curve unavailable
33555050,ECL,local ZTF light curve unavailable
33602149,ECL,local ZTF light curve unavailable
33728037,PULS,local ZTF light curve unavailable
33804233,ROT,local ZTF light curve unavailable
33889547,ECL,local ZTF light curve unavailable
34288053,ROT,local ZTF light curve unavailable
34288224,ROT,local ZTF light curve unavailable
34288445,ROT,local ZTF light curve unavailable
34288636,ROT,local ZTF light curve unavailable
34288999,ROT,local ZTF light curve unavailable
34289874,ECL,local ZTF light curve unavailable
34290093,ROT,local ZTF light curve unavailable
34460627,ECL,local ZTF light curve unavailable
34460680,ECL,local ZTF light curve unavailable
34462510,PULS,local ZTF light curve unavailable
34718778,ECL,local ZTF light curve unavailable
34719717,PULS,local ZTF light curve unavailable
34721210,ECL,local ZTF light curve unavailable
34721768,PULS,local ZTF light curve unavailable
34722895,PULS,local ZTF light curve unavailable
34732752,ECL,local ZTF light curve unavailable
34732858,PULS,local ZTF light curve unavailable
35903210,ROT,local ZTF light curve unavailable
36068453,ECL,local ZTF light curve unavailable
36068658,ECL,local ZTF light curve unavailable
36072429,ECL,local ZTF light curve unavailable
36072530,ECL,local ZTF light curve unavailable
36072684,ROT,local ZTF light curve unavailable
36072883,ECL,local ZTF light curve unavailable
36072914,ECL,local ZTF light curve unavailable
36073512,ECL,local ZTF light curve unavailable
36073957,ECL,local ZTF light curve unavailable
36074181,ECL,local ZTF light curve unavailable
36075031,ECL,local ZTF light curve unavailable
36151101,ECL,local ZTF light curve unavailable
36775911,PULS,local ZTF light curve unavailable
36928744,ROT,local ZTF light curve unavailable
36928781,ECL,local ZTF light curve unavailable
36929805,ROT,local ZTF light curve unavailable
36931036,ECL,local ZTF light curve unavailable
36931135,ROT,local ZTF light curve unavailable
36931377,ROT,local ZTF light curve unavailable
36931732,PULS,local ZTF light curve unavailable
36932338,ROT,local ZTF light curve unavailable
36932661,PULS,local ZTF light curve unavailable
36932838,ECL,local ZTF light curve unavailable
36932872,PULS,local ZTF light curve unavailable
36933237,PULS,local ZTF light curve unavailable
36933640,PULS,local ZTF light curve unavailable
36933865,ROT,local ZTF light curve unavailable
36934082,ECL,local ZTF light curve unavailable
36934154,ROT,local ZTF light curve unavailable
36934230,PULS,local ZTF light curve unavailable
37004154,ECL,local ZTF light curve unavailable
37007009,PULS,local ZTF light curve unavailable
37009402,ECL,local ZTF light curve unavailable
37009428,PULS,local ZTF light curve unavailable
37011076,PULS,local ZTF light curve unavailable
37015268,ECL,local ZTF light curve unavailable
37016147,ECL,local ZTF light curve unavailable
37018086,PULS,local ZTF light curve unavailable
37019146,PULS,local ZTF light curve unavailable
37023740,ECL,local ZTF light curve unavailable
37026452,ROT,local ZTF light curve unavailable
37028600,PULS,local ZTF light curve unavailable
37036024,PULS,local ZTF light curve unavailable
37116783,ECL,local ZTF light curve unavailable
37521089,ROT,local ZTF light curve unavailable
37652695,ECL,local ZTF light curve unavailable
37784948,ECL,local ZTF light curve unavailable
37878702,ROT,local ZTF light curve unavailable
37878826,ECL,local ZTF light curve unavailable
37879054,PULS,local ZTF light curve unavailable
37879621,ROT,local ZTF light curve unavailable
37879672,ROT,local ZTF light curve unavailable
37880184,PULS,local ZTF light curve unavailable
37881238,ROT,local ZTF light curve unavailable
37935112,ECL,local ZTF light curve unavailable
37972279,PULS,local ZTF light curve unavailable
37972550,ECL,local ZTF light curve unavailable
37972693,PULS,local ZTF light curve unavailable
37973556,PULS,local ZTF light curve unavailable
37974064,ROT,local ZTF light curve unavailable
37974465,PULS,local ZTF light curve unavailable
37974712,ROT,local ZTF light curve unavailable
37974802,ROT,local ZTF light curve unavailable
38003224,ECL,local ZTF light curve unavailable
38005317,ROT,local ZTF light curve unavailable
38006062,ECL,local ZTF light curve unavailable
38006385,PULS,local ZTF light curve unavailable
38006979,PULS,local ZTF light curve unavailable
38009350,PULS,local ZTF light curve unavailable
38286876,ECL,local ZTF light curve unavailable
38592808,ECL,local ZTF light curve unavailable
38956548,PULS,local ZTF light curve unavailable
38957402,ECL,local ZTF light curve unavailable
38957658,ECL,local ZTF light curve unavailable
38957859,ROT,local ZTF light curve unavailable
38959227,ECL,local ZTF light curve unavailable
38959321,ECL,local ZTF light curve unavailable
38959792,PULS,local ZTF light curve unavailable
38960060,PULS,local ZTF light curve unavailable
38960487,ROT,local ZTF light curve unavailable
38960767,ROT,local ZTF light curve unavailable
39178060,ROT,local ZTF light curve unavailable
39178767,ECL,local ZTF light curve unavailable
39180485,ROT,local ZTF light curve unavailable
39184902,ROT,local ZTF light curve unavailable
39185786,ROT,local ZTF light curve unavailable
39190767,ROT,local ZTF light curve unavailable
39196991,ROT,local ZTF light curve unavailable
39199258,ECL,local ZTF light curve unavailable
39200556,PULS,local ZTF light curve unavailable
39241909,ECL,local ZTF light curve unavailable
39372846,ROT,local ZTF light curve unavailable
39372929,ROT,local ZTF light curve unavailable
39373554,PULS,local ZTF light curve unavailable
39373713,ECL,local ZTF light curve unavailable
39373810,PULS,local ZTF light curve unavailable
39374303,ECL,local ZTF light curve unavailable
39374588,ROT,local ZTF light curve unavailable
39374606,ECL,local ZTF light curve unavailable
39375276,PULS,local ZTF light curve unavailable
39375292,ECL,local ZTF light curve unavailable
39591775,ECL,local ZTF light curve unavailable
39592134,ECL,local ZTF light curve unavailable
39592802,ROT,local ZTF light curve unavailable
39592808,ECL,local ZTF light curve unavailable
39593923,ECL,local ZTF light curve unavailable
39594938,ECL,local ZTF light curve unavailable
39595213,ROT,local ZTF light curve unavailable
39824850,ECL,local ZTF light curve unavailable
39825744,PULS,local ZTF light curve unavailable
39826907,PULS,local ZTF light curve unavailable
39827041,PULS,local ZTF light curve unavailable
39827357,PULS,local ZTF light curve unavailable
39827674,ECL,local ZTF light curve unavailable
39827996,ECL,local ZTF light curve unavailable
39831038,ROT,local ZTF light curve unavailable
39832168,ECL,local ZTF light curve unavailable
39832833,PULS,local ZTF light curve unavailable
39833615,ROT,local ZTF light curve unavailable
39834297,ECL,local ZTF light curve unavailable
39836419,PULS,local ZTF light curve unavailable
39857858,ECL,local ZTF light curve unavailable
40430566,ROT,local ZTF light curve unavailable
40430597,ROT,local ZTF light curve unavailable
40430973,PULS,local ZTF light curve unavailable
40431015,PULS,local ZTF light curve unavailable
40432753,ROT,local ZTF light curve unavailable
40432971,PULS,local ZTF light curve unavailable
40433685,PULS,local ZTF light curve unavailable
40560678,PULS,local ZTF light curve unavailable
40584785,PULS,local ZTF light curve unavailable
40586154,ECL,local ZTF light curve unavailable
40601869,PULS,local ZTF light curve unavailable
40698865,PULS,local ZTF light curve unavailable
40702077,PULS,local ZTF light curve unavailable
40702218,PULS,local ZTF light curve unavailable
40702518,ECL,local ZTF light curve unavailable
40702567,PULS,local ZTF light curve unavailable
41128071,ECL,local ZTF light curve unavailable
41128216,ECL,local ZTF light curve unavailable
41128990,ECL,local ZTF light curve unavailable
41181026,PULS,local ZTF light curve unavailable
41232080,PULS,local ZTF light curve unavailable
41232751,PULS,local ZTF light curve unavailable
41234847,ECL,local ZTF light curve unavailable
41235395,ROT,local ZTF light curve unavailable
41308849,PULS,local ZTF light curve unavailable
41310649,PULS,local ZTF light curve unavailable
41316692,PULS,local ZTF light curve unavailable
41316703,ECL,local ZTF light curve unavailable
41474622,ECL,local ZTF light curve unavailable
41475600,ECL,local ZTF light curve unavailable
41477018,ROT,local ZTF light curve unavailable
41479209,PULS,local ZTF light curve unavailable
41581717,ECL,local ZTF light curve unavailable
41582109,ECL,local ZTF light curve unavailable
41582537,ECL,local ZTF light curve unavailable
41583024,ECL,local ZTF light curve unavailable
41583109,ECL,local ZTF light curve unavailable
41583171,ECL,local ZTF light curve unavailable
41584957,ECL,local ZTF light curve unavailable
41585546,ECL,local ZTF light curve unavailable
41585807,ECL,local ZTF light curve unavailable
41585868,ECL,local ZTF light curve unavailable
41586209,ECL,local ZTF light curve unavailable
41588082,ECL,local ZTF light curve unavailable
41590845,ROT,local ZTF light curve unavailable
41759938,PULS,local ZTF light curve unavailable
41760694,ROT,local ZTF light curve unavailable
42026980,ROT,local ZTF light curve unavailable
42027594,PULS,local ZTF light curve unavailable
42028981,ECL,local ZTF light curve unavailable
42031082,PULS,local ZTF light curve unavailable
42032149,ECL,local ZTF light curve unavailable
42032298,ECL,local ZTF light curve unavailable
42204208,ROT,local ZTF light curve unavailable
42258160,PULS,local ZTF light curve unavailable
42324814,PULS,local ZTF light curve unavailable
42324856,ECL,local ZTF light curve unavailable
42325915,ROT,local ZTF light curve unavailable
42326648,ROT,local ZTF light curve unavailable
42327085,ROT,local ZTF light curve unavailable
42327260,PULS,local ZTF light curve unavailable
42328798,PULS,local ZTF light curve unavailable
42440756,ECL,local ZTF light curve unavailable
42445385,ECL,local ZTF light curve unavailable
42446215,ROT,local ZTF light curve unavailable
42469634,PULS,local ZTF light curve unavailable
42473187,ROT,local ZTF light curve unavailable
42475683,ROT,local ZTF light curve unavailable
42476058,PULS,local ZTF light curve unavailable
42477231,ECL,local ZTF light curve unavailable
42477419,PULS,local ZTF light curve unavailable
42479355,PULS,local ZTF light curve unavailable
42480121,ROT,local ZTF light curve unavailable
42483150,ROT,local ZTF light curve unavailable
42487693,ROT,local ZTF light curve unavailable
42489822,ROT,local ZTF light curve unavailable
42543968,ROT,local ZTF light curve unavailable
42745364,PULS,local ZTF light curve unavailable
42745458,PULS,local ZTF light curve unavailable
42746782,ROT,local ZTF light curve unavailable
42746983,ECL,local ZTF light curve unavailable
42747364,PULS,local ZTF light curve unavailable
42747397,PULS,local ZTF light curve unavailable
42748649,ECL,local ZTF light curve unavailable
42785560,ECL,local ZTF light curve unavailable
42786413,PULS,local ZTF light curve unavailable
42786595,ECL,local ZTF light curve unavailable
42786820,PULS,local ZTF light curve unavailable
42787423,ROT,local ZTF light curve unavailable
42798863,ECL,local ZTF light curve unavailable
42912979,ECL,local ZTF light curve unavailable
42913803,ECL,local ZTF light curve unavailable
42913866,PULS,local ZTF light curve unavailable
42914013,PULS,local ZTF light curve unavailable
42914156,ROT,local ZTF light curve unavailable
42914165,PULS,local ZTF light curve unavailable
42914778,PULS,local ZTF light curve unavailable
42914806,ECL,local ZTF light curve unavailable
43339674,ECL,local ZTF light curve unavailable
43420539,ECL,local ZTF light curve unavailable
43459884,ECL,local ZTF light curve unavailable
43460024,ROT,local ZTF light curve unavailable
43460705,ROT,local ZTF light curve unavailable
43460737,ROT,local ZTF light curve unavailable
43461889,ECL,local ZTF light curve unavailable
43461999,PULS,local ZTF light curve unavailable
43751158,PULS,local ZTF light curve unavailable
43751253,PULS,local ZTF light curve unavailable
43751394,PULS,local ZTF light curve unavailable
43751433,ROT,local ZTF light curve unavailable
43751484,PULS,local ZTF light curve unavailable
43752175,PULS,local ZTF light curve unavailable
43752630,PULS,local ZTF light curve unavailable
43752743,PULS,local ZTF light curve unavailable
43752999,PULS,local ZTF light curve unavailable
43819139,PULS,local ZTF light curve unavailable
43915068,ECL,local ZTF light curve unavailable
43920294,ECL,local ZTF light curve unavailable
43920296,ECL,local ZTF light curve unavailable
43920441,ECL,local ZTF light curve unavailable
43920514,PULS,local ZTF light curve unavailable
43921401,ROT,local ZTF light curve unavailable
44122794,PULS,local ZTF light curve unavailable
44123646,ROT,local ZTF light curve unavailable
44123679,PULS,local ZTF light curve unavailable
44123784,ECL,local ZTF light curve unavailable
44124677,ECL,local ZTF light curve unavailable
44125049,PULS,local ZTF light curve unavailable
44137633,ECL,local ZTF light curve unavailable
44449429,ECL,local ZTF light curve unavailable
44449501,PULS,local ZTF light curve unavailable
44449773,ECL,local ZTF light curve unavailable
44450177,ECL,local ZTF light curve unavailable
44660628,ROT,local ZTF light curve unavailable
44660668,PULS,local ZTF light curve unavailable
44660963,PULS,local ZTF light curve unavailable
44661169,ROT,local ZTF light curve unavailable
44661540,ROT,local ZTF light curve unavailable
44662651,ROT,local ZTF light curve unavailable
44663248,ECL,local ZTF light curve unavailable
44663258,ECL,local ZTF light curve unavailable
44663347,PULS,local ZTF light curve unavailable
46094232,ECL,local ZTF light curve unavailable
46259988,PULS,local ZTF light curve unavailable
46260797,ROT,local ZTF light curve unavailable
46260855,ECL,local ZTF light curve unavailable
46260931,PULS,local ZTF light curve unavailable
46261293,ECL,local ZTF light curve unavailable
46261627,ROT,local ZTF light curve unavailable
46261677,ECL,local ZTF light curve unavailable
46413963,PULS,local ZTF light curve unavailable
46414437,PULS,local ZTF light curve unavailable
46414440,PULS,local ZTF light curve unavailable
46414555,PULS,local ZTF light curve unavailable
46414760,PULS,local ZTF light curve unavailable
46414813,ROT,local ZTF light curve unavailable
46415881,ROT,local ZTF light curve unavailable
46416027,PULS,local ZTF light curve unavailable
46416057,ROT,local ZTF light curve unavailable
46416385,ECL,local ZTF light curve unavailable
46417476,ECL,local ZTF light curve unavailable
46435479,PULS,local ZTF light curve unavailable
46632641,ECL,local ZTF light curve unavailable
46897724,PULS,local ZTF light curve unavailable
46897757,PULS,local ZTF light curve unavailable
46897839,PULS,local ZTF light curve unavailable
46897972,PULS,local ZTF light curve unavailable
46898141,PULS,local ZTF light curve unavailable
46898174,PULS,local ZTF light curve unavailable
46898175,PULS,local ZTF light curve unavailable
46898218,PULS,local ZTF light curve unavailable
46898222,PULS,local ZTF light curve unavailable
46898273,PULS,local ZTF light curve unavailable
46898381,PULS,local ZTF light curve unavailable
46898392,PULS,local ZTF light curve unavailable
46898395,PULS,local ZTF light curve unavailable
10220956,PULS,ZTF/full or matched-cadence fit unavailable
10796406,ECL,ZTF/full or matched-cadence fit unavailable
10798587,ROT,ZTF/full or matched-cadence fit unavailable
10999140,PULS,ZTF/full or matched-cadence fit unavailable
11000690,PULS,ZTF/full or matched-cadence fit unavailable
11001740,ECL,ZTF/full or matched-cadence fit unavailable
11001765,ECL,ZTF/full or matched-cadence fit unavailable
11001884,ROT,ZTF/full or matched-cadence fit unavailable
11007137,ECL,ZTF/full or matched-cadence fit unavailable
11007234,PULS,ZTF/full or matched-cadence fit unavailable
11007265,ECL,ZTF/full or matched-cadence fit unavailable
11008744,ECL,ZTF/full or matched-cadence fit unavailable
11009101,ECL,ZTF/full or matched-cadence fit unavailable
11011121,PULS,ZTF/full or matched-cadence fit unavailable
11103477,ROT,ZTF/full or matched-cadence fit unavailable
11130442,PULS,ZTF/full or matched-cadence fit unavailable
11281544,ECL,ZTF/full or matched-cadence fit unavailable
11283620,ECL,ZTF/full or matched-cadence fit unavailable
11330091,PULS,ZTF/full or matched-cadence fit unavailable
11331797,ECL,ZTF/full or matched-cadence fit unavailable
11332217,ECL,ZTF/full or matched-cadence fit unavailable
11512067,ECL,ZTF/full or matched-cadence fit unavailable
11561258,ROT,ZTF/full or matched-cadence fit unavailable
11568132,PULS,ZTF/full or matched-cadence fit unavailable
11569354,PULS,ZTF/full or matched-cadence fit unavailable
11569837,PULS,ZTF/full or matched-cadence fit unavailable
11618917,ECL,ZTF/full or matched-cadence fit unavailable
11774091,ROT,ZTF/full or matched-cadence fit unavailable
12486028,PULS,ZTF/full or matched-cadence fit unavailable
12486274,ECL,ZTF/full or matched-cadence fit unavailable
12487492,ECL,ZTF/full or matched-cadence fit unavailable
12501360,ECL,ZTF/full or matched-cadence fit unavailable
12503915,PULS,ZTF/full or matched-cadence fit unavailable
12624102,PULS,ZTF/full or matched-cadence fit unavailable
12629618,ECL,ZTF/full or matched-cadence fit unavailable
12629856,ECL,ZTF/full or matched-cadence fit unavailable
12630623,ROT,ZTF/full or matched-cadence fit unavailable
12632305,ROT,ZTF/full or matched-cadence fit unavailable
12644912,ROT,ZTF/full or matched-cadence fit unavailable
12644939,PULS,ZTF/full or matched-cadence fit unavailable
12644999,ROT,ZTF/full or matched-cadence fit unavailable
12645321,ROT,ZTF/full or matched-cadence fit unavailable
12825744,ROT,ZTF/full or matched-cadence fit unavailable
12827172,ROT,ZTF/full or matched-cadence fit unavailable
12830670,ECL,ZTF/full or matched-cadence fit unavailable
13612155,PULS,ZTF/full or matched-cadence fit unavailable
13613101,ECL,ZTF/full or matched-cadence fit unavailable
13614088,ROT,ZTF/full or matched-cadence fit unavailable
13639168,ECL,ZTF/full or matched-cadence fit unavailable
13642862,PULS,ZTF/full or matched-cadence fit unavailable
13654275,ECL,ZTF/full or matched-cadence fit unavailable
13655440,PULS,ZTF/full or matched-cadence fit unavailable
13728725,ECL,ZTF/full or matched-cadence fit unavailable
13729475,PULS,ZTF/full or matched-cadence fit unavailable
1492,PULS,ZTF/full or matched-cadence fit unavailable
16021644,ECL,ZTF/full or matched-cadence fit unavailable
16023235,ECL,ZTF/full or matched-cadence fit unavailable
16027803,PULS,ZTF/full or matched-cadence fit unavailable
16041487,ROT,ZTF/full or matched-cadence fit unavailable
16069152,PULS,ZTF/full or matched-cadence fit unavailable
16658180,ECL,ZTF/full or matched-cadence fit unavailable
16738518,PULS,ZTF/full or matched-cadence fit unavailable
16767076,PULS,ZTF/full or matched-cadence fit unavailable
16801765,PULS,ZTF/full or matched-cadence fit unavailable
16810259,ECL,ZTF/full or matched-cadence fit unavailable
16810385,PULS,ZTF/full or matched-cadence fit unavailable
16954351,ROT,ZTF/full or matched-cadence fit unavailable
170439,ECL,ZTF/full or matched-cadence fit unavailable
17168332,ECL,ZTF/full or matched-cadence fit unavailable
17171442,ECL,ZTF/full or matched-cadence fit unavailable
17174959,PULS,ZTF/full or matched-cadence fit unavailable
172032,PULS,ZTF/full or matched-cadence fit unavailable
17487182,PULS,ZTF/full or matched-cadence fit unavailable
17487267,ECL,ZTF/full or matched-cadence fit unavailable
17487538,PULS,ZTF/full or matched-cadence fit unavailable
17570784,ECL,ZTF/full or matched-cadence fit unavailable
17571403,ECL,ZTF/full or matched-cadence fit unavailable
17584219,ROT,ZTF/full or matched-cadence fit unavailable
17585884,PULS,ZTF/full or matched-cadence fit unavailable
17776585,ECL,ZTF/full or matched-cadence fit unavailable
1787905,ROT,ZTF/full or matched-cadence fit unavailable
1788194,PULS,ZTF/full or matched-cadence fit unavailable
17883608,ECL,ZTF/full or matched-cadence fit unavailable
1794893,ROT,ZTF/full or matched-cadence fit unavailable
1801887,ROT,ZTF/full or matched-cadence fit unavailable
1805412,ROT,ZTF/full or matched-cadence fit unavailable
18165093,ROT,ZTF/full or matched-cadence fit unavailable
18166766,PULS,ZTF/full or matched-cadence fit unavailable
182534,ECL,ZTF/full or matched-cadence fit unavailable
183083,ECL,ZTF/full or matched-cadence fit unavailable
183252,ECL,ZTF/full or matched-cadence fit unavailable
18558007,ROT,ZTF/full or matched-cadence fit unavailable
18644909,ECL,ZTF/full or matched-cadence fit unavailable
18680467,ECL,ZTF/full or matched-cadence fit unavailable
18684107,ROT,ZTF/full or matched-cadence fit unavailable
19137315,PULS,ZTF/full or matched-cadence fit unavailable
19193693,ROT,ZTF/full or matched-cadence fit unavailable
19195294,ROT,ZTF/full or matched-cadence fit unavailable
19316981,ECL,ZTF/full or matched-cadence fit unavailable
19586588,PULS,ZTF/full or matched-cadence fit unavailable
19660400,ROT,ZTF/full or matched-cadence fit unavailable
20030174,ECL,ZTF/full or matched-cadence fit unavailable
20185109,ECL,ZTF/full or matched-cadence fit unavailable
20185156,ECL,ZTF/full or matched-cadence fit unavailable
20185964,ROT,ZTF/full or matched-cadence fit unavailable
20187133,ECL,ZTF/full or matched-cadence fit unavailable
20187525,ROT,ZTF/full or matched-cadence fit unavailable
20188566,ECL,ZTF/full or matched-cadence fit unavailable
20190462,ECL,ZTF/full or matched-cadence fit unavailable
20190616,ECL,ZTF/full or matched-cadence fit unavailable
20191701,ROT,ZTF/full or matched-cadence fit unavailable
20193949,ROT,ZTF/full or matched-cadence fit unavailable
20196747,ROT,ZTF/full or matched-cadence fit unavailable
20212525,PULS,ZTF/full or matched-cadence fit unavailable
20233695,PULS,ZTF/full or matched-cadence fit unavailable
20233748,ECL,ZTF/full or matched-cadence fit unavailable
20234682,ROT,ZTF/full or matched-cadence fit unavailable
20235242,ECL,ZTF/full or matched-cadence fit unavailable
20235479,ECL,ZTF/full or matched-cadence fit unavailable
20731756,ROT,ZTF/full or matched-cadence fit unavailable
20733437,ROT,ZTF/full or matched-cadence fit unavailable
20924737,ROT,ZTF/full or matched-cadence fit unavailable
20925153,ROT,ZTF/full or matched-cadence fit unavailable
20961797,ECL,ZTF/full or matched-cadence fit unavailable
21232516,PULS,ZTF/full or matched-cadence fit unavailable
21232672,PULS,ZTF/full or matched-cadence fit unavailable
21233087,PULS,ZTF/full or matched-cadence fit unavailable
21233124,PULS,ZTF/full or matched-cadence fit unavailable
21233648,PULS,ZTF/full or matched-cadence fit unavailable
21233732,PULS,ZTF/full or matched-cadence fit unavailable
21235833,ECL,ZTF/full or matched-cadence fit unavailable
21256951,ECL,ZTF/full or matched-cadence fit unavailable
21257384,ECL,ZTF/full or matched-cadence fit unavailable
21422113,ECL,ZTF/full or matched-cadence fit unavailable
21422211,PULS,ZTF/full or matched-cadence fit unavailable
21422546,PULS,ZTF/full or matched-cadence fit unavailable
21423044,ECL,ZTF/full or matched-cadence fit unavailable
21524260,ROT,ZTF/full or matched-cadence fit unavailable
21525577,ECL,ZTF/full or matched-cadence fit unavailable
21527211,PULS,ZTF/full or matched-cadence fit unavailable
21530338,ECL,ZTF/full or matched-cadence fit unavailable
21530868,ROT,ZTF/full or matched-cadence fit unavailable
21531054,ECL,ZTF/full or matched-cadence fit unavailable
21531447,PULS,ZTF/full or matched-cadence fit unavailable
21531649,ECL,ZTF/full or matched-cadence fit unavailable
21531988,ROT,ZTF/full or matched-cadence fit unavailable
21532216,ECL,ZTF/full or matched-cadence fit unavailable
21598085,ROT,ZTF/full or matched-cadence fit unavailable
21598336,PULS,ZTF/full or matched-cadence fit unavailable
21599615,ROT,ZTF/full or matched-cadence fit unavailable
21737728,ROT,ZTF/full or matched-cadence fit unavailable
21738137,PULS,ZTF/full or matched-cadence fit unavailable
21741260,ROT,ZTF/full or matched-cadence fit unavailable
21771327,ECL,ZTF/full or matched-cadence fit unavailable
21851139,ROT,ZTF/full or matched-cadence fit unavailable
22306767,PULS,ZTF/full or matched-cadence fit unavailable
22307887,ROT,ZTF/full or matched-cadence fit unavailable
22436608,ECL,ZTF/full or matched-cadence fit unavailable
22440147,ECL,ZTF/full or matched-cadence fit unavailable
22440296,ECL,ZTF/full or matched-cadence fit unavailable
22551837,ROT,ZTF/full or matched-cadence fit unavailable
22552904,PULS,ZTF/full or matched-cadence fit unavailable
23762010,ROT,ZTF/full or matched-cadence fit unavailable
25301803,ROT,ZTF/full or matched-cadence fit unavailable
25313442,ECL,ZTF/full or matched-cadence fit unavailable
256886,PULS,ZTF/full or matched-cadence fit unavailable
26692722,ECL,ZTF/full or matched-cadence fit unavailable
2708149,ROT,ZTF/full or matched-cadence fit unavailable
2708365,PULS,ZTF/full or matched-cadence fit unavailable
2710032,ECL,ZTF/full or matched-cadence fit unavailable
2710434,ROT,ZTF/full or matched-cadence fit unavailable
28708916,PULS,ZTF/full or matched-cadence fit unavailable
28711497,ROT,ZTF/full or matched-cadence fit unavailable
28711657,PULS,ZTF/full or matched-cadence fit unavailable
28753266,ECL,ZTF/full or matched-cadence fit unavailable
28763671,ECL,ZTF/full or matched-cadence fit unavailable
28763873,ECL,ZTF/full or matched-cadence fit unavailable
28903167,ECL,ZTF/full or matched-cadence fit unavailable
28903832,PULS,ZTF/full or matched-cadence fit unavailable
28904467,ECL,ZTF/full or matched-cadence fit unavailable
28905263,ECL,ZTF/full or matched-cadence fit unavailable
28922290,ECL,ZTF/full or matched-cadence fit unavailable
29111193,ECL,ZTF/full or matched-cadence fit unavailable
29116765,ROT,ZTF/full or matched-cadence fit unavailable
29120286,ROT,ZTF/full or matched-cadence fit unavailable
29120461,ROT,ZTF/full or matched-cadence fit unavailable
29120736,PULS,ZTF/full or matched-cadence fit unavailable
29120854,ROT,ZTF/full or matched-cadence fit unavailable
29122492,ROT,ZTF/full or matched-cadence fit unavailable
29125200,ROT,ZTF/full or matched-cadence fit unavailable
29186647,ECL,ZTF/full or matched-cadence fit unavailable
29186694,ECL,ZTF/full or matched-cadence fit unavailable
29188309,PULS,ZTF/full or matched-cadence fit unavailable
29188415,PULS,ZTF/full or matched-cadence fit unavailable
29188468,ROT,ZTF/full or matched-cadence fit unavailable
29188595,PULS,ZTF/full or matched-cadence fit unavailable
29188608,ROT,ZTF/full or matched-cadence fit unavailable
29188720,ROT,ZTF/full or matched-cadence fit unavailable
29561134,ECL,ZTF/full or matched-cadence fit unavailable
29585955,PULS,ZTF/full or matched-cadence fit unavailable
29593421,PULS,ZTF/full or matched-cadence fit unavailable
3015289,ECL,ZTF/full or matched-cadence fit unavailable
3025983,PULS,ZTF/full or matched-cadence fit unavailable
3027597,PULS,ZTF/full or matched-cadence fit unavailable
3037907,PULS,ZTF/full or matched-cadence fit unavailable
3039026,PULS,ZTF/full or matched-cadence fit unavailable
3045647,ECL,ZTF/full or matched-cadence fit unavailable
3053459,ECL,ZTF/full or matched-cadence fit unavailable
3055159,PULS,ZTF/full or matched-cadence fit unavailable
3055370,ROT,ZTF/full or matched-cadence fit unavailable
3056864,PULS,ZTF/full or matched-cadence fit unavailable
3064343,ECL,ZTF/full or matched-cadence fit unavailable
31075466,ROT,ZTF/full or matched-cadence fit unavailable
31075571,ECL,ZTF/full or matched-cadence fit unavailable
31075998,ECL,ZTF/full or matched-cadence fit unavailable
31076757,ECL,ZTF/full or matched-cadence fit unavailable
31077316,ROT,ZTF/full or matched-cadence fit unavailable
347028,ROT,ZTF/full or matched-cadence fit unavailable
348505,ROT,ZTF/full or matched-cadence fit unavailable
350330,ECL,ZTF/full or matched-cadence fit unavailable
3532725,ROT,ZTF/full or matched-cadence fit unavailable
3532895,PULS,ZTF/full or matched-cadence fit unavailable
3534132,ROT,ZTF/full or matched-cadence fit unavailable
3536220,ROT,ZTF/full or matched-cadence fit unavailable
3536386,ECL,ZTF/full or matched-cadence fit unavailable
3536824,ECL,ZTF/full or matched-cadence fit unavailable
3537506,ROT,ZTF/full or matched-cadence fit unavailable
3538812,ROT,ZTF/full or matched-cadence fit unavailable
3538828,ECL,ZTF/full or matched-cadence fit unavailable
3539186,ECL,ZTF/full or matched-cadence fit unavailable
3539430,PULS,ZTF/full or matched-cadence fit unavailable
3564510,ECL,ZTF/full or matched-cadence fit unavailable
3565126,ROT,ZTF/full or matched-cadence fit unavailable
356817,PULS,ZTF/full or matched-cadence fit unavailable
356877,PULS,ZTF/full or matched-cadence fit unavailable
3574211,ROT,ZTF/full or matched-cadence fit unavailable
3577225,ROT,ZTF/full or matched-cadence fit unavailable
3581809,ECL,ZTF/full or matched-cadence fit unavailable
3710767,PULS,ZTF/full or matched-cadence fit unavailable
3710808,ECL,ZTF/full or matched-cadence fit unavailable
3712095,PULS,ZTF/full or matched-cadence fit unavailable
37156018,PULS,ZTF/full or matched-cadence fit unavailable
37483271,ECL,ZTF/full or matched-cadence fit unavailable
37518901,ROT,ZTF/full or matched-cadence fit unavailable
37519132,ECL,ZTF/full or matched-cadence fit unavailable
3822793,ECL,ZTF/full or matched-cadence fit unavailable
3887691,ROT,ZTF/full or matched-cadence fit unavailable
3891826,ECL,ZTF/full or matched-cadence fit unavailable
3892698,PULS,ZTF/full or matched-cadence fit unavailable
3901049,PULS,ZTF/full or matched-cadence fit unavailable
3901195,ECL,ZTF/full or matched-cadence fit unavailable
3901523,PULS,ZTF/full or matched-cadence fit unavailable
3903789,ROT,ZTF/full or matched-cadence fit unavailable
3905246,PULS,ZTF/full or matched-cadence fit unavailable
4037793,ROT,ZTF/full or matched-cadence fit unavailable
4049660,ROT,ZTF/full or matched-cadence fit unavailable
40702829,ROT,ZTF/full or matched-cadence fit unavailable
40703147,PULS,ZTF/full or matched-cadence fit unavailable
40703379,ECL,ZTF/full or matched-cadence fit unavailable
4077049,ROT,ZTF/full or matched-cadence fit unavailable
4077488,PULS,ZTF/full or matched-cadence fit unavailable
4078284,ECL,ZTF/full or matched-cadence fit unavailable
4082210,PULS,ZTF/full or matched-cadence fit unavailable
4083549,PULS,ZTF/full or matched-cadence fit unavailable
4085335,PULS,ZTF/full or matched-cadence fit unavailable
4085912,PULS,ZTF/full or matched-cadence fit unavailable
4112453,PULS,ZTF/full or matched-cadence fit unavailable
41124661,ECL,ZTF/full or matched-cadence fit unavailable
41125000,PULS,ZTF/full or matched-cadence fit unavailable
41125983,PULS,ZTF/full or matched-cadence fit unavailable
4113244,PULS,ZTF/full or matched-cadence fit unavailable
4150111,ECL,ZTF/full or matched-cadence fit unavailable
4151340,ECL,ZTF/full or matched-cadence fit unavailable
4152234,ECL,ZTF/full or matched-cadence fit unavailable
4157465,ROT,ZTF/full or matched-cadence fit unavailable
4204790,ROT,ZTF/full or matched-cadence fit unavailable
4327369,ECL,ZTF/full or matched-cadence fit unavailable
43463371,ECL,ZTF/full or matched-cadence fit unavailable
43602504,ROT,ZTF/full or matched-cadence fit unavailable
43602683,PULS,ZTF/full or matched-cadence fit unavailable
43607595,PULS,ZTF/full or matched-cadence fit unavailable
43723851,ECL,ZTF/full or matched-cadence fit unavailable
43725364,ECL,ZTF/full or matched-cadence fit unavailable
43725412,PULS,ZTF/full or matched-cadence fit unavailable
43725574,ECL,ZTF/full or matched-cadence fit unavailable
43751047,PULS,ZTF/full or matched-cadence fit unavailable
43751069,ECL,ZTF/full or matched-cadence fit unavailable
43751070,ROT,ZTF/full or matched-cadence fit unavailable
43751104,ECL,ZTF/full or matched-cadence fit unavailable
4505350,ROT,ZTF/full or matched-cadence fit unavailable
4617347,ROT,ZTF/full or matched-cadence fit unavailable
46898462,PULS,ZTF/full or matched-cadence fit unavailable
46900523,PULS,ZTF/full or matched-cadence fit unavailable
46900530,PULS,ZTF/full or matched-cadence fit unavailable
46900571,PULS,ZTF/full or matched-cadence fit unavailable
46900766,PULS,ZTF/full or matched-cadence fit unavailable
46914594,PULS,ZTF/full or matched-cadence fit unavailable
46981461,PULS,ZTF/full or matched-cadence fit unavailable
47022061,ECL,ZTF/full or matched-cadence fit unavailable
47022490,ECL,ZTF/full or matched-cadence fit unavailable
48254750,ECL,ZTF/full or matched-cadence fit unavailable
48254913,PULS,ZTF/full or matched-cadence fit unavailable
48291676,ROT,ZTF/full or matched-cadence fit unavailable
48291761,PULS,ZTF/full or matched-cadence fit unavailable
48861948,ROT,ZTF/full or matched-cadence fit unavailable
49395288,ECL,ZTF/full or matched-cadence fit unavailable
50354719,PULS,ZTF/full or matched-cadence fit unavailable
51452441,PULS,ZTF/full or matched-cadence fit unavailable
51619399,ECL,ZTF/full or matched-cadence fit unavailable
52059747,PULS,ZTF/full or matched-cadence fit unavailable
5229059,ECL,ZTF/full or matched-cadence fit unavailable
5232017,ROT,ZTF/full or matched-cadence fit unavailable
53232471,PULS,ZTF/full or matched-cadence fit unavailable
53235616,ROT,ZTF/full or matched-cadence fit unavailable
5411253,ECL,ZTF/full or matched-cadence fit unavailable
5446585,ROT,ZTF/full or matched-cadence fit unavailable
5555406,PULS,ZTF/full or matched-cadence fit unavailable
56915085,PULS,ZTF/full or matched-cadence fit unavailable
57826612,PULS,ZTF/full or matched-cadence fit unavailable
58248261,ECL,ZTF/full or matched-cadence fit unavailable
58248337,ROT,ZTF/full or matched-cadence fit unavailable
58249566,ECL,ZTF/full or matched-cadence fit unavailable
58249780,ECL,ZTF/full or matched-cadence fit unavailable
58251035,ECL,ZTF/full or matched-cadence fit unavailable
58251450,ECL,ZTF/full or matched-cadence fit unavailable
58252576,ECL,ZTF/full or matched-cadence fit unavailable
58252767,ECL,ZTF/full or matched-cadence fit unavailable
5836693,ECL,ZTF/full or matched-cadence fit unavailable
5841268,PULS,ZTF/full or matched-cadence fit unavailable
58796041,PULS,ZTF/full or matched-cadence fit unavailable
58810544,PULS,ZTF/full or matched-cadence fit unavailable
58972187,ROT,ZTF/full or matched-cadence fit unavailable
58972248,PULS,ZTF/full or matched-cadence fit unavailable
58973832,ROT,ZTF/full or matched-cadence fit unavailable
59051628,ROT,ZTF/full or matched-cadence fit unavailable
59054632,ROT,ZTF/full or matched-cadence fit unavailable
59438186,ROT,ZTF/full or matched-cadence fit unavailable
60261746,ROT,ZTF/full or matched-cadence fit unavailable
60263670,ECL,ZTF/full or matched-cadence fit unavailable
60263788,PULS,ZTF/full or matched-cadence fit unavailable
60290272,PULS,ZTF/full or matched-cadence fit unavailable
60656985,PULS,ZTF/full or matched-cadence fit unavailable
6281459,ROT,ZTF/full or matched-cadence fit unavailable
63075,ECL,ZTF/full or matched-cadence fit unavailable
6321074,PULS,ZTF/full or matched-cadence fit unavailable
63436596,ECL,ZTF/full or matched-cadence fit unavailable
63741,ECL,ZTF/full or matched-cadence fit unavailable
64131,ECL,ZTF/full or matched-cadence fit unavailable
64170766,PULS,ZTF/full or matched-cadence fit unavailable
64210142,ROT,ZTF/full or matched-cadence fit unavailable
64449850,PULS,ZTF/full or matched-cadence fit unavailable
64488620,ECL,ZTF/full or matched-cadence fit unavailable
64528712,PULS,ZTF/full or matched-cadence fit unavailable
65730,ECL,ZTF/full or matched-cadence fit unavailable
70836558,PULS,ZTF/full or matched-cadence fit unavailable
72373285,ECL,ZTF/full or matched-cadence fit unavailable
7348645,PULS,ZTF/full or matched-cadence fit unavailable
7438439,PULS,ZTF/full or matched-cadence fit unavailable
7440327,PULS,ZTF/full or matched-cadence fit unavailable
7442075,ROT,ZTF/full or matched-cadence fit unavailable
7533051,ECL,ZTF/full or matched-cadence fit unavailable
7565670,ROT,ZTF/full or matched-cadence fit unavailable
7883167,ROT,ZTF/full or matched-cadence fit unavailable
7897069,PULS,ZTF/full or matched-cadence fit unavailable
7899663,ROT,ZTF/full or matched-cadence fit unavailable
7910252,ROT,ZTF/full or matched-cadence fit unavailable
8082395,PULS,ZTF/full or matched-cadence fit unavailable
8085320,ROT,ZTF/full or matched-cadence fit unavailable
8092746,PULS,ZTF/full or matched-cadence fit unavailable
8093720,ECL,ZTF/full or matched-cadence fit unavailable
8260993,PULS,ZTF/full or matched-cadence fit unavailable
8302040,ECL,ZTF/full or matched-cadence fit unavailable
8302414,ECL,ZTF/full or matched-cadence fit unavailable
8332271,ROT,ZTF/full or matched-cadence fit unavailable
8339159,PULS,ZTF/full or matched-cadence fit unavailable
8394767,PULS,ZTF/full or matched-cadence fit unavailable
8546961,PULS,ZTF/full or matched-cadence fit unavailable
8568363,ECL,ZTF/full or matched-cadence fit unavailable
8670455,ROT,ZTF/full or matched-cadence fit unavailable
8699916,PULS,ZTF/full or matched-cadence fit unavailable
8700246,PULS,ZTF/full or matched-cadence fit unavailable
8700320,PULS,ZTF/full or matched-cadence fit unavailable
8704610,ECL,ZTF/full or matched-cadence fit unavailable
8819196,ECL,ZTF/full or matched-cadence fit unavailable
8822653,ECL,ZTF/full or matched-cadence fit unavailable
8825435,ECL,ZTF/full or matched-cadence fit unavailable
8825485,ECL,ZTF/full or matched-cadence fit unavailable
8826860,ROT,ZTF/full or matched-cadence fit unavailable
8865289,ECL,ZTF/full or matched-cadence fit unavailable
8896147,ROT,ZTF/full or matched-cadence fit unavailable
8896298,ROT,ZTF/full or matched-cadence fit unavailable
9090968,PULS,ZTF/full or matched-cadence fit unavailable
9251753,ROT,ZTF/full or matched-cadence fit unavailable
10237771,ROT,removed by residual-scatter <0.5 mag criterion
10238176,PULS,removed by residual-scatter <0.5 mag criterion
10239140,PULS,removed by residual-scatter <0.5 mag criterion
10239298,PULS,removed by residual-scatter <0.5 mag criterion
10497248,PULS,removed by residual-scatter <0.5 mag criterion
10498170,ROT,removed by residual-scatter <0.5 mag criterion
105131014,ECL,removed by residual-scatter <0.5 mag criterion
10696865,PULS,removed by residual-scatter <0.5 mag criterion
10725426,ECL,removed by residual-scatter <0.5 mag criterion
10773364,PULS,removed by residual-scatter <0.5 mag criterion
10778223,ROT,removed by residual-scatter <0.5 mag criterion
10780015,PULS,removed by residual-scatter <0.5 mag criterion
10808297,PULS,removed by residual-scatter <0.5 mag criterion
11092165,PULS,removed by residual-scatter <0.5 mag criterion
11583913,ROT,removed by residual-scatter <0.5 mag criterion
11585038,ROT,removed by residual-scatter <0.5 mag criterion
11585275,PULS,removed by residual-scatter <0.5 mag criterion
11585571,ROT,removed by residual-scatter <0.5 mag criterion
11619576,ECL,removed by residual-scatter <0.5 mag criterion
11620459,ROT,removed by residual-scatter <0.5 mag criterion
11623180,ECL,removed by residual-scatter <0.5 mag criterion
11768436,ROT,removed by residual-scatter <0.5 mag criterion
11770453,ROT,removed by residual-scatter <0.5 mag criterion
11770897,ECL,removed by residual-scatter <0.5 mag criterion
11772925,ECL,removed by residual-scatter <0.5 mag criterion
11777501,PULS,removed by residual-scatter <0.5 mag criterion
12487551,ECL,removed by residual-scatter <0.5 mag criterion
12830641,ROT,removed by residual-scatter <0.5 mag criterion
12832340,PULS,removed by residual-scatter <0.5 mag criterion
129079539,PULS,removed by residual-scatter <0.5 mag criterion
16019978,ROT,removed by residual-scatter <0.5 mag criterion
16738104,PULS,removed by residual-scatter <0.5 mag criterion
16784892,PULS,removed by residual-scatter <0.5 mag criterion
16801379,PULS,removed by residual-scatter <0.5 mag criterion
16815886,PULS,removed by residual-scatter <0.5 mag criterion
16816534,PULS,removed by residual-scatter <0.5 mag criterion
16818524,PULS,removed by residual-scatter <0.5 mag criterion
17171821,ECL,removed by residual-scatter <0.5 mag criterion
17171883,PULS,removed by residual-scatter <0.5 mag criterion
17172303,ECL,removed by residual-scatter <0.5 mag criterion
17328065,ROT,removed by residual-scatter <0.5 mag criterion
17329374,PULS,removed by residual-scatter <0.5 mag criterion
17488161,PULS,removed by residual-scatter <0.5 mag criterion
18184350,ECL,removed by residual-scatter <0.5 mag criterion
18193560,PULS,removed by residual-scatter <0.5 mag criterion
18195756,PULS,removed by residual-scatter <0.5 mag criterion
18196901,PULS,removed by residual-scatter <0.5 mag criterion
18426152,ECL,removed by residual-scatter <0.5 mag criterion
18483904,ROT,removed by residual-scatter <0.5 mag criterion
18660334,ECL,removed by residual-scatter <0.5 mag criterion
18946645,ECL,removed by residual-scatter <0.5 mag criterion
19194483,ECL,removed by residual-scatter <0.5 mag criterion
19661840,PULS,removed by residual-scatter <0.5 mag criterion
19662904,PULS,removed by residual-scatter <0.5 mag criterion
19990288,ROT,removed by residual-scatter <0.5 mag criterion
21531331,ROT,removed by residual-scatter <0.5 mag criterion
21531421,ROT,removed by residual-scatter <0.5 mag criterion
21533102,ECL,removed by residual-scatter <0.5 mag criterion
21533661,ECL,removed by residual-scatter <0.5 mag criterion
21534447,ROT,removed by residual-scatter <0.5 mag criterion
23762161,ECL,removed by residual-scatter <0.5 mag criterion
28765678,ECL,removed by residual-scatter <0.5 mag criterion
29492502,PULS,removed by residual-scatter <0.5 mag criterion
29526107,ECL,removed by residual-scatter <0.5 mag criterion
29529311,ROT,removed by residual-scatter <0.5 mag criterion
347435,PULS,removed by residual-scatter <0.5 mag criterion
3712394,PULS,removed by residual-scatter <0.5 mag criterion
3868624,PULS,removed by residual-scatter <0.5 mag criterion
3891190,PULS,removed by residual-scatter <0.5 mag criterion
3893385,PULS,removed by residual-scatter <0.5 mag criterion
3898363,PULS,removed by residual-scatter <0.5 mag criterion
4203356,ROT,removed by residual-scatter <0.5 mag criterion
4243027,ECL,removed by residual-scatter <0.5 mag criterion
4270728,ROT,removed by residual-scatter <0.5 mag criterion
4318952,PULS,removed by residual-scatter <0.5 mag criterion
4320064,ROT,removed by residual-scatter <0.5 mag criterion
43488513,ECL,removed by residual-scatter <0.5 mag criterion
43488648,PULS,removed by residual-scatter <0.5 mag criterion
4523620,PULS,removed by residual-scatter <0.5 mag criterion
4525019,ROT,removed by residual-scatter <0.5 mag criterion
4561650,PULS,removed by residual-scatter <0.5 mag criterion
4629220,ROT,removed by residual-scatter <0.5 mag criterion
47035237,ROT,removed by residual-scatter <0.5 mag criterion
47038292,ROT,removed by residual-scatter <0.5 mag criterion
47491699,ECL,removed by residual-scatter <0.5 mag criterion
50355247,ROT,removed by residual-scatter <0.5 mag criterion
50355827,PULS,removed by residual-scatter <0.5 mag criterion
50357583,PULS,removed by residual-scatter <0.5 mag criterion
5125343,PULS,removed by residual-scatter <0.5 mag criterion
51621528,ROT,removed by residual-scatter <0.5 mag criterion
5224658,PULS,removed by residual-scatter <0.5 mag criterion
53229717,ROT,removed by residual-scatter <0.5 mag criterion
53914318,ROT,removed by residual-scatter <0.5 mag criterion
5406081,PULS,removed by residual-scatter <0.5 mag criterion
5406789,PULS,removed by residual-scatter <0.5 mag criterion
5406994,PULS,removed by residual-scatter <0.5 mag criterion
5411231,PULS,removed by residual-scatter <0.5 mag criterion
5414852,PULS,removed by residual-scatter <0.5 mag criterion
5446555,ECL,removed by residual-scatter <0.5 mag criterion
5447840,ECL,removed by residual-scatter <0.5 mag criterion
5451617,ECL,removed by residual-scatter <0.5 mag criterion
5453239,PULS,removed by residual-scatter <0.5 mag criterion
5455434,ROT,removed by residual-scatter <0.5 mag criterion
5498278,PULS,removed by residual-scatter <0.5 mag criterion
5537777,ECL,removed by residual-scatter <0.5 mag criterion
55901359,ECL,removed by residual-scatter <0.5 mag criterion
5781873,ECL,removed by residual-scatter <0.5 mag criterion
5839029,ROT,removed by residual-scatter <0.5 mag criterion
6035200,ECL,removed by residual-scatter <0.5 mag criterion
605885,ECL,removed by residual-scatter <0.5 mag criterion
6187110,ECL,removed by residual-scatter <0.5 mag criterion
6418708,ROT,removed by residual-scatter <0.5 mag criterion
6419178,ECL,removed by residual-scatter <0.5 mag criterion
6421945,PULS,removed by residual-scatter <0.5 mag criterion
6426482,ECL,removed by residual-scatter <0.5 mag criterion
6426741,PULS,removed by residual-scatter <0.5 mag criterion
6458597,ROT,removed by residual-scatter <0.5 mag criterion
64601171,ECL,removed by residual-scatter <0.5 mag criterion
64601243,ROT,removed by residual-scatter <0.5 mag criterion
64603388,ECL,removed by residual-scatter <0.5 mag criterion
6581648,ROT,removed by residual-scatter <0.5 mag criterion
6711016,ROT,removed by residual-scatter <0.5 mag criterion
67850,ECL,removed by residual-scatter <0.5 mag criterion
68854,ROT,removed by residual-scatter <0.5 mag criterion
6886753,ECL,removed by residual-scatter <0.5 mag criterion
6888060,PULS,removed by residual-scatter <0.5 mag criterion
6889004,PULS,removed by residual-scatter <0.5 mag criterion
6899577,ECL,removed by residual-scatter <0.5 mag criterion
6903815,PULS,removed by residual-scatter <0.5 mag criterion
6965492,ROT,removed by residual-scatter <0.5 mag criterion
69851,PULS,removed by residual-scatter <0.5 mag criterion
7072626,ECL,removed by residual-scatter <0.5 mag criterion
7074434,PULS,removed by residual-scatter <0.5 mag criterion
71713356,PULS,removed by residual-scatter <0.5 mag criterion
7337871,PULS,removed by residual-scatter <0.5 mag criterion
7441171,ROT,removed by residual-scatter <0.5 mag criterion
7640962,PULS,removed by residual-scatter <0.5 mag criterion
7898895,ROT,removed by residual-scatter <0.5 mag criterion
8320880,PULS,removed by residual-scatter <0.5 mag criterion
8557549,PULS,removed by residual-scatter <0.5 mag criterion
8700037,ROT,removed by residual-scatter <0.5 mag criterion
8702483,PULS,removed by residual-scatter <0.5 mag criterion
8704696,PULS,removed by residual-scatter <0.5 mag criterion
8784265,ECL,removed by residual-scatter <0.5 mag criterion
8832968,ROT,removed by residual-scatter <0.5 mag criterion
8904565,ROT,removed by residual-scatter <0.5 mag criterion
9251966,PULS,removed by residual-scatter <0.5 mag criterion
9252216,PULS,removed by residual-scatter <0.5 mag criterion
9381639,ROT,removed by residual-scatter <0.5 mag criterion
9382224,ECL,removed by residual-scatter <0.5 mag criterion
9382352,PULS,removed by residual-scatter <0.5 mag criterion
9383092,ROT,removed by residual-scatter <0.5 mag criterion
9421347,PULS,removed by residual-scatter <0.5 mag criterion
9421604,ECL,removed by residual-scatter <0.5 mag criterion
9421650,PULS,removed by residual-scatter <0.5 mag criterion
9421875,PULS,removed by residual-scatter <0.5 mag criterion
9422460,ROT,removed by residual-scatter <0.5 mag criterion
9651084,PULS,removed by residual-scatter <0.5 mag criterion
9956690,ECL,removed by residual-scatter <0.5 mag criterion
9998494,ECL,removed by residual-scatter <0.5 mag criterion
10034472,ECL,retained cross-survey comparison
10034483,ECL,retained cross-survey comparison
10034584,ROT,retained cross-survey comparison
10045593,PULS,retained cross-survey comparison
10217188,ROT,retained cross-survey comparison
10217273,ROT,retained cross-survey comparison
10218333,PULS,retained cross-survey comparison
10219790,ECL,retained cross-survey comparison
10220636,PULS,retained cross-survey comparison
10221825,PULS,retained cross-survey comparison
10235536,ECL,retained cross-survey comparison
10236927,ECL,retained cross-survey comparison
10237366,PULS,retained cross-survey comparison
10237841,ROT,retained cross-survey comparison
10239191,PULS,retained cross-survey comparison
10239273,ROT,retained cross-survey comparison
10240177,ECL,retained cross-survey comparison
10240912,PULS,retained cross-survey comparison
10244303,ECL,retained cross-survey comparison
10250850,ECL,retained cross-survey comparison
10354842,PULS,retained cross-survey comparison
10376566,ECL,retained cross-survey comparison
10384900,PULS,retained cross-survey comparison
10477528,ECL,retained cross-survey comparison
10493349,ECL,retained cross-survey comparison
10493469,ROT,retained cross-survey comparison
10493718,ECL,retained cross-survey comparison
10493735,ECL,retained cross-survey comparison
10493833,ROT,retained cross-survey comparison
10496941,PULS,retained cross-survey comparison
10497491,PULS,retained cross-survey comparison
10498319,ECL,retained cross-survey comparison
10498570,ECL,retained cross-survey comparison
10500493,ROT,retained cross-survey comparison
10500915,ECL,retained cross-survey comparison
10501818,PULS,retained cross-survey comparison
10501955,ECL,retained cross-survey comparison
10502034,ECL,retained cross-survey comparison
10503264,ECL,retained cross-survey comparison
10504051,ECL,retained cross-survey comparison
10504130,ECL,retained cross-survey comparison
10505166,ROT,retained cross-survey comparison
10505469,ECL,retained cross-survey comparison
10506123,ECL,retained cross-survey comparison
10506299,ROT,retained cross-survey comparison
10507674,ROT,retained cross-survey comparison
10519140,PULS,retained cross-survey comparison
10520315,ECL,retained cross-survey comparison
10542430,ECL,retained cross-survey comparison
10542796,ECL,retained cross-survey comparison
10543016,ECL,retained cross-survey comparison
10543409,ECL,retained cross-survey comparison
10544057,ECL,retained cross-survey comparison
10675231,PULS,retained cross-survey comparison
10681939,ECL,retained cross-survey comparison
10683246,ROT,retained cross-survey comparison
10683347,ROT,retained cross-survey comparison
10683387,ECL,retained cross-survey comparison
10684029,ROT,retained cross-survey comparison
10691077,ECL,retained cross-survey comparison
10693578,ECL,retained cross-survey comparison
10694849,ECL,retained cross-survey comparison
10695093,ECL,retained cross-survey comparison
10695604,ECL,retained cross-survey comparison
10697645,ECL,retained cross-survey comparison
10724744,ECL,retained cross-survey comparison
10725648,ECL,retained cross-survey comparison
10725909,ECL,retained cross-survey comparison
10726559,ROT,retained cross-survey comparison
10744167,ECL,retained cross-survey comparison
10745759,ROT,retained cross-survey comparison
10757580,ROT,retained cross-survey comparison
10758214,PULS,retained cross-survey comparison
10758329,PULS,retained cross-survey comparison
10758622,PULS,retained cross-survey comparison
10759236,PULS,retained cross-survey comparison
10762635,ECL,retained cross-survey comparison
10762758,PULS,retained cross-survey comparison
10764044,ECL,retained cross-survey comparison
10772457,ECL,retained cross-survey comparison
10774324,ROT,retained cross-survey comparison
10774489,PULS,retained cross-survey comparison
10775003,PULS,retained cross-survey comparison
10775690,ECL,retained cross-survey comparison
10778625,ECL,retained cross-survey comparison
10778741,ECL,retained cross-survey comparison
10779108,ECL,retained cross-survey comparison
10779272,PULS,retained cross-survey comparison
10779490,PULS,retained cross-survey comparison
10780230,ECL,retained cross-survey comparison
10781257,ROT,retained cross-survey comparison
10781318,ROT,retained cross-survey comparison
10781527,ECL,retained cross-survey comparison
10781641,ECL,retained cross-survey comparison
10781693,PULS,retained cross-survey comparison
10781754,PULS,retained cross-survey comparison
10782174,ROT,retained cross-survey comparison
10782535,PULS,retained cross-survey comparison
10795329,PULS,retained cross-survey comparison
10797187,ECL,retained cross-survey comparison
10797327,PULS,retained cross-survey comparison
10797522,ECL,retained cross-survey comparison
10999288,ROT,retained cross-survey comparison
10999667,ECL,retained cross-survey comparison
11000456,PULS,retained cross-survey comparison
11002179,ECL,retained cross-survey comparison
11003680,PULS,retained cross-survey comparison
11013770,PULS,retained cross-survey comparison
11281753,ECL,retained cross-survey comparison
11330676,PULS,retained cross-survey comparison
11331078,ROT,retained cross-survey comparison
11331222,ROT,retained cross-survey comparison
11331243,ECL,retained cross-survey comparison
11332457,PULS,retained cross-survey comparison
11333675,ECL,retained cross-survey comparison
11333752,PULS,retained cross-survey comparison
11388855,ECL,retained cross-survey comparison
11512052,ECL,retained cross-survey comparison
11522127,PULS,retained cross-survey comparison
11527909,ECL,retained cross-survey comparison
11542047,PULS,retained cross-survey comparison
11566495,ECL,retained cross-survey comparison
11566774,PULS,retained cross-survey comparison
11566988,PULS,retained cross-survey comparison
11567147,PULS,retained cross-survey comparison
11569336,ECL,retained cross-survey comparison
11569977,PULS,retained cross-survey comparison
11572714,ROT,retained cross-survey comparison
11582843,ECL,retained cross-survey comparison
11583637,PULS,retained cross-survey comparison
11585007,PULS,retained cross-survey comparison
11619060,PULS,retained cross-survey comparison
11619156,PULS,retained cross-survey comparison
11619555,PULS,retained cross-survey comparison
11620070,PULS,retained cross-survey comparison
11620130,PULS,retained cross-survey comparison
11620334,PULS,retained cross-survey comparison
11620849,ECL,retained cross-survey comparison
11621089,ECL,retained cross-survey comparison
11621668,ROT,retained cross-survey comparison
11622276,ECL,retained cross-survey comparison
11756280,ECL,retained cross-survey comparison
11757532,PULS,retained cross-survey comparison
11759538,ROT,retained cross-survey comparison
11767612,ROT,retained cross-survey comparison
11767831,ECL,retained cross-survey comparison
11769119,ROT,retained cross-survey comparison
11769623,PULS,retained cross-survey comparison
11771742,ECL,retained cross-survey comparison
11772275,PULS,retained cross-survey comparison
11772535,ROT,retained cross-survey comparison
11773942,PULS,retained cross-survey comparison
11775013,PULS,retained cross-survey comparison
11775317,ECL,retained cross-survey comparison
11775602,ROT,retained cross-survey comparison
11776356,ROT,retained cross-survey comparison
11776690,ROT,retained cross-survey comparison
11777709,ECL,retained cross-survey comparison
120940265,ROT,retained cross-survey comparison
12487006,ROT,retained cross-survey comparison
12502645,ROT,retained cross-survey comparison
12502942,ECL,retained cross-survey comparison
12503536,ECL,retained cross-survey comparison
12506476,ECL,retained cross-survey comparison
12506794,ROT,retained cross-survey comparison
12623479,PULS,retained cross-survey comparison
12624324,PULS,retained cross-survey comparison
12644829,ROT,retained cross-survey comparison
12644929,ECL,retained cross-survey comparison
12645886,ROT,retained cross-survey comparison
12827079,ECL,retained cross-survey comparison
12827303,ECL,retained cross-survey comparison
12828861,ECL,retained cross-survey comparison
13528990,ECL,retained cross-survey comparison
13530333,ECL,retained cross-survey comparison
13532173,PULS,retained cross-survey comparison
13613357,ROT,retained cross-survey comparison
13613460,ECL,retained cross-survey comparison
13638859,ROT,retained cross-survey comparison
13639219,ECL,retained cross-survey comparison
13642058,ROT,retained cross-survey comparison
13654537,PULS,retained cross-survey comparison
13654628,ECL,retained cross-survey comparison
13655331,ECL,retained cross-survey comparison
13655974,ECL,retained cross-survey comparison
13730176,ECL,retained cross-survey comparison
15264,ECL,retained cross-survey comparison
15969,PULS,retained cross-survey comparison
16015434,ECL,retained cross-survey comparison
16015562,ECL,retained cross-survey comparison
16017205,PULS,retained cross-survey comparison
16019390,PULS,retained cross-survey comparison
16020079,PULS,retained cross-survey comparison
16023201,PULS,retained cross-survey comparison
16024382,PULS,retained cross-survey comparison
16025148,PULS,retained cross-survey comparison
16025636,ROT,retained cross-survey comparison
16026174,PULS,retained cross-survey comparison
16028452,PULS,retained cross-survey comparison
16029489,ECL,retained cross-survey comparison
16030990,PULS,retained cross-survey comparison
16069049,PULS,retained cross-survey comparison
163442,PULS,retained cross-survey comparison
16658450,PULS,retained cross-survey comparison
16658572,ECL,retained cross-survey comparison
16732189,PULS,retained cross-survey comparison
16732464,ROT,retained cross-survey comparison
16738839,ECL,retained cross-survey comparison
16765635,PULS,retained cross-survey comparison
16765737,ROT,retained cross-survey comparison
16765870,ECL,retained cross-survey comparison
16766005,PULS,retained cross-survey comparison
16766402,ECL,retained cross-survey comparison
16766439,PULS,retained cross-survey comparison
16766939,ROT,retained cross-survey comparison
16767181,ECL,retained cross-survey comparison
16767478,ECL,retained cross-survey comparison
16767505,ECL,retained cross-survey comparison
16787173,PULS,retained cross-survey comparison
16805103,ECL,retained cross-survey comparison
16805321,PULS,retained cross-survey comparison
16806494,ECL,retained cross-survey comparison
16806833,ECL,retained cross-survey comparison
16808369,ECL,retained cross-survey comparison
16809098,PULS,retained cross-survey comparison
16809873,PULS,retained cross-survey comparison
16810896,ECL,retained cross-survey comparison
16811132,ROT,retained cross-survey comparison
16814727,ROT,retained cross-survey comparison
16815665,PULS,retained cross-survey comparison
16815904,PULS,retained cross-survey comparison
16816704,PULS,retained cross-survey comparison
16818208,PULS,retained cross-survey comparison
16818531,ROT,retained cross-survey comparison
16819405,ECL,retained cross-survey comparison
16843720,ECL,retained cross-survey comparison
16844332,ECL,retained cross-survey comparison
16845338,ROT,retained cross-survey comparison
16847653,ECL,retained cross-survey comparison
16848595,ECL,retained cross-survey comparison
16851429,PULS,retained cross-survey comparison
16868804,PULS,retained cross-survey comparison
16955892,ROT,retained cross-survey comparison
16956216,PULS,retained cross-survey comparison
16957061,PULS,retained cross-survey comparison
16957595,ECL,retained cross-survey comparison
16958072,ECL,retained cross-survey comparison
16958154,ECL,retained cross-survey comparison
16958954,ROT,retained cross-survey comparison
16989421,PULS,retained cross-survey comparison
16990224,ECL,retained cross-survey comparison
170222,ECL,retained cross-survey comparison
170389,PULS,retained cross-survey comparison
171278,ECL,retained cross-survey comparison
171284,PULS,retained cross-survey comparison
17139277,ECL,retained cross-survey comparison
17140336,PULS,retained cross-survey comparison
17142602,ECL,retained cross-survey comparison
17143734,ROT,retained cross-survey comparison
17143971,PULS,retained cross-survey comparison
17144966,ROT,retained cross-survey comparison
17144986,ECL,retained cross-survey comparison
17168309,ROT,retained cross-survey comparison
17168788,ROT,retained cross-survey comparison
17171512,ROT,retained cross-survey comparison
17171545,ROT,retained cross-survey comparison
17171630,ECL,retained cross-survey comparison
17171765,ECL,retained cross-survey comparison
17171915,PULS,retained cross-survey comparison
17172000,ECL,retained cross-survey comparison
17172258,ROT,retained cross-survey comparison
17172959,ROT,retained cross-survey comparison
17173082,ROT,retained cross-survey comparison
17173355,ROT,retained cross-survey comparison
17173556,ECL,retained cross-survey comparison
17173610,PULS,retained cross-survey comparison
17173848,PULS,retained cross-survey comparison
17173876,ROT,retained cross-survey comparison
17174897,ECL,retained cross-survey comparison
17204841,ECL,retained cross-survey comparison
17207486,PULS,retained cross-survey comparison
17207646,ROT,retained cross-survey comparison
17328837,PULS,retained cross-survey comparison
17332086,ROT,retained cross-survey comparison
17393810,PULS,retained cross-survey comparison
17394296,PULS,retained cross-survey comparison
17395501,ECL,retained cross-survey comparison
17395619,ECL,retained cross-survey comparison
174274,PULS,retained cross-survey comparison
174418,PULS,retained cross-survey comparison
17483546,ECL,retained cross-survey comparison
17486534,PULS,retained cross-survey comparison
17486554,PULS,retained cross-survey comparison
17486654,PULS,retained cross-survey comparison
17486976,ECL,retained cross-survey comparison
17487202,ROT,retained cross-survey comparison
17487542,PULS,retained cross-survey comparison
17487943,ECL,retained cross-survey comparison
17488151,ROT,retained cross-survey comparison
17488708,PULS,retained cross-survey comparison
17488899,PULS,retained cross-survey comparison
17489885,ROT,retained cross-survey comparison
17492316,ECL,retained cross-survey comparison
17565697,ROT,retained cross-survey comparison
17568455,ROT,retained cross-survey comparison
17568778,ROT,retained cross-survey comparison
17571053,PULS,retained cross-survey comparison
17576796,ROT,retained cross-survey comparison
17656786,PULS,retained cross-survey comparison
17665822,PULS,retained cross-survey comparison
17668303,ROT,retained cross-survey comparison
17668765,ROT,retained cross-survey comparison
17683753,PULS,retained cross-survey comparison
17704560,ECL,retained cross-survey comparison
17705241,PULS,retained cross-survey comparison
17775926,ECL,retained cross-survey comparison
17776063,ECL,retained cross-survey comparison
17776220,ECL,retained cross-survey comparison
17776640,ECL,retained cross-survey comparison
17834634,ROT,retained cross-survey comparison
17843334,PULS,retained cross-survey comparison
17845490,PULS,retained cross-survey comparison
17851092,ROT,retained cross-survey comparison
17851685,PULS,retained cross-survey comparison
17852168,ROT,retained cross-survey comparison
17880566,ECL,retained cross-survey comparison
1788362,PULS,retained cross-survey comparison
1788906,ECL,retained cross-survey comparison
1789186,ECL,retained cross-survey comparison
17901681,PULS,retained cross-survey comparison
17904870,ROT,retained cross-survey comparison
1795580,PULS,retained cross-survey comparison
1796381,ECL,retained cross-survey comparison
1800673,PULS,retained cross-survey comparison
18161508,PULS,retained cross-survey comparison
18162497,ROT,retained cross-survey comparison
18162677,ROT,retained cross-survey comparison
18162680,ECL,retained cross-survey comparison
18162899,ECL,retained cross-survey comparison
18163157,ROT,retained cross-survey comparison
18163621,PULS,retained cross-survey comparison
18165084,ECL,retained cross-survey comparison
18165266,PULS,retained cross-survey comparison
18167556,ECL,retained cross-survey comparison
18167717,ECL,retained cross-survey comparison
18168720,ROT,retained cross-survey comparison
18169982,ROT,retained cross-survey comparison
18195792,PULS,retained cross-survey comparison
18196444,ECL,retained cross-survey comparison
18197353,PULS,retained cross-survey comparison
18197760,PULS,retained cross-survey comparison
18197993,ECL,retained cross-survey comparison
18265396,ECL,retained cross-survey comparison
18265822,ROT,retained cross-survey comparison
182732,PULS,retained cross-survey comparison
18273669,PULS,retained cross-survey comparison
18276283,ROT,retained cross-survey comparison
18279384,PULS,retained cross-survey comparison
18280952,ECL,retained cross-survey comparison
18281209,ECL,retained cross-survey comparison
18285409,ROT,retained cross-survey comparison
18286689,PULS,retained cross-survey comparison
18313806,ROT,retained cross-survey comparison
18314073,PULS,retained cross-survey comparison
18480905,ECL,retained cross-survey comparison
18534956,ECL,retained cross-survey comparison
18559260,ECL,retained cross-survey comparison
18559451,ECL,retained cross-survey comparison
18559578,ECL,retained cross-survey comparison
18561633,PULS,retained cross-survey comparison
18562774,PULS,retained cross-survey comparison
18563120,ECL,retained cross-survey comparison
18563556,ROT,retained cross-survey comparison
18563573,ECL,retained cross-survey comparison
18563637,ECL,retained cross-survey comparison
18563720,ECL,retained cross-survey comparison
18563739,ROT,retained cross-survey comparison
18563890,ROT,retained cross-survey comparison
18565048,ROT,retained cross-survey comparison
18565325,PULS,retained cross-survey comparison
18565790,ECL,retained cross-survey comparison
18566020,ROT,retained cross-survey comparison
18642543,ROT,retained cross-survey comparison
18642699,PULS,retained cross-survey comparison
18642702,PULS,retained cross-survey comparison
18643556,ROT,retained cross-survey comparison
18643995,PULS,retained cross-survey comparison
18644233,ECL,retained cross-survey comparison
18645297,ECL,retained cross-survey comparison
18645374,ROT,retained cross-survey comparison
18645404,ROT,retained cross-survey comparison
18645497,ECL,retained cross-survey comparison
18646072,PULS,retained cross-survey comparison
18655471,ROT,retained cross-survey comparison
18657423,ECL,retained cross-survey comparison
18657447,ROT,retained cross-survey comparison
18657766,ECL,retained cross-survey comparison
18658755,ROT,retained cross-survey comparison
18658938,ECL,retained cross-survey comparison
18659291,PULS,retained cross-survey comparison
18660460,PULS,retained cross-survey comparison
18680916,ECL,retained cross-survey comparison
18681665,ROT,retained cross-survey comparison
18681808,ECL,retained cross-survey comparison
18682871,ECL,retained cross-survey comparison
18683438,ECL,retained cross-survey comparison
18685198,PULS,retained cross-survey comparison
18753712,ECL,retained cross-survey comparison
19132178,ECL,retained cross-survey comparison
19136639,ECL,retained cross-survey comparison
19137088,PULS,retained cross-survey comparison
19137338,ECL,retained cross-survey comparison
19137779,PULS,retained cross-survey comparison
19138566,ECL,retained cross-survey comparison
19193474,ECL,retained cross-survey comparison
19193756,ROT,retained cross-survey comparison
19197408,ROT,retained cross-survey comparison
19315549,ROT,retained cross-survey comparison
19315713,PULS,retained cross-survey comparison
19316099,PULS,retained cross-survey comparison
19316467,PULS,retained cross-survey comparison
19316804,PULS,retained cross-survey comparison
19316948,ECL,retained cross-survey comparison
19317220,ECL,retained cross-survey comparison
19317330,ECL,retained cross-survey comparison
19317387,ECL,retained cross-survey comparison
19317521,PULS,retained cross-survey comparison
19317833,ROT,retained cross-survey comparison
19318719,ECL,retained cross-survey comparison
19318983,ECL,retained cross-survey comparison
19319251,ECL,retained cross-survey comparison
19319569,ECL,retained cross-survey comparison
19319754,ROT,retained cross-survey comparison
19588422,PULS,retained cross-survey comparison
19590950,PULS,retained cross-survey comparison
19591600,PULS,retained cross-survey comparison
19591983,ECL,retained cross-survey comparison
19593398,PULS,retained cross-survey comparison
19658850,ROT,retained cross-survey comparison
19659532,ECL,retained cross-survey comparison
19660286,ECL,retained cross-survey comparison
19660896,ROT,retained cross-survey comparison
19661167,PULS,retained cross-survey comparison
19661765,ROT,retained cross-survey comparison
19662027,ECL,retained cross-survey comparison
19750741,ECL,retained cross-survey comparison
19964893,PULS,retained cross-survey comparison
19964951,ECL,retained cross-survey comparison
19968336,PULS,retained cross-survey comparison
19968756,PULS,retained cross-survey comparison
19969256,PULS,retained cross-survey comparison
20026511,ECL,retained cross-survey comparison
20027049,ROT,retained cross-survey comparison
20027107,ECL,retained cross-survey comparison
20027143,ECL,retained cross-survey comparison
20027771,ECL,retained cross-survey comparison
20028050,ECL,retained cross-survey comparison
20028894,ECL,retained cross-survey comparison
20029567,ECL,retained cross-survey comparison
20029746,ECL,retained cross-survey comparison
20029959,PULS,retained cross-survey comparison
20070902,ECL,retained cross-survey comparison
20118322,PULS,retained cross-survey comparison
20118856,ECL,retained cross-survey comparison
20119353,PULS,retained cross-survey comparison
20120409,PULS,retained cross-survey comparison
20122357,PULS,retained cross-survey comparison
20169612,PULS,retained cross-survey comparison
20184886,ROT,retained cross-survey comparison
20186268,ECL,retained cross-survey comparison
20187093,ROT,retained cross-survey comparison
20187149,PULS,retained cross-survey comparison
20187502,PULS,retained cross-survey comparison
20190320,ROT,retained cross-survey comparison
20191975,PULS,retained cross-survey comparison
20191977,ROT,retained cross-survey comparison
20234508,ECL,retained cross-survey comparison
20235179,ROT,retained cross-survey comparison
20235704,PULS,retained cross-survey comparison
20236227,ROT,retained cross-survey comparison
20236239,ECL,retained cross-survey comparison
2113,PULS,retained cross-survey comparison
21175289,PULS,retained cross-survey comparison
21175361,ECL,retained cross-survey comparison
21232250,ROT,retained cross-survey comparison
21232257,PULS,retained cross-survey comparison
21232325,ECL,retained cross-survey comparison
21233825,PULS,retained cross-survey comparison
21257439,ECL,retained cross-survey comparison
21331636,PULS,retained cross-survey comparison
21422125,ECL,retained cross-survey comparison
21526418,ECL,retained cross-survey comparison
21527184,ECL,retained cross-survey comparison
21530397,ECL,retained cross-survey comparison
21530762,PULS,retained cross-survey comparison
21530908,PULS,retained cross-survey comparison
21531110,ROT,retained cross-survey comparison
21531680,ROT,retained cross-survey comparison
21532142,ECL,retained cross-survey comparison
21533311,ECL,retained cross-survey comparison
21598075,PULS,retained cross-survey comparison
21599311,PULS,retained cross-survey comparison
21600329,PULS,retained cross-survey comparison
21600913,ECL,retained cross-survey comparison
21601027,ROT,retained cross-survey comparison
21601463,ECL,retained cross-survey comparison
21602369,ECL,retained cross-survey comparison
21602902,ECL,retained cross-survey comparison
21736850,ROT,retained cross-survey comparison
21738361,ECL,retained cross-survey comparison
21738821,ROT,retained cross-survey comparison
21741472,ROT,retained cross-survey comparison
21741826,ROT,retained cross-survey comparison
21741842,ROT,retained cross-survey comparison
21741912,PULS,retained cross-survey comparison
21742022,ROT,retained cross-survey comparison
21742048,PULS,retained cross-survey comparison
21771635,ECL,retained cross-survey comparison
21849999,PULS,retained cross-survey comparison
21854183,ECL,retained cross-survey comparison
21857747,ECL,retained cross-survey comparison
22307491,ROT,retained cross-survey comparison
22307772,ROT,retained cross-survey comparison
22308016,ECL,retained cross-survey comparison
22308111,ROT,retained cross-survey comparison
22308607,PULS,retained cross-survey comparison
22309322,ROT,retained cross-survey comparison
22309375,PULS,retained cross-survey comparison
22436387,ECL,retained cross-survey comparison
22439883,ROT,retained cross-survey comparison
22570897,ECL,retained cross-survey comparison
22575351,ROT,retained cross-survey comparison
22578074,ECL,retained cross-survey comparison
22579185,ROT,retained cross-survey comparison
25305800,ROT,retained cross-survey comparison
26693205,PULS,retained cross-survey comparison
2708658,ROT,retained cross-survey comparison
2709414,PULS,retained cross-survey comparison
2710268,ROT,retained cross-survey comparison
2710508,ROT,retained cross-survey comparison
2710636,ECL,retained cross-survey comparison
2710820,ECL,retained cross-survey comparison
2711188,ECL,retained cross-survey comparison
2854870,ECL,retained cross-survey comparison
28710216,PULS,retained cross-survey comparison
28712288,ECL,retained cross-survey comparison
28752224,ROT,retained cross-survey comparison
28763727,ECL,retained cross-survey comparison
28765447,ECL,retained cross-survey comparison
28766310,ECL,retained cross-survey comparison
28766428,PULS,retained cross-survey comparison
28766478,PULS,retained cross-survey comparison
28816210,ROT,retained cross-survey comparison
28817718,ECL,retained cross-survey comparison
28902582,PULS,retained cross-survey comparison
28904168,ECL,retained cross-survey comparison
28905333,ROT,retained cross-survey comparison
28906137,ECL,retained cross-survey comparison
28921949,ROT,retained cross-survey comparison
29095077,PULS,retained cross-survey comparison
29109245,ECL,retained cross-survey comparison
29115645,PULS,retained cross-survey comparison
29120233,ROT,retained cross-survey comparison
29120503,ROT,retained cross-survey comparison
29122503,ROT,retained cross-survey comparison
29123121,ECL,retained cross-survey comparison
29123437,ROT,retained cross-survey comparison
29123719,ROT,retained cross-survey comparison
29124055,PULS,retained cross-survey comparison
29124128,ROT,retained cross-survey comparison
29124667,ROT,retained cross-survey comparison
29188245,ROT,retained cross-survey comparison
29188330,ROT,retained cross-survey comparison
29188874,ROT,retained cross-survey comparison
29189060,PULS,retained cross-survey comparison
29189081,PULS,retained cross-survey comparison
29189133,ROT,retained cross-survey comparison
29240740,ROT,retained cross-survey comparison
29240998,PULS,retained cross-survey comparison
29243682,ECL,retained cross-survey comparison
29244562,PULS,retained cross-survey comparison
29244733,ROT,retained cross-survey comparison
29245444,ECL,retained cross-survey comparison
29255984,PULS,retained cross-survey comparison
29272289,PULS,retained cross-survey comparison
29320586,ECL,retained cross-survey comparison
29333111,PULS,retained cross-survey comparison
29401089,ROT,retained cross-survey comparison
29418604,ROT,retained cross-survey comparison
29466786,ECL,retained cross-survey comparison
29468390,PULS,retained cross-survey comparison
29470734,ROT,retained cross-survey comparison
29471286,ECL,retained cross-survey comparison
29581880,ROT,retained cross-survey comparison
29585697,ECL,retained cross-survey comparison
29586228,PULS,retained cross-survey comparison
29587302,ROT,retained cross-survey comparison
29587989,PULS,retained cross-survey comparison
29588053,PULS,retained cross-survey comparison
29588091,PULS,retained cross-survey comparison
29588414,ROT,retained cross-survey comparison
29600415,ECL,retained cross-survey comparison
29600773,ECL,retained cross-survey comparison
29602508,PULS,retained cross-survey comparison
3015458,ECL,retained cross-survey comparison
3025879,PULS,retained cross-survey comparison
3026248,ROT,retained cross-survey comparison
3026911,ROT,retained cross-survey comparison
3027876,PULS,retained cross-survey comparison
3028224,PULS,retained cross-survey comparison
3033675,PULS,retained cross-survey comparison
3037433,ECL,retained cross-survey comparison
3040680,ROT,retained cross-survey comparison
3042322,ROT,retained cross-survey comparison
3051434,ROT,retained cross-survey comparison
30985418,ECL,retained cross-survey comparison
31013677,ECL,retained cross-survey comparison
31050780,ROT,retained cross-survey comparison
31074379,PULS,retained cross-survey comparison
31074586,ROT,retained cross-survey comparison
31074838,PULS,retained cross-survey comparison
31076565,PULS,retained cross-survey comparison
31076717,ECL,retained cross-survey comparison
31077308,PULS,retained cross-survey comparison
3475,PULS,retained cross-survey comparison
348190,ECL,retained cross-survey comparison
351121,PULS,retained cross-survey comparison
351125,PULS,retained cross-survey comparison
351642,ECL,retained cross-survey comparison
3532955,PULS,retained cross-survey comparison
3534796,ECL,retained cross-survey comparison
3535885,ECL,retained cross-survey comparison
3535904,PULS,retained cross-survey comparison
3536616,ECL,retained cross-survey comparison
353686,ROT,retained cross-survey comparison
3537341,PULS,retained cross-survey comparison
3538360,PULS,retained cross-survey comparison
3538485,ECL,retained cross-survey comparison
3538597,ECL,retained cross-survey comparison
3540068,PULS,retained cross-survey comparison
354735,PULS,retained cross-survey comparison
356273,ECL,retained cross-survey comparison
3563158,PULS,retained cross-survey comparison
3563177,ROT,retained cross-survey comparison
3563635,ECL,retained cross-survey comparison
3564427,ECL,retained cross-survey comparison
3564690,ROT,retained cross-survey comparison
3564893,ROT,retained cross-survey comparison
3569945,PULS,retained cross-survey comparison
3573648,PULS,retained cross-survey comparison
3574286,PULS,retained cross-survey comparison
3577401,PULS,retained cross-survey comparison
3577405,PULS,retained cross-survey comparison
3577505,ECL,retained cross-survey comparison
3577793,PULS,retained cross-survey comparison
3578120,ECL,retained cross-survey comparison
3578149,ROT,retained cross-survey comparison
3578629,PULS,retained cross-survey comparison
3579296,PULS,retained cross-survey comparison
3579339,PULS,retained cross-survey comparison
3580508,PULS,retained cross-survey comparison
3580689,ROT,retained cross-survey comparison
3581212,PULS,retained cross-survey comparison
3609640,PULS,retained cross-survey comparison
3610139,ROT,retained cross-survey comparison
3610311,ECL,retained cross-survey comparison
3610496,PULS,retained cross-survey comparison
3610544,PULS,retained cross-survey comparison
3610975,ECL,retained cross-survey comparison
3610982,ROT,retained cross-survey comparison
3611639,PULS,retained cross-survey comparison
3653,ECL,retained cross-survey comparison
3707618,PULS,retained cross-survey comparison
3707856,ECL,retained cross-survey comparison
3708831,ECL,retained cross-survey comparison
3710915,ROT,retained cross-survey comparison
3711337,ROT,retained cross-survey comparison
3712377,PULS,retained cross-survey comparison
3712568,PULS,retained cross-survey comparison
37156082,ROT,retained cross-survey comparison
3731,ROT,retained cross-survey comparison
37518790,ECL,retained cross-survey comparison
3769324,ECL,retained cross-survey comparison
3778222,ROT,retained cross-survey comparison
3820286,ECL,retained cross-survey comparison
3820912,ECL,retained cross-survey comparison
3821074,ECL,retained cross-survey comparison
3821561,ECL,retained cross-survey comparison
3871206,ROT,retained cross-survey comparison
3873433,ROT,retained cross-survey comparison
3874759,ROT,retained cross-survey comparison
3875738,ECL,retained cross-survey comparison
3877762,PULS,retained cross-survey comparison
3878143,ROT,retained cross-survey comparison
3879596,PULS,retained cross-survey comparison
3886622,PULS,retained cross-survey comparison
3888046,ROT,retained cross-survey comparison
3888880,PULS,retained cross-survey comparison
3888905,ROT,retained cross-survey comparison
3890146,PULS,retained cross-survey comparison
3891514,PULS,retained cross-survey comparison
3892236,PULS,retained cross-survey comparison
3892908,PULS,retained cross-survey comparison
3894048,ECL,retained cross-survey comparison
3896410,ECL,retained cross-survey comparison
3897960,PULS,retained cross-survey comparison
3899727,ROT,retained cross-survey comparison
3900804,ECL,retained cross-survey comparison
3901579,PULS,retained cross-survey comparison
3902479,ROT,retained cross-survey comparison
3903295,ECL,retained cross-survey comparison
3903846,PULS,retained cross-survey comparison
3905543,ROT,retained cross-survey comparison
4016172,PULS,retained cross-survey comparison
4038104,ROT,retained cross-survey comparison
4048608,PULS,retained cross-survey comparison
4049175,ECL,retained cross-survey comparison
4049286,ECL,retained cross-survey comparison
4049593,ECL,retained cross-survey comparison
4049775,ECL,retained cross-survey comparison
4052360,ECL,retained cross-survey comparison
4053354,PULS,retained cross-survey comparison
40703607,PULS,retained cross-survey comparison
4075914,PULS,retained cross-survey comparison
40769636,ECL,retained cross-survey comparison
4077455,ECL,retained cross-survey comparison
4077773,ROT,retained cross-survey comparison
4084295,PULS,retained cross-survey comparison
4086204,PULS,retained cross-survey comparison
4086437,ECL,retained cross-survey comparison
40918651,ROT,retained cross-survey comparison
4109411,PULS,retained cross-survey comparison
4109986,PULS,retained cross-survey comparison
4112105,PULS,retained cross-survey comparison
4112322,ECL,retained cross-survey comparison
4112491,PULS,retained cross-survey comparison
41126101,PULS,retained cross-survey comparison
4150246,ROT,retained cross-survey comparison
4151235,ECL,retained cross-survey comparison
4151423,ECL,retained cross-survey comparison
4152448,ECL,retained cross-survey comparison
4154491,ROT,retained cross-survey comparison
4157047,ECL,retained cross-survey comparison
4163984,ROT,retained cross-survey comparison
4165504,ROT,retained cross-survey comparison
4165556,ROT,retained cross-survey comparison
4202106,ROT,retained cross-survey comparison
4202285,ROT,retained cross-survey comparison
4203615,PULS,retained cross-survey comparison
4203738,ROT,retained cross-survey comparison
4203764,PULS,retained cross-survey comparison
4204460,ECL,retained cross-survey comparison
4204543,ECL,retained cross-survey comparison
4204699,ECL,retained cross-survey comparison
4204745,ECL,retained cross-survey comparison
4204760,ROT,retained cross-survey comparison
4205438,ROT,retained cross-survey comparison
4205759,ROT,retained cross-survey comparison
4207350,ECL,retained cross-survey comparison
4219811,PULS,retained cross-survey comparison
4220347,ECL,retained cross-survey comparison
4220437,ROT,retained cross-survey comparison
4221224,ROT,retained cross-survey comparison
4221685,PULS,retained cross-survey comparison
4222140,PULS,retained cross-survey comparison
4222204,ECL,retained cross-survey comparison
4222265,PULS,retained cross-survey comparison
4230288,ROT,retained cross-survey comparison
4232643,PULS,retained cross-survey comparison
4232752,PULS,retained cross-survey comparison
4247530,ROT,retained cross-survey comparison
4266221,PULS,retained cross-survey comparison
4266254,ROT,retained cross-survey comparison
4268448,ROT,retained cross-survey comparison
4268603,ECL,retained cross-survey comparison
4268759,ECL,retained cross-survey comparison
4269136,PULS,retained cross-survey comparison
4269492,ECL,retained cross-survey comparison
4270548,ROT,retained cross-survey comparison
4272041,ECL,retained cross-survey comparison
4318493,ECL,retained cross-survey comparison
4319767,ECL,retained cross-survey comparison
4320073,PULS,retained cross-survey comparison
4320406,PULS,retained cross-survey comparison
4320733,ROT,retained cross-survey comparison
4321371,ROT,retained cross-survey comparison
4322722,ECL,retained cross-survey comparison
4323524,ROT,retained cross-survey comparison
4323577,ROT,retained cross-survey comparison
4326154,ECL,retained cross-survey comparison
4327679,ROT,retained cross-survey comparison
43462247,ROT,retained cross-survey comparison
43462276,ECL,retained cross-survey comparison
43600514,ECL,retained cross-survey comparison
43605629,ECL,retained cross-survey comparison
43606048,PULS,retained cross-survey comparison
43606826,PULS,retained cross-survey comparison
43607337,PULS,retained cross-survey comparison
43646238,PULS,retained cross-survey comparison
43723574,ECL,retained cross-survey comparison
43723861,ROT,retained cross-survey comparison
43724324,ECL,retained cross-survey comparison
43726367,ECL,retained cross-survey comparison
43726744,ECL,retained cross-survey comparison
43729149,PULS,retained cross-survey comparison
43751136,ROT,retained cross-survey comparison
43751151,PULS,retained cross-survey comparison
4468898,ECL,retained cross-survey comparison
4477,ROT,retained cross-survey comparison
4501986,PULS,retained cross-survey comparison
4503100,ECL,retained cross-survey comparison
4503543,ECL,retained cross-survey comparison
4503720,ROT,retained cross-survey comparison
4503752,ROT,retained cross-survey comparison
4504299,ECL,retained cross-survey comparison
4504350,ECL,retained cross-survey comparison
4504450,ROT,retained cross-survey comparison
4506346,ECL,retained cross-survey comparison
4525993,ECL,retained cross-survey comparison
4529698,PULS,retained cross-survey comparison
4529974,ECL,retained cross-survey comparison
4529988,PULS,retained cross-survey comparison
4530813,PULS,retained cross-survey comparison
4531005,ECL,retained cross-survey comparison
4531285,ECL,retained cross-survey comparison
4555438,ROT,retained cross-survey comparison
4555634,ROT,retained cross-survey comparison
4556,PULS,retained cross-survey comparison
4556326,ROT,retained cross-survey comparison
4557912,ROT,retained cross-survey comparison
4558576,ECL,retained cross-survey comparison
4558584,ROT,retained cross-survey comparison
4558756,ROT,retained cross-survey comparison
4559117,ROT,retained cross-survey comparison
4559734,PULS,retained cross-survey comparison
4560178,ROT,retained cross-survey comparison
4560436,ROT,retained cross-survey comparison
4561933,ECL,retained cross-survey comparison
4561956,ROT,retained cross-survey comparison
4562521,PULS,retained cross-survey comparison
4562612,PULS,retained cross-survey comparison
4562628,ROT,retained cross-survey comparison
4563359,ECL,retained cross-survey comparison
4563463,PULS,retained cross-survey comparison
4564992,ROT,retained cross-survey comparison
4565091,PULS,retained cross-survey comparison
4566339,PULS,retained cross-survey comparison
4567403,ECL,retained cross-survey comparison
4567648,ROT,retained cross-survey comparison
4567961,PULS,retained cross-survey comparison
4568345,PULS,retained cross-survey comparison
4569641,PULS,retained cross-survey comparison
4602673,ECL,retained cross-survey comparison
4603259,PULS,retained cross-survey comparison
4616836,PULS,retained cross-survey comparison
4617532,PULS,retained cross-survey comparison
4617815,ROT,retained cross-survey comparison
4618241,ROT,retained cross-survey comparison
4619318,PULS,retained cross-survey comparison
4619652,PULS,retained cross-survey comparison
4620115,ROT,retained cross-survey comparison
4620388,ROT,retained cross-survey comparison
4620570,ROT,retained cross-survey comparison
4626941,ROT,retained cross-survey comparison
4627821,ROT,retained cross-survey comparison
46898500,PULS,retained cross-survey comparison
46898524,PULS,retained cross-survey comparison
46900721,PULS,retained cross-survey comparison
46900775,PULS,retained cross-survey comparison
46900792,PULS,retained cross-survey comparison
46900957,PULS,retained cross-survey comparison
46901361,ROT,retained cross-survey comparison
46909891,PULS,retained cross-survey comparison
47022601,ECL,retained cross-survey comparison
47024234,ECL,retained cross-survey comparison
47024240,ECL,retained cross-survey comparison
4716237,ECL,retained cross-survey comparison
4720963,PULS,retained cross-survey comparison
4723469,PULS,retained cross-survey comparison
47491785,ECL,retained cross-survey comparison
47492672,ECL,retained cross-survey comparison
47493141,ECL,retained cross-survey comparison
47493276,ECL,retained cross-survey comparison
47494200,ECL,retained cross-survey comparison
47494726,ECL,retained cross-survey comparison
47969932,ECL,retained cross-survey comparison
47970268,ECL,retained cross-survey comparison
47970466,ECL,retained cross-survey comparison
47970546,ECL,retained cross-survey comparison
48249657,ROT,retained cross-survey comparison
48251461,PULS,retained cross-survey comparison
48286211,ROT,retained cross-survey comparison
48287254,PULS,retained cross-survey comparison
48290715,ECL,retained cross-survey comparison
48291723,ECL,retained cross-survey comparison
48291854,ECL,retained cross-survey comparison
48293073,ROT,retained cross-survey comparison
48982818,ECL,retained cross-survey comparison
49372616,ECL,retained cross-survey comparison
49373707,PULS,retained cross-survey comparison
49377921,ECL,retained cross-survey comparison
49381051,ECL,retained cross-survey comparison
49385327,ECL,retained cross-survey comparison
49847105,ECL,retained cross-survey comparison
4989226,ECL,retained cross-survey comparison
4989912,ROT,retained cross-survey comparison
4990201,PULS,retained cross-survey comparison
4990534,ECL,retained cross-survey comparison
4990915,PULS,retained cross-survey comparison
4991083,ECL,retained cross-survey comparison
4992303,ROT,retained cross-survey comparison
4993494,PULS,retained cross-survey comparison
4994274,PULS,retained cross-survey comparison
4994551,ROT,retained cross-survey comparison
4996067,ROT,retained cross-survey comparison
50132451,ECL,retained cross-survey comparison
50356551,ROT,retained cross-survey comparison
50357254,PULS,retained cross-survey comparison
50357494,PULS,retained cross-survey comparison
50357741,PULS,retained cross-survey comparison
50897611,PULS,retained cross-survey comparison
5103090,ROT,retained cross-survey comparison
5108781,ECL,retained cross-survey comparison
5109301,ECL,retained cross-survey comparison
5119390,ECL,retained cross-survey comparison
5119471,ROT,retained cross-survey comparison
5119518,ECL,retained cross-survey comparison
5120506,PULS,retained cross-survey comparison
5121047,ECL,retained cross-survey comparison
5121051,ROT,retained cross-survey comparison
5122590,ECL,retained cross-survey comparison
5125286,ECL,retained cross-survey comparison
51619832,PULS,retained cross-survey comparison
51620430,PULS,retained cross-survey comparison
51621678,ECL,retained cross-survey comparison
51784597,ECL,retained cross-survey comparison
51786275,ECL,retained cross-survey comparison
5183708,ECL,retained cross-survey comparison
52059746,ROT,retained cross-survey comparison
52059949,PULS,retained cross-survey comparison
5229099,ROT,retained cross-survey comparison
5230304,ROT,retained cross-survey comparison
5230455,ECL,retained cross-survey comparison
5230789,ECL,retained cross-survey comparison
5231192,PULS,retained cross-survey comparison
5231304,PULS,retained cross-survey comparison
5231414,ROT,retained cross-survey comparison
5232586,ECL,retained cross-survey comparison
5284944,ECL,retained cross-survey comparison
5285064,ECL,retained cross-survey comparison
5285390,ECL,retained cross-survey comparison
53182877,ECL,retained cross-survey comparison
53222658,PULS,retained cross-survey comparison
53228372,ECL,retained cross-survey comparison
53232890,ROT,retained cross-survey comparison
53235155,PULS,retained cross-survey comparison
53235397,ROT,retained cross-survey comparison
53235521,PULS,retained cross-survey comparison
53235876,PULS,retained cross-survey comparison
53235922,PULS,retained cross-survey comparison
53236580,PULS,retained cross-survey comparison
53238530,PULS,retained cross-survey comparison
53329569,ECL,retained cross-survey comparison
53330452,ECL,retained cross-survey comparison
53330884,ECL,retained cross-survey comparison
53396979,ROT,retained cross-survey comparison
5370414,ECL,retained cross-survey comparison
5387273,PULS,retained cross-survey comparison
5387464,ECL,retained cross-survey comparison
5388752,ECL,retained cross-survey comparison
5388985,ROT,retained cross-survey comparison
5389578,ECL,retained cross-survey comparison
53912901,PULS,retained cross-survey comparison
5400617,ECL,retained cross-survey comparison
5403672,ECL,retained cross-survey comparison
5403826,ROT,retained cross-survey comparison
5403891,PULS,retained cross-survey comparison
5404247,PULS,retained cross-survey comparison
5404815,ECL,retained cross-survey comparison
5407922,ECL,retained cross-survey comparison
5411324,ROT,retained cross-survey comparison
5412626,ROT,retained cross-survey comparison
5413328,PULS,retained cross-survey comparison
5413438,PULS,retained cross-survey comparison
5415208,ROT,retained cross-survey comparison
5416842,ECL,retained cross-survey comparison
54234641,ECL,retained cross-survey comparison
5446648,ROT,retained cross-survey comparison
5446653,ECL,retained cross-survey comparison
5448059,ECL,retained cross-survey comparison
5451001,ECL,retained cross-survey comparison
5452287,ECL,retained cross-survey comparison
5453649,ECL,retained cross-survey comparison
54833781,PULS,retained cross-survey comparison
5497547,PULS,retained cross-survey comparison
5498176,PULS,retained cross-survey comparison
5502345,PULS,retained cross-survey comparison
5502401,PULS,retained cross-survey comparison
5543393,ECL,retained cross-survey comparison
5551469,ROT,retained cross-survey comparison
5552243,PULS,retained cross-survey comparison
5553338,ECL,retained cross-survey comparison
5554190,PULS,retained cross-survey comparison
5556361,ECL,retained cross-survey comparison
55693949,PULS,retained cross-survey comparison
55709185,ROT,retained cross-survey comparison
5575930,ECL,retained cross-survey comparison
5601765,ECL,retained cross-survey comparison
5701570,ROT,retained cross-survey comparison
5702699,ECL,retained cross-survey comparison
5703159,ECL,retained cross-survey comparison
5703162,ECL,retained cross-survey comparison
5704161,ECL,retained cross-survey comparison
5748902,ROT,retained cross-survey comparison
5749047,ECL,retained cross-survey comparison
57826750,ECL,retained cross-survey comparison
57827024,ECL,retained cross-survey comparison
57827358,ROT,retained cross-survey comparison
57827397,ROT,retained cross-survey comparison
57989097,ECL,retained cross-survey comparison
57991378,ROT,retained cross-survey comparison
57992772,ECL,retained cross-survey comparison
5802736,PULS,retained cross-survey comparison
5802790,ECL,retained cross-survey comparison
5803027,ECL,retained cross-survey comparison
5804289,ECL,retained cross-survey comparison
5804658,ECL,retained cross-survey comparison
5807094,ROT,retained cross-survey comparison
58248360,ECL,retained cross-survey comparison
58248985,PULS,retained cross-survey comparison
58249067,ECL,retained cross-survey comparison
58249965,ECL,retained cross-survey comparison
58251579,ECL,retained cross-survey comparison
58286884,ROT,retained cross-survey comparison
5830471,ECL,retained cross-survey comparison
5836875,PULS,retained cross-survey comparison
5838015,ROT,retained cross-survey comparison
5838126,ROT,retained cross-survey comparison
5838169,ROT,retained cross-survey comparison
5838220,ROT,retained cross-survey comparison
5838315,PULS,retained cross-survey comparison
5838622,ROT,retained cross-survey comparison
5838672,ROT,retained cross-survey comparison
5839093,PULS,retained cross-survey comparison
5839101,PULS,retained cross-survey comparison
5839538,PULS,retained cross-survey comparison
5840495,PULS,retained cross-survey comparison
5840880,PULS,retained cross-survey comparison
5841545,ROT,retained cross-survey comparison
5841559,ROT,retained cross-survey comparison
5842585,PULS,retained cross-survey comparison
5842809,ROT,retained cross-survey comparison
58438055,ROT,retained cross-survey comparison
5855159,PULS,retained cross-survey comparison
58794305,PULS,retained cross-survey comparison
58798404,PULS,retained cross-survey comparison
58800074,ROT,retained cross-survey comparison
59051007,ROT,retained cross-survey comparison
59051013,ROT,retained cross-survey comparison
59051248,PULS,retained cross-survey comparison
59051356,ECL,retained cross-survey comparison
59052568,ROT,retained cross-survey comparison
59054382,ROT,retained cross-survey comparison
59057392,ROT,retained cross-survey comparison
59428296,ROT,retained cross-survey comparison
59434931,ROT,retained cross-survey comparison
59435172,ECL,retained cross-survey comparison
59435638,PULS,retained cross-survey comparison
59437778,ECL,retained cross-survey comparison
59437932,PULS,retained cross-survey comparison
59724929,ECL,retained cross-survey comparison
59739171,ROT,retained cross-survey comparison
60262047,ECL,retained cross-survey comparison
60263076,PULS,retained cross-survey comparison
60263095,ROT,retained cross-survey comparison
60263799,ECL,retained cross-survey comparison
60264159,ECL,retained cross-survey comparison
60265807,ROT,retained cross-survey comparison
60289910,PULS,retained cross-survey comparison
6035659,ROT,retained cross-survey comparison
60412706,PULS,retained cross-survey comparison
60468363,ECL,retained cross-survey comparison
60483813,ECL,retained cross-survey comparison
6048675,PULS,retained cross-survey comparison
60498365,ECL,retained cross-survey comparison
6050395,ECL,retained cross-survey comparison
60504463,PULS,retained cross-survey comparison
60507049,PULS,retained cross-survey comparison
60513231,PULS,retained cross-survey comparison
60518388,ECL,retained cross-survey comparison
6052526,ECL,retained cross-survey comparison
605404,ECL,retained cross-survey comparison
60657172,ROT,retained cross-survey comparison
60657582,ROT,retained cross-survey comparison
61496708,ROT,retained cross-survey comparison
61496813,ECL,retained cross-survey comparison
61497285,ROT,retained cross-survey comparison
61497610,ROT,retained cross-survey comparison
61760167,PULS,retained cross-survey comparison
61899853,ROT,retained cross-survey comparison
6243964,PULS,retained cross-survey comparison
6251007,ECL,retained cross-survey comparison
6320510,ECL,retained cross-survey comparison
6322787,ROT,retained cross-survey comparison
6324101,ECL,retained cross-survey comparison
6329849,ROT,retained cross-survey comparison
6332255,ECL,retained cross-survey comparison
6334546,ECL,retained cross-survey comparison
6339008,PULS,retained cross-survey comparison
6340386,ROT,retained cross-survey comparison
6342912,ECL,retained cross-survey comparison
63434538,ECL,retained cross-survey comparison
63435677,ROT,retained cross-survey comparison
63436195,ECL,retained cross-survey comparison
63436799,ECL,retained cross-survey comparison
63437025,PULS,retained cross-survey comparison
63437560,PULS,retained cross-survey comparison
63437718,ECL,retained cross-survey comparison
63438290,ROT,retained cross-survey comparison
63439174,ROT,retained cross-survey comparison
63682,PULS,retained cross-survey comparison
6384545,ECL,retained cross-survey comparison
6384849,PULS,retained cross-survey comparison
6385117,PULS,retained cross-survey comparison
6385201,ECL,retained cross-survey comparison
6385704,ECL,retained cross-survey comparison
6385706,PULS,retained cross-survey comparison
6386002,ROT,retained cross-survey comparison
6386441,ROT,retained cross-survey comparison
6386697,ROT,retained cross-survey comparison
6387940,PULS,retained cross-survey comparison
6388094,ROT,retained cross-survey comparison
6388611,PULS,retained cross-survey comparison
6388710,ROT,retained cross-survey comparison
64136,PULS,retained cross-survey comparison
64169835,ROT,retained cross-survey comparison
64170749,ROT,retained cross-survey comparison
64171523,ECL,retained cross-survey comparison
6417890,ECL,retained cross-survey comparison
6418421,ECL,retained cross-survey comparison
6420588,ECL,retained cross-survey comparison
6420800,ECL,retained cross-survey comparison
64210279,PULS,retained cross-survey comparison
64211193,ECL,retained cross-survey comparison
64211202,ECL,retained cross-survey comparison
6421462,ECL,retained cross-survey comparison
6422961,ECL,retained cross-survey comparison
6423392,ECL,retained cross-survey comparison
6423500,ECL,retained cross-survey comparison
6423659,ECL,retained cross-survey comparison
6424179,ECL,retained cross-survey comparison
6424280,ECL,retained cross-survey comparison
6424598,ECL,retained cross-survey comparison
6426339,ECL,retained cross-survey comparison
6426352,ECL,retained cross-survey comparison
6426366,PULS,retained cross-survey comparison
6426729,ECL,retained cross-survey comparison
6427086,ROT,retained cross-survey comparison
6427402,ECL,retained cross-survey comparison
6428649,ECL,retained cross-survey comparison
6428939,ECL,retained cross-survey comparison
6430298,ECL,retained cross-survey comparison
6430426,PULS,retained cross-survey comparison
6430859,ECL,retained cross-survey comparison
6435198,PULS,retained cross-survey comparison
64441220,ECL,retained cross-survey comparison
64468311,PULS,retained cross-survey comparison
64486569,ROT,retained cross-survey comparison
64496966,PULS,retained cross-survey comparison
64505857,PULS,retained cross-survey comparison
6451729,ECL,retained cross-survey comparison
64519009,ECL,retained cross-survey comparison
64520949,ECL,retained cross-survey comparison
6452260,ECL,retained cross-survey comparison
6452926,ECL,retained cross-survey comparison
6452939,ROT,retained cross-survey comparison
6453909,PULS,retained cross-survey comparison
6453989,PULS,retained cross-survey comparison
6454798,ROT,retained cross-survey comparison
6454805,ROT,retained cross-survey comparison
6454975,PULS,retained cross-survey comparison
6455934,PULS,retained cross-survey comparison
6456211,ROT,retained cross-survey comparison
6456916,ROT,retained cross-survey comparison
6457080,ROT,retained cross-survey comparison
64600489,ROT,retained cross-survey comparison
64601210,PULS,retained cross-survey comparison
65147776,ROT,retained cross-survey comparison
65409921,PULS,retained cross-survey comparison
65503,ECL,retained cross-survey comparison
6558698,PULS,retained cross-survey comparison
6559105,ROT,retained cross-survey comparison
6567096,PULS,retained cross-survey comparison
65707370,ECL,retained cross-survey comparison
65712645,PULS,retained cross-survey comparison
65713036,PULS,retained cross-survey comparison
6576787,PULS,retained cross-survey comparison
6576943,ECL,retained cross-survey comparison
6577509,ECL,retained cross-survey comparison
6578144,PULS,retained cross-survey comparison
6578876,PULS,retained cross-survey comparison
6582868,PULS,retained cross-survey comparison
66159119,PULS,retained cross-survey comparison
66340287,ROT,retained cross-survey comparison
66469,ECL,retained cross-survey comparison
6656938,ECL,retained cross-survey comparison
6656959,ECL,retained cross-survey comparison
6658051,ROT,retained cross-survey comparison
66601190,ECL,retained cross-survey comparison
66601994,PULS,retained cross-survey comparison
67079023,PULS,retained cross-survey comparison
67084,ROT,retained cross-survey comparison
6708716,ROT,retained cross-survey comparison
6708819,PULS,retained cross-survey comparison
6709328,PULS,retained cross-survey comparison
6709986,ECL,retained cross-survey comparison
6710210,ROT,retained cross-survey comparison
6711028,ECL,retained cross-survey comparison
6711345,PULS,retained cross-survey comparison
6711799,PULS,retained cross-survey comparison
6712108,PULS,retained cross-survey comparison
6712252,ROT,retained cross-survey comparison
6712505,ROT,retained cross-survey comparison
6712584,PULS,retained cross-survey comparison
6739694,ECL,retained cross-survey comparison
6766899,ECL,retained cross-survey comparison
6769695,ECL,retained cross-survey comparison
6771481,PULS,retained cross-survey comparison
6772137,ROT,retained cross-survey comparison
6772717,PULS,retained cross-survey comparison
6772757,ROT,retained cross-survey comparison
6772868,ROT,retained cross-survey comparison
6773037,ROT,retained cross-survey comparison
6774100,PULS,retained cross-survey comparison
6774272,PULS,retained cross-survey comparison
6775497,ROT,retained cross-survey comparison
6775810,PULS,retained cross-survey comparison
6775890,PULS,retained cross-survey comparison
6776179,PULS,retained cross-survey comparison
6776202,PULS,retained cross-survey comparison
6776545,PULS,retained cross-survey comparison
6776575,ECL,retained cross-survey comparison
6795847,ECL,retained cross-survey comparison
68234,ROT,retained cross-survey comparison
68481,PULS,retained cross-survey comparison
6853592,ECL,retained cross-survey comparison
6885169,ECL,retained cross-survey comparison
6885233,ROT,retained cross-survey comparison
6885262,PULS,retained cross-survey comparison
6885272,ECL,retained cross-survey comparison
6885471,PULS,retained cross-survey comparison
6885726,ECL,retained cross-survey comparison
6886254,ECL,retained cross-survey comparison
6886679,ROT,retained cross-survey comparison
6887380,ECL,retained cross-survey comparison
6887869,ECL,retained cross-survey comparison
6888668,ECL,retained cross-survey comparison
6888687,ROT,retained cross-survey comparison
6898568,ROT,retained cross-survey comparison
6900401,ROT,retained cross-survey comparison
6901057,ECL,retained cross-survey comparison
6901157,PULS,retained cross-survey comparison
6901524,ROT,retained cross-survey comparison
6901938,PULS,retained cross-survey comparison
6902134,ROT,retained cross-survey comparison
6902706,ROT,retained cross-survey comparison
6903872,PULS,retained cross-survey comparison
6904628,ECL,retained cross-survey comparison
6905427,ECL,retained cross-survey comparison
6913726,ROT,retained cross-survey comparison
6914940,ROT,retained cross-survey comparison
6914961,ROT,retained cross-survey comparison
6935829,ROT,retained cross-survey comparison
6939337,ECL,retained cross-survey comparison
69497,PULS,retained cross-survey comparison
6950970,PULS,retained cross-survey comparison
6964118,PULS,retained cross-survey comparison
6964557,ECL,retained cross-survey comparison
6964581,PULS,retained cross-survey comparison
6968029,ECL,retained cross-survey comparison
6968264,PULS,retained cross-survey comparison
6970333,ROT,retained cross-survey comparison
6970379,ROT,retained cross-survey comparison
6971276,PULS,retained cross-survey comparison
6971505,ROT,retained cross-survey comparison
6971792,ECL,retained cross-survey comparison
6974018,ECL,retained cross-survey comparison
6976195,ECL,retained cross-survey comparison
6986684,ROT,retained cross-survey comparison
6995226,ECL,retained cross-survey comparison
7070074,ECL,retained cross-survey comparison
7070781,ROT,retained cross-survey comparison
7071158,ROT,retained cross-survey comparison
7071443,PULS,retained cross-survey comparison
7072651,ROT,retained cross-survey comparison
7074195,ECL,retained cross-survey comparison
7074364,PULS,retained cross-survey comparison
7075075,ROT,retained cross-survey comparison
7076796,PULS,retained cross-survey comparison
7077326,ECL,retained cross-survey comparison
7078316,ECL,retained cross-survey comparison
70834957,PULS,retained cross-survey comparison
70835195,ECL,retained cross-survey comparison
70836696,ECL,retained cross-survey comparison
70836946,ROT,retained cross-survey comparison
70837644,ECL,retained cross-survey comparison
70879649,PULS,retained cross-survey comparison
7107905,PULS,retained cross-survey comparison
7108115,ROT,retained cross-survey comparison
7108859,ECL,retained cross-survey comparison
7109399,ECL,retained cross-survey comparison
7109820,PULS,retained cross-survey comparison
7124520,PULS,retained cross-survey comparison
7124995,ROT,retained cross-survey comparison
7125146,ECL,retained cross-survey comparison
7125249,PULS,retained cross-survey comparison
7125546,PULS,retained cross-survey comparison
7125563,ROT,retained cross-survey comparison
7125765,PULS,retained cross-survey comparison
7126295,PULS,retained cross-survey comparison
7127071,ROT,retained cross-survey comparison
7127238,PULS,retained cross-survey comparison
7127722,ECL,retained cross-survey comparison
71713323,PULS,retained cross-survey comparison
7210657,ECL,retained cross-survey comparison
7216188,ECL,retained cross-survey comparison
7216267,ECL,retained cross-survey comparison
7216705,ECL,retained cross-survey comparison
7217281,ROT,retained cross-survey comparison
7220555,ECL,retained cross-survey comparison
7221127,ROT,retained cross-survey comparison
7222035,ROT,retained cross-survey comparison
7222925,ECL,retained cross-survey comparison
7223147,ECL,retained cross-survey comparison
7223975,ECL,retained cross-survey comparison
7223998,ECL,retained cross-survey comparison
7224437,ECL,retained cross-survey comparison
7224641,PULS,retained cross-survey comparison
72372723,ECL,retained cross-survey comparison
7257067,PULS,retained cross-survey comparison
7337693,ECL,retained cross-survey comparison
7337783,PULS,retained cross-survey comparison
7338025,ECL,retained cross-survey comparison
7338134,ECL,retained cross-survey comparison
7348139,PULS,retained cross-survey comparison
7348693,ROT,retained cross-survey comparison
73598524,PULS,retained cross-survey comparison
7366942,PULS,retained cross-survey comparison
7437296,ROT,retained cross-survey comparison
7437374,ECL,retained cross-survey comparison
7438204,PULS,retained cross-survey comparison
7438598,PULS,retained cross-survey comparison
7438683,ECL,retained cross-survey comparison
7439873,ECL,retained cross-survey comparison
7439899,PULS,retained cross-survey comparison
7442130,PULS,retained cross-survey comparison
7442275,ECL,retained cross-survey comparison
7442998,ROT,retained cross-survey comparison
7443459,ECL,retained cross-survey comparison
7443675,PULS,retained cross-survey comparison
7444924,ECL,retained cross-survey comparison
7445268,PULS,retained cross-survey comparison
7445591,ROT,retained cross-survey comparison
7470754,PULS,retained cross-survey comparison
7565508,ECL,retained cross-survey comparison
7566107,ECL,retained cross-survey comparison
7567558,ROT,retained cross-survey comparison
7568349,PULS,retained cross-survey comparison
7569477,PULS,retained cross-survey comparison
7569518,PULS,retained cross-survey comparison
7569803,ROT,retained cross-survey comparison
7570243,ROT,retained cross-survey comparison
7570813,PULS,retained cross-survey comparison
7576919,PULS,retained cross-survey comparison
7583312,PULS,retained cross-survey comparison
7583531,ROT,retained cross-survey comparison
7626069,ECL,retained cross-survey comparison
7626652,ECL,retained cross-survey comparison
7626747,ROT,retained cross-survey comparison
7641751,PULS,retained cross-survey comparison
7727005,ROT,retained cross-survey comparison
7727469,PULS,retained cross-survey comparison
7727662,ROT,retained cross-survey comparison
7728538,PULS,retained cross-survey comparison
7730060,ECL,retained cross-survey comparison
7730513,PULS,retained cross-survey comparison
7730714,PULS,retained cross-survey comparison
7774103,ECL,retained cross-survey comparison
7775830,PULS,retained cross-survey comparison
77823016,ROT,retained cross-survey comparison
77824269,ROT,retained cross-survey comparison
77824723,PULS,retained cross-survey comparison
77825129,ROT,retained cross-survey comparison
77825973,PULS,retained cross-survey comparison
77826191,PULS,retained cross-survey comparison
77826239,PULS,retained cross-survey comparison
77826398,PULS,retained cross-survey comparison
77827133,PULS,retained cross-survey comparison
77827357,PULS,retained cross-survey comparison
7823498,ECL,retained cross-survey comparison
7823994,ECL,retained cross-survey comparison
7824125,ECL,retained cross-survey comparison
7882385,ECL,retained cross-survey comparison
7895183,ROT,retained cross-survey comparison
7895556,PULS,retained cross-survey comparison
7895929,ECL,retained cross-survey comparison
7896356,ECL,retained cross-survey comparison
7896452,ECL,retained cross-survey comparison
7896648,ECL,retained cross-survey comparison
7898286,ECL,retained cross-survey comparison
7898622,ECL,retained cross-survey comparison
7898800,PULS,retained cross-survey comparison
7898810,ECL,retained cross-survey comparison
7898858,ECL,retained cross-survey comparison
7903764,ECL,retained cross-survey comparison
7904203,ECL,retained cross-survey comparison
7904889,ECL,retained cross-survey comparison
7907155,ECL,retained cross-survey comparison
7907460,ECL,retained cross-survey comparison
7907540,ECL,retained cross-survey comparison
7907839,PULS,retained cross-survey comparison
7908072,PULS,retained cross-survey comparison
7908534,ECL,retained cross-survey comparison
7911028,ECL,retained cross-survey comparison
7911225,ECL,retained cross-survey comparison
7947845,PULS,retained cross-survey comparison
7948368,ECL,retained cross-survey comparison
8047786,ECL,retained cross-survey comparison
8068666,PULS,retained cross-survey comparison
8068842,ECL,retained cross-survey comparison
8071429,ECL,retained cross-survey comparison
8071881,ECL,retained cross-survey comparison
8072240,PULS,retained cross-survey comparison
8072435,PULS,retained cross-survey comparison
8073438,PULS,retained cross-survey comparison
8074328,ROT,retained cross-survey comparison
8074888,ROT,retained cross-survey comparison
8075730,PULS,retained cross-survey comparison
8076116,PULS,retained cross-survey comparison
8076701,ECL,retained cross-survey comparison
8077094,ECL,retained cross-survey comparison
8077230,ECL,retained cross-survey comparison
8082471,ROT,retained cross-survey comparison
8082552,PULS,retained cross-survey comparison
8083257,PULS,retained cross-survey comparison
8083426,ECL,retained cross-survey comparison
8083768,ECL,retained cross-survey comparison
8084106,PULS,retained cross-survey comparison
8085518,ROT,retained cross-survey comparison
8086665,ECL,retained cross-survey comparison
8086972,ECL,retained cross-survey comparison
8087946,ECL,retained cross-survey comparison
8089106,ECL,retained cross-survey comparison
8089125,PULS,retained cross-survey comparison
8089619,ECL,retained cross-survey comparison
8089705,ROT,retained cross-survey comparison
8089854,ROT,retained cross-survey comparison
8095331,ROT,retained cross-survey comparison
8098769,ECL,retained cross-survey comparison
8233546,ECL,retained cross-survey comparison
8234121,PULS,retained cross-survey comparison
8234397,PULS,retained cross-survey comparison
8259819,ROT,retained cross-survey comparison
8260014,ECL,retained cross-survey comparison
8261091,ROT,retained cross-survey comparison
8261516,ECL,retained cross-survey comparison
8261562,ECL,retained cross-survey comparison
8261582,ROT,retained cross-survey comparison
8262856,PULS,retained cross-survey comparison
8263311,PULS,retained cross-survey comparison
8263430,PULS,retained cross-survey comparison
8298820,ECL,retained cross-survey comparison
8299599,ROT,retained cross-survey comparison
8300516,ROT,retained cross-survey comparison
8301231,ECL,retained cross-survey comparison
8301406,PULS,retained cross-survey comparison
8301688,ROT,retained cross-survey comparison
8303969,ROT,retained cross-survey comparison
8304398,ROT,retained cross-survey comparison
8305219,ECL,retained cross-survey comparison
8307548,PULS,retained cross-survey comparison
8315756,PULS,retained cross-survey comparison
8320284,ECL,retained cross-survey comparison
8322462,PULS,retained cross-survey comparison
8331224,ECL,retained cross-survey comparison
8332182,PULS,retained cross-survey comparison
8335030,ECL,retained cross-survey comparison
8335368,ROT,retained cross-survey comparison
8337085,ECL,retained cross-survey comparison
8337585,ROT,retained cross-survey comparison
8393155,ECL,retained cross-survey comparison
8393170,ECL,retained cross-survey comparison
8393250,ROT,retained cross-survey comparison
8393466,ECL,retained cross-survey comparison
8393797,ROT,retained cross-survey comparison
8394121,ROT,retained cross-survey comparison
8394147,ROT,retained cross-survey comparison
8394481,PULS,retained cross-survey comparison
8395322,ECL,retained cross-survey comparison
8395431,ROT,retained cross-survey comparison
8395517,ECL,retained cross-survey comparison
8395519,ROT,retained cross-survey comparison
8395617,ECL,retained cross-survey comparison
8395718,PULS,retained cross-survey comparison
8395893,ECL,retained cross-survey comparison
8396121,ECL,retained cross-survey comparison
8396331,PULS,retained cross-survey comparison
8396360,ECL,retained cross-survey comparison
8412158,PULS,retained cross-survey comparison
8413061,ECL,retained cross-survey comparison
8422352,ROT,retained cross-survey comparison
8425025,PULS,retained cross-survey comparison
8425463,PULS,retained cross-survey comparison
8432779,ROT,retained cross-survey comparison
8434259,ROT,retained cross-survey comparison
8436241,PULS,retained cross-survey comparison
8542300,PULS,retained cross-survey comparison
8543863,ROT,retained cross-survey comparison
8545757,ROT,retained cross-survey comparison
8546412,ROT,retained cross-survey comparison
8564724,ECL,retained cross-survey comparison
8649964,PULS,retained cross-survey comparison
8667230,ROT,retained cross-survey comparison
8667502,ECL,retained cross-survey comparison
8670012,ECL,retained cross-survey comparison
8699987,ROT,retained cross-survey comparison
8700095,ECL,retained cross-survey comparison
8700483,ECL,retained cross-survey comparison
8700535,PULS,retained cross-survey comparison
8700892,PULS,retained cross-survey comparison
8701682,PULS,retained cross-survey comparison
8702423,PULS,retained cross-survey comparison
8702500,ROT,retained cross-survey comparison
8702521,ROT,retained cross-survey comparison
8702727,ROT,retained cross-survey comparison
8704579,PULS,retained cross-survey comparison
87877251,PULS,retained cross-survey comparison
8821912,ECL,retained cross-survey comparison
8822978,PULS,retained cross-survey comparison
8823819,ECL,retained cross-survey comparison
8826873,ECL,retained cross-survey comparison
8827035,ECL,retained cross-survey comparison
8827070,ECL,retained cross-survey comparison
8828001,ECL,retained cross-survey comparison
8829207,ROT,retained cross-survey comparison
8829788,PULS,retained cross-survey comparison
8830717,ECL,retained cross-survey comparison
8831470,PULS,retained cross-survey comparison
8833434,PULS,retained cross-survey comparison
8833576,ECL,retained cross-survey comparison
8841633,PULS,retained cross-survey comparison
8862457,PULS,retained cross-survey comparison
8865247,ROT,retained cross-survey comparison
8894179,PULS,retained cross-survey comparison
8895224,PULS,retained cross-survey comparison
8895274,PULS,retained cross-survey comparison
8895629,ROT,retained cross-survey comparison
8896138,ECL,retained cross-survey comparison
8896173,ECL,retained cross-survey comparison
8896234,PULS,retained cross-survey comparison
8896887,ECL,retained cross-survey comparison
8897858,ECL,retained cross-survey comparison
8899537,ECL,retained cross-survey comparison
8899594,PULS,retained cross-survey comparison
8899881,PULS,retained cross-survey comparison
8899939,ROT,retained cross-survey comparison
8899980,ROT,retained cross-survey comparison
8900411,ECL,retained cross-survey comparison
8900711,PULS,retained cross-survey comparison
8900750,ROT,retained cross-survey comparison
8901720,PULS,retained cross-survey comparison
8902536,PULS,retained cross-survey comparison
8902556,ROT,retained cross-survey comparison
8903423,ROT,retained cross-survey comparison
8903746,ECL,retained cross-survey comparison
8909137,PULS,retained cross-survey comparison
8909809,PULS,retained cross-survey comparison
9001273,ECL,retained cross-survey comparison
9001365,ECL,retained cross-survey comparison
9002155,PULS,retained cross-survey comparison
9002177,ECL,retained cross-survey comparison
9058102,ECL,retained cross-survey comparison
9058337,ECL,retained cross-survey comparison
9086627,PULS,retained cross-survey comparison
9087179,PULS,retained cross-survey comparison
9087235,ECL,retained cross-survey comparison
9087352,PULS,retained cross-survey comparison
9088982,PULS,retained cross-survey comparison
9210109,ROT,retained cross-survey comparison
9252425,PULS,retained cross-survey comparison
9253617,ROT,retained cross-survey comparison
9254197,PULS,retained cross-survey comparison
92903768,ECL,retained cross-survey comparison
9322176,ECL,retained cross-survey comparison
9381201,ECL,retained cross-survey comparison
9381763,PULS,retained cross-survey comparison
9382525,ROT,retained cross-survey comparison
9383083,ECL,retained cross-survey comparison
9384895,ECL,retained cross-survey comparison
9385226,ROT,retained cross-survey comparison
9385654,ROT,retained cross-survey comparison
9386210,ECL,retained cross-survey comparison
9421023,PULS,retained cross-survey comparison
9421599,PULS,retained cross-survey comparison
9421913,ECL,retained cross-survey comparison
9422650,ROT,retained cross-survey comparison
9422977,PULS,retained cross-survey comparison
9423042,PULS,retained cross-survey comparison
9424274,ECL,retained cross-survey comparison
9425767,ECL,retained cross-survey comparison
9426593,ROT,retained cross-survey comparison
9427365,ECL,retained cross-survey comparison
9428064,ROT,retained cross-survey comparison
9429099,PULS,retained cross-survey comparison
9431610,ECL,retained cross-survey comparison
9434470,ECL,retained cross-survey comparison
9439475,ROT,retained cross-survey comparison
9441160,ROT,retained cross-survey comparison
9450313,PULS,retained cross-survey comparison
9450736,PULS,retained cross-survey comparison
9450929,ROT,retained cross-survey comparison
9452348,ROT,retained cross-survey comparison
9453344,PULS,retained cross-survey comparison
9453622,PULS,retained cross-survey comparison
9454863,ECL,retained cross-survey comparison
9456002,PULS,retained cross-survey comparison
9456270,ROT,retained cross-survey comparison
9456525,PULS,retained cross-survey comparison
9456617,PULS,retained cross-survey comparison
9456813,PULS,retained cross-survey comparison
9457934,PULS,retained cross-survey comparison
9458579,ECL,retained cross-survey comparison
9460839,PULS,retained cross-survey comparison
96131644,ROT,retained cross-survey comparison
9643411,ECL,retained cross-survey comparison
9643691,ROT,retained cross-survey comparison
9643812,ROT,retained cross-survey comparison
9644976,ROT,retained cross-survey comparison
9649557,ECL,retained cross-survey comparison
9650202,ECL,retained cross-survey comparison
9651399,ROT,retained cross-survey comparison
9652405,PULS,retained cross-survey comparison
9653645,ROT,retained cross-survey comparison
9657617,ECL,retained cross-survey comparison
9675295,PULS,retained cross-survey comparison
9675309,ECL,retained cross-survey comparison
9708274,PULS,retained cross-survey comparison
9708371,ROT,retained cross-survey comparison
9708710,ECL,retained cross-survey comparison
9708918,ECL,retained cross-survey comparison
9710004,PULS,retained cross-survey comparison
9710912,ROT,retained cross-survey comparison
9711106,ROT,retained cross-survey comparison
9711807,ECL,retained cross-survey comparison
9711882,ECL,retained cross-survey comparison
98165613,ROT,retained cross-survey comparison
9824982,ECL,retained cross-survey comparison
9851742,ECL,retained cross-survey comparison
9857403,ECL,retained cross-survey comparison
9861363,PULS,retained cross-survey comparison
9862976,ECL,retained cross-survey comparison
9866814,ROT,retained cross-survey comparison
9867488,ECL,retained cross-survey comparison
9874771,ECL,retained cross-survey comparison
9874894,PULS,retained cross-survey comparison
9954565,ECL,retained cross-survey comparison
9955745,ECL,retained cross-survey comparison
9956460,ECL,retained cross-survey comparison
9956546,ECL,retained cross-survey comparison
9956644,ECL,retained cross-survey comparison
