source_id,period_d,n,correction_median_s,correction_min_s,correction_max_s,correction_span_s,phase_span,default_phase,occupied_bins
1492,0.5239843,20,446.71666708309203,151.84264476411045,519.9507397832349,368.10809501912445,0.00813098857927164,False,13
2113,0.2970703,22,442.0078164548613,150.12772686313838,518.4286046074703,368.30087774433196,0.014349268979630066,False,16
3475,0.498584,22,438.7054033926688,156.90883321221918,518.8014928484336,361.8926596362144,0.008400936350731716,False,11
3653,0.2295988,21,445.2125833835453,157.41344725247473,518.7040871707723,361.29063991829753,0.018212658901893213,False,16
3731,2.0429531,22,438.8865229091607,153.51993776857853,517.1102666063234,363.5903288377449,0.002059871760435915,False,16
4477,1.2298731,22,436.34494798025116,162.06679972819984,519.0112168667838,356.94441713858396,0.003359127965551215,False,18
4556,0.7060912,33,401.70116492081434,162.84703966230154,518.1882191682234,355.3411795059219,0.005824665614258317,False,15
15264,0.3381208,35,36.417158134281635,-148.30884779803455,379.004386626184,527.3132344242185,0.018050242503464715,False,21
15969,0.0733525,33,37.27000567596406,-147.3497602622956,378.8793219253421,526.2290821876377,0.08303213083632777,False,19
63075,0.3784776,20,63.043359329458326,-108.06567063555121,304.8552621854469,412.92093282099813,0.012627372037885456,False,17
63682,400.3347597,22,26.389747601933777,-112.35537088941783,296.89918546937406,409.2545563587919,1.1831954222507599e-05,False,9
63741,0.3239884,22,60.30074382433668,-108.11381209641695,301.2239790754393,409.3377911718562,0.014623072666616855,False,15
64131,0.2803928,22,28.578895039390773,-110.56560615543276,296.8835819279775,407.44918808341026,0.016818716758414374,False,17
64136,0.5177187,21,43.110648659057915,-106.61411506589502,301.10122149344534,407.71533655934036,0.009114848481373856,False,15
65503,0.2453858,23,42.235312052071095,-104.55371460411698,295.999913290143,400.55362789426,0.018892851012109375,False,14
65730,0.2793106,23,73.83874088991433,-102.82158572226763,292.49303354881704,395.31461927108467,0.016381049219069823,False,19
66469,0.4119892,25,74.50753566808999,-104.99629920814186,290.6063918257132,395.6026910338551,0.011113725432435797,False,19
67084,5.40772,20,42.239570163656026,-98.29579365905374,294.6779008721933,392.973694531247,0.0008410765811963657,False,14
68234,13.7697229,21,115.62892107758671,-94.73630657885224,288.3662881795317,383.10259475838393,0.000322015035589679,False,17
68481,0.5517866,20,50.046006962656975,-91.79148939438164,294.388603256084,386.18009265046567,0.00810037249594187,False,15
69497,47.1655605,21,84.30989398621023,-90.42459628544748,286.5965696051717,377.02116589061916,9.251816060813687e-05,False,15
163442,0.0754124,25,243.52212636731565,22.102936590090394,285.8969876775518,263.7940510874614,0.040486337625992,False,18
170222,0.7045248,21,446.95490633603185,134.96586608234793,517.2333875438198,382.2675214614719,0.006279967162983868,False,16
170389,0.599385,24,411.7664492921904,133.60900359693915,516.2914311513305,382.6824275543913,0.007389565576984761,False,19
171278,0.296099,24,411.3637350965291,136.24503838364035,515.7005534972996,379.4555151136592,0.014832357555214391,False,19
171284,0.6468489,24,410.9429084463045,135.0514438468963,515.195059357211,380.1436155103147,0.006801913653563787,False,15
172032,106.3723368,24,410.59128718916327,138.3587182033807,514.6506340010092,376.29191579762846,4.094326248661481e-05,False,17
174274,0.5362214,23,416.6739211650565,144.2928347038105,515.51568727009,371.22285256627947,0.008012661922092624,False,16
174418,0.3552692,24,410.9714419115335,142.23960076924413,515.0278020417318,372.78820127248764,0.012144813722857504,False,16
182534,0.3259302,20,440.65176931908354,114.38779800664634,520.298013347201,405.9102153405547,0.014414236237620628,False,13
182732,0.5249835,20,439.7786870249547,111.72086228616536,519.106311025098,407.3854487389326,0.008981442960406016,False,12
183083,0.4196466,20,439.44518513744697,112.03865439165384,518.7312514521182,406.6925970604643,0.011216795855739982,False,11
183252,0.2986176,20,441.053028521128,119.51974374242127,521.0799594176933,401.56021567527205,0.01556401123519431,False,14
256886,0.5072546,37,381.44567732233554,146.59287692047656,459.5910597592592,312.99818283878267,0.007141707839074601,False,19
348190,0.2993634,20,358.087942795828,165.90458694845438,434.18595779221505,268.28137084376067,0.010372371702218183,False,16
348505,0.1599691,23,353.3753627445549,164.64847011957318,431.8376182112843,267.1891480917111,0.019331652124080285,False,17
350330,1.2277558,22,356.5281688934192,168.25518775731325,428.9864015299827,260.73121377266943,0.0024579174308344692,False,15
351121,0.0478493,23,355.0348802469671,170.61566265765578,427.95972421299666,257.3440615553409,0.062247916499605926,False,18
351125,0.0463293,22,362.07326523726806,178.40996130835265,434.383432706818,255.97347139846534,0.06394778075567123,False,16
351642,0.2902122,23,316.13357432652265,171.90809617750347,427.28334297426045,255.37524679675698,0.010184726979467484,False,17
353686,0.7970524,23,315.87969821412116,170.99939624313265,426.39187099412084,255.39247475098819,0.0037085785335180346,False,17
354735,0.4083119,21,430.4314299020916,121.96431406773627,500.3521876176819,378.38787354994565,0.01072584285982957,False,14
356273,0.2775336,21,431.7992276279256,128.99876658339053,498.4945791307837,369.49581254739314,0.015409204162968797,False,15
356817,0.3160422,20,430.92438293388113,129.46980418637395,496.89145653974265,367.4216523533687,0.013455688578160076,False,14
356877,0.7601334,20,430.49531634896994,129.08638177905232,496.3968398049474,367.31045802589506,0.005592805748798548,False,13
356960,0.6607468,21,429.27357747685164,128.83185627870262,495.785741857253,366.9538855785504,0.006427804801257373,False,13
368138,10.1005913,38,125.53899544291198,-15.073123457841575,188.46637615934014,203.53949961718172,0.0002332320134138318,False,20
373912,0.353232,20,237.46742110233754,-35.307926195673645,394.45343404076993,429.7613602364436,0.01408165120247155,False,14
374227,0.3813566,20,217.74079838069156,-23.7322302069515,402.0814397139475,425.813669920899,0.012923334635922946,False,14
390886,1.7097177,33,165.2525197248906,-96.89896395429969,425.0419242074713,521.940888161771,0.0035333216131951785,False,18
391705,0.6518736,33,224.01554714888334,-94.873928418383,424.52492464799434,519.3988530663773,0.009221973093218329,False,18
391868,1.4311824,39,169.71456238534302,-93.48865379579365,426.2778326869011,519.7664864826947,0.004203388621724198,False,21
393727,0.5689581,22,175.22950399434194,-85.15084886457771,432.44045013561845,517.5912990001962,0.010529140959104883,False,17
396706,0.2517234,21,174.9616522109136,-77.36025669146329,430.1017155870795,507.4619722785428,0.023332763092058898,False,14
396749,0.5023297,22,176.8794771283865,-79.02008222881705,425.99125143606216,505.0113336648792,0.01163586103725153,False,16
398315,0.365325,21,169.59658185951412,-76.84435474220663,420.566808921285,497.4111636634916,0.015758772746219486,False,19
401124,0.3146363,25,293.2591447373852,-7.457420323044062,403.9392701117322,411.39669043477625,0.015133459708625552,False,18
401420,0.3195186,25,303.59625548589975,-0.3260424127802253,410.81596724689007,411.1420096596703,0.01489299237904993,False,18
401938,0.6244454,25,293.26359992846847,-5.196365271694958,401.8931781873107,407.08954345900565,0.007545390727156495,False,16
402398,0.2885596,25,303.6223548464477,2.3439378244802356,408.42673634178936,406.08279851730913,0.016287908599286364,False,17
403076,0.3533848,25,304.34724593069404,4.308291105553508,407.58018591441214,403.27189480885863,0.01320797833554227,False,16
412163,0.4720732,20,216.22592057101429,130.90173164382577,305.4742816602811,174.57255001645535,0.0042800896665823335,False,15
414020,0.0500573,20,210.647386405617,128.16385673359036,297.4349462427199,169.27108950912952,0.03913827011400711,False,15
416128,0.2536956,20,205.90977442916483,131.80434003006667,295.06953209638596,163.2651920663193,0.007448467481081698,False,12
517541,0.338074,25,319.22882446087897,-103.54441674426198,485.0539314793423,588.5983482236043,0.020150857156177766,False,18
519013,0.3068246,23,318.45973099116236,-104.6285601798445,484.84839296434075,589.4769531441852,0.022236319775696903,False,18
552761,0.2750358,380,335.2036095689982,206.43350360915065,452.6328647509217,246.19936114177108,0.010360577215200976,False,31
555576,0.2581418,374,347.5949613377452,221.9869811553508,454.8855456523597,232.89856449700892,0.010442265596791763,False,30
555851,0.6320743,379,343.9602206926793,218.82897990290076,451.71247269026935,232.8834927873686,0.004264389164612609,False,25
556264,4.1548285,369,346.18950036820024,222.07448445260525,451.3581382110715,229.28365375846624,0.0006387137261080309,False,21
556300,8.1904092,376,347.3941533593461,222.61274973861873,453.2757525332272,230.66300279460847,0.0003259557142142732,False,16
604427,0.3500004,22,368.56023247819394,56.71480691526085,495.397898205556,438.6830912902951,0.014506699402736897,False,15
605404,0.3532008,20,375.92071200488135,64.90756950806826,498.3484951313585,433.44092562329024,0.014203471169655315,False,16
605958,2.1510747,23,393.1757245911285,61.631046468392015,494.2221539793536,432.5911075109616,0.0023276000234290378,False,17
606285,0.2549198,25,391.52464284561574,52.82943269703537,492.64539352152497,439.8159608244896,0.01996887848469481,False,18
607147,0.2505616,24,375.19988792482764,58.78716981969774,495.71859212592244,436.9314223062247,0.020182967569902115,False,19
607672,0.5147159,22,378.1898300279863,70.14453755691648,497.08999008871615,426.9454525317997,0.009600438403383548,False,16
640192,0.6228414,23,290.5117264017463,128.45165440812707,398.23271348141134,269.78105907328427,0.005013260135720499,False,18
640768,0.6451256,24,297.059076349251,129.52052999753505,396.67148678563535,267.1509567881003,0.004792903835819312,False,17
642234,0.0541593,21,294.30340896360576,134.87423134502023,396.18992696050555,261.3156956154853,0.055844281919667,False,15
651349,0.266683,376,348.221364535857,219.48002118151635,460.85759131237864,241.3775701308623,0.010475815393236951,False,30
653188,0.7239912,30,126.62039642455056,-136.05849808081985,412.527031567879,548.5855296486989,0.008769954049329882,False,18
653611,0.3123564,23,220.10993692092597,-135.55223573930562,415.92164263129234,551.473878370598,0.020434348449970028,False,17
654210,0.345015,25,134.9228549748659,-134.5417390577495,413.0907675717026,547.6325066294521,0.018371198924974682,False,21
682103,58.0135907,72,332.8678598161787,257.51785235479474,509.4478402286768,251.92998787388206,5.0261607770692496e-05,False,16
682300,151.4380818,71,333.76717222854495,258.6183889070526,509.28287871647626,250.66448980942369,1.9157726631969634e-05,False,13
689284,0.422558,20,329.66967603424564,52.533103711903095,477.84734149463475,425.31423778273165,0.011649568799681204,False,16
690118,0.4344,20,328.08155914535746,52.8010802809149,474.98980255331844,422.18872227240354,0.011248719025827544,False,15
690265,0.3066252,20,328.8302937056869,53.6347271874547,475.13718407135457,421.50245688389987,0.015910305670827025,False,15
691739,0.5792843,20,332.00721804751083,57.28057720698416,475.6267534336075,418.34617622662336,0.008358537651119814,False,15
692194,0.3433012,20,329.9083628808148,55.223072902299464,474.86443421803415,419.6413613157347,0.014147810145765865,False,15
703633,0.2405702,21,164.98583250213414,-76.42340487800539,410.89057771023363,487.313982588239,0.02344516541038051,False,17
705322,0.5285593,20,160.41237014578655,-71.65792705491185,406.0011346824467,477.65906173735857,0.010459491229651828,False,16
706627,2.4576023,22,174.78512995876372,-68.21050434373319,404.2179266922176,472.4284310359508,0.0022249009351548417,False,13
708922,2.7749304,23,187.53685620613396,-60.104361176490784,403.8977652322501,464.0021264087409,0.0019353260109091922,False,18
712084,43.5034801,22,190.91859832406044,-61.58684848342091,348.9876344567165,410.5744829401374,0.000109233088193186,False,18
713013,0.211654,25,188.29171468969434,-64.53670549672097,345.88133906945586,410.41804456617683,0.022443274632870464,False,18
713147,0.507933,22,190.48844638746232,-58.776730578392744,345.1163500081748,403.8930805865675,0.009203356412587687,False,16
713256,14.3186904,25,190.58742178604007,-62.46533333323896,346.4258895255625,408.8912228588015,0.0003305146748341244,False,18
713664,0.3135692,25,189.98758220113814,-60.74623432941735,343.66626986302435,404.4125041924417,0.01492716848467615,False,15
713962,0.427413,26,199.6366346720606,-56.049612374044955,348.0387585936114,404.0883709676564,0.010942457852361951,False,16
714011,0.3606442,26,198.28154055867344,-56.40856297686696,346.6736872913316,403.08225026819855,0.01293602897966637,False,16
718410,2.1581956,21,327.1537814754993,74.25195404794067,445.01538884360343,370.76343479566276,0.001988347793074517,False,14
718432,0.3710216,22,331.6029489040375,72.20109009649605,442.6894874079153,370.48839731141925,0.011557440736785546,False,13
720276,0.2437052,22,339.8084499989636,81.81086308322847,445.27282307390124,363.46195999067277,0.017261575247636052,False,18
720902,324.8097072,21,332.232404476963,82.75345880538225,443.7847245018929,361.0312656965107,1.2864771340270255e-05,False,9
720910,0.4116322,22,338.8154556741938,82.34757122118026,443.25113946106285,360.9035682398826,0.01014771106926535,False,14
744286,2.7326669,24,291.3437473238446,42.93122899252921,387.01409474015236,344.08286574762315,0.001457345780337397,False,19
744509,0.2477084,24,291.111914254725,43.784147570841014,386.78851949516684,343.0043719243258,0.016026739538842448,False,17
744737,0.6134652,22,294.4780889782123,75.23882193490863,392.0281479600817,316.78932602517307,0.005976774436905883,False,16
745248,0.4701782,22,298.0608829879202,79.8538844101131,388.2244671229273,308.3705827128142,0.007590960122318512,False,14
745603,0.1830764,22,295.27263493509963,71.52456112671643,384.3525628326461,312.82800170592964,0.019776959041083397,False,16
747858,0.2753386,22,294.93239839794114,83.07226113975048,384.8420441849157,301.76978304516524,0.012685129590555067,False,15
779132,0.3934878,30,278.31494993297383,7.76096424087882,358.0304087838158,350.269444542937,0.010302846738894405,False,18
789761,0.6542904,28,289.0731783933006,18.738568271510303,362.7801007591188,344.0415324876085,0.006085924814989709,False,21
791559,5.4042521,29,278.3339773770422,14.352253172546625,357.3345333337784,342.98228016123176,0.0007345516536286165,False,22
791822,0.5501309,31,283.74988606665283,18.30486450344324,360.95458574127406,342.6497212378308,0.0072089265574202185,False,20
793028,2.7549962,31,278.06957652792335,14.767239731736481,356.65962751954794,341.89238778781146,0.0014363314989756387,False,20
795063,0.2978232,23,297.66027631703764,25.161198643036187,359.72059273626655,334.55939409323037,0.013001724544670759,False,15
795583,5.8853731,29,277.5270050391555,15.475742728449404,355.39191474672407,339.91617201827466,0.0006684733299092315,False,19
799045,69.2094344,31,276.90064175985754,16.633141902275383,353.6502411821857,337.0170992799103,5.636024777707558e-05,False,24
802931,0.4708666,31,281.33368701674044,21.56453237403184,355.2235007286072,333.65896835457534,0.008201460063667697,False,20
803688,0.5574912,30,269.5511512225494,18.765361653640866,351.7998847179115,333.0345230642706,0.006914129297771515,False,20
805006,0.3173428,28,283.8829156709835,29.684209590777755,360.91185375116765,331.2276441603899,0.012080479812031034,False,19
806063,0.265919,31,283.8724179659039,26.52031104080379,354.3777210172266,327.8574099764228,0.014269931628808732,False,23
806270,16.2116717,29,288.4743078611791,29.70844628289342,357.5933009153232,327.8848546324298,0.0002340883571731071,False,19
854473,1.4423601,353,349.18918611947447,226.74248619005084,450.37187633570284,223.629390145652,0.0017944916298542834,False,19
855356,0.6485225,372,351.71352146426216,179.0825813775882,449.45375870447606,270.37117732688785,0.004825269800008507,False,26
856341,21.4315953,377,355.0272931577638,171.42873094417155,448.4839823562652,277.05525141209364,0.00014962292622494543,False,18
890936,0.3293284,24,289.9100426933728,3.3083141315728426,432.72690942976624,429.4185952981934,0.015091691547908188,False,18
891487,2.7327053,22,270.07988282712176,8.031819993630052,434.45046425331384,426.4186442596838,0.0018060494760367397,False,16
892865,0.4747369,24,269.30654601892456,11.14408120047301,429.4480887008831,418.3040075004101,0.010198241527658337,False,18
893445,0.3325482,23,280.726764514111,16.563393990509212,432.2265525581315,415.6631585676223,0.014466823717961059,False,16
988111,0.3584133,20,282.59303632657975,142.35977651551366,364.41334476694465,222.053568251431,0.007170672649018676,False,16
989079,0.2735116,20,299.8188368277624,147.72236561402678,365.74902639258653,218.02666077855974,0.009226141494452415,False,15
989130,0.7203574,20,295.62283294508234,142.1121415682137,360.66749717574567,218.55535560753196,0.003511556728767103,False,17
989377,1.9688793,20,300.49692388856784,149.9228169908747,366.52236194349825,216.59954495262355,0.001273282307194962,False,14
989622,0.275856,21,295.1334568904713,150.76852818019688,366.46294828969985,215.69442010950297,0.009049878181775418,False,17
990412,0.5450749,21,291.49022076744586,145.69770474918187,359.8295704694465,214.1318657202646,0.004546857827183063,False,17
990435,0.5400158,22,276.5548552502878,149.08174078445882,362.66211143229157,213.58037064783275,0.004577634637072123,False,16
990921,0.6906072,21,290.14236610382795,147.36456354148686,359.46285172831267,212.0982881868258,0.00355461295286037,False,18
992423,0.3420061,22,270.7614299375564,153.4505689283833,360.1069477619603,206.65637883357704,0.006993606945898726,False,16
993864,0.3074856,22,267.87357627181336,150.60952368658036,358.1862970953807,207.57677340880036,0.00781340313657207,False,15
1068823,50.2961682,20,233.6863572592847,-140.48283223528415,454.3728768127039,594.8557090479881,0.00013688724780245326,False,13
1070298,0.3291842,27,359.99635190237314,129.77743428200483,434.7670487361029,304.98961445409805,0.010723395562469352,False,19
1073451,0.6017995,20,351.1409920058213,147.6053915452212,431.45377901382744,283.84838746860623,0.005459097693447946,False,14
1077061,0.258422,24,386.66497736703604,180.01105966977775,462.4318667454645,282.42080707568675,0.012648920529806991,False,15
1085172,1.2545842,24,350.4875144222751,21.314209350384772,463.9403817476705,442.6261723972857,0.0040834151318421405,False,18
1086245,0.0510418,23,221.92736256401986,-1.0577592998743057,279.18954379856586,280.24730309844017,0.06354797528928909,False,16
1086274,4.1388187,25,218.39435705915093,-3.5040847957134247,274.505702778697,278.00978757441044,0.000777445476097763,False,18
1086977,5.4193151,26,221.36376171838492,1.891222014091909,277.77092282194644,275.87970080785453,0.0005891984565879001,False,18
1086994,11.5220724,26,215.6008133199066,-3.740450693294406,271.79407621733844,275.53452691063285,0.0002767780754813362,False,20
1087137,0.3492032,26,219.78107881732285,0.7642064010724425,275.56118136271834,274.7969749616459,0.009107936420793303,False,19
1087435,0.257103,28,212.86854967474937,-4.007651517167687,270.1454053167254,274.15305683389306,0.012341621013482214,False,19
1087883,0.2922502,25,201.31150991655886,3.933791653253138,275.7409210084006,271.8071293551475,0.010764460893501221,False,17
1087992,0.3859216,25,204.80227817315608,6.889751530252397,277.8665613848716,270.9768098546192,0.008126794845413288,False,18
1088481,0.3543934,26,205.94009732594714,2.931128488853574,270.8683287492022,267.9372002603486,0.008750515678376893,False,19
1089135,4.7200641,26,208.12249188311398,10.15989447478205,274.2859487654641,264.1260542906821,0.0006476637716113357,False,19
1089276,2.6600776,26,208.1207313691266,11.073710303753614,274.3354292353615,263.2617189316079,0.0011454593038122266,False,15
1089633,0.6168458,26,207.94890413526446,13.039366761222482,274.2103280732408,261.17096131201833,0.004900433872164542,False,17
1091902,0.0545082,25,208.65353657864034,14.254586608149111,273.50485764909536,259.25027104094625,0.055048265045473756,False,15
1092063,0.6300678,26,203.4404531819746,7.831897772848606,267.7025549579412,259.87065718509257,0.004773712028988898,False,17
1137195,0.55329,29,181.18098266422749,-139.16784992907196,493.1644808035344,632.3323307326064,0.01322753209949772,False,20
1137452,0.0680817,27,183.82029016502202,-131.44310368224978,497.20952273346484,628.6526264157146,0.10687265542718084,False,18
1148586,0.365486,20,344.27923833718523,24.206277751363814,476.9609759794548,452.754698228091,0.014337666599204837,False,17
1221185,0.24547,24,456.4023090759292,174.7730399016291,524.0491805132478,349.27614061161876,0.016468602777307155,False,16
1306430,0.5146057,20,432.833563699387,173.5129569657147,505.9957718476653,332.4828148819506,0.007477920916539311,False,14
1306900,0.3132096,20,431.7890612175688,173.1549663003534,504.7518676612526,331.5969013608992,0.01225354235337768,False,14
1327214,54.247384,21,366.7915561934933,251.58707646187395,491.132811200805,239.54573473893106,5.1108825413533075e-05,False,11
1357214,0.3490795,20,106.48721284233034,-34.63442036882043,294.0779122989625,328.7123326677829,0.010898780614039491,False,16
1359057,0.3257948,21,155.46049252152443,-23.997321305796504,292.48814962338656,316.48547092918307,0.011243354049550765,False,15
1360465,0.2887341,20,296.66798072867095,-84.08891600556672,501.12108872272074,585.2100047282875,0.023458482886553538,False,16
1360724,0.2684236,26,249.84200099715963,-84.32962708175182,500.96971972379833,585.2993468055502,0.02523734125998835,False,20
1361192,0.3710998,27,250.70899708662182,-83.4028291516006,501.3482563197613,584.7510854713619,0.018237553289278955,False,17
1362114,0.3079082,27,250.45872058253735,-83.56892850715667,501.1473509017378,584.7162794088945,0.021979114327567557,False,19
1397516,0.2444905,20,251.1341384262778,-22.754134400747716,422.5850463146344,445.3391807153821,0.021082163379302233,False,14
1397937,0.2967976,21,288.2249391172081,-18.252926669083536,426.2175376759842,444.47046434506774,0.017332802145529187,False,16
1398126,0.2601242,21,283.61449025105685,-20.03492577932775,421.809853753075,441.84477953240275,0.019659624931286507,False,17
1398170,0.4304597,21,283.9898308273405,-19.730748189613223,422.00821882579476,441.738967015408,0.011877347695129872,False,15
1398335,0.3531898,21,289.641036093235,-16.26009210012853,426.11345895566046,442.373551055789,0.014496636789428492,False,16
1398837,0.3238615,22,288.5517723625526,-18.725609430111945,420.8457760512829,439.5713854813948,0.01570928244451728,False,17
1399125,0.383368,21,291.2553692702204,-13.94334810320288,425.94948881305754,439.8928369162604,0.01328058752718898,False,16
1399357,0.0529606,21,291.23106468468904,-13.248960650525987,425.2164341742173,438.46539482474327,0.09582276180065397,False,15
1399779,0.2820462,21,291.00656567607075,-11.95488260127604,423.6091116210446,435.5639942223206,0.0178738445443644,False,15
1399842,0.2502038,20,271.50867807213217,-8.258679555729032,428.64429478067905,436.9029743364081,0.020210513941646257,False,14
1400000,0.9307426,22,293.8630547840148,-12.145863007754087,421.4439403032884,433.5898033110425,0.005391824228616176,False,14
1400413,0.7160268,21,295.75797950383276,-7.352816057391465,425.40361632127315,432.7564323786646,0.006995206051481163,False,15
1400532,0.318239,22,293.4586262796074,-10.519542242400348,419.313192833215,429.83273507561535,0.015632640610443817,False,14
1409483,0.270072,20,129.47414276422933,-27.477532136254013,177.96231235843152,205.43984449468553,0.008804229901462386,False,17
1415802,46.9126645,20,134.44899790920317,-19.449167791754007,176.9838242791593,196.43299207091331,4.8463032851624876e-05,False,15
1439510,0.2788068,20,145.6081457901746,-24.196146545000374,167.86009962670505,192.05624617170542,0.007972808480926304,False,13
1462754,1.2372857,33,147.76583688799292,-5.845486046746373,167.5675462698564,173.41303231660277,0.0016221760919423556,False,18
1465995,17.4908373,20,82.2690949193202,-21.496317721903324,162.9139253636822,184.41024308558553,0.00012202833843126387,False,18
1485668,6.382823,28,190.02227259334177,-25.618316209875047,262.0016007917002,287.61991700157523,0.0005215457524915337,False,21
1485823,0.329851,27,208.5514286532998,-12.820505420677364,271.0575803881511,283.8780858088285,0.009960939918804966,False,18
1485997,0.3422572,27,204.55198846757412,-14.80278444942087,268.1120427791029,282.9148272285238,0.009567299583461805,False,16
1486152,0.3325334,26,212.67207964556292,-14.917447627522051,266.8090681778267,281.72651580534875,0.009805702412334843,False,17
1486373,0.2798964,28,189.15433762595057,-22.593799699097872,258.44193894881755,281.0357386479154,0.011621187184162052,False,17
1486619,6.10725,21,219.10241183359176,-8.147340640425682,262.08936686161906,270.23670750204474,0.0005121355225613092,False,16
1486807,0.3996984,28,202.54435879178345,-11.007976904511452,264.12780568934977,275.1357825938612,0.007967112022889484,False,16
1487059,0.3393792,26,177.3392956587486,-18.94978468772024,255.1919440040365,274.1417286917567,0.009349237297610197,False,17
1487155,0.3602833,26,177.06505969399586,-18.67576560471207,254.6002120245248,273.2759776292369,0.008778970348461328,False,19
1487164,49.9075787,26,184.9231916712597,-13.287021196447313,259.0608383528888,272.34785954933614,6.31602330236778e-05,False,19
1487228,2.4465709,25,190.4519932810217,-16.20869489852339,256.03533550165594,272.2440304001793,0.0012879138610191714,False,18
1488257,0.2566336,46,180.09259117534384,-11.969327554106712,251.82626119349152,263.79558874759823,0.011897076939959082,False,26
1488730,0.4599197,27,202.69133609253913,-1.8536411225795746,257.9650398809463,259.81868100352585,0.006538447167544749,False,19
1493843,0.7955237,34,164.26166435703635,-104.30759782902896,383.6399265099317,487.94752433896065,0.007099148386101122,False,19
1494121,0.2486358,35,129.22138217836618,-104.00479193776846,381.9400928914547,485.94488482922316,0.02262088602257126,False,21
1494531,0.6379462,22,162.99855733523145,-103.00573278218508,380.4198134690523,483.4255462512374,0.00877065038025392,False,17
1496257,0.2352327,22,161.71864543575794,-99.27839871961623,373.87170223519206,473.1501009548083,0.023280242570895022,False,18
1496636,0.3631274,24,200.04483126103878,-99.14651450235397,370.6685902085155,469.8151047108695,0.014974564913147482,False,21
1498734,0.4432201,22,173.05221433052793,-90.09938493836671,377.1104243583977,467.20980929676443,0.01220053183719505,False,17
1499363,0.4286772,22,165.1641375850886,-91.18586755357683,367.97560416162014,459.16147171519697,0.012397134453599487,False,17
1499366,0.3556591,23,204.22588759101927,-89.03797322418541,373.7808017525822,462.8187749767676,0.01506132918981499,False,16
1517076,0.606157,21,359.9508865736425,74.88599116913974,488.015593145974,413.12960197683424,0.007888373169777169,False,15
1519021,0.5148277,21,359.30585763417184,77.65794983133674,484.2574417591095,406.59949192777276,0.00914094684115273,False,17
1519427,0.5336754,22,384.021971875336,78.38288052007556,483.67508912924677,405.2922086091712,0.008789766296306012,False,15
1520574,0.6797129,22,383.6773112649098,80.03733367659152,481.84520127251744,401.8078675959259,0.006841938740755097,False,15
1525735,0.3020174,26,125.80450333189219,-84.96799366548657,310.95581939443946,395.92381305992603,0.015172806401371048,False,19
1526024,0.3533874,27,98.63346281927079,-90.22328916471452,303.52701488882303,393.75030405353755,0.012896031906640792,False,19
1526394,0.3380566,26,122.75603836169466,-85.36930158734322,307.5292952824384,392.8985968697816,0.01345170442988133,False,18
1527090,1.3289505,25,104.91000039037317,-84.89062660373747,304.369460279122,389.26008688285947,0.00339013761585757,False,15
1527248,0.349615,26,78.5607568686828,-87.41923389025033,300.32214077655226,387.7413746668026,0.012836255286463342,False,16
1527302,0.5841682,25,104.47719872463495,-84.61204986087978,303.354605846107,387.9666557069868,0.007686749828942174,False,19
1527555,0.3259152,26,81.56220187665895,-85.12759222649038,301.13730810116976,386.26490032766014,0.013717244757554042,False,18
1528638,0.445319,27,107.24440736230463,-80.20700183697045,300.6853422615677,380.89234409853816,0.00989959153964729,False,19
1528696,2.0994769,26,121.83661818271503,-76.31358036305755,299.8511936981231,376.16477406118065,0.0020737351094653354,False,17
1529400,541.4488056,27,107.55540824029595,-77.74140718393028,297.4682140164077,375.209621200338,8.020525494124363e-06,True,7
1531989,0.308802,20,154.15112053742632,14.60681261960417,315.3027343098074,300.69592169020325,0.01127025366226381,False,16
1533092,0.5751761,22,151.21561355190352,-38.689956231974065,309.82585607562214,348.5158123075962,0.007013065785651065,False,14
1534333,0.5550341,20,151.14728322951123,-31.602688296698034,313.7883578427136,345.3910461394116,0.007202407117940117,False,16
1535831,0.2421266,21,271.45639825612307,97.86934065632522,348.9495229907334,251.08018233440816,0.012002070936735018,False,17
1536077,55.4885525,23,267.0890298206359,92.0905341161415,342.60423076339066,250.51369664724916,5.22533739110492e-05,False,15
1540609,0.6891497,23,259.924423112534,105.83100663498044,338.3841068018228,232.55310016684234,0.0039056634683097176,False,14
1540909,0.3424066,22,267.4621877493337,110.76505312230438,341.85987941455096,231.09482629224658,0.007811498486424452,False,15
1542965,52.6091276,22,267.26830835686997,110.86019505746663,341.41783418599516,230.55763912852854,5.072296986002916e-05,False,17
1559991,0.61504,20,162.31877891113982,-131.48970622569323,446.1967349052429,577.6864411309361,0.010871139537652326,False,14
1560686,0.0550232,20,115.7091676373966,-131.0660689137876,446.0085022961721,577.0745712099597,0.12138704825325694,False,15
1785454,1.396521,23,419.07368120737374,106.07665381394327,479.9979044124484,373.92125059850514,0.0030989811483661998,False,16
1786179,0.6060715,22,395.6675499910489,108.01690933294594,478.0273910611868,370.01048172824085,0.00706604538194997,False,13
1786207,2.6710911,23,382.51697570085526,114.48637924622744,482.9496083781123,368.4632291318849,0.0015965837734044203,False,19
1786713,0.5892165,23,382.86150712519884,115.96395433880389,482.0242047775537,366.0602504387498,0.007190580124881426,False,18
1787336,0.4255116,22,398.2316221576184,198.60889243427664,480.3898097248748,281.78091729059815,0.007664545947471051,False,18
1787349,0.3105817,21,412.2953704325482,192.26417667232454,475.71491869166493,283.4507420193404,0.010563017346106053,False,16
1787905,0.126227,22,394.08376790815964,114.52100677415729,475.47291324008256,360.9519064659253,0.033096596628414486,False,17
1788194,84.6803803,21,409.7802663920447,194.35813094023615,474.37478941865265,280.0166584784165,3.8272543601270235e-05,False,14
1788362,0.2607018,23,387.40980396978557,123.8042727811262,481.24815286137164,357.44388008024544,0.015869019490364896,False,16
1788906,0.4210464,23,382.8525778837502,121.3056611828506,476.7720235744491,355.4663623915985,0.009771355387819538,False,16
1789186,0.3346004,22,414.0495256986469,118.08707197196782,473.6453079851344,355.5582360131666,0.012299021044994274,False,17
1794893,0.5970343,23,240.19302553497255,-1.9939560675993562,341.4513395866379,343.44529565423727,0.0066580115954718395,False,19
1795580,53.6825948,24,224.55270602367818,-10.004400950856507,331.4325666055083,341.43696755636483,7.361448843610282e-05,False,18
1796381,0.3217216,25,230.58264527935535,-6.486728671006858,333.3214073209092,339.80813599191606,0.012224745049581605,False,17
1800673,51.6458941,26,225.25499645853415,-4.964718595147133,327.12729109916836,332.0920096943155,7.44232932083198e-05,False,15
1801887,0.1860769,25,225.65651654731482,-5.092433653771877,325.3613142063841,330.453747860156,0.02055438453558095,False,16
1805412,2.1861623,26,231.2903832178563,1.5536911552771926,328.40525263454765,326.85156147927046,0.0017304315346522317,False,16
1806837,4.2886885,26,232.39702043356374,2.925166441127658,328.45619092695415,325.5310244858265,0.000878525029460213,False,20
1815795,155.990913,54,234.13198355119675,-14.68571734149009,326.0053794365376,340.6910967780277,2.527829291239825e-05,False,20
1816052,0.6015556,57,241.73866000492126,-10.461719683371484,331.7470564506948,342.2087761340663,0.006584178958310613,False,29
1817711,0.2788846,22,97.97521760920063,-89.4405604340136,283.445373410359,372.88593384437263,0.015475251840707784,False,14
1817739,0.3442534,21,60.59200814925134,-86.20042323600501,292.9968322394416,379.1972554754466,0.012748914385619458,False,17
1817793,2.355603,21,58.87168203480542,-86.86749427579343,291.1320547107607,377.99954898655415,0.0018572716964348277,False,17
1818735,0.7281224,26,113.97978435270488,-82.73597122170031,292.51677612774074,375.25274734944105,0.005964935420641138,False,17
1818922,13.2075359,23,124.71090070903301,-80.12206528801471,288.70136293116957,368.8234282191843,0.00032320863715863766,False,16
1819187,0.4569477,27,95.87431086692959,-82.81108271330595,288.7222206685692,371.53330338187516,0.00941060426461772,False,19
1819474,0.5705359,26,114.48455272475258,-76.41368857584894,290.1464679976925,366.56015657354146,0.007436156786604243,False,19
1820019,0.3538995,27,91.80428478866816,-80.3263810928911,279.377619875595,359.70400096848607,0.011763906849119795,False,18
1821852,0.5249732,27,96.55176205560565,-79.7308137640357,285.1056107087061,364.8364244727418,0.00804354165463655,False,18
1856288,0.352746,22,101.80101692676544,-95.92663091607392,359.6415195381269,455.5681504542008,0.014947808108797386,False,16
1856609,0.5612698,22,100.13398337177932,-95.84062818903476,356.7579887341708,452.59861692320555,0.009333140529015915,False,18
1856610,0.2882708,20,108.18205315154046,-91.78799665533006,354.5249334303662,446.3129300856963,0.01791946639419911,False,16
1856858,0.425903,22,100.78704856568947,-94.7201058268547,355.9475796064362,450.6676854332909,0.012247063706985917,False,14
1858419,0.361036,21,78.6114644492045,-86.44102995749563,354.34282002970576,440.7838499872014,0.014130626669937134,False,15
1858942,0.0640445,22,108.91476518008858,-84.68692435417324,352.43750258814543,437.1244269423187,0.07899679905405736,False,13
1859120,4.6132809,20,79.33986996067688,-81.2183276982978,356.44316067919135,437.66148837748915,0.0010980312267242535,False,14
1859549,75.5852058,22,114.22500405460596,-80.35883666016161,353.895695367828,434.2545320279896,6.64957390470494e-05,False,15
1860639,0.3691068,21,90.75309229083359,-74.97221014928073,355.19056047778577,430.1627706270665,0.013488604845932404,False,14
1860824,0.3152924,22,118.83338091429323,-76.49852391332388,355.2053580991924,431.70388201251626,0.015847425147190983,False,14
1865521,0.7067845,21,385.12972116004676,195.94225028995425,450.9517030790448,255.00945278909057,0.004175952211982619,False,14
1866065,0.7198482,20,379.27705287002027,205.05898003466427,453.75726961065084,248.69828957598656,0.003998693649088784,False,14
1866197,0.656656,21,387.28781333193183,200.46460619196296,449.55389834940434,249.08929215744138,0.004390393019311336,False,15
1866441,0.6857118,22,380.83392495755106,203.81178176030517,450.2086410764605,246.39685931615531,0.004158912682185709,False,18
1866879,0.2712051,21,390.38586406968534,204.84673578757793,449.9225388513878,245.07580306380987,0.010458968133061382,False,15
1959652,0.2654314,20,166.79740799590945,-38.69759675581008,366.89754284452647,405.59513960033655,0.017685881134706406,False,15
1960442,1.7470024,20,172.75282699847594,-34.01011023670435,369.64184751268476,403.6519577493891,0.0026742365431990526,False,15
1960701,0.3951594,20,174.43100230302662,-32.53167704679072,370.1705473707989,402.7022244175896,0.01179500063823253,False,17
1961004,0.289545,20,169.5314076379873,-34.55269429832697,365.06300303153694,399.6156973298639,0.015973964952109725,False,15
1961362,2.5351672,20,174.0314212627709,-31.34920885786414,367.6621478050947,399.01135666295886,0.001821649869252756,False,16
1962251,0.3140376,20,172.39860724657774,-30.867212126031518,364.16593675967306,395.0331488857046,0.014559221338202423,False,13
1964003,0.3891656,20,181.84540051734075,-22.293969173915684,367.08226636983454,389.3762355437502,0.011580338531636607,False,15
1964314,474.6368377,20,185.9922957723029,-19.382709567435086,369.7795504471287,389.1622600145638,9.489766630986966e-06,False,8
1967365,0.3481986,370,350.9188111172989,224.10898357629776,459.1215598164126,235.01257624011487,0.007811786048944683,False,25
1967928,1.2703313,283,360.0320041179657,240.1151480153203,464.3405882874504,224.22544027213007,0.002042933095485804,False,17
1968103,2.4328431,357,354.5380802359432,228.6021484527737,459.9334877450019,231.33133929222822,0.0011005420187693204,False,20
1968195,89.3685682,354,359.75066983373836,233.7253032485023,463.4138324763626,229.68852922786027,2.9746834986759727e-05,False,16
1969088,0.417515,357,358.29881471581757,233.51302002556622,460.26192905846983,226.7489090329036,0.006285782952378502,False,24
1977822,0.4172594,29,109.9570598686114,-138.17379351239651,434.08793918788433,572.2617327002808,0.015873578124377855,False,17
1989190,0.6242554,20,180.73643292300403,9.220000030472875,348.41340326238424,339.19340323191136,0.006288851605358029,False,12
1989257,1.2393638,20,180.66459163092077,9.409594279713929,347.9507209500298,338.54112667031586,0.003161541491854716,False,15
1989854,0.2972746,21,187.90394521784037,13.861402007751167,349.38338957726955,335.5219875695184,0.01306319590577253,False,13
1990680,0.4643312,21,180.49777310807258,11.155762639828026,340.2933972654864,329.1376346256584,0.008204194255572096,False,18
1990981,0.3439248,21,186.36039847042412,16.072316514328122,342.7690193988383,326.69670288451016,0.01099429828538416,False,15
1993903,0.289859,21,307.12852359283715,41.45294604822993,443.7908116495237,402.33786560129374,0.016065356808911344,False,13
1994256,0.0514707,21,317.2958951443434,127.94346087612212,450.42009511962533,322.4766342435032,0.07251442960543374,False,14
1999305,0.8695935,47,305.5080297170207,-35.352261224761605,446.11749888863415,481.46976011339575,0.006408243240064602,False,24
2000754,0.319511,31,267.4873422598466,-34.59390748757869,496.4353837771341,531.0292912647128,0.01923618389539278,False,20
2028803,0.9126123,20,293.3180545340292,71.50348147843033,472.892006020993,401.38852454256266,0.0050905521605822315,False,16
2030192,0.3121589,23,358.6613215506077,86.78520619869232,475.51580616272986,388.73059996403754,0.014413161882755952,False,19
2033051,2.4799516,20,268.1095740990713,43.35391391068697,441.7886272771284,398.43471336644143,0.0018595172930736489,False,13
2033988,0.2244816,20,270.87308851769194,46.719491737894714,442.03531234525144,395.3158206073567,0.02038213639943285,False,17
2035428,0.3417036,21,305.4245698498562,48.93378645647317,439.23019466456026,390.2964082080871,0.013219993993172599,False,15
2045532,0.0595956,31,337.4008492100984,175.56755191180855,433.1872494192794,257.61969750747085,0.05003237591184624,False,19
2078003,0.3440904,349,353.04342806339264,224.03490557335317,464.47640215046704,240.44149657711387,0.008087664438951927,False,27
2078896,0.5231548,304,360.2751191239804,347.95978032052517,451.06431813910604,103.10453781858087,0.002281044841957728,False,18
2082191,2.3882446,20,407.13716314639896,118.27855214942247,486.16592756006867,367.8873754106462,0.0017828809217948262,False,16
2205938,0.3492774,24,285.71918645175174,159.63442507199943,389.41001943312585,229.77559436112642,0.007614119177336049,False,16
2206720,0.5186012,21,285.1499633397907,155.9782539959997,383.91192010603845,227.93366611003876,0.005086993889587714,False,13
2207193,1.1744594,24,295.1128603541292,161.06355004012585,386.6902745794505,225.62672453932464,0.0022235084694361084,False,15
2207385,0.586308,24,292.51481444807723,151.67465948034078,378.0100523494184,226.33539286907762,0.004467997371093966,False,17
2207758,0.3126892,25,281.34525404311717,151.54570662416518,376.87603617087007,225.3303295467049,0.008340518077724093,False,14
2210307,0.5769755,25,276.35293174535036,160.50049297045916,378.35775276180357,217.8572597913444,0.004370196069676822,False,18
2210879,10.2184918,25,275.81611233763397,157.06743977498263,382.83019757363945,225.76275779865682,0.00025571238232327965,False,17
2211515,0.7401375,25,274.0462919231504,158.93610105849802,375.6653808988631,216.72927984036505,0.0033891550406419265,False,17
2245522,0.5527762,21,160.11435859836638,-13.852843036875129,274.10100081469864,287.95384385157377,0.006029201544227978,False,16
2255202,0.564975,21,285.14721994288266,-131.38065745588392,445.2896398957819,576.6702973516658,0.011813663857456528,False,15
2255577,0.4509908,23,81.50935345329344,-129.78850970976055,441.53395844623446,571.322468155995,0.01466222496472281,False,18
2284719,0.1708073,21,405.4640525020659,256.27565681934357,498.80241793580353,242.52676111645997,0.016433856738600608,False,18
2507603,0.3906834,20,138.01719829207286,3.6014024633914232,154.83712535351515,151.23572289012372,0.004480388619983424,False,16
2513845,1.414549,25,75.04515910986811,4.9961450742557645,154.8739097546786,149.87776468042284,0.001226324680493823,False,16
2609577,0.8431381,28,130.37802792387083,11.719934293068945,152.80206233728677,141.08212804421782,0.0019366874780202441,False,17
2612743,0.5496163,29,129.72328739706427,13.472434342838824,153.13044455833733,139.6580102154985,0.0029409829280390223,False,22
2613554,0.3413015,27,129.04182923957705,15.424209111370146,153.58267882838845,138.1584697170183,0.004685172384139799,False,17
2696868,5.4356227,20,390.0932333897799,218.12757805455476,502.0979152992368,283.970337244682,0.0006046581780059432,False,14
2698959,0.3600686,20,389.9340723641217,223.58935817610472,503.3666735049337,279.777315328829,0.008993184553891804,False,16
2708149,3.9071142,27,89.51652876567096,-79.99985462520272,275.70915191899985,355.70900654420257,0.0010537194921402349,False,18
2708365,0.6265347,21,117.19061548355967,-64.67430533375591,274.39765417948365,339.07195951323956,0.0062637296479312,False,17
2708658,0.1910739,24,67.0321946265176,-68.60674414783716,280.7412654161453,349.3480095639825,0.02116133988118666,False,18
2709414,0.5697964,20,82.49510801397264,-66.499776346609,272.2906863782555,338.7904627248645,0.006881731634610912,False,18
2710032,0.2293186,22,66.00747993215919,-80.55257303640246,273.85040998924524,354.4029830256477,0.01788728161436387,False,16
2710268,2.7880605,21,62.8158921841532,-70.30129842460155,266.62390145938843,336.92519988399,0.0013986774034779783,False,16
2710434,2.9004414,21,68.92100956756622,-65.99168402608484,270.02243022434413,336.014114250429,0.0013408484130273599,False,16
2710508,3.3664944,22,79.17349337367341,-69.77239802945405,267.86946651991457,337.6418645493686,0.0011608193825609445,False,17
2710636,0.4753618,22,58.13549581216648,-83.78661051392555,266.2076286971569,349.99423921108246,0.008521633943089808,False,18
2710820,0.3466566,20,109.81322200968862,-64.84059705398977,267.16864176560193,332.0092388195917,0.01108503205585846,False,15
2711188,0.3850342,22,80.22583880228922,-67.52946800552309,265.9773499472067,333.50681795272976,0.010025168193354335,False,16
2854870,0.6180132,20,325.50863600336015,-88.25158453546464,474.2724884999916,562.5240730354562,0.010534880629996616,False,14
3015289,0.3040752,25,141.81265491060913,96.00867005065084,225.00420603901148,128.99553598836064,0.004909982427880255,False,18
3015458,0.2388036,21,149.1052457364276,92.03707370907068,233.77507792320102,141.73800421413034,0.006869603975341108,False,14
3025879,0.752115,24,320.61416854849085,163.6799736879766,414.6172548411414,250.9372811531648,0.0038615991969492454,False,19
3025983,0.3381271,21,309.1213235864416,166.21386911720037,416.1004770314321,249.88660791423172,0.008553606351334815,False,14
3026248,1.9294845,20,336.7388324579224,165.3511393116787,413.87499624397606,248.52385693229735,0.0014907782515531983,False,15
3026911,7.7134967,24,316.23725574463606,171.48216997738928,415.1055650319904,243.62339505460113,0.0003655560286347649,False,18
3027597,0.5476443,21,342.70051054190844,168.88883826322854,408.8080106768757,239.91917241364717,0.005070521638417677,False,14
3027876,0.3529949,22,321.8889372074045,173.0090809520334,411.32739891763777,238.31831796560436,0.007814033192385054,False,18
3028224,0.722222,22,319.3718592287041,170.12807414866984,407.06173356156796,236.93365941289812,0.0037970149409548874,False,16
3033675,0.0498471,20,270.4263378982432,30.335116339847445,336.92618370987475,306.5910673700273,0.07118784691968301,False,18
3037433,6.5659821,23,227.75205310899764,3.587624500505626,339.23540096729994,335.6477764667943,0.0005916574502426581,False,18
3039026,0.6448981,26,230.61852443497628,-3.749519493430853,332.50063250306994,336.2501519965008,0.0060347272950969566,False,16
3040680,3.0473399,24,250.18955084960908,26.086613559164107,334.18537869583815,308.09876513667405,0.001170187129378845,False,18
3042322,3.9218655,24,241.1038600257598,26.24165886081755,337.2985181165859,311.05685925576836,0.0009179802648191522,False,21
3045647,0.237796,24,236.1711050849408,23.612649785354733,333.2672698656097,309.654620080255,0.015071597126058201,False,18
3051434,1.6884068,25,248.07460368610919,24.61387210059911,329.76232131477445,305.14844921417534,0.00209180083543474,False,16
3053459,59.2763694,23,256.6654398338869,32.02743453439325,333.63373337779194,301.6062988433987,5.889047658206979e-05,False,19
3055159,0.5889288,27,249.35689971316606,24.88429786171764,328.7586039165035,303.87430605478585,0.005971967625774028,False,20
3055370,12.2377619,23,253.93769110087305,30.93445678241551,331.09208804089576,300.15763125848025,0.00028387924903852413,False,17
3056864,0.3854957,25,247.6633072597906,29.643952567130327,326.7836429178715,297.13969035074115,0.008921284430583562,False,17
3064343,0.4113134,23,259.5265092328191,38.74608837068081,332.27555262856185,293.52946425788105,0.008259715735602082,False,16
3168240,0.5613947,20,153.6264807684347,-76.14308868069202,333.01627985201776,409.1593685327098,0.008435492603508647,False,15
3169596,0.2677727,20,165.01336516812444,-67.80224174726754,337.4131115153432,405.21535326261073,0.017514826995483672,False,11
3169788,68.9719493,20,159.43591069662943,-69.13620906416327,331.6887881839648,400.82499724812806,6.726181086620921e-05,False,18
3170981,1.3424336,37,121.7931377934292,-67.24030994810164,329.04258384369314,396.2828937917948,0.0034166364481898115,False,21
3171009,0.5738206,38,124.57744739949703,-66.06963006779552,331.3716831849888,397.4413132527843,0.008016469258310007,False,23
3238469,4.1156715,20,144.47078994708136,-18.93536236602813,280.3022779058665,299.23764027189463,0.0008415148328184209,False,15
3262989,0.3450562,20,116.31371072726324,-87.24639296997339,329.81225189287215,417.05864486284554,0.013989221607597625,False,15
3263801,0.3864414,22,106.32320278091356,-90.26287102606148,319.7748251957819,410.03769622184336,0.012280792558028974,False,15
3263917,0.6181979,21,102.80814156867564,-89.47101063095033,320.5106395762414,409.9816502071917,0.007675791180314853,False,17
3265024,0.47047,21,114.6238615270704,-86.26279276795685,318.9293880946934,405.1921808626503,0.009968168672901425,False,15
3267078,0.2508188,21,117.04947450198233,-81.24387448187917,315.11293700896204,396.3568114908412,0.01828994914240404,False,15
3267525,0.3435072,21,118.76706224866211,-79.51357997953892,315.052157943137,394.5657379226759,0.013294431900725075,False,16
3268343,0.636716,22,125.95204138197005,-71.29905314650387,320.38051618728787,391.67956933379173,0.007119859323105966,False,15
3268443,0.373928,21,122.00762818101794,-76.49095568340272,315.33799613825977,391.8289518216625,0.012128156524118878,False,18
3268485,0.3770972,21,119.63138629216701,-77.7690882096067,313.76866246573627,391.537750675343,0.012017291375042736,False,13
3274513,0.8344038,36,232.05612916499376,-133.95930407568812,435.20009682979435,569.1594009054825,0.007894850270379493,False,24
3294397,0.3509314,22,230.6133642210625,-29.26730252802372,450.8578517474234,480.12515427544713,0.01583501533465021,False,18
3301478,4.8061022,22,234.22185966046527,-25.10102998930961,450.34407649654895,475.44510648585856,0.00114496876088556,False,15
3302875,0.5768996,25,295.4436147585511,-28.23760269675404,448.2144260080531,476.45202870480716,0.009558840174221485,False,18
3307588,0.6839296,22,279.66527736280113,-23.25788971502334,449.89427507389337,473.1521647889167,0.008007108046757187,False,14
3307979,0.0969529,24,278.109446936287,-24.05963174533099,448.5405111685395,472.6001429138705,0.05641820988854517,False,15
3308758,0.3658601,23,261.15069889929146,-21.418190631084144,450.91441702097654,472.3326076520607,0.014942357990296064,False,14
3315056,0.3337376,21,326.4788586879149,-11.645514937117696,445.4884431324899,457.1339580696076,0.01585347977714321,False,17
3316443,0.3041594,27,309.3110284768045,-15.829455479979515,447.55543114151806,463.38488662149757,0.017633027296094183,False,19
3316543,0.622696,27,306.7857976304367,-17.3611604841426,445.65716141369194,463.01832189783454,0.008606139039433384,False,24
3316875,0.3782587,26,307.0675320457667,-15.327722509391606,447.5841953186318,462.91191782802343,0.014164318829185512,False,20
3320934,0.7951372,20,181.5815129550174,-107.29575993027538,396.0868031485006,503.382563078776,0.00732727266774969,False,12
3321170,0.8827821,20,181.860262574628,-107.00393265578896,396.2744121439755,503.27834479976445,0.006598435607824248,False,13
3321236,0.2446664,20,182.2686125524342,-106.51827659457922,396.49739486631006,503.0156714608893,0.023795423654038483,False,15
3350358,0.2669078,20,125.45619502197951,-66.94630631245673,319.91068369243294,386.85699000488967,0.016775498724240834,False,15
3351882,0.323029,21,115.59714444447309,-63.336230465210974,313.1499975454062,376.4862280106172,0.013489437452561922,False,15
3353183,0.3882722,21,117.87501883227378,-59.50174676254392,310.6132361339405,370.11498289648443,0.011032822406467859,False,15
3354645,1.1009459,21,112.7787881763652,-58.00432227551937,300.2273376798257,358.2316599553451,0.0037660340694321854,False,16
3356571,0.2753758,21,127.19508055597544,-51.0441105812788,311.7606292013079,362.8047397825867,0.015248721683854672,False,18
3384102,0.4430299,20,429.4861382455565,194.41946384031326,507.2170241503045,312.79756030999124,0.008171778322902114,False,14
3384809,0.5351913,21,401.4499077340588,198.62248997669667,507.6166378799826,308.9941479032859,0.006682323042784947,False,14
3397979,0.5440676,35,415.3112343046814,75.21987338550389,500.9726460557431,425.7527726702392,0.009057135782626586,False,22
3398410,203.1659859,21,364.07655444927514,77.53222065512091,501.4193187234923,423.8870980683714,2.4148238448253123e-05,False,13
3398604,0.2837244,23,417.8099647164345,78.98579793982208,501.88080347143114,422.89500553160906,0.017251311905422336,False,18
3400030,0.4725819,24,414.23873458988965,82.94293109793216,500.6860289722681,417.74309787433594,0.010231008760028136,False,17
3402113,0.3530995,23,437.0540202129632,98.40946546755731,503.27279639896005,404.86333093140274,0.013270815116069042,False,16
3493861,6.5810168,24,271.2402567383833,127.005415270105,348.3156882924959,221.3102730223909,0.0003892197165208132,False,16
3494134,0.31603,24,269.4855030043982,125.12540321331471,345.9590254817158,220.8336222684011,0.008087664785560132,False,20
3496870,0.8460063,24,271.3463757187128,133.7849827017635,348.7722306512296,214.9872479494661,0.002941205441080581,False,18
3497470,0.3085728,24,267.49389208853245,129.00497317314148,343.4956235345453,214.49065036140382,0.008045202543708361,False,17
3497777,4.7007602,24,269.2015051608905,132.00957931112498,345.8819105057046,213.8723311945796,0.0005265901893146916,False,19
3498542,0.1330272,24,268.4892331366427,132.08835327532142,344.9669706635177,212.8786173881963,0.018521572178001617,False,21
3506040,0.55724,24,251.18034743936732,141.68935229536146,346.9767622416839,205.28740994632244,0.004263892917223363,False,18
3506867,45.5294286,40,242.46449248166755,137.16344141867012,342.5108766881749,205.34743526950479,5.2201543041776264e-05,False,18
3510231,0.5483753,41,241.51699617505074,136.2219307338819,340.72268104646355,204.50075031258166,0.00431621707309127,False,26
3513921,0.3182139,61,245.37018262781203,-28.707517543807626,375.7112623890862,404.4187799328938,0.014709517453165857,False,28
3515396,0.7192688,31,263.16543223802,-13.265107339248061,383.46158056519926,396.7266879044473,0.0063839055342983595,False,22
3515922,0.8299459,30,267.8339155158028,-11.64286897983402,382.06378715112805,393.7066561309621,0.005490466308124138,False,22
3517491,0.4608836,31,264.9390836013481,-4.370558797381818,371.176549885422,375.5471086828038,0.009431036500754459,False,19
3517587,5.5140018,32,258.7341676116921,-12.330030812881887,370.86485498584807,383.19488579872996,0.000804338872910933,False,23
3517636,0.653561,31,270.0549580855295,-8.12061452306807,375.76731028966606,383.8879248127341,0.006798366606828076,False,19
3530716,0.2670686,35,366.971752862446,131.92384438589215,419.0969303017482,287.17308591585606,0.012445351375903257,False,23
3530851,0.4950006,23,349.8900492209941,136.9025986874476,422.43835881818086,285.53576013073325,0.006676379864085323,False,16
3532457,0.7948683,26,353.7152931327,143.2434992166236,421.16468022577465,277.92118100915104,0.004046809183048391,False,18
3532504,0.1537917,22,353.94930036272854,140.89837577193975,414.24458222463727,273.3462064526975,0.02057152135876426,False,17
3532548,0.3628466,24,346.11372157232836,132.5327640864998,412.3714406043291,279.8386765178293,0.008926288880227097,False,16
3532725,0.8684138,25,345.93379616271704,134.288098057732,412.95278049074113,278.66468243300915,0.003713996341730148,False,16
3532895,0.5330377,25,346.26042572781444,138.61492909491062,415.6588850542903,277.0439559593797,0.0060155731349740855,False,16
3532955,0.0454094,24,343.23090302059427,134.75535248871893,412.360747391358,277.6053949026391,0.07075683457534629,False,16
3534132,0.5621,26,350.73940402362496,147.24385722074658,417.4289317801595,270.1850745594129,0.005563319812595394,False,17
3534796,0.4603068,26,349.09071112051606,148.88886879198253,416.5883320849389,267.69946329295635,0.006731105031997247,False,19
3535885,0.2978998,71,323.8618315430358,248.92348072025925,504.77583843749017,255.85235771723092,0.009940436818842203,False,16
3535904,0.4875109,64,325.02937481040135,257.2076184209436,505.395396030508,248.18777760956436,0.005892265634128223,False,11
3536220,2.4174845,31,325.7017500232905,258.12755345832556,489.86961585469544,231.74206239636987,0.0011095003075528636,False,12
3536386,0.3164536,71,325.0903685577214,250.5297163501382,503.83377706166357,253.30406071152538,0.009264422847264026,False,17
3536616,0.24292,76,330.22169162286445,262.99941649194807,506.1558180022985,243.1564015103504,0.011585337570665622,False,19
3536824,0.582836,86,331.7188470507972,257.3586454382166,506.4657363574952,249.10709091927856,0.004946818526441118,False,25
3537341,0.0519604,69,335.5110749602318,261.5193808916956,507.0717001799494,245.55231928825378,0.05469628279426135,False,29
3537506,0.2357886,50,335.2800735854544,261.40612775925547,504.73947145510465,243.33334369584918,0.011944420318148902,False,15
3538360,0.3793239,55,334.9484428530559,275.4099424928427,504.7254571225494,229.31551462970674,0.006996961574682331,False,14
3538485,0.3377432,69,332.47867149766535,259.0939923422411,502.80834320001304,243.71435085777193,0.0083518127078287,False,14
3538597,0.3182584,69,336.38662656303495,262.99219590146095,505.05927458871156,242.0670786872506,0.008803231272516157,False,18
3538812,0.1625278,70,331.52540990849957,258.2963465480134,501.6505297506228,243.35418320260942,0.01732995427627024,False,18
3538828,1.0398117,53,339.3130245152861,279.9735461594537,506.22668678406626,226.25314062461257,0.0025184084859606447,False,11
3539186,0.2459626,69,336.40828896313906,263.2724655792117,504.01436851825565,240.74190293904394,0.011328407722759662,False,17
3539430,0.5127069,65,340.8241949044168,281.6820047562942,505.9912443626672,224.309239606373,0.0050636567495061825,False,13
3540068,0.4798346,67,336.8673804681748,277.7602754998952,503.5840022144839,225.8237267145887,0.005447086434946772,False,14
3563158,0.3410889,26,342.4313596682623,130.3815480088815,434.5623808912933,304.1808328824118,0.010321682973836383,False,20
3563177,0.5501965,25,356.41251183114946,127.16495411004871,431.9014669395983,304.7365128295496,0.006410515102448365,False,18
3563635,0.273392,23,361.2174407579005,136.88280649948865,436.44474972970784,299.5619432302192,0.01268198089454018,False,18
3564427,0.3550318,26,332.1583931101486,140.88904357049614,435.46477931085974,294.5757357403636,0.009603200011615404,False,18
3564510,0.3657964,27,330.4501501377672,138.6234270874411,433.06056219153106,294.43713510409,0.009316213095188725,False,19
3564690,1.1538209,26,343.343393295072,140.15883919782937,432.473888900131,292.3150497023016,0.002932236743346462,False,18
3564893,2.5767815,27,328.1275383895263,138.59453026670963,429.62595373392105,291.0314234672114,0.0013072195888913067,False,18
3565126,0.747947,24,332.4949385714717,148.37185540236533,436.08125529717654,287.7093998948112,0.004452146884993114,False,17
3569945,0.678099,22,292.9265069193207,-6.464740633964539,450.0973926857114,456.5621333196759,0.007792791245023532,False,16
3573648,0.5002014,24,411.0655893338844,108.78437147475779,493.0538786575198,384.269507182762,0.0088915459663672,False,15
3574211,0.9202309,26,413.37781621841714,98.73798158951104,489.04840413015336,390.3104225406423,0.004909074170807072,False,17
3574286,0.5925541,23,414.72142031416297,107.50536827836186,489.5703825401142,382.06501426175237,0.0074626920582908625,False,16
3577225,0.5954367,21,387.0542920427397,150.15540977474302,465.973715367727,315.81830559298396,0.0061388632290917886,False,15
3577401,0.0477088,22,390.02434263238683,150.34563769586384,465.4951988020912,315.14956110622734,0.07645474974544338,False,15
3577405,0.6526315,22,391.19115478824824,153.02583840675652,467.2715288121253,314.2456904053688,0.005572980921408616,False,14
3577505,0.2888466,23,386.7691510124132,154.77256814483553,468.00890285521746,313.2363347103819,0.012551369968105632,False,17
3577793,0.5938162,21,394.39712839666754,161.82005368173122,466.9256703229621,305.1056166412309,0.0059468148686776376,False,17
3578120,0.3258228,22,389.7210451425053,159.7906742244959,469.03126831166446,309.2405940871686,0.01098503095141151,False,15
3578149,4.3778301,20,394.4835501140915,161.34598476346582,465.2873632265255,303.94137846305966,0.0008035579152575234,False,17
3578629,0.5271511,20,392.4450257909484,160.17072019167244,462.9084156593308,302.73769546765834,0.006646876981490045,False,16
3579296,0.3144275,21,389.4211721839383,163.11579009052366,462.4035614775494,299.2877713870257,0.011016780769805385,False,16
3579339,0.5706795,21,382.1050053695217,165.8531193388626,468.7105976510793,302.8574783122167,0.006142317864708437,False,17
3580508,0.4056677,22,382.6362235704437,163.9623989816755,463.6617427691817,299.6993437875062,0.008550699020276912,False,16
3580689,0.8592636,22,382.9512757365592,168.76698089763522,466.43423452042043,297.6672536227852,0.004009506329438731,False,18
3581212,0.5344493,23,376.4786541229114,166.96997231338173,463.36255471687764,296.3925824034959,0.0064186999660101815,False,16
3581809,0.3081852,23,375.9193173609674,168.49029196891934,463.8337727403268,295.3434807714075,0.011091795854386072,False,18
3609640,0.2715476,20,434.5393819967285,247.1381837502122,502.1271779900417,254.98899423982948,0.010868302674762855,False,15
3610139,1.0589038,20,436.57243461348116,170.52917461842299,503.7365442607552,333.2073696423322,0.0036420369614952124,False,14
3610311,0.2590172,21,425.0149636063725,163.86207011528313,500.00022689346224,336.1381567781791,0.015020191422320098,False,18
3610496,47.4692642,20,430.8728926931508,165.14070744160563,500.12424930464476,334.98354186303914,8.167652042768568e-05,False,16
3610544,0.3644673,21,431.08173818327487,170.63805365469307,502.6874520583078,332.04939840361476,0.01054460669962757,False,15
3610975,0.4330546,20,435.3276056936011,254.4333186931908,502.1803083596751,247.7469896664843,0.006621432978725438,False,15
3610982,0.4455982,21,432.1030104300007,172.6812626235187,502.5617763167247,329.880513693206,0.008568395251773398,False,16
3611639,0.4664025,21,432.6535927131772,174.36226084828377,502.2134038852528,327.851143036969,0.008135834209250023,False,13
3707618,0.4020833,20,342.3282000236213,-69.27007539197803,482.57252080366015,551.8425961956382,0.015884935001273776,False,16
3707856,0.3355626,20,344.54493136145175,-66.93299983162433,483.42993669211864,550.362936523743,0.018982870543233152,False,17
3708831,0.3135744,20,347.0626150374301,-61.44435026217252,482.2098021162674,543.6541523784399,0.020066349262905448,False,15
3710767,0.260358,21,422.3810875788331,198.96238641813397,472.37780580762774,273.41541938949376,0.012154534590863464,False,15
3710808,0.337939,22,390.0950570823625,193.87973507400602,468.2980225654319,274.4182874914259,0.00939855295395417,False,18
3710915,19.5862954,22,390.2664291788824,195.06308524869382,468.4599621919915,273.3968769432977,0.00016155764225644434,False,17
3711337,0.6234287,22,395.9363701986149,203.57209285721183,472.0127171371132,268.4406242799014,0.004983651971598783,False,16
3712095,0.3792443,23,370.35266391467303,176.67126876767725,469.87500430550426,293.203735537827,0.008948220853708375,False,20
3712377,0.3337525,23,369.51459262054414,176.88591505866498,468.09191764332354,291.20600258465856,0.010098620518887033,False,14
3712568,0.3034008,23,378.4931844100356,185.83960065152496,473.51450251881033,287.67490186728537,0.010974165603597454,False,18
3769324,0.4587156,65,341.1530530080199,267.1062728622928,510.4520014487207,243.34572858642787,0.006139973195306288,False,12
3778222,0.7707996,64,344.6067231707275,271.112345228903,510.03311541862786,238.92077018972486,0.003587555951002964,False,10
3820286,1.7528288,28,109.6254879143089,-88.45871163066477,448.5461406642571,537.0048522949219,0.003545887618116859,False,14
3820912,0.2609982,27,214.25338361877948,-88.24300041887909,450.5954612977803,538.8384617166594,0.023895016401909063,False,19
3821074,0.392472,33,212.92956196703017,-88.03460032213479,448.300638073124,536.3352383952588,0.0158166283906187,False,20
3821561,0.452821,32,219.16918406495824,-87.30814014561474,451.7546640476212,539.0628041932359,0.013778408744980028,False,21
3822793,0.3608028,33,215.12663061730564,-87.50612488947809,451.1179287917912,538.6240536812693,0.017278343447958446,False,20
3871206,8.7376411,25,127.28381410706788,-59.42548296879977,261.4523983793333,320.8778813481331,0.0004250419907330875,False,20
3873433,0.8407559,25,129.21094356570393,-60.64703387673944,260.8017902355641,321.44882411230356,0.004425151820284353,False,19
3874759,0.1717059,26,126.89716047607362,-60.270312801003456,259.6042497083545,319.87456250935793,0.02156158804616118,False,21
3875738,0.2949466,22,88.67091438733041,-56.230590445920825,260.3222992736846,316.55288971960545,0.012421931949637375,False,17
3877762,0.3018883,21,111.8405784945935,-50.4717942327261,264.4086952088401,314.88048944156617,0.012072180701528963,False,15
3878143,0.6397695,21,128.76387862488627,-52.95385115314275,259.7124208929017,312.66627204604447,0.005656447506680945,False,15
3879596,0.5629931,32,414.3296929076314,105.76950525864959,517.7654273808002,411.99592212215066,0.00846985748290383,False,19
3886622,132.6294901,21,211.8201326346025,60.0085063604638,365.6410098541528,305.632503493689,2.6671392856999755e-05,False,14
3887691,0.6152129,21,216.08475821558386,65.13721144292504,365.6631336780265,300.52592223510146,0.005653830218983525,False,19
3888046,0.671843,21,223.0155123397708,71.10206543002278,369.90417886991054,298.80211343988776,0.005147568396847397,False,16
3888880,0.6514416,23,229.31774128228426,12.458848510868847,372.53220160491765,360.0733530940488,0.0063973741634104275,False,16
3888905,2.1212712,21,223.1009662616998,72.53726057242602,367.5406757974997,295.0034152250737,0.0016095968209627486,False,16
3890146,0.3442145,32,197.33494321117178,-62.66490162815899,358.51170395035297,421.17660557851195,0.014161893909852076,False,22
3891514,0.2741595,29,324.97302170377225,-8.48533920943737,461.3597894785926,469.84512868802994,0.019835250366221576,False,20
3891826,0.331864,28,326.49524960434064,-9.80052959639579,457.56112835370004,467.36165795009583,0.01629968435412241,False,15
3892236,0.3685401,29,325.62245805747807,-5.667927791364491,459.55699486657977,465.22492265794426,0.01461047987979715,False,19
3892698,196.0556218,28,327.04796927282587,-6.471989513374865,455.2333340747282,461.70532358810306,2.7256609968850404e-05,False,17
3892908,0.3526272,28,337.8463978646323,1.2131465831771493,462.4158558435738,461.20270926039666,0.015137783812886472,False,19
3894048,0.4351386,27,335.5966018047184,6.42742314375937,461.43638896755874,455.0089658237994,0.012102597827019926,False,20
3896410,0.2580434,73,318.65016070660204,241.27815971150994,507.85625574644655,266.5780960349366,0.011956882563297449,False,17
3897960,0.7171575,68,321.26908572390676,251.4291192870587,508.72587610501796,257.29675681795925,0.004152465424164265,False,13
3899727,1.4352997,72,321.2478174827993,244.3480856018141,507.76935091707855,263.42126531526446,0.0021241955512463287,False,14
3900804,0.2339032,61,324.6452027466148,255.2627668948844,505.1822446519509,249.9194777570665,0.012366596729391456,False,12
3901049,0.5121686,69,325.95348183531314,249.36609424185008,505.8416437357664,256.47554949391633,0.0057958785603635975,False,16
3901195,0.3042602,60,324.85835066763684,248.28688690904528,495.9296809276566,247.6427940186113,0.009420344960931715,False,11
3901523,0.6147323,48,327.27073511341587,327.1236644592136,327.3918943712488,0.2682299120351672,5.050186676017184e-06,True,3
3901579,273.5619558,54,325.5686858436093,325.4318504361436,325.70538294967264,0.27353251352906227,1.1572828407352084e-08,True,1
3902479,0.7369272,59,332.8153599752113,271.1420781444758,512.2667867923155,241.12470864783973,0.0037870704717910078,False,10
3903295,0.3101224,62,327.37895753234625,251.40470846090466,508.18163054063916,256.7769220797345,0.009583168183477212,False,14
3903846,0.6206412,29,326.6093900660053,265.12627706397325,506.8803388159722,241.75406175199896,0.004508368794121167,False,9
3905246,145.5058653,33,338.908127672039,278.087155893445,512.2629772173241,234.17582132387906,1.86272099531627e-05,False,8
3905543,0.1311216,45,330.06828802172095,254.665089212358,507.5581162702292,252.89302705787122,0.022322810490297714,False,16
4016172,50.0825923,20,57.807300926651806,-55.303423502482474,176.60222807899117,231.90565158147365,5.359333585454979e-05,False,14
4037793,8.2917137,20,311.4669716334902,122.41543438285589,368.50955318659544,246.09411880373955,0.0003435130135075053,False,12
4038104,4.5176804,23,302.978143771179,124.85415455885231,361.9608082808554,237.1066537220031,0.0006074555370570914,False,14
4048608,0.3171609,25,146.3215660303831,-65.35453512333333,269.8617434827611,335.2162786060944,0.012232964528169736,False,19
4049175,0.2510556,22,149.46083812974393,-66.35300586931407,272.207744512707,338.56075038202107,0.015608204730329115,False,15
4049286,0.6162064,21,169.6624051546678,-42.714877193793654,267.52042081207037,310.235298005864,0.005827083781525662,False,13
4049593,0.3359232,22,134.43425183650106,-65.58183222077787,271.7201748630032,337.30200708378106,0.011621580216315933,False,15
4049660,0.3044348,25,148.7199675757438,-67.9275629343465,275.26161109562963,343.18917402997613,0.013047447012113076,False,18
4049775,0.4321058,25,148.54571912437677,-67.3184898449108,274.5533054927364,341.8717953376472,0.009157131154163218,False,19
4052360,0.3451646,21,123.79730616230518,-64.53266395255923,274.62995653040707,339.1626204829663,0.011372815441174805,False,15
4053354,187.1075754,25,149.31190197821707,-60.65662947949022,270.676228730008,331.3328582094982,2.0495541326390437e-05,False,10
4075914,43.3432328,24,361.1542753642425,54.790478060022,478.3057320630178,423.5152540029958,0.00011309255458515244,False,17
4077455,0.3356722,22,384.7079971223138,66.25493697356433,476.78844875190407,410.53351177833974,0.014155313651867106,False,16
4077488,344.0845718,26,383.23366896947846,56.67943067383021,474.7459231177345,418.0664924439043,1.406262572634789e-05,False,10
4077773,5.3731158,20,389.9711578851566,68.66500675678253,477.81176974531263,409.1467629885301,0.0008813312644400621,False,14
4078284,0.2932514,25,384.1118423268199,66.16928628645837,480.5931366747245,414.42385038826615,0.01635651984084913,False,16
4082210,0.5948917,20,434.38238004455343,153.08089996688068,508.12463527545333,355.04373530857265,0.006907648050892908,False,15
4083549,0.5664132,22,431.225752690807,156.49483990855515,506.737094395794,350.2422544872388,0.007156842032117199,False,14
4084295,66.8548163,21,440.6121500534937,163.18913132417947,508.4939201362431,345.30478881206363,5.978003418496162e-05,False,18
4085335,0.5697209,20,440.2478047530167,168.1052376050502,508.4649101598188,340.3596725547686,0.006914522640781634,False,14
4085912,0.6431956,23,424.6694345260039,167.13581706862897,506.67761221993715,339.5417951513082,0.006109932792334597,False,17
4086204,350.9434975,23,420.5574408872053,163.33558056503534,503.9405646035448,340.60498403850943,1.123311115134859e-05,False,11
4086437,0.2571076,22,431.13816515542567,170.1589417643845,506.8956305505708,336.7366887861863,0.015158693789953112,False,17
4109411,0.2980623,33,363.3519525406882,33.21848809719086,518.3656284352764,485.1471403380856,0.018838776118610817,False,21
4109986,0.5723049,31,364.1417069826275,33.79969031084329,518.8983868109062,485.09869650006294,0.009810449371529941,False,20
4112105,0.4215366,25,426.5967506915331,107.88067867979407,513.991308468394,406.1106297885999,0.011150525272164098,False,17
4112322,0.340113,27,431.22705209534615,106.22759910766035,512.5489650294185,406.3213659217581,0.013827150350199451,False,19
4112453,115.7870795,24,414.04002502094954,110.10665672365576,514.0436586923897,403.93700196873397,4.037753436941582e-05,False,17
4112491,0.3490201,23,433.41882380191237,109.10274821799248,513.4402635041624,404.33751528616995,0.01340848951922594,False,16
4113244,0.3742104,26,437.65972974942997,110.78703424427658,512.0163128944114,401.2292786501348,0.01240974968035086,False,20
4150111,0.2898248,20,157.5854206457734,10.945964441634715,351.53547695372254,340.5895125120878,0.01360134897589055,False,11
4150246,1.3909816,23,162.53325389698148,-49.22313624992967,351.2929604155943,400.51609666552395,0.0033326127180012925,False,17
4151235,0.2510366,23,163.29992583487183,-46.943768206983805,349.20793476048857,396.1517029674724,0.018264624181159702,False,20
4151340,0.5217316,23,164.16082817595452,-46.323142549954355,349.65957370586693,395.9827162558213,0.008784465594949456,False,17
4151423,0.3059458,23,172.74544201791286,-41.810254636220634,356.59292098134756,398.4031756175682,0.015071780249783055,False,15
4152234,0.332705,23,167.744548805058,-42.78610493056476,350.1660994486883,392.9522043792531,0.013669941603090336,False,15
4152448,0.240762,22,172.57530929055065,17.724693892523646,349.6309528592974,331.90625896677375,0.015955622676876963,False,16
4154491,1.572984,21,184.05099262017757,31.852719001471996,357.92712152469903,326.07440252322704,0.0023992674359454872,False,13
4157047,0.3661542,44,152.0822748891078,-103.38324720505625,343.38659048080444,446.7698376858607,0.014122321129836017,False,20
4157465,0.8427243,44,151.60778729477897,-104.35527157969773,344.00040667969733,448.35567825939506,0.0061577693104446635,False,25
4163984,4.5001087,23,225.43397073168308,7.272356073372066,303.00210763234645,295.7297515589744,0.0007606034161910561,False,16
4165504,0.7292053,20,219.04781641205773,20.87688334286213,308.1288884393871,287.25200509652495,0.004559314070966686,False,15
4165556,0.3691348,21,227.7230934239924,17.335626273415983,303.37705782148987,286.0414315480739,0.00896871472695502,False,15
4202106,0.822126,26,141.42293381737545,-39.483316568657756,231.59783226437867,271.0811488330364,0.0038163411650752586,False,21
4202285,0.7890105,21,193.260640790686,-33.57123399619013,231.82262170594186,265.393855702132,0.003893089058638132,False,18
4203615,0.5037513,24,125.87932407623157,-30.094879888929427,229.96340829413384,260.05828818306327,0.005975039451030055,False,15
4203738,3.4896366,23,123.64880188833922,-37.99963295459747,224.52342258766294,262.5230555422604,0.0008707099446969305,False,16
4203764,0.6222365,20,162.2136619873345,-26.985495979897678,231.02064267732203,258.0061386572197,0.004799111206726843,False,15
4204460,0.2605068,44,131.37742026010528,-33.315190323628485,224.740576534532,258.0557668581605,0.011465176958368607,False,25
4204543,0.342496,44,137.6196785713546,-28.138477681204677,227.29928260669112,255.4377602878958,0.00863208784595348,False,22
4204699,0.3863036,45,126.11038580071181,-36.79070519283414,222.4027302581817,259.19343545101583,0.0077657159328150035,False,24
4204745,0.3063034,44,136.46925387438387,-28.513487591408193,226.22594616841525,254.73943375982344,0.009625662254888069,False,26
4204760,1.342999,21,157.98140899278224,-26.619034353643656,225.83608394488692,252.45511829853058,0.0021756786412844135,False,16
4204790,0.1402172,43,135.5682397261262,-29.1021071607247,225.75482055544853,254.85692771617323,0.02103688391779276,False,25
4205438,4.1580183,22,178.38749581715092,-23.34620899055153,226.33448133710772,249.68069032765925,0.0006950000207354254,False,18
4205759,1.2640859,23,148.94021758809686,-31.187702994793653,220.43937211856246,251.6270751133561,0.00230391811696071,False,16
4207350,0.3787822,22,173.0422996915877,-23.03718833718449,220.32145131379366,243.35863965097815,0.007436069915340058,False,17
4219811,0.0648083,23,380.86215667426586,198.60084895044565,479.82946964912117,281.2286206986755,0.05022444482753215,False,14
4220347,0.7439465,23,382.37268270459026,201.12531033810228,479.54409036319703,278.41878002509475,0.004331547475018408,False,16
4220437,0.4873362,23,385.7619817368686,204.5538938837126,481.66576023213565,277.11186634842306,0.0065813154613212875,False,14
4221224,0.4899975,24,408.1486477400176,207.53915479872376,480.7980716926977,273.25891689397395,0.006454561391705276,False,18
4221685,0.0623243,24,414.96484304079786,213.99617947172374,484.09168312791735,270.0955036561936,0.050158691977144225,False,18
4222140,0.7024783,23,389.29724721238017,211.03339379187673,480.292208539322,269.2588147474453,0.00443632417824767,False,20
4222204,0.293811,23,435.2926493855193,216.4672011975199,483.90011242590845,267.43291122838855,0.010534964056494294,False,16
4222265,0.5232729,23,435.35859778057784,217.36639542505145,484.34829195030034,266.9818965252489,0.005905270933809127,False,15
4230288,0.1385666,20,232.3821288300678,137.41933170240372,329.5523980166763,192.13306631427258,0.01604832868527031,False,15
4232643,117.5111293,20,240.32310366164893,127.66831526532769,319.40770412329584,191.73938885796815,1.888506988894895e-05,False,12
4232752,0.5468755,20,240.55148862535134,129.8184720799327,321.1500861681998,191.3316140882671,0.004049342627654298,False,13
4247530,0.8020826,29,258.7914171628654,136.3122874405235,327.9993424192071,191.6870549786836,0.002766049498348915,False,18
4266221,56.0301519,25,120.6331882160157,-98.8451884360984,346.97257736697793,445.8177658030763,9.209198386883212e-05,False,15
4266254,8.4028982,24,133.15082299523056,-101.34488507173955,342.80913434922695,444.1540194209665,0.0006117736284221558,False,20
4268448,0.733887,23,157.93986953794956,-94.17294398881495,342.264663730748,436.43760771956295,0.0068830231363382986,False,17
4268603,1.1724016,24,135.42552870931104,-95.86069320794195,338.32671612035483,434.1874093282968,0.00428634457475666,False,17
4268759,0.2532408,24,150.87642276193947,-88.66026580799371,349.74459134973586,438.40485715772957,0.020036780373373586,False,17
4269136,0.5911785,24,142.65521502820775,-91.53006076812744,342.39439798984677,433.9244587579742,0.008495359401969615,False,16
4269492,0.3487908,24,146.34153455263004,-89.17495321948081,344.284413009882,433.4593662293628,0.014383667266567372,False,17
4270548,0.51662,25,130.53485888522118,-86.31896891165525,343.2160340482369,429.53500295989215,0.009623069067526264,False,17
4272041,0.2845038,46,159.66534769395366,-87.38159264903516,333.3270456176251,420.7086382666603,0.017115106873444787,False,25
4318493,0.3117886,22,232.51626170240343,28.821186209097505,308.44197389669716,279.62078768759966,0.010379955230393985,False,17
4319767,0.2646142,27,234.3841805588454,26.336521049961448,300.5076985107735,274.17117746081203,0.011992090813371114,False,16
4320073,0.450361,25,241.20698478072882,32.106417207978666,304.66886521317065,272.562448005192,0.007004731677527706,False,17
4320406,0.0516461,25,241.0359021741897,32.75268457364291,303.9109276374802,271.1582430638373,0.060767523414481155,False,20
4320733,1.8260068,25,232.9682960640639,27.196649531833827,297.9439513524994,270.7473018206656,0.0017161213893771227,False,17
4321371,15.1035313,26,224.90819720551372,30.883534834720194,298.585721408017,267.7021865732968,0.00020514440468573963,False,19
4322722,2.2561538,26,221.5318673872389,30.714151449501514,293.9240985084325,263.209947058931,0.0013502676210696198,False,20
4323524,2.5106767,26,228.95998227177188,40.25149850640446,299.36460095923394,259.1131024528295,0.0011944963847205787,False,16
4323577,12.6973561,26,219.87690943060443,32.6223254436627,291.752299410291,259.1299739666283,0.00023620582819620554,False,19
4326154,0.2788926,21,236.5630305139348,-97.34758352860808,495.0995355611667,592.4471190897748,0.02458662166481591,False,17
4327369,0.3896588,22,285.2928846376017,-96.08348545152694,496.12412955611944,592.2076150076464,0.01759040166250381,False,15
4327679,4.4116467,23,331.509294337593,-96.5128012932837,495.2544966246933,591.767297917977,0.0015525174626330176,False,13
4468898,0.3001066,26,320.3875110950321,-65.8978006336838,491.28185673616827,557.1796573698521,0.021488493178643455,False,19
4501986,0.3362318,20,139.03918247669935,-74.3703601649031,191.62495827767998,265.9953184425831,0.009156330599935456,False,15
4503100,0.2448222,20,140.68148648366332,-67.03185515943915,187.85066711716354,254.88252227660269,0.01204968010669063,False,14
4503543,0.2948896,20,146.6931250062771,-58.3479993743822,186.7007029009983,245.0487022753805,0.00961787676435852,False,15
4503720,1.1448532,20,134.4725559814833,-70.68973865825683,185.3380047250539,256.02774338331074,0.0025883528708628032,False,15
4503752,0.386012,20,134.61962663568556,-70.41952160652727,185.26961971074343,255.6891413172707,0.007666510526984873,False,15
4504299,0.7276531,20,134.62937216972932,-67.644455563277,183.344064373523,250.9885199368,0.003992231630004381,False,13
4504350,0.300763,20,143.63315367372707,-57.63234619516879,183.70772225316614,241.34006844833493,0.009287338632953973,False,16
4504450,4.3231928,20,136.81274332338944,-64.48212484829128,182.92053330224007,247.40265815053135,0.0006623476731264624,False,16
4505350,0.7424749,20,139.21201302437112,-56.99689839966595,179.66105465311557,236.65795305278152,0.003689143806547047,False,17
4506346,0.3005348,38,107.7455346356146,-50.38011611904949,175.86033535189927,226.24045147094876,0.008712880318275027,False,19
4525993,0.4268506,23,366.4848137414083,-57.253043283708394,443.6100378865376,500.863081170246,0.013580925978394788,False,16
4529698,0.5891221,23,368.6047913040966,-47.34392696991563,439.74682961124927,487.0907565811649,0.009569534901962067,False,17
4529974,0.3615364,22,377.61596438940614,-42.16371467337012,448.0669734533876,490.23068812675774,0.01569403882365206,False,15
4529988,0.587695,23,370.16088638920337,-46.15147719159722,440.672396030277,486.82387322187424,0.009587516602485335,False,18
4530813,0.3297373,23,380.2711752941832,-39.7494675591588,447.5607796339318,487.3102471930906,0.017105025418926455,False,14
4531005,0.2468008,23,375.04035599995404,-41.53055953793228,443.0293354438618,484.55989498179406,0.022724124548400323,False,14
4531285,0.298853,22,401.4890734339133,-38.40646790340543,447.0897187711671,485.4961866745725,0.01880245079437716,False,14
4555438,0.0744614,29,277.8398956172168,1.2701091589406133,372.07949270959944,370.8093835506588,0.05763758501152369,False,20
4555634,0.7082857,27,284.4315862515941,5.9563119895756245,376.9787519937381,371.0224400041625,0.00606286587990112,False,15
4556326,0.7467907,32,266.30156363826245,-1.0578353656455874,364.55832046922296,365.61615583486855,0.005666471837840212,False,19
4557912,1.2266597,31,262.16423003934324,2.2056804271414876,366.2673171842471,364.0616367571056,0.003435081751976843,False,18
4558576,0.4522262,33,265.8206538297236,5.888512241654098,368.60396086703986,362.71544862538576,0.00928317614105778,False,22
4558584,13.4512362,33,257.8689097194001,0.9993118699640036,361.81088956072927,360.81157769076526,0.00031045919236601094,False,22
4558756,1.4165434,34,275.47374250134453,9.745449805632234,372.3774121608585,362.6319623552263,0.002962937241404838,False,20
4559117,0.8629509,33,262.2989601222798,4.670713073574007,363.9177259756252,359.2470129020512,0.004818294457098527,False,18
4559734,120.7474867,26,282.5214763521217,22.514266334474087,362.9112400347367,340.3969737002626,3.262825501276031e-05,False,16
4560178,1.6686506,32,272.35712385736406,15.92605838086456,366.26207681838423,350.33601843751967,0.0024299964463573337,False,25
4560436,2.1034626,31,274.6813040692359,14.436718868091702,372.352182213217,357.9154633451253,0.0019693908914819903,False,21
4561933,2.6220429,22,204.3481303146109,-19.028770504519343,382.68696886952966,401.715739374049,0.0017732309887975818,False,13
4561956,0.5580021,21,214.2583895009011,51.66822143364698,386.04748235084116,334.3792609171942,0.006935691343616356,False,12
4562521,66.3175999,21,214.93955974001437,54.71044115256518,381.93599665537477,327.2255555028096,5.7109015163854796e-05,False,17
4562612,0.524252,22,206.63120483513921,-13.631939864717424,378.8146660197526,392.44660588447005,0.008664165490309642,False,19
4562628,3.3669882,22,205.00886966474354,-14.532282622531056,377.44031657930464,391.9725992018357,0.0013474118793078617,False,17
4563359,0.2738114,21,209.65615196619183,-5.2706507267430425,380.05174880381674,385.3223995305598,0.01628767098289795,False,14
4563463,122.2144056,20,210.92713933903724,58.72979611158371,376.39536776114255,317.66557164955884,3.0083891002903826e-05,False,15
4564992,0.8216976,27,364.5762675907463,153.6858579609543,447.0932548865676,293.4073969256133,0.0041328086462687754,False,20
4565091,0.5433895,27,363.04976711981,148.21953023783863,442.4160975962877,294.1965673584491,0.006266320683312823,False,19
4566339,0.6370893,21,382.85081705544144,170.72018079925328,444.8915041051805,274.1713233059272,0.004980901743177469,False,14
4567403,0.322785,27,358.1168867647648,160.52791122347116,444.4192695664242,283.891358342953,0.010179468099356678,False,17
4567648,2.7214521,26,359.24673221306875,158.4517054259777,442.0416390057653,283.5899335797876,0.0012060807162155118,False,18
4567961,0.6941073,22,358.86315358802676,167.2828515758738,443.10396916698664,275.82111759111285,0.004599251507934632,False,14
4568345,0.5646416,26,358.3698730333708,164.32570293545723,445.22963846102357,280.90393552556634,0.005757994022175895,False,16
4569641,0.3521677,28,354.68604513444006,158.78807832486928,437.73410290014,278.9460245752707,0.009167626534468296,False,20
4602673,0.3513408,24,420.5047078197822,-26.274563907645643,519.8051379527897,546.0797018604353,0.017989276849375204,False,18
4603259,0.2947669,31,389.55966155044734,-34.84054855071008,519.4629444507882,554.3034930014983,0.02176482395926185,False,21
4616836,0.5245957,20,229.86500087426975,55.533569608815014,322.05510791391134,266.5215383050963,0.00588022362112262,False,15
4617347,14.4308596,21,245.74595759622753,65.93977950979024,328.5801542457193,262.6403747359291,0.0002106471295747494,False,14
4617532,66.9464265,21,235.34222517628223,58.36381413973868,321.3806201471016,263.0168060073629,4.5471822091289505e-05,False,16
4617815,0.2669613,21,246.9436848303303,67.88299279287457,328.0894866446033,260.20649385172874,0.01128122029071258,False,17
4618241,0.512076,22,238.79036831203848,58.559933700598776,318.46258314326406,259.9026494426653,0.005874386842377919,False,16
4619318,0.5897604,21,238.14539657905698,63.93632653634995,318.96994749549776,255.0336209591478,0.005005046151556645,False,15
4619652,0.5620276,20,242.68948591779917,71.01730301510543,323.50246540736407,252.48516239225864,0.005199534635189844,False,18
4620115,13.7608988,23,244.33035410474986,71.79659495595843,321.96320788934827,250.16661293338984,0.0002104111766995388,False,16
4620388,2.2780314,22,238.90830891905352,64.12658777553588,314.3546957988292,250.22810802329332,0.0012713427293745846,False,16
4620570,0.683497,23,242.78985753189772,72.96803737990558,320.87619407102466,247.90815669111907,0.004197980926193055,False,17
4626941,1.7235528,24,284.81441584881395,34.3591402284801,425.6996712181717,391.3405309896916,0.0026279463523613384,False,19
4627821,8.3121084,24,285.3505974984728,36.15181683562696,424.36959331389517,388.2177764782682,0.000540568179047305,False,15
4716237,2.8429309,26,379.0925638284534,173.35610431618989,476.18594749365,302.82984317746013,0.0012328738052606763,False,14
4720963,0.3566207,24,378.7595617119223,173.12768697738647,475.7429838180542,302.6152968406677,0.009821336399097984,False,17
4723469,0.5793146,22,369.3475512438454,173.61728714313358,474.54409170895815,300.92680456582457,0.006012189450980979,False,15
4989226,0.2545408,21,286.9915697257966,108.93287260551006,413.62289919052273,304.6900265850127,0.013854379876729135,False,16
4989912,0.7265866,21,289.1392735764384,106.41577639617026,413.7808664236218,307.3650900274515,0.004896135326143051,False,17
4990201,0.5352436,20,292.0562708051875,103.03427630569786,417.85691615659744,314.8226398508996,0.006807705040900734,False,18
4990534,0.4308566,22,287.7945879008621,105.44405628461391,411.71483960933983,306.2707833247259,0.00822733302199634,False,15
4990915,0.6052848,21,287.42959981318563,99.3988441536203,420.22183870431036,320.82299455069005,0.006134680903263968,False,17
4991083,0.2681764,20,292.95051667140797,99.56179338041693,419.0090919379145,319.44729855749756,0.013786845883035692,False,13
4992303,0.3678987,20,288.0185029003769,99.58092423621565,411.7733480175957,312.19242378138006,0.009821557505395961,False,17
4993494,0.2916058,21,280.48516516573727,94.66489716432989,413.69251697324216,319.0276198089123,0.012662468659210111,False,18
4994274,0.4469266,21,278.624371974729,92.89431483484805,412.6442501787096,319.7499353438616,0.00828057546104942,False,15
4994551,0.5510085,21,282.1387960575521,88.9448574045673,417.86377967800945,328.91892227344215,0.006909025851248089,False,18
4996067,7.0224944,23,361.31288381293416,89.85908499453217,475.0868800794706,385.2277950849384,0.0006349104437456448,False,13
5103090,4.7644251,30,377.0586153957993,-85.11913195252419,458.67592880968004,543.7950607622042,0.0013210249258357243,False,19
5108781,0.3096752,24,353.2798722269945,-158.48944913595915,465.2285970747471,623.7180462107062,0.023311388410113147,False,17
5109301,0.4223738,35,317.59886951185763,-159.9880460416898,461.3150276010856,621.3030736427754,0.01702522220078845,False,20
5119390,0.29416,35,130.6141854263842,-104.37112406361848,401.5846095280722,505.95573359169066,0.01990742840220532,False,21
5119471,0.9682417,35,137.50838900450617,-101.63035928271711,407.95722759794444,509.58758688066155,0.006091458855557899,False,18
5119518,0.4104156,35,137.7292827470228,-101.42665891908109,407.97629181761295,509.40295073669404,0.014365602782590144,False,19
5120506,0.2853289,20,130.54110382217914,-99.66607263777405,404.3380395742133,504.0041122119874,0.020444409691340357,False,15
5121047,0.7820201,21,139.19312576763332,-97.72640992887318,404.70048354472965,502.42689347360283,0.007436031480355048,False,16
5121051,2.5403198,20,129.64527534786612,-98.95090477075428,401.7276980448514,500.6786028156057,0.002281166031257849,False,17
5122590,0.4089018,21,145.6668402766809,-92.17737230937928,405.9308266500011,498.1081989593804,0.014099084894367047,False,13
5125286,0.3503016,20,148.13934717094526,-81.96224968414754,403.33679211325943,485.29904179740697,0.01603443163788107,False,15
5183708,0.2821108,20,239.12106959614903,-95.60862004291266,497.17636371497065,592.7849837578833,0.024320009414785036,False,16
5229059,0.8049956,25,289.87850022967905,111.64468524511904,396.34040580131114,284.6957205561921,0.004093301079272061,False,19
5229099,0.678131,38,296.72869850182906,103.62828334327787,389.82193381525576,286.1936504719779,0.00488464103557032,False,25
5230304,1.321212,25,283.2943445071578,109.25649097189307,387.50445493496954,278.2479639630765,0.0024375062789839487,False,15
5230455,0.54098,25,281.0333240311593,107.77372769080102,385.3934914804995,277.6197637896985,0.005939575789361746,False,16
5230789,0.2476668,24,294.307514000684,111.17242996115237,386.56574045307934,275.39331049192697,0.012869801584782634,False,16
5231192,0.0477324,22,294.83243508730084,114.86606374382973,386.85375878121704,271.9876950373873,0.06595113025113739,False,16
5231304,0.5650788,25,290.68542981985956,118.15217107068747,388.7636621715501,270.6114911008626,0.005542726860921028,False,16
5231414,1.3227994,25,288.5988030117005,116.73651665914804,386.8813656270504,270.14484896790236,0.0023636815171552503,False,15
5232017,1.1579724,26,298.0746631510556,124.70524669624865,390.17603003885597,265.4707833426073,0.002653412560532364,False,18
5232586,0.289199,20,103.13722378341481,-16.76337781827897,121.43517101649195,138.19854883477092,0.005530863665307218,False,17
5284944,0.2427406,32,342.29177489178255,-133.19032376166433,506.36985765304416,639.5601814147085,0.030494762369879982,False,21
5285064,0.2977958,21,383.8343675946817,-125.35800605546683,506.5752188907936,631.9332249462605,0.024560594727650736,False,14
5285390,0.4938562,33,297.008316591382,-142.39727254025638,502.82194011379033,645.2192126540467,0.015121436080530504,False,20
5370414,0.2405788,32,420.9957155166194,197.73456228431314,520.4945899313316,322.76002764701843,0.015527754183397652,False,22
5387273,0.7408902,26,104.58693365799263,-165.74084751773626,432.42848832160234,598.1693358393386,0.009344510430620078,False,18
5387464,0.3031154,31,104.37460674438626,-166.0541548859328,432.65786685515195,598.7120217410848,0.022861053211647983,False,21
5388752,0.3281142,33,105.61996812466532,-168.00749057438225,437.47920335736126,605.4866939317435,0.02135825833332485,False,22
5388985,0.6484624,32,102.42817889666185,-167.69969137385488,431.7932831821963,599.4929745560512,0.010700043818113033,False,21
5389578,0.3437876,31,101.93297092337161,-168.01971516106278,431.5783898346126,599.5981049956754,0.020186280371643394,False,18
5400617,0.3429448,20,282.09180595586076,-0.6922230357304215,464.70907162874937,465.4012946644798,0.015706869031449563,False,14
5403672,0.2622852,20,165.18300001043826,-33.671088237315416,332.00967949815094,365.68076773546636,0.016136695067943463,False,13
5403826,0.4655458,21,150.12757913209498,-36.76444552838802,326.63815550040454,363.40260102879256,0.009034661300818163,False,17
5403891,0.4575711,21,150.02285353839397,-36.74330867361277,326.43333992455155,363.1766485981643,0.009186404982415027,False,14
5404247,0.4672583,21,151.3148910133168,-35.31721564941108,326.5130983432755,361.83031399268657,0.008962603460220686,False,17
5404815,0.4171684,21,184.36067020520568,-25.7155534112826,337.1904456289485,362.9059990402311,0.010068597992603203,False,17
5407922,0.3329078,21,167.32126353308558,-19.69087526667863,330.4616932757199,350.1525685423985,0.012173616134968961,False,15
5411253,0.2826634,26,323.6175953526981,16.289768437854946,458.61107299569994,442.321304557845,0.018111504862297616,False,18
5411324,0.8544237,23,358.0479026539251,25.28593393508345,460.0609148852527,434.77498095016927,0.005889487657085593,False,17
5412626,0.4563346,22,371.7588877421804,28.520864085294306,457.7648148871958,429.2439508019015,0.010886970399416164,False,16
5413328,0.3504946,28,357.34632761450484,25.53018426988274,465.7996240770444,440.2694398071617,0.0145386294364569,False,19
5413438,0.6388307,27,364.5698478911072,27.4018649244681,467.0834678225219,439.6816028980538,0.007965971956184474,False,19
5415208,1.0499804,27,363.2733520818874,30.895750620402396,462.29235080536455,431.39660018496215,0.004755342295765207,False,20
5416842,0.3467504,29,356.78311495576054,34.74241867661476,462.9409743240103,428.19855564739555,0.01429270680430213,False,19
5446585,0.9134629,28,231.51686842320487,-31.21043974533677,368.4258431196213,399.63628286495805,0.0050636100717025775,False,20
5446648,0.5494407,26,214.18581646867096,-29.660569480620325,370.18722651991993,399.84779600054026,0.00842287076524457,False,20
5446653,0.2932236,28,235.48762866994366,-32.670376379974186,366.0508126253262,398.7211890053004,0.015738257686114747,False,19
5448059,0.3394138,28,239.65630702441558,-23.769349046051502,371.7699326807633,395.5392817268148,0.013487963500341496,False,17
5451001,1.4133655,26,235.29441532446072,-25.02379494253546,358.18207261618227,383.2058675587177,0.0031380793550885586,False,19
5452287,0.3977676,29,240.92988409101963,-14.706187206320465,367.00244885869324,381.7086360650137,0.01110679710597407,False,18
5453649,0.380668,50,214.68598946230486,-22.035564319230616,355.3457447094843,377.3813090287149,0.011474143413340195,False,25
5497547,0.3494923,53,346.4711065404117,286.7055435664952,512.3431297950447,225.63758622854948,0.007472399640577226,False,8
5498176,0.5743666,69,341.1528631579131,267.56507141981274,508.5117654176429,240.94669399783015,0.004855322165728553,False,16
5502345,0.5143171,68,344.5810619741678,271.6429850785062,507.6727681327611,236.02978305425495,0.005311560110985189,False,14
5502401,0.519593,61,351.0763760190457,292.27337571792305,510.34813206642866,218.07475634850562,0.004857673955698517,False,10
5543393,0.2707884,26,274.26966157509014,48.83387752342969,345.9143962478265,297.0805187243968,0.012697855335311701,False,20
5551469,1.349043,28,50.37942304043099,-138.7896333122626,326.1749407276511,464.9645740399137,0.003989149657763511,False,19
5552243,0.3471415,40,67.03594825230539,-136.55523082707077,324.249005690217,460.8042365172878,0.015363712973234944,False,21
5553338,0.276369,22,311.4727919222787,-2.524093631654978,460.8906704932451,463.4147641249001,0.0194073749479904,False,15
5554190,0.3261218,22,319.03180971276015,5.579609773121774,461.3566839834675,455.77707421034575,0.016175544284912257,False,15
5555406,0.3140537,21,342.4196317093447,8.324209274724126,459.5927746966481,451.268565421924,0.016630964078737143,False,13
5556361,0.3678854,21,298.28638185281307,12.216777051799,458.1754751270637,445.9586980752647,0.0140303447907983,False,16
5575930,0.3240582,23,343.72082599438727,-86.86546438839287,516.3319798652083,603.1974442536011,0.02154382114411345,False,13
5601765,0.3025668,23,361.52540089096874,-41.43093600869179,519.9229248566553,561.3538608653471,0.02147344377315356,False,16
5701570,2.762558,27,69.5959807606414,-144.52369934879243,347.8801243705675,492.40382371935993,0.0020629859463892467,False,17
5702699,0.3899336,27,70.75685695745051,-141.37224163860083,345.6876636715606,487.0599053101614,0.01445699324852055,False,18
5703159,0.9554192,28,71.20948192896321,-139.50028312392533,344.0467024454847,483.54698556941,0.005857751894954151,False,16
5703162,1.025405,27,71.15405229851604,-141.86008223332465,347.11802769452333,488.978109927848,0.005519252261209618,False,19
5704161,0.4311938,25,152.73098673205823,-137.01318888925016,342.2257740050554,479.2389628943056,0.012863699004301846,False,19
5748902,0.7744178,33,407.05604874528944,-92.99231395125389,507.099786051549,600.0921000028029,0.008968686433471838,False,16
5749047,0.2172976,21,410.28422601521015,-83.8039371650666,509.3106772983447,593.1146144634113,0.03159147860913056,False,18
5802736,0.6245493,20,218.95916175562888,104.08655006904155,319.17341840453446,215.0868683354929,0.00398596451309066,False,16
5802790,0.563868,20,215.23109909612685,106.24987066257745,313.34538222290576,207.0955115603283,0.004250886362069675,False,15
5803027,0.9298792,21,222.07321145106107,103.4558535553515,317.73381773382425,214.27796417847276,0.0026670873268736786,False,17
5804289,1.0995754,21,214.11673177499324,102.40488736890256,307.58162538986653,205.17673802096397,0.002159679785607724,False,15
5804658,0.4934052,21,215.35158036276698,100.78645984176546,307.5761279091239,206.78966806735843,0.004850777689340924,False,14
5807094,1.8322646,24,215.9559172578156,95.02472912427038,305.11441826820374,210.08968914393336,0.0013270974205096145,False,15
5830471,0.3942448,21,209.9689369322732,-40.744182164780796,395.20029744599015,435.94447961077094,0.01279827584079419,False,16
5836693,0.2700692,20,475.82773931790143,241.82060421444476,519.5216031046584,277.70099889021367,0.011901142120610922,False,18
5836875,0.6291146,22,449.1013739607297,240.02467500977218,520.100298919715,280.0756239099428,0.005152663787291203,False,14
5838015,6.0465967,26,305.4218311677687,46.38002465944737,357.71622320171446,311.3361985422671,0.0005959432061789125,False,19
5838126,11.9228176,30,283.5533723467961,30.953424191102386,349.12310005165637,318.169675860554,0.0003088631831903718,False,18
5838169,11.3968413,33,284.3784099910408,31.933594518341124,349.6253698831424,317.6917753648013,0.0003226322139623293,False,21
5838220,2.3299618,30,290.14221428660676,40.98889078013599,356.79758568294346,315.8086949028075,0.001568778178269598,False,19
5838315,0.3655277,32,284.43083439487964,33.232257259078324,350.086931954138,316.85467469505966,0.010032890737520752,False,23
5838622,1.5112037,30,283.8396169594489,34.063250035978854,349.29134810809046,315.2280980721116,0.002414282970135731,False,18
5838672,1.6501529,30,282.0519427768886,31.822809437289834,347.1793235046789,315.35651406738907,0.002211891791092658,False,19
5839093,0.6311277,31,278.8836669875309,30.96925907302648,344.41408251877874,313.44482344575226,0.0057481768027234535,False,23
5839101,0.5795969,32,285.604500642512,39.25896214786917,351.1921386932954,311.93317654542625,0.006229049347051354,False,21
5839538,0.4538534,32,282.41123504703864,37.086200597696006,347.3065035883337,310.2203029906377,0.007911173004532618,False,20
5840495,0.619019,31,282.3349005309865,47.89476448204368,351.4836151851341,303.58885070309043,0.005676336018927664,False,18
5840880,0.5912036,27,275.1507204025984,46.64406718220562,344.486648007296,297.8425808250904,0.005830905111002353,False,17
5841268,117.8475885,31,282.70302617456764,50.09376243688166,349.9293111031875,299.83554866630584,2.9447516868828127e-05,False,21
5841545,0.6487902,35,302.58078309707344,38.38229093234986,339.3063627881929,300.92407185584307,0.005368326306919428,False,23
5841559,0.7637157,42,284.7079715458676,45.1174070360139,340.4493962181732,295.3319891821593,0.004475741849012603,False,25
5842585,0.4845005,25,282.6567637268454,43.14408616628498,339.14793035946786,296.0038441931829,0.007071139078086771,False,19
5842809,0.5280328,28,269.73829282214865,42.81921114306897,339.11458526272327,296.2953741196543,0.006494567397832804,False,19
5855159,0.3487413,28,362.33165469020605,66.20681688655168,512.164122518152,445.9573056316003,0.014800492196521128,False,19
6035659,0.1764019,20,254.2544516036287,-2.5762351462617517,460.5899491813034,463.16618432756513,0.030389240286037084,False,14
6048675,0.5244372,20,373.7104604020715,54.14688054006547,489.8147736908868,435.6678931508213,0.009614978622842534,False,15
6050395,0.299854,21,400.090378546156,57.792920409701765,486.3500281004235,428.55710769072175,0.01654188941746101,False,15
6052526,0.2544424,20,350.7431369042024,66.57440378330648,484.8661232041195,418.291719420813,0.019027250745741662,False,13
6243964,0.593651,20,369.1913976450451,228.1176534947008,483.7903803214431,255.6727268267423,0.004984704951247822,False,17
6251007,0.281329,20,368.64247403573245,234.12063780706376,483.40735710226,249.28671929519624,0.010255831978948178,False,16
6281459,10.4555191,29,428.07409067172557,153.35161741822958,521.1327012861148,367.7810838678852,0.00040712713228462777,False,14
6320510,0.2822864,50,342.2000989783555,130.68419673945755,430.2232234273106,299.53902668785304,0.012281452039351744,False,24
6321074,0.5707718,42,348.564010031987,131.89996287692338,431.00182574708015,299.10186287015676,0.00606516845533143,False,26
6322787,3.239935,25,335.7348070247099,131.32676139939576,429.83321850188076,298.506457102485,0.0010663596171199658,False,15
6324101,1.0182994,24,337.4345130287111,135.45219479128718,432.6966333668679,297.2444385755807,0.0033785045441255606,False,19
6329849,1.1186079,21,338.19393482990563,137.39491270389408,431.46817618981004,294.07326348591596,0.0030427335036617336,False,16
6332255,1.6379644,23,335.05543407518417,133.31325547769666,426.44236923661083,293.1291137589142,0.0020712892636209667,False,15
6334546,0.9702624,25,334.4504075590521,133.65923592355102,425.06422656588256,291.40499064233154,0.003476114242136156,False,19
6339008,0.5534093,23,331.2586877960712,136.29548382014036,423.36796992458403,287.07248610444367,0.00600387130971856,False,15
6340386,0.1927725,26,338.08595538139343,145.86433342192322,430.2878648741171,284.42353145219386,0.017076808265895957,False,18
6342912,0.3220746,25,340.11789781507105,146.88551765866578,429.1469298535958,282.26141219493,0.010143347202781204,False,17
6384545,0.3277676,20,151.10407127067447,92.52311261370778,208.2011426333338,115.67803001962602,0.004084803037854004,False,15
6384849,0.2598699,20,151.289858459495,86.3377766450867,203.62615047488362,117.28837382979691,0.005223784388779773,False,16
6385117,157.8017082,20,150.9142607683316,83.64145690575242,201.14187570288777,117.50041879713535,8.618148475104849e-06,False,13
6385201,0.3561564,20,151.24299314338714,79.30894859600812,198.15043774433434,118.84148914832622,0.0038620117411227147,False,16
6385704,4.2605287,20,149.55470926361158,81.07074941508472,197.6987296482548,116.62798023317009,0.0003168294306592413,False,15
6385706,0.6028881,20,147.38435038598254,93.87285383418202,205.49031130503863,111.6174574708566,0.002142800165947059,False,14
6386002,2.7292914,20,148.71889668283984,80.6935945758596,196.510743862018,115.81714928615838,0.0004911444285084738,False,18
6386441,0.5994064,20,144.75160654401407,96.13753238227218,204.69521402847022,108.55768164619803,0.002096164886932885,False,12
6386697,0.902057,20,144.48797672521323,94.24053314141929,202.81125220935792,108.57071906793863,0.001393044502473578,False,15
6387940,0.3058264,24,134.17807049117982,97.47335796710104,203.17508610896766,105.70172814186662,0.004000307466169057,False,20
6388094,1.3405188,29,136.68946931138635,97.22657294478267,200.7983620511368,103.57178910635412,0.0008942415123915613,False,20
6388611,0.3711574,22,139.35967806028202,82.29871625080705,189.817782654427,107.51906640361995,0.0033528460942198277,False,19
6388710,1.9306149,29,133.92991188447922,82.60849630460143,189.7089715115726,107.10047520697117,0.0006420694429603844,False,18
6417890,0.284031,36,118.3237484190613,-86.49800573475659,315.0701276957989,401.56813343055546,0.01636363397697051,False,22
6418421,0.4117158,34,89.74624299444258,-85.23709927685559,310.84770038723946,396.08479966409504,0.01113465844868481,False,23
6420588,0.2931856,22,92.36302339704707,-82.91628733277321,322.2508961800486,405.1671835128218,0.015994765753711518,False,18
6420800,0.3320722,38,94.06004101037979,-81.91745826043189,313.8956615002826,395.81311976071447,0.01379570577603564,False,21
6421462,0.3130688,23,118.8791272463277,-81.18875760119408,318.0169093888253,399.2056669900194,0.01475853218376482,False,17
6421945,323.9987241,23,118.34017799701542,-80.26342063676566,315.9529702970758,396.21639093384147,1.4153876286917675e-05,False,10
6422961,0.3231476,21,125.16466949600726,-79.66173912864178,326.508849975653,406.1705891042948,0.01454768187974601,False,15
6423392,0.5643836,21,122.81439118087292,-78.62133476883173,321.29573829006404,399.91707305889577,0.008201283359528081,False,14
6423500,0.290199,21,123.31212221179157,-78.5010376945138,321.96897380053997,400.47001149505377,0.015972038420149787,False,14
6423659,0.251822,21,125.12656620237976,-78.50514461752027,324.9829888343811,403.4881334519014,0.018544851302039506,False,18
6424179,0.2701718,22,129.63621251983568,-77.55997460335493,322.49107668176293,400.05105128511786,0.01713805993440159,False,18
6424280,0.6015536,22,97.71832746919245,-77.47823470272124,324.01586410123855,401.4940988039598,0.007724868473666595,False,17
6424598,0.271466,21,126.75879620946944,-77.18595983460546,326.0213582776487,403.20731811225414,0.01719092397221007,False,15
6426339,9.2031402,22,132.735244568903,-74.29609356913716,323.5406290506944,397.83672261983156,0.0005003283223903067,False,18
6426352,0.3327358,23,126.0223733028397,-74.03413185384125,320.81424698699266,394.8483788408339,0.013734633858850997,False,11
6426366,60.0117097,23,127.26341527886689,-74.17523763142526,323.05066615808755,397.2259037895128,7.661041582691057e-05,False,15
6426729,0.338587,23,127.03359292354435,-73.48127011209726,321.79194109048694,395.2732112025842,0.013511804723618554,False,16
6426741,283.9462659,22,128.87742281891406,-73.00994144752622,315.7210797071457,388.7310211546719,1.5845257268919867e-05,False,11
6427086,1.4024995,20,101.3195070787333,-73.20240796543658,324.24849648959935,397.4509044550359,0.00327994855539722,False,16
6427402,0.9521806,22,97.52376002725214,-71.97291478514671,315.16045548487455,387.13337027002126,0.00470573576488659,False,16
6428649,0.2610608,20,133.9100606041029,-70.63137295190245,320.9829570958391,391.61433004774153,0.01736213657677236,False,16
6428939,0.2518654,22,99.61692126234993,-69.77945705875754,315.74555214028805,385.5250091990456,0.017716188940115802,False,16
6430298,0.365896,22,104.28902677958831,-66.17532502859831,319.0429750364274,385.2183000650257,0.01218527980530397,False,18
6430426,0.3648137,21,135.52409643307328,-67.3186558065936,328.07791584637016,395.39657165296376,0.012544345809782746,False,16
6430859,0.3266874,22,104.29562721401453,-67.23609552718699,320.690711773932,387.92680730111897,0.013743699949928311,False,13
6435198,0.6516922,37,261.50158087257296,-16.380232013761997,461.9994020322338,478.3796340459958,0.008496037423766622,False,21
6451729,0.2724074,29,178.76752889715135,-110.27370281517506,420.6018978729844,530.8756006881595,0.022555897991329628,False,17
6452260,3.091361,33,55.57823656126857,-111.00921293254942,421.07250925619155,532.081722188741,0.0019921171503662597,False,19
6452926,0.4086318,33,54.97370855882764,-112.36587550956756,422.6482368540019,535.0141123635694,0.01515372265979041,False,19
6452939,3.8561463,33,54.51390794478357,-111.03027309291065,418.38481889571995,529.4150919886306,0.0015890189359799836,False,19
6453909,0.5237855,27,280.70019052829593,7.552549685351551,398.6890622181818,391.13651253283024,0.008642932973764984,False,21
6453989,0.3646018,22,288.0013044923544,8.186987251974642,398.9109014393762,390.72391418740153,0.012403305538582496,False,16
6454798,0.6230899,34,296.51854417752475,8.378958399407566,401.39238063711673,393.01342223770916,0.007300337336690254,False,20
6454805,0.1677284,34,296.95230012293905,8.689015684649348,401.68510749936104,392.9960918147117,0.02711863868900609,False,20
6454975,0.2765172,33,287.69040482584387,6.159258610568941,397.5828747963533,391.42361618578434,0.01638366773595352,False,22
6455934,0.3269177,23,304.9234510632232,27.001586090773344,401.40036188531667,374.3987757945433,0.013255076627202187,False,14
6456211,1.915962,32,298.0824231170118,17.620942066423595,403.67727633565664,386.05633426923305,0.0023321154645016993,False,20
6456916,16.8220376,33,288.31310123205185,11.860634596087039,393.0982839781791,381.23764938209206,0.0002623031108772586,False,22
6457080,0.670494,33,295.2814280753955,16.729192854836583,397.89432012476027,381.1651272699237,0.006579676205120357,False,21
6558698,0.4651125,26,127.9935828759335,55.29711067210883,155.47706480138004,100.17995412927121,0.00249292420614266,False,16
6559105,0.7028446,22,124.32125631021336,48.49221333861351,151.38354885857552,102.89133551996201,0.0016943602311072024,False,17
6567096,0.0744998,24,124.2333161062561,65.67545409779996,160.3569027967751,94.68144869897515,0.0147094368130194,False,16
6576787,0.6429027,33,398.96775966044515,184.97014939785004,473.0745255248621,288.1043761270121,0.0051866968210880675,False,21
6576943,0.3307886,22,397.29516544612125,187.33540701214224,473.9647804526612,286.629373440519,0.01002897197789164,False,16
6577509,0.399353,22,393.730200373102,185.33118143677711,470.14319272711873,284.8120112903416,0.008254439846102158,False,15
6578144,0.5690183,21,395.62247316353023,185.4278050828725,467.2313761431724,281.8035710602999,0.005732004411440735,False,17
6578876,0.34276,22,397.6337156491354,196.9557795440778,472.3867803113535,275.4310007672757,0.009300556672822972,False,16
6582868,0.5783937,25,404.32963462080806,237.70898776128888,524.5150676462799,286.80607988499105,0.005739196006947677,False,18
6656938,0.3380112,25,296.78315876517445,52.654602751135826,342.32481352519244,289.6702107740566,0.009918797000074498,False,18
6656959,0.297043,20,229.95431937742978,41.64627003483474,333.0597115214914,291.41344148665667,0.011354722238690745,False,15
6658051,6.6471121,21,231.79601503070444,46.61537781357765,330.2192326867953,283.60385487321764,0.0004938162580401757,False,18
6708716,1.04397,22,304.47486323537305,118.20834344252944,378.6837304243818,260.47538698185235,0.002887785495178088,False,19
6708819,0.3568428,25,298.26529403217137,129.5356966322288,386.9050780311227,257.3693813988939,0.008347687790560493,False,15
6709328,0.6929168,26,294.9312746990472,130.99200285505503,385.3616972453892,254.3696943903342,0.004248841542120659,False,19
6709986,2.7626457,27,292.9582266602665,128.15144041087478,379.0431537665427,250.8917133556679,0.0010511081008143244,False,19
6710210,1.2365859,23,292.96540764626116,128.7365339230746,378.43665496911854,249.70012104604393,0.002337118430100307,False,14
6711028,0.2415298,27,296.1194578791037,133.2693806150928,379.07396040391177,245.80457978881896,0.011778920920824021,False,22
6711345,0.5379874,26,297.5267063942738,140.23091937415302,384.4150285469368,244.1841091727838,0.005253292116651041,False,18
6711799,0.6897942,27,302.9057316714898,140.7235590275377,382.87659832276404,242.15303929522634,0.004063091881701991,False,21
6712108,0.4873057,46,289.69226450426504,83.59622543212026,379.90682842209935,296.3106029899791,0.0070377195832915,False,23
6712252,6.0927618,48,296.1612349608913,83.54331194423139,380.8790998533368,297.3357879091054,0.0005648319345314246,False,21
6712505,0.9031109,29,303.9912732085213,136.82828431483358,378.30085745081306,241.47257313597947,0.003094660299563537,False,18
6712584,40.8967126,28,299.93922316934913,135.6266871560365,376.9705588929355,241.34387173689902,6.830211210684698e-05,False,19
6739694,0.250245,21,210.8456892427057,1.525465096347034,517.8288800641894,516.3034149678424,0.023879533934884664,False,17
6766899,0.2857602,28,290.0714089977555,120.96519456245005,406.57291039824486,285.6077158357948,0.011567898046021062,False,18
6769695,0.2984132,21,306.2129494501278,114.13776730187237,390.5085625592619,276.37079525738955,0.010719150681738563,False,15
6771481,83.6813543,33,384.9839741131291,128.50118642672896,449.9794121598825,321.4782257331535,4.446406047036723e-05,False,20
6772137,0.1325974,28,374.8752558720298,131.51956361252815,450.0549071235582,318.5353435110301,0.027804102199645638,False,18
6772717,0.6939268,27,378.68959880433977,137.02410338446498,452.3073805728927,315.28327718842775,0.0052586411196335,False,16
6772757,11.0468435,26,380.9848969685845,139.11694746930152,453.76397848594934,314.6470310166478,0.00032966412932111915,False,20
6772868,4.0906281,22,388.51796155795455,139.69664094038308,448.52637362200767,308.8297326816246,0.000873806690550436,False,15
6773037,0.2462966,27,378.38376914151013,140.65663497895002,453.9458077400923,313.28917276114225,0.014722217408372061,False,18
6774100,0.5666868,27,373.46801238600165,135.25496441870928,445.8886961918324,310.63373177312315,0.00634441780088787,False,17
6774272,0.3585061,29,373.855205392465,139.21397973317653,448.43877602834255,309.224796295166,0.00998306778562685,False,20
6775497,1.5039822,25,389.9366340832785,150.06305021233857,447.62999571394175,297.5669455016032,0.002289961855420575,False,19
6775810,0.5616395,26,375.09341784752905,151.0984618915245,445.7872238242999,294.6887619327754,0.006072844875417635,False,14
6775890,0.5198571,27,380.03367469646037,147.86140315700322,449.79832344688475,301.9369202898815,0.006722309421440793,False,19
6776179,0.512542,27,375.55262313690037,151.2769568245858,446.1424340028316,294.8654771782458,0.006658566273101941,False,17
6776202,0.354365,29,372.46058410964906,143.45988684799522,445.2546345535666,301.79474770557135,0.009857053504467935,False,17
6776545,0.6731974,27,372.63990256469697,150.9710995014757,445.8369010593742,294.8658015578985,0.005069536259561229,False,19
6776575,0.3588874,29,372.52268898300827,144.62318897712976,445.9555969806388,301.33240800350904,0.009717932730855763,False,22
6795847,0.2969168,25,300.0062880339101,-85.89423839002848,448.84402491152287,534.7382633015513,0.02084456073113371,False,14
6853592,0.4535708,21,353.52798965759575,136.17704815696925,504.131988203153,367.95494004618376,0.009389356043237386,False,17
6885169,0.379114,34,249.12454172736034,-41.97593657299876,387.77189024258405,429.7478268155828,0.013119887898457751,False,22
6885233,7.2861616,33,243.6969978036359,-42.00805644504726,387.0652694022283,429.07332584727556,0.0006815833533757596,False,23
6885262,0.3116756,32,242.1110330731608,-45.23937252815813,382.1714786812663,427.41085120942444,0.015871902875813606,False,21
6885272,0.6895178,31,246.96794478222728,-45.21040907129645,382.1640669833869,427.3744760546833,0.007173801522202185,False,25
6885471,0.4861582,32,242.72338799200952,-44.16919376235455,381.81500744540244,425.984201207757,0.010141498588656643,False,21
6885726,0.3178462,33,239.64355972129852,-42.35974559560418,382.10161447059363,424.4613600661978,0.015456366075757396,False,21
6886254,0.2780978,34,253.43613383593038,-35.831811279058456,387.2877278365195,423.11953911557794,0.017609693021346382,False,19
6886679,0.5447055,31,240.114024002105,-38.99632904212922,379.2293357430026,418.2256647851318,0.00888659068781569,False,23
6887380,0.6860203,31,252.21985252574086,-35.35959559958428,379.0962910512462,414.4558866508305,0.006992421554482805,False,17
6887869,0.331892,33,243.30178142990917,-33.7995344074443,378.12811334151775,411.92764774896204,0.014365158268971771,False,19
6888668,0.516621,35,259.3460403615609,-27.67020862083882,380.8362383628264,408.5064469836652,0.009151938998077421,False,23
6888687,0.5008835,33,267.2329424880445,-23.483484447933733,386.93922590464354,410.42271035257727,0.009483767884753596,False,24
6898568,0.2243856,20,197.81607933109626,136.86043750494719,290.1584015227854,153.29796401783824,0.007907289910525462,False,15
6900401,8.5041047,25,305.5997625226155,138.8272204902023,393.60174445901066,254.77452396880835,0.0003467477549520232,False,18
6901057,0.288749,24,309.0671537560411,139.72722000908107,392.6225315546617,252.89531154558063,0.010136932314274996,False,19
6901157,0.5988575,24,312.9924945649691,146.10225583892316,397.7222958113998,251.62003997247666,0.004863041677131745,False,16
6901524,0.2998696,25,301.5980416210368,133.25181445106864,385.5699936160818,252.31817916501313,0.009738730754605854,False,18
6901938,0.6297706,25,301.4329141471535,140.19124447368085,390.17742625437677,249.98618178069592,0.004594305585914492,False,18
6902134,2.942925,22,305.6888477993198,138.64227002486587,388.2327161729336,249.5904461480677,0.0009816010642129623,False,16
6902706,0.2707533,25,298.9996197866276,139.36788279097527,387.061838270165,247.69395547918975,0.010588340708743156,False,20
6903872,0.5376575,24,307.5474570854567,148.57575630303472,391.5415765950456,242.9658202920109,0.005230289545905905,False,19
6904628,0.2357684,25,294.8444107314572,144.7903369087726,386.4454452646896,241.65510835591704,0.01186305766374875,False,20
6905427,0.2288824,25,290.5259198974818,143.0316409561783,380.71116108912975,237.67952013295144,0.012018924879803602,False,19
6913726,1.3143493,20,108.65876048337668,16.500791860744357,115.70061589591205,99.1998240351677,0.0008735471700849574,False,13
6914940,13.8125862,20,107.74146763142198,24.615740426816046,114.80021593160927,90.18447550479323,7.556888946864966e-05,False,13
6914961,3.8169898,20,106.74148688558489,17.45436934288591,113.32034692168236,95.86597757879645,0.00029068978011953674,False,12
6935829,9.4328581,20,469.52006727224216,216.2883825134486,506.7985222209245,290.5101397074759,0.0003564546228299495,False,13
6939337,0.2535994,32,342.2559215105139,121.15655781235546,521.9720198074356,400.8154619950801,0.01829289756665544,False,18
6950970,0.3146092,22,440.95064965076745,247.9518618201837,512.1325671672821,264.1807053470984,0.009718873614085202,False,13
6964118,146.3076383,23,84.26187448203564,-79.99375113286078,230.54317783098668,310.53692896384746,2.456589047793446e-05,False,18
6964557,0.498142,21,73.83132542017847,-68.2962455553934,236.32493207696825,304.62117763236165,0.007077716945065123,False,14
6964581,0.046012,23,88.91458637081087,-76.57594566699117,231.78478684276342,308.3607325097546,0.07756650351220641,False,18
6968029,0.3198286,24,100.3657985245809,-65.42158615775406,233.60259847249836,299.0241846302524,0.010821196299674712,False,16
6968264,0.6009489,24,89.2979440279305,-72.61813608929515,229.23606738913804,301.8542034784332,0.005813610625845248,False,18
6970333,5.7874959,24,99.79203063994646,-64.29307877551764,231.50614094920456,295.7992197247222,0.0005915515344291212,False,19
6970379,0.1647383,24,97.5123539334163,-65.79119979869574,230.62646670732647,296.4176665060222,0.02082551555409329,False,18
6971276,0.649307,24,101.90132630523294,-62.31394421774894,231.58155921846628,293.8955034362152,0.00523876737322722,False,19
6971505,1.1810813,23,88.9977514045313,-68.84449683129787,225.98271863535047,294.82721546664834,0.002889176241181691,False,16
6971792,0.401709,24,101.34574379771948,-62.41955871228129,231.04399549774826,293.46355421002954,0.008455297029610825,False,17
6974018,0.3048592,24,98.6894981469959,-63.129962724633515,228.72977864462882,291.85974136926234,0.01108054559563216,False,17
6976195,0.2760576,22,90.90715848142281,-58.50077464710921,229.4923537177965,287.9931283649057,0.01207448663076018,False,15
6986684,0.5963192,23,88.09836669825017,-64.2240336863324,219.11321757361293,283.33725125994533,0.0054993472187834045,False,16
6995226,0.2682276,23,93.59871405176818,-60.29739850200713,217.10718276444823,277.40458126645535,0.011970062633619565,False,19
7070074,0.7307274,22,82.86503723356873,-104.7729411860928,284.5039574895054,389.2768986755982,0.0061658009000308475,False,16
7070781,2.3401727,21,62.40225154906511,-103.6836133338511,282.24434391595423,385.92795724980533,0.0019087303960367281,False,17
7071158,0.3941735,20,79.91543136304244,-103.70613948907703,279.05210049357265,382.7582399826497,0.011238889022274223,False,16
7071443,0.4986608,21,67.33338930644095,-101.28862909041345,285.90782422106713,387.1964533114806,0.008986951514628461,False,13
7072651,0.8104615,21,64.69241715967655,-100.21808005403727,280.3525240626186,380.5706041166559,0.005434869345997676,False,17
7074195,0.3366342,21,58.06452864781022,-99.63367364834994,269.62078472133726,369.2544583696872,0.012695615755478383,False,14
7074364,0.2847554,21,58.87530553154647,-99.12148697767407,270.0423374539241,369.1638244315982,0.01500491105503107,False,15
7075075,0.8764759,22,81.99513744330034,-96.89451127778739,272.64286272693425,369.53737400472164,0.004879829485179756,False,17
7076796,82.8076958,21,72.44996912777424,-91.62303011398762,278.7447966635227,370.36782677751034,5.1766500931628865e-05,False,14
7077326,0.331997,29,58.580010663717985,-137.155961827375,271.62714139558375,408.78310322295874,0.014250989969585246,False,19
7078316,0.3177152,46,57.375776034314185,-133.54799633380026,274.77376924362034,408.3217655774206,0.014874788366593023,False,26
7107905,0.8113776,21,206.10549103002995,-115.56800056714565,386.12592816352844,501.6939287306741,0.007156523292782622,False,13
7108115,1.0448049,21,206.20923845563084,-115.09030752349645,385.73627087753266,500.8265784010291,0.0055480252022923875,False,15
7108859,0.2461872,20,189.45512054488063,-113.56611542869359,383.40297031681985,496.96908574551344,0.02336415951334368,False,14
7109399,1.3374446,20,189.59884430514649,-112.30858226772398,382.1420248830691,494.4506071507931,0.004278912153171936,False,16
7109820,0.6071605,20,191.57899380661547,-111.07858931645751,383.0993603914976,494.1779497079551,0.009420329872733692,False,14
7124520,0.6356772,28,295.5350228701718,-30.011018319055438,445.3704261453822,475.38144446443766,0.008655493781547823,False,18
7124995,0.1692371,30,304.5452454476617,-27.86224829033017,444.6215416537598,472.48378994408995,0.03231302346596669,False,21
7125146,0.365528,26,320.6105368793942,-22.951803565956652,440.87334042415023,463.8251439901069,0.014686553626424159,False,17
7125249,0.5250375,30,301.8036109395325,-28.700349759310484,441.75860329996794,470.45895305927843,0.01037092926032793,False,20
7125546,0.3349794,26,322.1428981865756,-20.714768953621387,441.019717999734,461.7344869533554,0.015953665074785867,False,20
7125563,1.4281088,30,305.94818430254236,-25.208915770053864,444.0798345487565,469.28875031881034,0.0038033396043211584,False,21
7125765,0.3708018,30,300.5811862181872,-27.839812031015754,439.3686790019274,467.20849103294313,0.014583277867722478,False,21
7126295,0.5188666,30,297.21660698996857,-28.285829024389386,435.3297342779115,463.61556330230087,0.010341619351784079,False,17
7127071,0.5963085,30,307.48091902351007,-20.169342798180878,441.55679766554385,461.72614046372473,0.008961892295118182,False,17
7127238,0.2885052,30,307.5155383790843,-18.146288744173944,439.77746840100735,457.9237571451813,0.018370703493304923,False,18
7127722,0.335811,30,309.0875947033055,-18.1142593966797,441.82371497154236,459.93797436822206,0.015852238862983595,False,19
7210657,0.2674332,26,18.46182276494801,-88.56978714466095,323.69811662938446,412.2679037740454,0.017842284565431833,False,16
7216188,0.573114,21,112.2787123080343,-87.07086397334933,335.91428264044225,422.9851466137916,0.00854221222852889,False,13
7216267,0.868282,21,111.66916962247342,-84.24497593659908,331.02214713580906,415.26712307240814,0.005535450974415785,False,14
7216705,0.3463834,20,165.08770185755566,-84.82173804659396,333.2516392925754,418.0733773391694,0.013969526939575821,False,14
7217281,12.1710123,20,167.12121495511383,-86.25157023780048,337.5476775225252,423.79924776032567,0.00040301363314823704,False,16
7220555,0.3525078,20,65.68796503124759,-79.73715928383172,334.48813618160784,414.22529546543956,0.013600477076173116,False,16
7221127,0.3032483,20,66.3774170097895,-79.38609814736992,335.4508528718725,414.8369510192424,0.01583307672214403,False,16
7222035,3.6641395,34,20.223838894162327,-114.84081870876253,331.1924841720611,446.0333028808236,0.0014089044609373004,False,19
7222925,0.3786754,34,12.018513190560043,-116.03731317445636,335.03545643761754,451.0727696120739,0.013786873000696354,False,22
7223147,0.445823,20,68.73259496642277,-78.6667523207143,339.6949287503958,418.36168107111007,0.010861146882218236,False,14
7223975,0.3215184,36,23.553676181472838,-112.93150938581675,335.2818680461496,448.21337743196636,0.01613486143060086,False,20
7223998,0.2833372,36,22.325058071874082,-116.84217578731477,340.98507778253406,457.82725356984884,0.01870183846648913,False,19
7224437,0.5358131,36,22.68051813589409,-114.28050503600389,336.11780195496976,450.39830699097365,0.009729033067595927,False,24
7224641,0.0493554,24,82.29088776279241,-116.65892957244068,338.961345423013,455.62027499545366,0.10684510332096143,False,19
7257067,0.3209094,31,314.6031203214079,96.12199359107763,521.4112088782713,425.28921528719366,0.015338687120535625,False,20
7337693,0.338593,33,105.95922649372369,-78.46410870552063,177.80250508803874,256.2666137935594,0.008759923479690334,False,18
7337783,51.7901299,33,103.67745514959097,-82.13720095809549,179.3882972560823,261.5254982141778,5.8445798348731714e-05,False,16
7338025,0.3040188,21,153.99299142882228,-83.2319363951683,179.54351040534675,262.77544680051506,0.010003928987671397,False,15
7338134,0.3264404,31,97.7905654348433,-79.21569447498769,177.4808185407892,256.6965130157769,0.009101276852378324,False,20
7348139,0.4743489,26,343.2001142995432,39.08049110323191,435.3009851882234,396.2204940849915,0.009667747407458772,False,16
7348645,0.6005247,28,343.83569536730647,42.105790274217725,433.409505430609,391.30371515639126,0.007541701756281555,False,19
7348693,1.1136699,28,339.55539740854874,39.42365585826337,430.1795855630189,390.75592970475554,0.004061022099355044,False,19
7366942,195.9715827,22,117.53844382474199,-128.39617542922497,444.73934553097934,573.1355209602043,3.384936164051523e-05,False,11
7437296,1.4528778,52,316.6311371955089,-1.152788707986474,429.98867807909846,431.14146678708494,0.0034346063192642,False,22
7437374,0.325929,52,314.5659335888922,-2.3419890319928527,428.3410167787224,430.68300581071526,0.015293996581151395,False,22
7438204,0.6206676,27,309.4265748979524,2.5686713168397546,430.0520490389317,427.483377722092,0.007971616819036275,False,18
7438439,457.2751491,29,318.68755677714944,2.702643256634474,429.40211731474847,426.699474058114,1.0800174314823836e-05,False,9
7438598,0.47904,25,342.7652041660622,14.111118391156197,433.5055746138096,419.3944562226534,0.010132979506047525,False,18
7438683,0.7439484,29,323.5287533607334,6.527634453959763,432.35954004339874,425.831905589439,0.006624935302497169,False,17
7439873,0.258925,29,321.7862323857844,8.768478641286492,428.13580641523004,419.36732777394354,0.01874592455692623,False,18
7439899,0.5274314,29,321.2062679696828,8.462103316560388,427.6489018695429,419.1867985529825,0.009198730028826851,False,20
7440327,0.2840149,29,318.95364741794765,8.581586298532784,424.61417745798826,416.0325911594555,0.016954012015948854,False,17
7442130,0.2803383,20,368.4048125054687,154.8456013435498,465.37019319366664,310.52459185011685,0.01282034822888942,False,14
7442275,0.316036,22,367.20422714715824,73.7310562748462,464.03554568532854,390.30448941048235,0.014293982558571122,False,16
7442998,1.708958,22,364.2928716726601,73.7979922676459,459.9255398148671,386.1275475472212,0.0026150840672223056,False,16
7443459,0.5543556,20,336.652065301314,75.76133091934025,458.5668096318841,382.80547871254385,0.007992377034849778,False,15
7443675,0.3577044,20,367.69229248166084,158.11021788977087,460.8335903612897,302.7233724715188,0.009795078665341761,False,14
7444924,0.2284652,21,350.3705529263243,86.30577872972935,461.96554647758603,375.6597677478567,0.019030968298730643,False,16
7445268,0.3598001,21,350.533629138954,86.6348379990086,461.88466153107584,375.24982353206724,0.012071061830842656,False,17
7445591,1.5552879,43,326.6896759159863,-18.134537525475025,457.76188038289547,475.8964179083705,0.003541505333165642,False,23
7470754,0.5667002,24,392.6190935075283,-7.2676865151152015,506.1876191524789,513.4553056675941,0.010486620159165428,False,15
7533051,0.2920438,23,435.26958134025335,51.02551218587905,516.0725333495066,465.0470211636275,0.01843041581733739,False,15
7565508,0.2622564,30,302.7071714051999,-19.537671259604394,434.6855269744992,454.2231982341036,0.020046080639116327,False,20
7565670,0.9085566,31,312.86202762275934,-16.04610274080187,438.14070210792124,454.1868048487231,0.00578587148317028,False,21
7566107,0.9638707,32,313.00995888886973,-17.648313799872994,433.5528227733448,451.2011365732178,0.005417983321834387,False,16
7567558,1.8180047,30,309.1238689608872,-10.409295908175409,434.92082606535405,445.33012197352946,0.002835132284937477,False,22
7568349,0.578018,30,325.0844061956741,-4.813552647829056,438.4101685602218,443.22372120805085,0.008874990364744241,False,22
7569477,0.5102693,28,336.9954591966234,5.74465615209192,438.6933463392779,432.948690187186,0.00982026590762924,False,22
7569518,0.5770647,31,322.8971893200651,-1.253627403639257,438.3729472523555,439.6265746559948,0.008817504415016096,False,21
7569803,1.9077383,28,322.72710248362273,3.4777962137013674,433.99385903030634,430.516062816605,0.00261190164348963,False,18
7570243,0.1320964,28,323.54793545091525,5.1176994340494275,433.65615592338145,428.538456489332,0.03754785019877074,False,17
7570813,0.6433671,30,329.2429624591023,2.521517453715205,437.33110958710313,434.8095921333879,0.007822156941922842,False,20
7576919,0.3508997,20,271.5826130588539,120.16487326472998,361.4515743451193,241.28670108038932,0.007958599427110923,False,14
7583312,0.5335064,24,263.3937801118009,129.9740580143407,351.773709920235,221.79965190589428,0.0048117990726309285,False,18
7583531,8.1609703,20,269.841290905606,139.22337291296571,359.52909495681524,220.30572204384953,0.0003124425959346878,False,14
7626069,0.317079,26,107.86468192236498,-58.15107892267406,280.3714198060334,338.52249872870743,0.012356808479989864,False,19
7626652,0.4067378,24,111.29887233255431,-55.493987747468054,283.0119625898078,338.50595033727586,0.009632478082239887,False,18
7626747,0.4373353,21,111.12057636491954,-56.4218568848446,284.07536081504077,340.49721769988537,0.009011255253519666,False,14
7641751,0.5721384,26,436.1717512481846,190.64870502334088,522.6366209099069,331.98791588656604,0.006715949725046576,False,20
7727005,2.7901477,26,373.87303904397413,87.43412455078214,441.92672877106816,354.492604220286,0.0014705041098566267,False,16
7727469,0.5018425,24,366.48165544029325,85.67135813646019,437.4909055419266,351.81954740546644,0.008114070654394723,False,18
7727662,0.374008,24,363.1369397509843,82.83134889788926,433.38492361363024,350.553574715741,0.010848252017848406,False,16
7728538,0.4920716,24,367.65520381741226,91.69472996145487,436.72064028214663,345.02591032069176,0.008115395083818137,False,20
7730060,20.1023993,22,371.60745336441323,98.96838606800884,435.54905452765524,336.5806684596464,0.00019378829016958763,False,17
7730513,459.3564301,36,372.8985073277727,109.79449725709856,436.6185355000198,326.82403824292123,8.234750576993368e-06,False,10
7730714,0.0479724,25,369.2205154336989,99.04199258890003,434.6795045770705,335.63751198817044,0.08097767520051133,False,18
7774103,0.3432702,20,431.2078385730274,180.5480312090367,511.27477346453816,330.72674225550145,0.011151145112923807,False,14
7775830,0.6434228,20,427.98866220982745,191.14702697843313,510.61195959337056,319.4649326149374,0.005746626936680467,False,15
7823498,0.3707272,20,146.528187696822,56.015487760305405,206.74235201440752,150.7268642541021,0.004705680866766414,False,17
7823994,0.3257688,20,140.56301687378436,58.66714746225625,201.06162568554282,142.39447822328657,0.005059061023325273,False,17
7824125,0.4002562,20,137.3938795295544,60.23322665132582,198.1766219716519,137.9433953203261,0.003988862822029333,False,13
7882385,0.2627972,21,397.651909198612,178.4129404462874,465.51974290050566,287.10680245421827,0.012644713865960803,False,14
7883167,0.3937623,21,388.52087343111634,172.18103588093072,461.37766807805747,289.19663219712675,0.008500517299452741,False,14
7895183,0.1308074,21,123.36684367619455,-57.665409659966826,254.16238624602556,311.8277959059924,0.027591084358921655,False,14
7895556,0.2938055,22,120.10505005018786,-50.38753787521273,257.6872118515894,308.0747497268021,0.01213619205116936,False,17
7895929,0.7113406,22,123.7972917035222,-46.89933762419969,258.1571141257882,305.0564517499879,0.00496350970172174,False,17
7896356,0.2669362,21,111.92333553917706,-45.217096572741866,256.5584561554715,301.77555272821337,0.013084671921683862,False,14
7896452,0.3059342,22,124.69255628529936,-44.85391771886498,256.7039944930002,301.5579122118652,0.01140851076330549,False,16
7896648,0.367177,23,107.03779072500765,-62.25824898574501,253.41998871881515,315.67823770456016,0.009950741214089507,False,15
7897069,0.0582882,20,145.38658317178488,-34.99730061739683,257.8381093684584,292.8354099858552,0.058147253246594324,False,15
7898286,0.3760532,21,125.50240214914083,-61.8891627760604,245.25564392097294,307.14480669703335,0.009453228277750667,False,14
7898622,0.5728498,21,81.73622936010361,-55.334653216414154,249.0602853242308,304.39493854064494,0.006150110493959586,False,17
7898800,0.3695601,21,79.98076337389648,-55.95597100909799,247.36151285469532,303.3174838637933,0.0094994536103906,False,15
7898810,0.7331621,20,88.3279614849016,-59.64061268605292,244.16894253809005,303.80955522414297,0.00479609392871744,False,15
7898858,0.4255386,21,77.08116006106138,-57.643330469727516,245.63338968437165,303.27672015409917,0.008248716389079105,False,15
7899663,2.6609511,21,85.35981536842883,-50.49773140344769,246.77178624551743,297.2695176489651,0.0012930036246188035,False,13
7903764,0.4378682,20,464.9419982219115,-9.410033072344959,518.6194404261187,528.0294734984636,0.01395728723749647,False,13
7904203,0.3658782,20,464.18423069408163,-9.894814062863588,518.0704134050757,527.9652274679393,0.016701483311247562,False,16
7904889,0.2299578,20,465.28468740871176,-7.894169865176082,518.166998703964,526.0611685691401,0.026477340331631266,False,15
7907155,0.271034,20,469.6207717526704,-0.22953632287681103,519.5918218698353,519.8213581927121,0.022198140842138777,False,15
7907460,0.3145302,20,467.5865394878201,-2.643174910917878,518.41811821796,521.0612931288779,0.019173999837873937,False,17
7907540,0.3113226,20,469.02605183422565,-0.7233773125335574,519.1581627354026,519.8815400479361,0.01932769241378082,False,13
7907839,0.3649715,20,470.6380351446569,1.7393475864082575,519.8531109374017,518.1137633509934,0.016430562594124974,False,17
7908072,0.3286997,20,469.5458746282384,0.3678515553474426,519.2553012399003,518.8874496845528,0.018270907392846415,False,13
7908534,0.545898,20,468.06737071601674,-1.0605372721329331,518.2629465591162,519.3234838312492,0.011010643875355997,False,15
7910252,0.192291,20,471.8086364446208,5.277052195742726,519.6101166307926,514.3330644350499,0.030957917877159,False,16
7911028,0.2466536,20,472.6319817826152,7.0432937471196055,519.7477925335988,512.7044987864792,0.02405835490366138,False,14
7911225,0.3346578,20,471.5513628325425,5.74366666842252,519.1317679127678,513.3881012443453,0.01775542632668443,False,15
7947845,0.3604039,20,440.3279328136705,129.2588033946231,519.7271409910172,390.4683375963941,0.012539568697567447,False,13
7948368,0.4115524,20,442.0239053084515,132.21395672298968,519.9374521616846,387.72349543869495,0.010903934605815388,False,18
8047786,0.3072392,21,219.69199385493994,-98.34074538666755,470.32695442903787,568.6676998157054,0.021422403395140642,False,14
8068666,95.7996855,21,236.63802319206297,-116.19368428364396,422.55198284983635,538.7456671334803,6.508875499898542e-05,False,15
8068842,0.6188174,20,240.13895817333832,-116.59961021505296,422.30663679074496,538.9062470057979,0.010079452875478881,False,14
8071429,0.310644,21,290.1522835716605,7.4050631839782,457.89880882948637,450.49374564550817,0.01678464088154993,False,15
8071881,0.383547,21,292.58735824842006,9.814374195411801,458.7459935573861,448.9316193619743,0.013547147589968158,False,16
8072240,100.0888732,21,284.9314986728132,5.654168059118092,451.96783805731684,446.31366999819875,5.161080659294508e-05,False,16
8072435,0.53355,21,293.37791798170656,11.360705201514065,458.10026242397726,446.7395572224632,0.009690931922241295,False,15
8073438,0.4783323,20,320.7550967345014,93.94440657924861,456.20512899477035,362.26072241552174,0.008765522285166263,False,13
8074328,6.0736673,21,288.51825753226876,11.755817849189043,450.13956644106656,438.3837485918775,0.0008353908320056741,False,14
8074888,0.6244881,21,289.19652092736214,12.891358486376703,449.8158789239824,436.9245204376057,0.008097827267363685,False,16
8075730,0.621199,20,287.32246086001396,16.75548206549138,451.07832052744925,434.3228384619579,0.008092229228348418,False,15
8076116,0.2911542,21,294.7858822066337,18.503514979965985,451.66174059268087,433.1582256127149,0.017219072879718213,False,15
8076701,0.2441638,41,290.44709438458085,24.72901933360845,454.7840940300375,430.0550746964291,0.020385861009977437,False,22
8077094,0.24622,41,285.0154306506738,20.879468321800232,451.02575845085084,430.1462901290506,0.020219905063121556,False,24
8077230,0.3186668,41,290.9766234224662,24.506887164898217,455.92007094528526,431.41318378038704,0.015669056662339257,False,25
8082395,153.9820155,29,232.29065942578018,-1.1409387923777103,311.8751019006595,313.0160406930372,2.3527882977701365e-05,False,21
8082471,3.2847188,30,256.6497630556114,24.990529054775834,317.25490449462086,292.264375439845,0.0010298262154293883,False,20
8082552,0.4822876,29,262.16913973912597,26.86363672837615,318.4465860715136,291.58294934313744,0.00699748999234992,False,20
8083257,0.5421139,30,253.1271713320166,25.119072664529085,312.7503680996597,287.6312954351306,0.006140897548260772,False,17
8083426,0.3030388,30,255.76282704714686,28.171077836304903,314.3358057131991,286.1647278768942,0.010929596334972364,False,24
8083768,0.2725142,34,253.02599411224946,3.207094478420913,307.49266867060214,304.28557419218123,0.012923450504129576,False,22
8084106,0.3391776,30,262.61498919920996,40.37208852823824,316.92645186558366,276.5543633373454,0.009437122872426809,False,21
8085320,0.7622024,34,258.3725138450973,17.5965670729056,311.5279534365982,293.9313863636926,0.004463359913939742,False,23
8085518,3.1407459,30,246.7842968646437,9.097067057155073,303.0344645027071,293.93739744555205,0.0010831991251426519,False,20
8086665,0.4570316,53,243.39508647099137,-5.958025669679046,305.7467586826533,311.70478435233235,0.007893752343026566,False,27
8086972,0.2494124,32,249.92968754377216,19.703888171352446,306.3214393565431,286.6175511851907,0.013300592786674257,False,20
8087946,0.4573026,21,275.6514594890177,-13.853513170033693,461.73296249471605,475.58647566474974,0.012036828782455294,False,16
8089106,0.3392376,21,279.51204255223274,-8.22195173241198,460.70864447392523,468.9305962063372,0.01599892658152241,False,16
8089125,0.5901591,21,279.61458675563335,-8.127689268440008,460.7497866265476,468.8774758949876,0.009195524796065106,False,15
8089619,0.691401,21,282.27442195639014,-5.094046122394502,461.0897132428363,466.1837593652308,0.007803930516478143,False,16
8089705,2.653409,20,271.15036082686856,-8.095656149089336,456.99470113031566,465.090357279405,0.002028707314360285,False,15
8089854,2.9027157,21,278.2467091921717,-6.995775899849832,457.2489952901378,464.24477118998766,0.0018510952933676857,False,16
8092746,0.5491362,20,380.17569137737155,-48.68249532300979,454.400304495357,503.08279981836677,0.01060341239657913,False,15
8093720,0.2471872,20,378.4313375945203,-46.97727360762656,451.5386334853247,498.51590709295124,0.023342066400679512,False,17
8095331,0.2648392,20,384.10638853674755,-40.4085824964568,453.998911078088,494.4074935745448,0.02160672949249614,False,14
8098769,0.3319844,20,391.5092134382576,-30.63986913766712,456.5323394257575,487.17220856342465,0.016984434294934764,False,14
8233546,30.7648354,20,426.8391848774627,212.74951114319265,510.5000127805397,297.75050163734704,0.00011201705833093353,False,16
8234121,0.5521482,20,427.6780463755131,215.26780743151903,509.4913341337815,294.22352670226246,0.0061674834625691025,False,16
8234397,268.5661664,20,429.2639755876735,217.83114220015705,509.67110018245876,291.8399579823017,1.2577076765622796e-05,False,11
8259819,0.2672715,55,338.0748214898631,25.13696257956326,453.751381742768,428.61441916320473,0.01856095781484807,False,24
8260014,0.680767,55,335.5282582808286,23.816150869242847,451.5585796907544,427.74242882151157,0.007272271652128455,False,29
8260993,0.5997385,27,335.44663216453046,26.73493407201022,448.63871396519244,421.9037798931822,0.008142124610335229,False,19
8261091,1.556944,27,342.95183373615146,32.542607258073986,453.258459828794,420.71585257072,0.0031275347358612387,False,20
8261516,0.2968288,28,347.3657487658784,35.42196010239422,453.3535810187459,417.9316209163517,0.016296166471662116,False,19
8261562,0.2723128,27,335.38912455551326,28.53649214375764,446.8267946038395,418.2903024600819,0.017778536099440922,False,19
8261582,1.3987645,27,342.04495183657855,33.42425355222076,451.17647491861135,417.7522213663906,0.003456689925075733,False,19
8262856,0.3293413,24,352.9565266915597,43.694042949937284,453.06471213698387,409.3706691870466,0.014386554158024367,False,18
8263311,0.4162375,21,305.4898852016777,39.486438408493996,444.50790567789227,405.0214672693983,0.011262196375305405,False,16
8263430,0.6082445,27,347.6467445259914,43.259342783130705,449.3314669467509,406.0721241636202,0.007727005907141527,False,20
8298820,0.3389404,24,52.83231879584491,-113.24097260367125,263.11442668084055,376.3553992845118,0.012851714547739557,False,19
8299599,0.5900941,24,47.26935202488676,-114.82080523855984,258.50138906389475,373.3221943024546,0.007322321525249082,False,18
8300516,20.2384151,24,54.51679278630763,-111.12550618126988,262.16956470161676,373.29507088288665,0.00021348236907569218,False,19
8301231,0.269909,27,36.9273740099743,-111.90257335547358,258.96832414437085,370.87089749984443,0.015903460942693768,False,19
8301406,0.055811,27,38.25129184406251,-111.20193907991052,259.63489855639637,370.8368376363069,0.07690406959556353,False,18
8301688,0.6047289,30,98.38853889377788,-116.70116619206965,250.66787065006793,367.3690368421376,0.00703117784668824,False,21
8302040,0.3627372,35,111.1520116450265,-116.32310170680285,250.21741858217865,366.5405202889815,0.011695428902727161,False,24
8302414,0.3309214,20,79.71430246252567,-111.16006833035499,257.2917019017041,368.45177023205906,0.012886709899660682,False,17
8303969,0.164657,27,33.32643297035247,-111.25499967020005,253.20059868972749,364.45559835992754,0.025618322282859464,False,20
8304398,0.6999656,26,46.69373750220984,-111.09578520990908,252.46196484658867,363.55775005649775,0.006011501607161285,False,17
8305219,0.4887758,27,41.98720310814679,-106.6604592371732,257.5439083389938,364.204367576167,0.008624257437516053,False,19
8307548,69.6743298,26,53.884751291479915,-105.89283050503582,253.90387452207506,359.7967050271109,5.976826368542351e-05,False,20
8315756,0.5288733,51,66.2768313428387,-106.46728801075369,245.57421051431447,352.04149852506816,0.007704216456147773,False,27
8320284,0.3592076,48,62.270826555322856,-106.13263382110745,240.66005742643028,346.79269124753773,0.011174051709503087,False,24
8322462,0.6031148,52,75.9426805190742,-99.7039194451645,248.94122856203467,348.64514800719917,0.006690674426496983,False,25
8331224,0.9601564,22,142.8587076254189,-148.42044948600233,394.4736694218591,542.8941189078614,0.0065442429448147885,False,15
8332182,184.5163495,25,193.7074523884803,-157.82813646364957,399.857055908069,557.6851923717186,3.4981668258749724e-05,False,9
8332271,0.5727868,20,242.38937753252685,-154.36896379105747,394.10859080962837,548.4775546006858,0.011082866862356718,False,14
8335030,0.560437,24,144.1665702383034,-153.9895684691146,395.4045126680285,549.3940811371431,0.011346017109753918,False,18
8335368,19.2567681,24,145.08742686593905,-155.78496144153178,398.6689494224265,554.4539108639583,0.00033324858053410936,False,18
8337085,0.5197296,24,144.90887409774587,-153.6800222704187,396.24634890351444,549.9263711739331,0.012246538498584371,False,18
8337585,18.3486324,24,145.26501435320824,-153.89371050987393,397.0192104578018,550.9129209676757,0.00034750856721312896,False,16
8339159,0.1062123,24,145.26337799616158,-152.27439219597727,395.3670939663425,547.6414861623198,0.05967711015464971,False,17
8393155,0.809968,25,183.15068192314357,-44.91949144285172,316.5916543453932,361.5111457882449,0.005165829736429758,False,20
8393170,11.0070489,23,186.7240004008636,-35.52407305687666,316.322906431742,351.8469794886187,0.00036997228233813826,False,15
8393250,0.6332068,25,183.26985121238977,-44.48840660043061,316.2576168542728,360.7460234547034,0.006593898229444789,False,18
8393466,1.3080297,24,194.4271395681426,-38.367148814722896,321.37049899902195,359.73764781374484,0.0031831312263241834,False,16
8393797,1.5551776,24,190.75176879996434,-38.77365435473621,317.0320977922529,355.8057521469891,0.002648007617477832,False,17
8394121,4.4280131,23,198.30824153032154,-29.406670737080276,319.29718495812267,348.70385569520295,0.0009114526458224605,False,15
8394147,0.110293,27,189.207456051372,-39.29228272754699,313.1623176857829,352.4546004133299,0.03698635138161133,False,19
8394481,0.0550791,26,205.1852787612006,-33.04202116560191,317.0895243063569,350.1315454719588,0.0735750664582843,False,20
8394767,136.5968864,26,190.87563467910513,-34.42930933088064,312.4708251329139,346.90013446379453,2.939340682212076e-05,False,17
8395322,0.3196658,26,195.10199571959674,-29.915607953444123,312.9986800951883,342.91428804863244,0.012415827313817261,False,19
8395431,4.4981144,26,195.24898873642087,-29.31102777365595,312.5199409900233,341.83096876367927,0.0008795634351325801,False,19
8395517,0.3968402,25,189.74747776519507,-28.538841381669044,307.16809602454305,335.7069374062121,0.009791087094301555,False,16
8395519,0.7020031,26,198.5572148580104,-27.101624524220824,314.4032747950405,341.5048993192613,0.005630463742083674,False,18
8395617,0.2394732,26,198.7137934193015,-26.545777986757457,313.9912258833647,340.53700387012213,0.016458628805879085,False,20
8395718,0.5962223,26,198.537892580498,-26.134815369732678,313.3042029803619,339.43901835009456,0.0065893079511031094,False,14
8395893,0.2718856,55,201.87407538760453,-33.13286758493632,303.56629751622677,336.6991651011631,0.014333164674994769,False,26
8396121,0.3179526,41,228.5292956745252,-14.7398566827178,310.1314235944301,324.8712802771479,0.011825927079907476,False,24
8396331,0.4094205,26,196.48908460512757,-26.178125711157918,310.66630489658564,336.84443060774356,0.009522391749541921,False,18
8396360,0.5286622,54,204.05886098742485,-26.475703809410334,308.74218286480755,335.2178866742179,0.007338971182963273,False,27
8412158,0.7396952,23,290.7947991974652,42.62543076183647,335.7678233413026,293.1423925794661,0.004586824094527101,False,13
8413061,15.0490885,24,368.9657805953175,241.05094182305038,455.41342010255903,214.36247827950865,0.00016486361963444682,False,12
8422352,0.4773454,22,392.48291188851,201.94155452772975,467.15861200354993,265.2170574758202,0.00643065140867201,False,14
8425025,0.6667081,21,389.27193742711097,206.89168986864388,467.768015130423,260.87632526177913,0.004528821402877921,False,15
8425463,0.0429034,21,395.05589317996055,205.96100692637265,466.53403469827026,260.5730277718976,0.07029493059146137,False,12
8432779,0.8330058,21,383.55989085976034,212.0125218294561,465.58245818596333,253.56993635650724,0.003523189425990147,False,15
8434259,0.134087,21,382.46917182113975,211.0816301777959,464.0163249336183,252.93469475582242,0.02183272720701637,False,14
8436241,0.3700398,21,404.49153087101877,219.3105667596683,469.45319508668035,250.14262832701206,0.007823940314907796,False,16
8542300,0.476348,28,268.0470304330811,41.574621736072004,329.9520500935614,288.3774283574894,0.007006855738033059,False,21
8543863,1.1343916,29,270.0509322574362,39.90593422204256,325.8559887763113,285.9500545542687,0.0029175172955235463,False,18
8545757,0.7038001,31,268.48808743525296,23.17485229577869,326.1562580941245,302.9814057983458,0.004982564273260476,False,24
8546412,11.3596774,31,266.3161324337125,19.084940990433097,321.4930673595518,302.4081263691187,0.0003081156208888584,False,20
8546961,0.6517172,31,266.93302458152175,22.576073231175542,323.81267545279115,301.2366022216156,0.0053497663525458065,False,18
8564724,0.383556,32,263.4173161815852,30.297493957914412,317.1894219238311,286.8919279659167,0.008657167207738748,False,20
8568363,0.420183,32,263.34209059132263,31.128482962958515,316.57617213204503,285.4476891690865,0.007862747180909936,False,19
8649964,0.4643921,26,320.44127670815215,240.0668060174212,454.98495921492577,214.91815319750458,0.005356418907580723,False,18
8667230,1.9444864,20,279.6506237005815,180.63800695817918,364.31368100456893,183.67567404638976,0.0010932839936645482,False,13
8667502,0.3174376,20,278.9042314630933,179.27115911152214,362.6034188317135,183.33225972019136,0.006684466976088786,False,14
8670012,0.2898452,20,278.2895898562856,193.05996985640377,372.7607641601935,179.70079430378973,0.007175796957969325,False,16
8670455,3.1602934,20,276.85593080241233,188.50475668441504,367.97921194229275,179.4744552578777,0.0006572967685717946,False,15
8699916,0.2839117,26,295.1225785422139,-25.814609276130795,401.50136842858046,427.31597770471126,0.017420158376670332,False,15
8699987,0.1867414,29,276.5203141607344,-34.307585237547755,397.610475984402,431.91806122194976,0.026769916229145263,False,19
8700095,8.6166314,29,276.35828400962055,-33.923478866927326,397.05677500460297,430.9802538715303,0.0005789034195860278,False,19
8700246,0.0659168,25,284.03175501152873,-22.809947188943624,402.28260287549347,425.0925500644371,0.07464034453709581,False,19
8700320,0.6450206,31,280.64024755731225,-30.63266866374761,399.41767235286534,430.05034101661295,0.007716706261020336,False,19
8700483,0.3626654,31,281.6046477528289,-29.388420609757304,399.49010519776493,428.87852580752224,0.013687194384895695,False,21
8700535,0.5045126,31,287.42902711965144,-30.956867267377675,396.7778286198154,427.7346958871931,0.009812704487955147,False,20
8700892,0.5373399,30,279.4228981831111,-31.11315853893757,392.66144579742104,423.7746043363586,0.009127925659904368,False,20
8701682,0.0501577,30,280.75845470884815,-28.3885492477566,391.8984577059746,420.2870069537312,0.09698277534363359,False,22
8702423,77.3910252,30,277.7369091636501,-19.457179843448102,396.9934235326946,416.4506033761427,6.228151286550366e-05,False,20
8702500,0.1704936,20,316.4610742474906,-11.495085759088397,390.0449944892898,401.5400802483782,0.027258821636145743,False,17
8702521,0.695858,30,278.7282963632606,-18.47120588645339,397.31671877671033,415.7879246631637,0.006915721654643602,False,20
8702727,1.0926038,30,275.7321020937525,-19.14954911917448,394.11321447696537,413.26276359613985,0.0043777386074607145,False,23
8704579,0.6020138,29,287.06487512681633,-10.48232156317681,394.73304175771773,405.21536332089454,0.007790506847233189,False,18
8704610,0.3828016,29,271.55287542846054,-15.550789469853044,396.8695846851915,412.42037415504456,0.012469602948701966,False,17
8819196,0.2984422,25,262.0251132873818,-148.8902744371444,465.14840363524854,614.0386780723929,0.023813418961381467,False,16
8821912,1.3307164,22,114.21704795211554,-61.132570495828986,330.082338815555,391.21490931138396,0.0034026411181617127,False,13
8822653,0.259697,21,143.29870222136378,-60.20225656684488,331.9705446017906,392.1728011686355,0.01747820363948336,False,16
8822978,0.0915926,23,139.55130942631513,-59.11165822762996,324.37717525754124,383.4888334851712,0.04845946250393186,False,19
8823819,0.3075138,21,143.59174906276166,-58.38700665626675,330.16085252165794,388.5478591779247,0.014623999649603375,False,15
8825435,0.3536384,22,146.58315181732178,-55.52902389317751,323.13795634545386,378.66698023863137,0.012393223356648664,False,16
8825485,0.2980144,24,145.6348822801374,-55.29625634662807,321.31739063188434,376.6136469785124,0.014626656454978303,False,15
8826860,10.4841566,24,153.16491618286818,-53.145059128291905,319.38650377560407,372.531562903896,0.0004112593953413742,False,18
8826873,0.5533738,23,148.34128639195114,-54.125435021705925,332.64746081549674,386.77289583720267,0.008089537571644916,False,19
8827035,0.4096496,24,158.70685076806694,-53.54782612994313,328.55580879841,382.10363492835313,0.01079580152069895,False,17
8827070,0.3204002,24,150.86299621034414,-53.4034212352708,327.4875473929569,380.8909686282277,0.013759230752817668,False,16
8828001,0.3253924,24,147.17789813876152,-51.31742998491973,318.974119797349,370.2915497822687,0.013171118397920987,False,17
8829207,2.5102983,20,188.26474968809634,-49.78912153746933,320.8582827821374,370.6474043196067,0.0017089206143183903,False,14
8829788,0.4722413,22,150.5135604296811,-48.989064269699156,321.54630585573614,370.5353701254353,0.009081382379932128,False,14
8830717,0.2615832,23,162.67965976148844,-48.49548919592053,332.4085966916755,380.904085887596,0.016853575096491324,False,17
8831470,0.5671619,40,92.22862900933251,-117.77964115608484,326.2922699796036,444.0719111356884,0.009062176415059083,False,20
8833434,0.0608701,36,126.75293788779527,-116.85721669346094,329.37486993614584,446.2320866296068,0.08484827895600151,False,24
8833576,0.3066438,41,101.54435529839247,-117.7930714795366,332.3532522423193,450.1463237218559,0.01699048503484788,False,25
8841633,0.3565767,21,376.72094812151045,140.74011810589582,474.3782381527126,333.63812004681677,0.010829513861552578,False,16
8862457,0.7061882,20,164.93318618740886,-54.60142695810646,368.5739752370864,423.1754021951929,0.00693563479442626,False,15
8865247,3.9466272,21,180.53466877900064,-41.49413723498583,368.4091337956488,409.90327103063464,0.0012021026009534995,False,15
8865289,0.2942782,22,172.3544287495315,-43.35542265325785,366.0313265863806,409.38674923963845,0.016101337308179687,False,16
8894179,0.3129293,24,331.4082579337992,56.81634843349457,410.98787086084485,354.1715224273503,0.01309946826807761,False,17
8895224,0.5079262,22,339.85419978853315,65.93407394830137,417.38893878646195,351.4548648381606,0.008008574157683856,False,18
8895274,0.526691,23,328.17925619892776,56.4723054645583,406.92957274150103,350.45726727694273,0.007701324631066244,False,16
8895629,2.2503382,24,331.77191769937053,64.856191794388,414.18017086107284,349.32397906668484,0.0017966639901362878,False,21
8896138,0.3023576,22,339.2507209908217,68.27045988757163,414.8686522152275,346.59819232765585,0.013267578363965256,False,16
8896147,2.7590959,25,328.2548737479374,61.55407545156777,407.6293954392895,346.07531998772174,0.001451744170525852,False,19
8896173,0.2901844,23,334.4111582497135,66.15801535081118,412.46519638225436,346.3071810314432,0.013812544594546445,False,18
8896234,0.5902051,24,334.8112915526144,65.27960090897977,411.1353605054319,345.8557595964521,0.0067823205535067245,False,17
8896298,0.3860695,23,332.8199006617069,69.04226972255856,407.9271262977272,338.88485657516867,0.01015951385070038,False,16
8896887,0.2372614,24,330.11986061464995,63.49258585833013,406.1821775045246,342.68959164619446,0.016717066990784218,False,17
8897858,0.396671,25,336.4642702275887,71.94414557889104,410.89612171053886,338.9519761316478,0.009889947284529193,False,17
8899537,0.2822326,22,287.5539110857062,96.59293815493584,366.3448420353234,269.75190388038754,0.011062253322734918,False,14
8899594,0.4620898,20,292.8710477426648,101.6085076611489,366.2418150343001,264.6333073731512,0.006628333934235434,False,16
8899881,0.5315751,20,288.6430236278102,98.58571928925812,362.59210074786097,264.00638145860285,0.005748255354756319,False,15
8899939,1.9213695,21,295.2152037061751,103.57569800689816,366.60428603645414,263.028588029556,0.0015844491970197268,False,16
8899980,5.5847547,20,297.63442495604977,104.86660769674927,367.8403384750709,262.9737307783216,0.0005449975161064653,False,16
8900411,0.565279,23,287.20265727024525,95.63383930362761,361.5107887191698,265.8769494155422,0.0054438242126884796,False,16
8900711,0.5043699,22,289.5238360273652,102.37769102677703,362.0602142997086,259.6825232729316,0.0059590882804532435,False,14
8900750,3.816524,20,280.9548804187216,98.513573105447,358.48139645531774,259.96782334987074,0.0007883841014303088,False,17
8901720,0.4830716,22,289.6386029315181,107.38858405966312,363.2035337621346,255.8149497024715,0.006129155961791044,False,18
8902536,46.730723,23,283.971929596737,102.39399739075452,358.8837227784097,256.4897253876552,6.352632465959577e-05,False,18
8902556,0.9357848,23,290.08248914033175,108.96335423458368,365.64617541152984,256.68282117694616,0.0031747320386527806,False,15
8903423,0.1608206,23,283.2844496704638,105.07490092422813,358.54463225696236,253.46973133273423,0.018241925760634645,False,17
8903746,0.296477,22,287.46840592939407,115.8202591817826,364.44876375608146,248.62850457429886,0.009706131433025832,False,15
8909137,0.5944365,23,239.28484108764678,-10.195881128311157,348.66149711888283,358.857378247194,0.006987191866349125,False,17
8909809,0.4405015,23,239.03223797678947,-8.681605872698128,346.7732378980145,355.4548437707126,0.009339493036438367,False,14
9001273,0.3307524,20,181.87278765253723,23.791545792482793,504.8281905474141,481.03664475493133,0.016832995796062646,False,13
9001365,0.6104944,21,189.9737652624026,23.917091405019164,504.6043880749494,480.6872966699302,0.009113122705342085,False,15
9002155,0.0671968,21,189.31513815186918,22.78840800281614,505.53512633778155,482.7467183349654,0.08314899336017582,False,17
9002177,0.3317768,21,189.1620246693492,22.476646467112005,505.8749536285177,483.3983071614057,0.016863408816915833,False,15
9058102,0.4589852,20,87.1129437466152,61.85681847855449,121.99733541347086,60.14051693491638,0.0015165430124061264,False,14
9058337,0.4914216,21,91.20147738140076,62.56707601714879,118.46012051682919,55.8930444996804,0.0013164057853069938,False,15
9086627,0.5646069,20,96.13676826702431,-112.5318183330819,353.62806329503655,466.15988162811846,0.009555974254521942,False,15
9087179,0.4864029,21,99.28421869408339,-111.29359770566225,348.77259652130306,460.0661942269653,0.010947385821425503,False,14
9087235,0.3675476,20,92.24572306266055,-111.35017115157098,345.9155265474692,457.2656976990402,0.01439929700724982,False,13
9087352,0.5573849,20,98.49404274718836,-110.27474259026349,353.6263760179281,463.9011186081916,0.009632887273797753,False,16
9088982,0.0650154,20,96.99966623447835,-106.7590951686725,345.8504852838814,452.6095804525539,0.08057378422332936,False,16
9090968,0.6230907,22,366.4158814935945,123.29493889119476,516.2613103631884,392.9663714719936,0.007299453983243472,False,15
9210109,1.2282221,55,346.6929225018248,287.7176960930228,508.4201753139496,220.70247922092676,0.0020797759972197216,True,7
9251753,6.6689414,24,367.725633806549,165.2568843914196,458.5651745321229,293.3082901407033,0.0005090420912423238,False,17
9252425,0.6364229,27,365.28942820150405,161.130475345999,452.0460745319724,290.9155991859734,0.00529063095354064,False,19
9253617,0.2846872,21,367.239383677952,181.04870680253953,458.3600150886923,277.3113082861528,0.01127420419211796,False,17
9254197,0.5877273,25,363.11856892425567,174.77587193716317,450.3032442647964,275.5273723276332,0.005425941957698773,False,18
9322176,1.6125526,20,13.803361624013633,-165.10278834030032,413.4370038751513,578.5397922154516,0.0041524613894151794,False,13
9381201,0.2654884,24,222.5702710915357,-22.691425401717424,430.0774650648236,452.76889046654105,0.01973864273051507,False,18
9381763,0.4958583,23,196.98279672302306,-15.955742890946567,426.9897988764569,442.9455417674035,0.010339011187665509,False,12
9382525,3.1807117,25,198.63715432584286,-20.123568177223206,425.6600981578231,445.7836663350463,0.0016221316679453051,False,19
9383083,0.3050642,26,222.18128833919764,-18.79695786628872,423.654006770812,442.4509646371007,0.01678650014933031,False,20
9384895,0.2712214,26,225.42596810963005,-13.653082377277315,421.45352710504085,435.10660948231816,0.018567694615054607,False,18
9385226,0.6094159,22,223.18774033337831,-7.62933399528265,418.60498844180256,426.2343224370852,0.008095075334922501,False,16
9385654,0.8769663,26,228.50162879331037,-10.063437419012189,421.2744418764487,431.3378792954609,0.005692734790287479,False,19
9386210,0.300908,38,191.75175866112113,-7.053083600476384,419.6080294204876,426.66111302096397,0.01641102040036,False,25
9421023,62.2225636,23,-40.440394333563745,-126.1839973507449,348.662369675003,474.8463670257479,8.832659260218861e-05,False,12
9421599,173.8236289,23,-38.91212549060583,-124.3764596292749,348.20468130055815,472.58114092983305,3.1466890696885727e-05,False,8
9421913,2.1822042,23,-37.75838187430054,-122.62367103248835,346.2738711386919,468.89754217118025,0.002486960150768893,False,16
9422650,0.8630417,22,-46.31667978828773,-124.00518385693431,345.85645047482103,469.86163433175534,0.0063012173807143294,False,13
9422977,0.4126229,20,414.67286772094667,269.02770430315286,492.9999731713906,223.97226886823773,0.006282423080297817,False,15
9423042,155.5712352,24,406.27292648423463,270.40621095802635,489.25948224496096,218.8532712869346,1.6282084345296824e-05,False,11
9424274,0.5318314,21,355.92646789737046,213.71947545558214,489.20290879905224,275.4834333434701,0.00599525651117548,False,17
9425767,0.361883,21,350.44691290240735,221.7695694649592,490.24093500338495,268.47136553842574,0.008586497490928165,False,16
9426593,3.3046632,20,345.0241384911351,221.72187936957926,487.84309735056013,266.1212179809809,0.0009320485941183617,False,13
9427365,0.3681026,21,346.2211764184758,219.23624547198415,484.16807076428086,264.9318252922967,0.008330124727488187,False,14
9428064,7.8737025,34,246.9758351915516,-56.55240146443248,407.10471575148404,463.6571172159165,0.000681560145259319,False,21
9429099,0.6160145,27,245.2367136022076,-54.29549419786781,409.205698245205,463.5011924430728,0.008708556592024679,False,20
9431610,0.2323092,26,239.74212147295475,-57.9857534263283,402.70108594559133,460.68683937191963,0.022952270524979907,False,18
9434470,0.3514934,20,226.28826258005574,-52.23099812865257,408.0059769563377,460.23697508499026,0.015154813266085398,False,16
9439475,3.741435,28,250.22395583800972,-53.75092488247901,401.65034481324255,455.40126969572157,0.0014087771213145935,False,17
9441160,7.9051552,26,248.6472214688547,-49.733531288802624,405.21307066082954,454.94660194963217,0.0006660951666974653,False,15
9450313,0.6331648,23,259.033577889204,-37.48751732055098,409.40886614844203,446.896383468993,0.008169139923296332,False,17
9450736,0.6010758,25,216.00727674085647,-39.71180620137602,405.7296917773783,445.44149797875434,0.008577242492997754,False,19
9450929,0.3702478,28,269.6486285654828,-36.755792261101305,409.3773485161364,446.1331407772377,0.013946276029878005,False,20
9452348,4.0276739,27,258.34021198097616,-39.16788941714913,403.56312424410135,442.7310136612505,0.0012722483682219689,False,19
9453344,0.5885639,22,238.31550981849432,-36.1517992336303,405.8977235807106,442.0495228143409,0.008692877564292134,False,16
9453622,0.3469086,26,257.10485136369243,-35.79547572880983,401.72409592196345,437.5195716507733,0.014597170353064782,False,19
9454863,0.4009694,29,258.05515833199024,-37.01385450549424,400.977530493401,437.9913849988952,0.012642722197213827,False,23
9456002,0.6106939,28,256.2221687519923,-41.3548142882064,396.42182257957757,437.77663686778396,0.008296888544337447,False,21
9456270,3.4438315,23,319.80844689533114,54.91042749490589,398.1395869748667,343.2291594799608,0.0011535290609320608,False,18
9456525,0.2768119,27,330.78399274963886,50.77229992020875,394.1870806273073,343.41478070709854,0.014358877309956193,False,17
9456617,0.6070502,26,331.91625312902033,57.57194305770099,400.654727476649,343.082784418948,0.006541247429626892,False,19
9456813,0.5010057,26,324.9932753155008,53.4901418723166,394.4381177891046,340.947975916788,0.007876471522512673,False,19
9457934,0.300715,25,331.10244933050126,67.16823102906346,402.3810684448108,335.21283741574734,0.012901844639710055,False,18
9458579,0.3561204,26,338.0819917889312,70.62500417232513,400.7802605163306,330.15525634400547,0.010730195161160196,False,16
9460839,0.3563224,25,329.2508638696745,72.25175052881241,396.26891780644655,324.01716727763414,0.010524734609283581,False,16
9643411,0.2696492,20,162.6755534671247,-48.21308716200292,376.474621379748,424.6877085417509,0.018228746819983172,False,14
9643691,0.1599192,21,186.36245413217694,-46.92419038619846,376.8772400217131,423.80143040791154,0.030672421749481718,False,17
9643812,0.5440909,22,159.1199363116175,-49.64714131783694,374.42313130013645,424.0702726179734,0.009020957247940022,False,18
9644976,2.745812,22,157.40825749235228,-48.34918454289436,367.60637525003403,415.9555597929284,0.0017533248673129481,False,15
9649557,0.3045142,23,305.55958030745387,146.7871444998309,402.5788947707042,255.7917502708733,0.009722215467036166,False,17
9650202,0.4750476,23,315.3170830802992,137.1427200967446,389.702741894871,252.5600217981264,0.006153379999059626,False,16
9651399,1.5434384,26,309.830104757566,151.88261889852583,398.2398052001372,246.35718630161136,0.0018474053275694816,False,18
9652405,0.5172491,21,289.64516753330827,146.86544823925942,388.4411062113941,241.57565797213465,0.005405547462262707,False,17
9653645,0.7655261,26,306.2779470230453,154.1957173962146,393.76885027159005,239.57313287537545,0.003622132786925993,False,19
9657617,0.3476318,22,366.9742906931788,-22.13104823604226,520.8546104840934,542.9856587201357,0.018078197205165798,False,17
9675295,0.5043355,26,342.8453290835023,66.88551970291883,520.1628570444882,453.27733734156936,0.010402332333318566,False,17
9675309,0.3216006,31,357.90036963298917,57.25111335050315,520.4337681178004,463.1826547672972,0.016669466276191577,False,20
9708274,88.1743567,21,399.9661744572222,222.53391228150576,494.98847702052444,272.4545647390187,3.5763337915103976e-05,False,18
9708371,0.7424951,23,400.34720927942544,225.3918170928955,496.46657137200236,271.07475427910686,0.0042255353410922325,False,16
9708710,0.3129928,23,399.12427347153425,225.97990734502673,495.67726640962064,269.6973590645939,0.009973063953534275,False,16
9708918,0.2992782,22,404.61224725004286,234.85424376558512,500.331783760339,265.4775399947539,0.010266891183194246,False,14
9710004,0.6886806,20,401.87343754805624,235.32298870850354,496.98675877880305,261.6637700702995,0.004397562320319657,False,15
9710912,3.793784,21,409.54966829158366,236.89875276759267,495.34674554597586,258.4479927783832,0.0007884729896885981,False,16
9711106,4.5552288,20,424.1417797864415,235.097077768296,493.940672907047,258.84359513875097,0.0006576782583863941,False,15
9711807,0.3333908,23,322.2325196955353,-102.915257262066,488.37259432766587,591.2878515897319,0.020527289275527924,False,18
9711882,0.3891628,21,320.51823483780026,-103.22650896850973,486.44517317879945,589.6716821473092,0.017537400102365437,False,14
9824982,0.3224028,20,299.3520802818239,67.96833670232445,402.68263842444867,334.7143017221242,0.012016049866142122,False,17
9851742,1.8412108,21,318.0725857615471,115.36113938782364,443.4248491656035,328.0637097777799,0.0020622482107880116,False,16
9857403,0.3122534,22,314.05948454048485,111.15318217780441,437.2420164523646,326.0888342745602,0.012086902248693607,False,18
9861363,0.39215,22,315.4696326702833,116.45633499138057,438.9903674600646,322.534032468684,0.009519400186669288,False,15
9862976,0.6369449,22,314.9384924210608,116.86448003165424,438.1976250791922,321.333145047538,0.005839019392784828,False,18
9866814,0.2868522,22,314.07855096040294,119.12461223546416,436.8249057093635,317.70029347389936,0.012818750318184708,False,15
9867488,0.2766358,23,316.1425318568945,118.38961383327842,435.6368419714272,317.2472281381488,0.013273202232920002,False,16
9874771,0.3284896,26,309.36774713918567,51.85359560418874,521.085957926698,469.2323623225093,0.016533035199511603,False,15
9874894,151.3972895,27,343.35932813119143,54.23953116405755,521.4107964886352,467.1712653245777,3.571447578753103e-05,False,12
9954565,0.4339216,28,289.1143739805557,-88.40453960001469,471.8319427454844,560.2364823454991,0.01494329516130448,False,20
9955745,0.3506722,20,236.9527776958421,-87.18174523673952,471.9154038699344,559.0971491066739,0.018453221607998244,False,12
9956460,0.4016144,22,310.8899181475863,-87.93080826289952,472.94314422179013,560.8739524846897,0.016163754766453844,False,15
9956546,0.4280994,30,289.4763285527006,-87.60031946003437,471.7125660041347,559.3128854641691,0.015121555337256724,False,19
9956644,0.353582,29,285.9129042830318,-87.76395579334348,471.8945159576833,559.6584717510268,0.018319735190788774,False,20
10034472,0.250843,34,169.66868340969086,-100.86372506339103,422.3109907703474,523.1747158337384,0.024139652749896722,False,21
10034483,0.2847656,33,156.96638859808445,-102.25482783280313,414.46547659579664,516.7203044285998,0.021001690790723036,False,21
10034584,1.653326,28,135.67017131717876,-101.74642433412373,416.51573264971375,518.2621569838375,0.0036280833874991025,False,15
10045593,0.3221877,22,401.74016025848687,180.24585081730038,468.8981060637161,288.65225524641573,0.010369367247323694,False,15
10217188,0.7187156,27,124.759909696877,-58.85128634981811,241.3506101584062,300.2018965082243,0.0048344004045045175,False,18
10217273,1.2661848,29,106.50638078805059,-78.20133541245013,238.8553159078583,317.05665132030845,0.002898184505183703,False,18
10218333,58.2450734,27,127.57634671870619,-54.50603230856359,239.74981857463717,294.25585088320076,5.847256799665842e-05,False,21
10219790,0.254874,26,116.87964006559923,-66.3006883347407,238.3761700708419,304.6768584055826,0.01383566989117129,False,19
10220636,0.3448123,49,107.4188425205648,-86.73579802270979,233.02641219925135,319.76221022196114,0.010733235175191326,False,30
10220956,0.576893,28,117.78811746044084,-63.44446891453117,236.1573887290433,299.6018576435745,0.006010844460059191,False,17
10221825,0.5084052,49,110.24567917920649,-82.6465159887448,231.35870851110667,314.00522449985147,0.00714847080243778,False,24
10235536,0.4078522,27,209.86089210491627,-14.228392951190472,250.16271786298603,264.3911108141765,0.007502919687793779,False,17
10236927,0.2459504,25,317.97906446736306,130.78355372417718,409.18878335505724,278.40522963088006,0.013101351940705963,False,20
10237366,0.5007061,22,321.930007066112,138.25878475327045,414.82514259405434,276.5663578407839,0.006392970870628717,False,13
10237841,0.1301666,21,320.29707580804825,134.02536185458302,409.56272080074996,275.53735894616693,0.02450006224805498,False,17
10239191,0.3528041,20,323.7533476087265,140.43486930895597,411.60744479857385,271.1725754896179,0.008896074267771495,False,13
10239273,0.9200815,26,316.2625592434779,133.10998699162155,404.5744903385639,271.46450334694237,0.0034148608250673886,False,18
10240177,0.3069782,25,311.5181698696688,142.91381004732102,411.705155367963,268.791345320642,0.010134305762465004,False,17
10240912,0.6776323,26,313.7569583952427,142.54943488631397,409.1929958900437,266.6435610037297,0.004554317033636172,False,19
10244303,0.3231156,25,303.23072550818324,147.5931242108345,406.4082292607054,258.8151050498709,0.009270815761716454,False,17
10250850,0.393771,31,195.68039167206734,-123.65911288652569,481.76431318279356,605.4234260693192,0.017795153984183725,False,23
10354842,0.6079492,21,408.09649082366377,195.65086369402707,503.12439899425954,307.47353530023247,0.005853649405875228,False,19
10376566,0.281195,21,400.0075114890933,205.72784270625561,502.1935381460935,296.4656954398379,0.012202620670504698,False,14
10384900,0.6891336,36,403.2196995452978,205.80901745706797,500.7469645701349,294.9379471130669,0.004953515032704802,False,20
10477528,0.2551738,21,368.72022268362343,43.72148949187249,453.7651452468708,410.0436557549983,0.018598600817609334,False,15
10493349,0.313549,49,89.15021235588938,-118.01544127520174,289.747924846597,407.76336612179875,0.015051820940865655,False,27
10493469,15.2087703,49,87.54880407359451,-118.52133271750063,288.60023631714284,407.12156903464347,0.0003098248644836345,False,22
10493718,0.2623886,48,87.10875635733828,-118.19961159490049,287.82418691553175,406.02379851043224,0.017909884498780317,False,25
10493735,0.2556324,50,99.06183789717034,-116.60903356969357,294.3233407102525,410.9323742799461,0.01860547309085714,False,27
10493833,0.6354616,49,101.6786013264209,-115.23516189772636,295.6094400258735,410.84460192359984,0.007482979074734367,False,27
10496941,0.536803,28,93.42423677444458,-108.82609700784087,284.68804482836276,393.51414183620363,0.008484605761905042,False,19
10497491,0.568117,26,106.60336684668437,-104.86810763832182,287.06144210882485,391.92954974714667,0.007984660977566197,False,15
10498319,0.350096,30,103.02282117772847,-106.07501305639744,287.0432422729209,393.11825532931834,0.01299637758515463,False,18
10498570,0.341677,29,102.6266542961821,-104.9178037326783,287.61033774353564,392.52814147621393,0.0132966216210173,False,19
10500493,3.1572037,29,102.77412696741521,-101.8706101924181,283.98162703961134,385.85223723202944,0.0014145056194412515,False,20
10500915,0.695952,29,97.35361409839243,-101.68925619218498,277.38291572313756,379.07217191532254,0.006304183905165996,False,17
10501818,0.5317761,30,98.6626120400615,-103.13038823660463,278.1026764540002,381.2330646906048,0.008297514179774784,False,20
10501955,0.2748092,29,104.32186047546566,-101.74081055447459,280.8461085660383,382.5869191205129,0.016113322776939793,False,21
10502034,0.2909806,29,97.01355483848602,-100.70337464567274,275.71187268476933,376.41524733044207,0.014972331334849986,False,18
10503264,0.2734772,20,293.74798393109813,54.36578211374581,451.89138567075133,397.5256035570055,0.016824037915810847,False,16
10504051,0.3736962,22,273.47039859741926,57.42978493217379,452.033933554776,394.6041486226022,0.012221632561676927,False,18
10504130,0.4122866,23,284.05296604614705,61.18571972474456,455.5636977776885,394.37797805294394,0.011071327399843537,False,19
10505166,3.1181636,22,279.99533743131906,63.82540566846728,455.2340733585879,391.40866769012064,0.0014528400347820429,False,17
10505469,0.5563863,23,287.3920126352459,65.49803602974862,455.79853041563183,390.3004943858832,0.008119119455619135,False,19
10506123,0.3293226,22,279.5442972681485,65.10997612494975,452.53887951839715,387.4289033934474,0.013616225628951819,False,17
10506299,4.2369916,22,288.1934378296137,72.06995270680636,458.9554629754275,386.88551026862115,0.0010568445672714968,False,17
10507674,2.5556596,23,288.48440574947745,69.91377600934356,451.74923446029425,381.8354584509507,0.001729256854167643,False,16
10519140,0.5940001,20,398.3413750072941,195.13194803148508,508.29968901816756,313.1677409866825,0.006102064009400514,False,15
10520315,0.2527512,21,398.7093485193327,196.8005902832374,504.9978888826445,308.1972985994071,0.014113081810962968,False,14
10542430,0.2607642,23,136.70729447621852,-63.006431283429265,496.37650384102017,559.3829351244494,0.024828329682154798,False,16
10542796,0.4652122,24,218.53702281368896,-61.17019287776202,499.53291714191437,560.7031100196764,0.013949804688981587,False,14
10543016,0.4420808,23,273.06585568003356,-61.39325669500977,499.7826215811074,561.1758782761171,0.01469209063988157,False,18
10543409,0.3416232,24,148.8833257346414,-62.76831147260964,495.9639740176499,558.7322854902595,0.018929653664742228,False,16
10544057,0.4221912,24,203.0021361191757,-63.08531148824841,496.14103690255433,559.2263483908027,0.015330796047973301,False,17
10675231,0.462178,25,249.3120982311666,-32.40095707587898,445.2267221873626,477.6276792632416,0.011960972048909408,False,18
10681939,0.3318266,20,190.31298937043175,-12.345948675647378,309.1609745984897,321.5069232741371,0.011214124923386228,False,11
10683246,1.3750532,24,215.89785455726087,-8.895993162877858,307.08554894663393,315.9815421095118,0.0026596743852642544,False,16
10683347,2.1812849,22,223.82467361167073,-3.0947340186685324,311.6771806497127,314.7719146683812,0.0016702052339930321,False,17
10683387,0.28916,22,218.01057475386187,-2.383219823241234,308.0808689352125,310.4640887584537,0.01242680301781108,False,16
10684029,5.147273,20,216.8251937488094,-0.5347763188183308,311.2591401441023,311.7939164629206,0.0007010947126735859,False,16
10691077,0.2815302,20,154.41614091396332,-68.24433035217226,284.79294141288847,353.0372717650607,0.014513823150474912,False,16
10693578,0.28209,20,165.86339639034122,-63.1014003418386,294.7857979685068,357.8871983103454,0.014684011994068472,False,13
10694849,0.2356198,24,134.24651805544272,-87.558673764579,286.27473406959325,373.83340783417225,0.018363378432696458,False,16
10695093,0.3175002,40,94.53571516787633,-129.8787941224873,284.04183781240135,413.92063193488866,0.015088960746487568,False,20
10695604,0.4543766,41,103.8772874744609,-128.76383839175105,283.26739836484194,412.031236756593,0.010495434965297859,False,28
10697645,0.3362816,41,106.06131367385387,-125.37304381839931,282.1521188830957,407.525162701495,0.014026121025224669,False,25
10724744,0.4101666,33,79.64576405938715,-91.12836811691523,401.2775024631992,492.4058705801144,0.0138947003988213,False,23
10725648,0.3753382,34,78.29408630495891,-89.75412806030363,403.14444943796843,492.89857749827206,0.015199211396470546,False,20
10725909,0.2566238,20,113.24853014666587,-89.7282883292064,407.07755838520825,496.80584671441466,0.022406603246876263,False,14
10726559,11.4344453,22,128.64438872784376,-88.62493608612567,401.27360047772527,489.89853656385094,0.0004958808059513387,False,16
10744167,0.9680656,52,248.29335752874613,23.047609347850084,323.248892929405,300.2012835815549,0.0035891698799182963,False,24
10745759,10.9082806,24,234.70494331559166,34.15340683422983,331.89166251104325,297.7382556768134,0.0003159108893741736,False,17
10757580,2.3177992,25,237.17605650890619,37.01023729518056,322.53942056559026,285.5291832704097,0.001425807687517363,False,19
10758214,0.5769581,25,226.26763272564858,29.396183718927205,314.8597656050697,285.4635818861425,0.00572654520701022,False,16
10758329,0.5937067,25,236.29835871979594,36.94992153905332,321.27179328817874,284.3218717491254,0.005542740892942199,False,18
10758622,0.6411967,20,230.2796181058511,39.77010652888566,323.21908017620444,283.4489736473188,0.005116463352375859,False,15
10759236,0.6164299,26,231.0387460165657,35.55369470268488,318.49197847768664,282.93828377500176,0.005312442914925544,False,18
10762635,1.2409789,22,226.06329397531226,39.38746175263077,316.8739972868934,277.48653553426266,0.0025879970375255724,False,14
10762758,0.5053278,23,218.09731959365308,40.87390070781112,314.6978530101478,273.8239523023367,0.006271688807152448,False,17
10764044,0.8673664,25,225.68083244841546,37.849471578374505,314.17335625737906,276.32388467900455,0.0036872457933702536,False,17
10772457,0.362063,30,366.4273092756048,34.957296936772764,469.1355299670249,434.17823303025216,0.01387938295391336,False,21
10774324,0.3564262,29,370.0763911474496,48.47105070948601,467.73386222776026,419.26281151827425,0.013614540224644155,False,21
10774489,0.3397007,28,370.48017969354987,46.07833900954574,464.268027828075,418.18968881852925,0.014248302801259001,False,19
10775003,0.2831116,29,372.9372235480696,52.837021672166884,467.4227444222197,414.5857227500528,0.01694895534186041,False,20
10775690,0.275,30,377.4804739630781,56.309427274391055,467.5086082192138,411.19918094482273,0.01730636283437806,False,21
10778625,0.4507186,30,212.45432848809287,-39.02569734491408,351.6837838338688,390.7094811787829,0.010033090439591982,False,21
10778741,0.2945454,31,220.92184976208955,-35.23868056945503,355.7086318731308,390.9473124425858,0.01536215861212115,False,23
10779108,0.4161222,20,240.93809353653342,-34.130011894740164,347.54202710464597,381.67203899938613,0.010615873056957268,False,13
10779272,0.5633848,21,235.5631610378623,-29.583908384665847,352.108880225569,381.69278861023486,0.007841426692581616,False,17
10779490,0.2847459,29,214.54954098444432,-34.06889587640762,349.86160690896213,383.93050278536975,0.01560563322785112,False,19
10780230,0.2257572,28,221.57604682724923,-29.039439652115107,350.2329964656383,379.2724361177534,0.01944446188153204,False,16
10781257,2.7667747,28,222.28312751976773,-25.85915552917868,347.67236234620214,373.5315178753808,0.0015625708363210715,False,20
10781318,0.2117553,28,221.66194960009307,-26.021276833489537,346.97604433167726,372.9973211651668,0.020387204592266818,False,17
10781527,0.3474628,30,229.41011593211442,-21.05431838426739,354.97712809592485,376.03144648019224,0.012525702940697438,False,23
10781641,0.8444026,30,229.5776922837831,-20.680131996050477,354.8158240271732,375.4959560232237,0.005146855314666312,False,19
10781693,0.5566442,28,225.12071459786966,-23.001145105808973,348.81419632583857,371.81534143164754,0.007731003581115246,False,17
10781754,278.7638154,49,214.28963367361575,-33.07155165821314,344.2917693872005,377.3633210454136,1.5667854970169176e-05,False,14
10782174,4.1004007,52,218.59821835532784,-31.36152836959809,345.59914448764175,376.96067285723984,0.0010640352175002063,False,24
10782535,373.5128092,23,192.28028941433877,-21.296420018188655,348.47816477995366,369.7745847981423,1.145823738770907e-05,False,10
10795329,52.8756477,26,323.844103817828,72.07362838089466,404.7437442233786,332.67011584248394,7.281893897238657e-05,False,17
10796406,0.3237374,26,311.8073433288373,80.54513682145625,408.4090545075014,327.86391768604517,0.011721602970538503,False,18
10797187,1.6241626,26,311.7125754361041,84.00989561341703,408.3341171499342,324.32422153651714,0.0023111925887716288,False,21
10797327,0.5580723,26,310.5212801601738,82.84256136976182,406.7200580611825,323.8774966914207,0.00671701881213632,False,17
10797522,0.7452484,26,307.0287862792611,78.54548776522279,401.9750111270696,323.4295233618468,0.005023019520917436,False,19
10798587,0.3150785,26,308.77757576527074,85.71851011365652,404.4264468597248,318.7079367460683,0.011707397578363199,False,19
10999140,118.0722385,20,-21.77161294966936,-136.58505929633975,394.14408712182194,530.7291464181617,5.2024917389144856e-05,False,10
10999288,3.7178021,20,-22.2500745090656,-137.22030341159552,394.44435455370694,531.6646579653025,0.0016551516106405092,False,12
10999667,0.660438,20,-21.601660642772913,-136.4424887811765,394.3189918762073,530.7614806573838,0.009301513075858437,False,13
11000456,53.9467766,21,3.0745740747079253,-137.00643475167453,394.80182281695306,531.8082575686276,0.00011409742257526394,False,11
11000690,323.0637883,20,-21.344381058588624,-136.22972338926047,394.59414943121374,530.8238728204742,1.90172809420716e-05,True,7
11001740,0.7266486,21,3.265553852543235,-137.18899071682245,395.9064901806414,533.0954808974639,0.008491155951392994,False,14
11001765,0.3723978,21,3.0287831090390682,-137.48145983554423,395.9380291868001,533.4194890223444,0.01657860674391566,False,16
11001884,7.6432813,20,-20.532166468910873,-135.50710421986878,395.29017072636634,530.7972749462351,0.0008037761188436684,False,12
11002179,0.964842,21,3.6796772852540016,-136.56662120483816,395.55202620103955,532.1186474058777,0.006383201230120303,False,11
11003680,240.3976585,21,2.213849639520049,-138.25676555279642,395.4218355473131,533.6786011001095,2.5694242196127284e-05,True,7
11007137,0.3537154,21,332.71653545089066,77.01810719445348,428.93122555688024,351.91311836242676,0.011515100839729129,False,18
11007234,0.5715353,21,332.26895313709974,78.56111896689981,429.64348406530917,351.08236509840935,0.007109715357476797,False,18
11007265,0.3903266,22,324.4313796632923,74.47139688301831,425.2228413010016,350.7514444179833,0.010400580435159207,False,18
11008744,0.391774,22,342.84658102551475,87.18151641078293,428.26436762697995,341.082851216197,0.01007651907827638,False,16
11009101,0.2740164,22,335.08395213866606,81.24511730857193,419.6185403270647,338.37342301849276,0.01429242579171917,False,16
11011121,0.328762,22,336.84432562440634,85.63488617073745,421.0130113642663,335.37812519352883,0.011806994919771724,False,14
11013770,0.4643748,21,255.65632616635412,49.30227545555681,286.3554021343589,237.05312667880207,0.005908310372723327,False,17
11103477,1.1770782,26,135.30000164173543,5.8449799893423915,151.7282311571762,145.8832511678338,0.001434453169877126,False,18
11130442,44.6289834,22,163.32042587455362,-71.66008329950273,277.94824722222984,349.60833052173257,9.066737366847358e-05,False,14
11281544,0.3357216,23,358.19232389330864,-4.078171402215958,503.3278409857303,507.40601238794625,0.01749293096723189,False,18
11281753,0.484717,21,268.35836071986705,-3.3683746587485075,502.87846326828003,506.24683792702854,0.012088163612856988,False,13
11283620,0.3085052,23,358.3837474929169,-4.168384149670601,503.65696877706796,507.82535292673856,0.01905189361951397,False,17
11330091,0.3666232,22,151.15898981457576,-50.964444573037326,254.97276708483696,305.9372116578743,0.009658253895945252,False,14
11330676,0.727224,24,109.42409309791401,-60.433264542371035,246.512739546597,306.94600408896804,0.004885174015250816,False,18
11331078,1.6425545,21,103.99248248431832,-53.80673767067492,247.95126963872463,301.75800730939955,0.00212630358934451,False,15
11331222,1.3653623,23,137.16864972375333,-49.75878701079637,250.69055962376297,300.44934663455933,0.0025468866347456262,False,17
11331243,0.2640672,22,94.304178818129,-56.37072685640305,245.79982976429164,302.1705566206947,0.013244145449840474,False,18
11331797,0.3115308,24,109.62509878445417,-57.69061069004238,243.28388397116214,300.9744946612045,0.01118188344656706,False,18
11332217,0.318239,24,112.91613687062636,-54.88023441284895,243.92055196221918,298.8007863750681,0.010867123246668768,False,17
11332457,0.5878408,21,160.42324409354478,-46.472331415861845,248.0158645659685,294.48819598183036,0.005798216446075447,False,15
11333675,0.270203,24,122.68247804604471,-46.69336723163724,246.00446743424982,292.69783466588706,0.012537634370247788,False,19
11333752,0.4078093,24,110.98234034143388,-53.61640665214509,239.8412496317178,293.4576562838629,0.008328649325637249,False,16
11388855,0.269752,21,327.169998572208,215.28757133055478,442.84613637719303,227.55856504663825,0.009763707731693536,False,17
11512052,0.2872428,23,414.5550456130877,175.93272607773542,485.270973527804,309.3382474500686,0.012464381317586896,False,19
11512067,1.1041832,23,414.75459442008287,177.6915232418105,486.23317535966635,308.54165211785585,0.0032341407988721958,False,18
11522127,0.5467118,20,405.60709418496117,180.22004629019648,482.48595607001334,302.26590977981687,0.006399071741014172,False,17
11527909,0.2945072,21,408.77936971373856,188.03052683360875,486.55837727710605,298.5278504434973,0.011732084832585228,False,19
11542047,0.7392316,34,411.82527327910066,182.4516249122098,487.80440501868725,305.35278010647744,0.004780877462052247,False,19
11566495,0.2255576,26,356.63735973648727,181.2007905682549,435.2040736237541,254.0032830554992,0.013033712067970007,False,19
11566774,0.6663911,27,352.09042264614254,178.10601505916566,430.36765032447875,252.2616352653131,0.004381353311302912,False,19
11566988,0.5746173,27,352.3254715371877,188.2020180579275,436.938867950812,248.7368498928845,0.005010114950615112,False,19
11567147,0.6163227,22,353.1037114444189,185.75339235831052,428.22385034523904,242.47045798692852,0.004553411778465042,False,13
11568132,0.0551087,28,345.9210114553571,188.4087931131944,429.570990242064,241.1621971288696,0.05064951874088829,False,17
11569336,0.3465464,22,417.36826901324093,100.07848050445318,493.640379072167,393.5618985677138,0.013144313623676214,False,17
11569354,0.5732044,20,390.0596710969694,96.57668019644916,491.01893696933985,394.4422567728907,0.00796453044993092,False,14
11569837,0.6308748,23,419.22077229246497,98.55071143247187,490.8755762502551,392.32486481778324,0.007197619950110737,False,14
11569977,0.6167715,24,412.85002852091566,88.84696767199785,488.9936317456886,400.1466640736908,0.007508983684366952,False,17
11572714,12.3234952,22,420.79608844360337,110.19446931313723,490.2127340901643,380.01826477702707,0.0003569084480213378,False,17
11582843,0.5129124,27,297.6399843581021,61.74953179433942,375.443759188056,313.6942273937166,0.0070786360876912155,False,17
11583637,156.6018182,21,307.54860278684646,102.9901072382927,387.1979048475623,284.2077976092696,2.1005133527620428e-05,False,16
11585007,0.0441321,30,308.6693835211918,73.42901858501136,378.74435861594975,305.3153400309384,0.08007192862948272,False,21
11618917,0.3703534,54,238.97057943977416,-66.33324511349201,393.8668424729258,460.2000875864178,0.014381911716270396,False,29
11619060,0.6277779,49,241.43710071220994,-64.55513541586697,395.26123052928597,459.81636594515294,0.008477438724620206,False,28
11619156,0.3597512,35,259.2623994452879,-59.91438471246511,400.6708835950121,460.58526830747724,0.014818152136304268,False,24
11619555,0.0712756,32,238.32618071464822,-61.803159420378506,394.98677768278867,456.7899371031672,0.0741757427271562,False,23
11620070,0.4538519,32,233.78550333436579,-62.64973310753703,390.0688715977594,452.71860470529646,0.011545172920000029,False,20
11620130,0.4827918,32,236.63371416041628,-60.932661476545036,391.8886464787647,452.82130795530975,0.010855584872389844,False,20
11620334,0.5825434,31,241.60362440161407,-60.41158076841384,391.16973504424095,451.5813158126548,0.008972096499047975,False,21
11620849,0.259409,30,247.57462525740266,-58.132823766209185,390.36341020837426,448.49623397458345,0.02001059575406052,False,18
11621089,0.3536374,32,238.33699179813266,-57.06039508804679,389.94191468227655,447.00230977032334,0.014629781365217389,False,19
11621668,0.3064818,27,274.4719421491027,-42.74145180825144,396.7706765513867,439.51212835963815,0.016597872794039986,False,18
11622276,0.8348566,30,260.77300971373916,-40.436765807680786,395.12542106676847,435.56218687444925,0.00603843703787042,False,22
11756280,0.7492958,29,427.4530249647796,150.3868200816214,521.1653919657692,370.7785718841478,0.0057272690652563725,False,20
11757532,0.5963373,20,435.75736850034446,123.0778981000185,518.6572174541652,395.5793193541467,0.007677642073331148,False,18
11759538,4.7646412,21,445.2968271682039,132.1918995352462,518.5810052091256,386.3891056738794,0.0009386008185642006,False,15
11767612,0.3597961,26,415.23048263043165,166.39421351719648,480.976334027946,314.5821205107495,0.010119611538787418,False,19
11767831,0.2874522,21,227.42158567998558,47.461990476585925,310.8029466820881,263.34095620550215,0.0106032506756253,False,16
11769119,0.4111855,23,239.38790957909077,53.07488248217851,317.7703695371747,264.6954870549962,0.007450664418486647,False,16
11769623,0.5420063,23,221.70279000420123,46.43939808011055,309.8478151950985,263.40841711498797,0.005624858108519166,False,17
11771742,0.279595,26,234.17175494832918,58.27566396910697,311.67511178646237,253.3994478173554,0.010489686794712134,False,20
11772275,0.063308,25,217.54563278518617,50.462361448444426,302.83368355594575,252.37132210750133,0.04613894572951646,False,19
11772535,0.2630784,24,218.43846766278148,47.919788234867156,299.53544090967625,251.6156526748091,0.011069773125633784,False,15
11773942,0.275505,43,222.74995415937155,56.96925006341189,302.95751108787954,245.98826102446765,0.010334064189215647,False,19
11774091,1.3990254,41,231.2576026422903,55.749408435076475,302.5122176622972,246.7628092272207,0.002041457598069672,False,21
11775013,0.3475531,21,150.32500815577805,-51.548887440003455,334.23940488137305,385.7882923213765,0.012847367128183159,False,17
11775317,0.7451752,20,157.61320445453748,-41.955391271039844,338.86785430368036,380.8232455747202,0.005914953226316594,False,16
11775602,13.9865789,21,164.47501564398408,-37.537871603854,336.35374791920185,373.89161952305585,0.0003094001278636743,False,12
11776356,0.9114596,30,256.17057824274525,-53.970291651785374,419.7807351825759,473.75102683436126,0.006015877694688334,False,20
11776690,1.1318897,29,258.18862169981,-50.72293574921787,422.32445566914976,473.0473914183676,0.004837119331348009,False,21
11777709,0.3955422,27,253.75101626850665,-44.643580773845315,416.9540330534801,461.5976138273254,0.013506940535935997,False,19
11777950,0.3407138,30,258.79371548071504,-49.3362579960376,418.0748854530975,467.4111434491351,0.015877992606486594,False,23
11778107,0.271207,31,266.8333966517821,-45.970047754235566,421.75940265879035,467.7294504130259,0.019960898154200737,False,20
11780339,0.3099892,30,263.01443193806335,-41.6055295849219,415.65271303988993,457.2582426248118,0.01707266179312217,False,19
11781845,1.0633188,23,287.6599866896868,-26.138789649121463,422.19211065676063,448.3309003058821,0.004880018156207337,False,17
11896983,0.2783444,21,388.0667324876413,147.6658525178209,459.4262415776029,311.760389059782,0.012963572596898195,False,17
11922285,0.4046052,20,382.4117424781434,135.55153794586658,474.7715233359486,339.219985390082,0.009703674689082429,False,15
11931277,20.0449926,22,393.9754621940665,136.21012733783573,471.9422550871968,335.7321277493611,0.00019385332751969213,False,17
11937619,0.5921007,22,393.915329372976,140.18332797568291,471.4386877370998,331.2553597614169,0.006475206111583208,False,18
11942497,0.5218324,23,395.1233566040173,147.38645162433386,473.0534043861553,325.66695276182145,0.00722318781804906,False,15
11942722,0.4447878,23,395.1939098071307,148.98731235880405,473.9370899973437,324.9497776385397,0.008455701340599623,False,19
11943720,0.6068618,22,380.2567831473425,150.48513917718083,474.14957124274224,323.6644320655614,0.00617293115478668,False,15
12066656,0.5515899,25,405.3601152263582,185.1577464491129,485.5164220556617,300.3586756065488,0.006302460506004518,False,19
12067010,0.3345518,23,409.97209672350436,186.6557813482359,486.45085108000785,299.79506973177195,0.01037163854481647,False,16
12068202,0.5520984,22,406.4791838522069,187.25025861058384,481.21783090755343,293.9675722969696,0.006162674003657413,False,13
12071937,2.7672137,20,405.4730395786464,193.47498030401766,484.1170601779595,290.64207987394184,0.0012156317965265771,False,18
12074305,190.6980271,21,378.80276266951114,188.8399540213868,484.77303944528103,295.9330854238942,1.7961126833626497e-05,False,13
12074656,11.7810554,25,401.8760483013466,188.00216687377542,483.98257966618985,295.9804127924144,0.00029078033383447344,False,21
12075609,0.0564965,25,401.17723708972335,186.5580802084878,482.4081168975681,295.8500366890803,0.06060889151464158,False,18
12077861,8.4020488,25,399.82003765180707,186.2253854982555,480.90466561261564,294.67928011436015,0.0004059295413921457,False,20
12080401,0.280926,25,399.0073760971427,190.71069108322263,482.9501339234412,292.23944284021854,0.012040184813078269,False,17
12082661,0.3216208,24,398.3691817615181,194.9401503894478,482.74718038737774,287.80702999792993,0.010357227779531984,False,17
12256071,0.4388974,23,100.29089888557792,-83.61638851929456,307.8350444789976,391.45143299829215,0.010322886127656892,False,17
12256111,0.2924296,23,91.75581454765052,-86.94223298225552,300.2414727117866,387.18370569404215,0.015324347774566389,False,14
12256223,0.4354784,23,93.49452406167984,-85.96994834952056,301.3383537065238,387.30830205604434,0.010293817046954598,False,17
12256569,0.7863189,23,100.8927017217502,-82.09222722798586,306.40148946549743,388.4937166934833,0.005718360647725399,False,14
12257055,0.3611402,22,110.49175194930285,-78.94201925955713,309.00199462193996,387.9440138814971,0.01243310147487892,False,15
12257100,0.5489409,23,95.04631797317415,-83.24874315876514,299.4875879958272,382.73633115459234,0.008069755136887407,False,16
12258499,0.6583583,23,97.6007612189278,-78.72390348929912,296.37168443296105,375.09558792226017,0.006594257442293359,False,16
12258668,0.2775572,23,97.00326018501073,-78.49687105044723,295.1380082638934,373.63487931434065,0.015580492128620355,False,17
12258929,0.5445728,23,104.99284041579813,-74.5367820141837,300.9533930104226,375.4901750246063,0.007980477724597762,False,16
12261159,0.4147264,24,114.31595074245706,-67.1094736782834,297.0788050442934,364.1882787225768,0.010163669626155072,False,18
12261398,0.2458982,21,113.90564788598567,-16.013732668943703,301.3593937503174,317.3731264192611,0.014938295905773216,False,14
12369096,0.2763322,20,38.122633507009596,-105.31157611403614,272.7701044175774,378.08168053161353,0.015835814199442935,False,11
12370652,5.159305,22,19.433015130925924,-102.45482234749943,267.7618460264057,370.2166683739051,0.0008305217743894758,False,16
12372134,0.2758478,22,24.02231174055487,-98.07261731475592,266.8216875521466,364.89430486690253,0.015310304137779233,False,17
12372670,0.5934372,24,17.624012986198068,-103.50245169829577,260.45145015232265,363.9539018506184,0.00709835753398564,False,16
12372905,0.6379059,21,60.59451203327626,-95.96875689458102,265.6044158153236,361.5731727099046,0.006560332306289085,False,17
12372966,0.5297714,24,23.75754627864808,-100.20932054612786,263.9246572740376,364.13397782016546,0.0079553438184429,False,15
12373303,0.3231732,23,25.75782334897667,-96.21241316199303,262.87731332704425,359.0897264890373,0.012860382895682924,False,17
12373379,0.3517627,20,41.38204080518335,-96.37782918289304,262.2573288856074,358.63515806850046,0.01180019906900899,False,15
12373785,0.9236959,23,21.184001094661653,-97.52246816642582,257.99656002782285,355.5190281942487,0.004454716716901161,False,15
12374282,0.4384418,23,27.767582866363227,-95.1829383848235,263.9086344279349,359.0915728127584,0.00947937095210956,False,14
12374400,0.523315,22,31.4482873538509,-90.7214074395597,264.7991948761046,355.5206023156643,0.007862992243793757,False,15
12374828,0.2357726,23,55.6600651005283,-94.50948222074658,256.8149851402268,351.32446736097336,0.017246513841178004,False,17
12375010,0.308167,22,65.34910207847133,-95.8838222315535,253.75073589384556,349.63455812539905,0.013131504264244795,False,17
12377666,0.2288422,21,218.25461355037987,45.195332961156964,271.67208495084196,226.476751989685,0.011454437615021693,False,17
12379950,0.4791348,22,216.212497476954,42.227333947084844,265.3092284454033,223.08189449831843,0.00538880993722083,False,13
12380680,2.0644791,20,219.2537531722337,37.79402088839561,260.75963659677655,222.96561570838094,0.0012500105000725534,False,15
12381065,0.5949583,23,207.78086478821933,35.274449083954096,258.20750549901277,222.93305641505867,0.004336847991712399,False,17
12385076,0.0622135,22,208.73111486434937,39.9393314961344,255.95167446881533,216.01234297268093,0.04018650065468272,False,15
12385141,0.526571,23,206.4687855541706,37.85261856392026,254.31559465359896,216.4629760896787,0.004757874094009101,False,15
12387794,3.6507803,22,212.78734820662066,51.50926534552127,261.61701790988445,210.10775256436318,0.0006661049123435794,False,16
12388154,0.3290784,23,205.9007873525843,45.0124457012862,256.37103512417525,211.35858942288905,0.0074337299870557505,False,17
12389796,1.3448982,23,205.19959672819823,54.39950251020491,261.96208430919796,207.56258179899305,0.0017862650844112993,False,19
12391617,0.8613578,23,203.40191738214344,43.14681007526815,252.01906592119485,208.8722558459267,0.002806618760728361,False,19
12394941,0.6049969,23,202.12452916894108,56.3017163425684,259.4922249438241,203.19050860125571,0.0038871967735697806,False,21
12396137,0.8084729,24,206.97698694420978,49.00104305706918,253.2405250472948,204.2394819902256,0.0029238863707186586,False,15
12397628,0.6038257,24,206.98464695597067,55.60230980627239,257.24991098977625,201.64760118350387,0.0038651622031941014,False,18
12397793,0.8547425,21,213.37033482268453,56.747099035419524,258.00484239589423,201.2577433604747,0.002725232487720131,False,15
12399483,16.3015574,44,193.64456422626972,51.71984997577965,253.4866217058152,201.76677173003554,0.00014325401582122616,False,19
12400225,0.2923044,31,210.69433595985174,53.06065189652145,252.83956099301577,199.77890909649432,0.00791043820182158,False,21
12428055,0.3289,34,-26.05549197178334,-144.22425732482225,353.89619262423366,498.1204499490559,0.017528984449746064,False,18
12428154,11.5057786,34,-26.649534213356674,-145.39286771323532,355.3973606787622,500.7902283919975,0.0005037627961119862,False,18
12428514,0.1961526,34,-26.12818538909778,-144.74086398258805,355.1444985670969,499.88536254968494,0.029495964951244222,False,19
12429757,240.4734865,35,-25.30276773031801,-144.2030506907031,355.9385617263615,500.1416124170646,2.40719929414836e-05,False,10
12430524,0.5464948,34,-25.746492377948016,-144.18208545539528,354.72733061760664,498.9094160730019,0.010566275356841395,False,22
12430621,0.2677784,34,-25.63919312087819,-144.13807606324553,354.93226249236614,499.07033855561167,0.02157110904619594,False,20
12455147,0.462139,21,407.84359350800514,156.01118544582278,491.72718536574394,335.71599991992116,0.008407863977991498,False,16
12456197,0.2641726,20,408.08621565811336,162.6259020064026,490.38350677583367,327.75760476943105,0.014359894992677097,False,15
12458201,0.6645647,30,332.26636910112575,20.849609677679837,425.7322839461267,404.88267426844686,0.0070514459514509405,False,17
12458346,0.7520553,27,342.2432156978175,26.271915435791016,423.4170996118337,397.1451841760427,0.006112034287658512,False,18
12458470,0.3004536,30,330.4206919390708,20.49532423261553,423.66295487154275,403.1676306389272,0.015530824131526066,False,20
12458676,0.2233464,28,325.4738428280689,23.634782410226762,425.84007857367396,402.2052961634472,0.02084275318868197,False,19
12458809,0.5973562,22,345.0958213652484,32.50598316080868,427.36474906560034,394.85876590479165,0.0076505853716417995,False,16
12458863,4.4160471,26,332.46790661942214,23.064174712635577,424.11752329207957,401.053348579444,0.0010511258279183515,False,18
12459274,0.3171614,27,325.72451380547136,22.73266122210771,421.0640659555793,398.3314047334716,0.014536186258526986,False,22
12459323,0.5834244,28,325.34750669728965,25.624134298413992,423.8777526654303,398.2536183670163,0.00790062410699291,False,18
12460558,0.2993836,29,336.97620732709765,34.19232547748834,425.6933640455827,391.5010385680944,0.015135304741021401,False,20
12461215,0.5394108,26,324.32831305777654,30.26796157937497,418.3408277342096,388.0728661548346,0.008326833832422878,False,19
12461844,0.7194184,20,341.7634355602786,39.16865698993206,417.791418498382,378.6227615084499,0.006091320277364718,False,16
12470000,0.2730544,39,219.42767724394798,128.25896975118667,330.1773795392364,201.91840978804976,0.00855880231853481,False,22
12470242,67.594599,38,210.7281176489778,132.00073116458952,320.7363996421918,188.7356684776023,3.2316792165297944e-05,False,16
12472170,15.9063451,27,210.76569634024054,130.9132056310773,319.9289621086791,189.01575647760183,0.00013753520075701804,False,16
12475158,4.1397937,21,218.099279073067,124.96919995173812,327.65492792241275,202.68572797067463,0.0005666706602530014,False,16
12476950,1.3124543,21,220.19836180843413,122.71870609838516,328.1170545145869,205.39834841620177,0.001811335982716956,False,15
12481937,0.158342,20,224.63049459038302,114.14997240062803,327.9799777083099,213.83000530768186,0.015629992804756552,False,15
12485558,0.414606,22,196.27606209833175,-39.022143627516925,317.0013992814347,356.02354290895164,0.009938695671896924,False,18
12485990,0.4456692,23,183.54260860942304,-39.00232503656298,310.61046570539474,349.6127907419577,0.009079479437419453,False,20
12486010,0.3714778,29,180.4376377724111,-45.295008667744696,308.3881073864177,353.6831160541624,0.01101964796808911,False,17
12486028,0.6048469,21,209.60621321573853,-27.87800522055477,317.3866887576878,345.2646939782426,0.006606827518280571,False,14
12487006,1.3628963,21,207.76380531024188,-31.71087959781289,304.9892089795321,336.700088577345,0.0028593457667626604,False,18
12501360,0.3340462,41,185.02970575354993,-11.170759540982544,245.4589564120397,256.62971595302224,0.008891738154928476,False,25
12502645,3.6422647,21,198.41266977600753,0.5956685403361917,248.2387548778206,247.64308633748442,0.0007869388035423032,False,15
12502942,0.2455198,20,199.81434945948422,5.034643784165382,250.353417894803,245.3187741106376,0.011564597492004981,False,15
12503536,0.2284532,21,197.99095422495157,3.369497414678335,247.2254538210109,243.85595640633255,0.01235442052398947,False,16
12503915,0.5124353,20,198.08338450966403,5.960623850114644,248.17478796467185,242.2141641145572,0.005470748555479725,False,16
12506476,0.3381756,22,186.34108405094594,-0.8204045472666621,236.81928352452815,237.6396880717948,0.008133228277506746,False,17
12506794,0.4783402,22,185.76409028610215,0.6848037941381335,234.87926500383765,234.1944612096995,0.005666644872789135,False,15
12623479,0.6648473,20,176.00318655604497,-92.11459101643413,383.6705043213442,475.78509533777833,0.008282761976742391,False,14
12624102,0.6299162,20,177.98724055755883,-90.31861466355622,383.99207142647356,474.3106860900298,0.008714979889278765,False,14
12624324,0.0614963,21,214.01442331261933,-88.98249173071235,385.54430475924164,474.526796489954,0.0893095729776881,False,15
12629618,0.5975478,25,65.68079504650086,-75.9390878258273,284.8451772239059,360.7842650497332,0.006988133515755537,False,18
12629856,0.2834424,22,80.86155345663428,-72.60567639023066,282.5875155860558,355.19319197628647,0.01450394265127713,False,15
12630623,8.4632097,21,104.07469952479005,-67.24234235007316,283.05507239419967,350.2974147442728,0.000479057989808153,False,15
12632305,6.5617518,24,89.63134061777964,-68.69420469738543,283.2686229608953,351.96282765828073,0.0006208165079693366,False,17
12644829,3.3268311,21,267.7918241126463,-89.39596011769027,432.2304174536839,521.6263775713742,0.0018147426639729368,False,14
12644912,7.6494369,22,248.36142413550988,-88.61043769866228,431.1239546863362,519.7343923849985,0.0007863904801029018,False,14
12644929,0.4986704,22,248.61801315564662,-89.00455269031227,431.7820386495441,520.7865913398564,0.012087387951945897,False,11
12644939,0.3235825,23,229.7204253030941,-89.39836216159165,432.3109465884045,521.7093087499961,0.018660781051529168,False,16
12644999,5.8338831,22,248.73616215772927,-89.04052174184471,431.9783807499334,521.0189024917781,0.0010336702446836169,False,15
12645321,4.4717129,24,225.92559041222557,-88.71799784246832,431.91853773314506,520.6365355756134,0.0013475565098156124,False,19
12645886,1.4336321,24,226.11368629150093,-88.02639150526375,431.6150667378679,519.6414582431316,0.004195196752127603,False,19
12825744,0.1361588,22,125.46011335216463,-42.48345117084682,306.55927502084523,349.04272619169205,0.02967010849066971,False,14
12827079,0.3152128,27,21.133290999569,-132.88930321577936,270.5761286895722,403.4654319053516,0.014814559545807874,False,18
12827172,5.7594101,23,-5.611454299651086,-129.41657952032983,258.70908508077264,388.12566460110247,0.0007799748783547103,False,17
12827303,0.3107954,26,9.654363873414695,-130.1296885823831,273.766664089635,403.8963526720181,0.015041169541358345,False,18
12828861,0.3139966,28,11.691353993956,-129.89980839192867,270.8058768650517,400.70568525698036,0.014770214973878386,False,18
12830670,0.3876448,24,48.89284358359873,-121.30442024208605,269.78131744544953,391.0857376875356,0.011676811599973583,False,18
12832709,0.1372378,25,54.8138189362362,-120.50116946920753,258.42899456620216,378.9301640354097,0.03195741834572451,False,18
12833109,0.276701,25,50.496259750798345,-123.23860998731107,257.05805488396436,380.2966648712754,0.01590735765083417,False,17
12985156,0.3466078,23,242.73798884823918,-39.762372337281704,386.6921711945906,426.45454353187233,0.014240350263506294,False,16
12985266,0.9102027,23,247.9234377387911,-36.81206835899502,390.69474956486374,427.50681792385876,0.005436146891041346,False,19
12986116,0.6111632,22,206.1814251006581,-32.80583380255848,387.5604745466262,420.3663083491847,0.007960804562641413,False,15
12986234,0.5886448,22,196.03456113254651,-37.376350653357804,377.6637726696208,415.0401233229786,0.008160617627222722,False,15
12987403,0.2997434,22,210.9529929002747,-26.04473086539656,386.1898234114051,412.23455427680165,0.01591772585182063,False,16
12987544,0.0458737,22,201.90558736212552,-30.12142558582127,377.3673223564401,407.4887479422614,0.10281065083120465,False,15
12987610,0.6091734,22,210.54225628031418,-25.50998660735786,384.848971827887,410.35895843524486,0.007796671656854039,False,13
12988288,0.41063,44,204.88641540287063,-23.08250970672816,380.90376779437065,403.9862775010988,0.01138681319121146,False,24
13086137,0.2800652,23,384.65216578915715,166.30481297615916,471.6158725786954,305.31105960253626,0.012617393447932121,False,17
13086739,0.4637878,22,373.3552772551775,172.7305871900171,474.5209224522114,301.7903352621943,0.007531340184378041,False,17
13087081,0.529156,22,370.2455114456825,169.43629619199783,470.3423832077533,300.9060870157555,0.006581630635313846,False,16
13087231,0.487819,21,367.9211982758716,178.35537500213832,477.26270311977714,298.9073281176388,0.007091924580463483,False,12
13087516,1.3721759,20,395.8234728779644,178.14406994730234,469.92143962997943,291.7773696826771,0.0024610932824616727,False,15
13088029,73.5788507,21,365.69759021513164,177.87086055614054,473.7685075029731,295.89764694683254,4.6545185899551675e-05,False,18
13163573,0.5347291,20,40.35079765599221,-102.50624092295766,271.21931256260723,373.7255534855649,0.008089193648552623,False,16
13198852,0.3201036,31,364.79664207436144,-100.31399836298078,469.6302812313661,569.9442795943469,0.02060763237314343,False,21
13199413,0.1266098,32,397.90892601013184,-97.89154683239758,471.1449776776135,569.0365245100111,0.052018650100802116,False,20
13206347,0.9354905,29,323.0364670045674,62.97171008773148,380.69732843432575,317.7256183465943,0.003930964389242297,False,20
13207875,0.6336544,24,325.9298608987592,69.04154866933823,379.5049478067085,310.4633991373703,0.005670798433506891,False,17
13207951,0.586747,27,320.93120785430074,65.61259736772627,375.87353016715497,310.2609327994287,0.006120155737501694,False,18
13208078,0.6427139,29,312.06213568802923,63.68303317576647,379.2218134040013,315.5387802282348,0.005682262692007393,False,21
13208778,0.6638734,30,301.40901000704616,34.57846047822386,371.0960132069886,336.5175527287647,0.005866900349537805,False,19
13208782,186.144882,30,302.79739043908194,59.48950331658125,372.1663359319791,312.67683261539787,1.9441548878778602e-05,False,16
13209911,2.7030669,30,315.92014288762584,73.13314222265035,379.8878327244893,306.7546905018389,0.0013134715646282932,False,21
13210034,54.242875,23,331.5919470274821,75.44518711511046,375.83356043323874,300.3883733181283,6.409537259547237e-05,False,17
13210065,59.3390105,30,319.6390085038729,74.64049046393484,380.51271052099764,305.8722200570628,5.966037691413696e-05,False,22
13210171,0.312086,32,303.35071329027414,40.41592190042138,369.62911875452846,329.2131968541071,0.012209256187564216,False,23
13210452,1.3767608,30,312.2996661462821,71.82172872126102,376.00438843946904,304.182659718208,0.002557185413491877,False,18
13210823,0.0473224,22,317.13754538213834,76.23821867164224,369.748411886394,293.5101932147518,0.07178648415472019,False,16
13242181,0.6668335,37,341.58055207226425,281.62078061141074,510.3535233065486,228.73274269513786,0.003970061052900989,True,7
13242895,243.0420949,49,349.3142615072429,290.50175801385194,509.08009177073836,218.57833375688642,1.040906854810808e-05,True,6
13276515,0.5909146,50,391.0014816443436,58.627965417690575,487.87869110237807,429.2507256846875,0.008407610330536129,False,24
13276565,0.6585003,51,394.66372069437057,67.46081958990544,488.64529074635357,421.1844711564481,0.0074029127519219745,False,24
13276733,0.6581091,48,394.8222395614721,62.395895342342556,490.23504147771746,427.8391461353749,0.007524348119725789,False,21
13277558,0.55744,22,400.70553752593696,64.95698522776365,482.4791931314394,417.52220790367573,0.008668974170938752,False,15
13278614,0.5155858,26,393.43749614199623,61.032747058197856,482.3356243316084,421.30287727341056,0.009457573713595279,False,20
13279148,0.3377044,25,399.65176570694894,71.63272036705166,489.340660138987,417.70793977193534,0.014316019087252791,False,20
13280032,1.2163017,23,415.1054267305881,79.51820050366223,486.4748413441703,406.95664084050804,0.003872514776575909,False,19
13281056,0.4936169,24,410.6993703637272,82.06432806327939,484.6211951924488,402.5568671291694,0.00943894546394218,False,17
13377618,1.0998217,20,282.28106891037896,24.563520960509777,469.3965543759987,444.8330334154889,0.00468124104056679,False,14
13383185,2.8805811,20,383.39555516140535,41.83298069983721,467.91422485839576,426.08124415855855,0.0017119795313052626,False,14
13383287,3.7819902,23,391.919133765623,97.73282899986953,470.3959027072415,372.66307370737195,0.001140465678562903,False,18
13383409,0.3417151,28,370.0075541390106,38.50706268567592,470.5973034957424,432.09024081006646,0.014635128660747546,False,20
13385971,118.2430708,24,385.27307433541864,53.788281977176666,471.2387642590329,417.45048228185624,4.086161473563617e-05,False,17
13386010,1.6860261,28,379.1780120925978,52.35023028217256,469.9789453530684,417.62871507089585,0.0028668984920760857,False,18
13388620,0.3525852,28,410.88441009633243,49.15347823407501,465.9823170863092,416.8288388522342,0.013682956224725382,False,18
13389119,0.375014,21,331.89331584144384,53.345386194996536,467.41569105070084,414.0703048557043,0.012779470580496608,False,17
13389615,0.58147,21,336.86498722527176,58.09250073507428,469.43256680388004,411.34006606880575,0.00818766298229467,False,16
13389746,0.4932467,21,339.2089828848839,60.14715225901455,470.60158769600093,410.4544354369864,0.009631346828635519,False,11
13390885,0.3647484,22,358.77930050482973,58.328986703418195,464.5802042679861,406.2512175645679,0.012891027581683956,False,16
13391126,0.8008351,21,331.1405199347064,56.72728170175105,462.2351160272956,405.50783432554454,0.00586060440170668,False,13
13391261,0.424166,23,390.8469590591267,64.95191333815455,469.71251210197806,404.7605987638235,0.011044565458709724,False,18
13392690,1.407948,21,334.00953852105886,62.04241330269724,460.3368299547583,398.29441665206105,0.0032741898718000075,False,17
13397690,1.0037187,21,195.42105831205845,1.8410280346870422,416.73238556832075,414.8913575336337,0.0047841923287744136,False,11
13397738,0.6023324,21,198.0013676919043,3.6959144985303283,418.4557121945545,414.7597976960242,0.007969786485803787,False,16
13398192,0.2946418,21,198.50866666529328,5.300357867963612,416.4659592323005,411.1656013643369,0.01615134419794492,False,17
13402469,0.5908694,23,226.67435514740646,18.4125660918653,414.2511804588139,395.8386143669486,0.007753770027796168,False,14
13528990,0.3862068,28,287.2133866301738,17.35824798233807,386.6475840797648,369.2893360974267,0.011067081498195406,False,21
13530333,0.2442426,33,279.620964336209,15.335326571948826,378.1121646752581,362.7768381033093,0.017191128806220042,False,23
13532173,0.5565427,22,224.03148292796686,20.554150105454028,369.52256506774575,348.9684149622917,0.007257280140923211,False,18
13612155,0.56542,33,326.1857835575938,257.854201993905,505.29702224303037,247.44282024912536,0.005065122441125487,False,14
13613101,0.282851,45,334.7717395517975,259.93254077620804,508.47832979634404,248.545789020136,0.010170327744707428,False,15
13613357,0.1516143,50,331.3014628482051,256.61531374789774,505.67017891444266,249.05486516654491,0.01901258296840154,False,18
13613460,0.2662466,37,333.54732643347234,258.89053212013096,506.8689396372065,247.97840751707554,0.010779932804300823,False,16
13614088,3.5792398,52,337.13784960564226,262.85070539452136,509.7441396676004,246.89343427307904,0.0007983714577266256,False,17
13638859,0.755351,35,172.18546906951815,75.71523757651448,226.76582266576588,151.0505850892514,0.0023145142599337587,False,21
13639168,0.2920352,35,171.6909906361252,74.37244348693639,225.14763842336833,150.77519493643194,0.0059755922393164304,False,22
13639219,0.3274448,38,164.97874706983566,67.26339810993522,220.47876161523163,153.2153635052964,0.005415648581063087,False,21
13642058,3.4178736,26,146.52629831107333,68.18523227702826,213.78348825965077,145.5982559826225,0.0004930448568369735,False,18
13642862,0.6251419,30,121.11102710478008,69.3906786153093,212.22926841583103,142.83858980052173,0.0026445586497841848,False,19
13654275,0.3587908,20,-37.94702341547236,-122.10750128142536,281.97039586957544,404.0778971510008,0.013034970554768316,False,17
13654537,326.7175773,28,-46.35090121300891,-143.24463894590735,335.24679041001946,478.4914293559268,1.6950711048184178e-05,False,8
13654628,0.3606096,22,-21.03911560261622,-138.72397157829255,328.88878639787436,467.6127579761669,0.015008432107182472,False,19
13655331,0.2703638,23,-15.513658057898283,-141.80894780438393,334.5372903859243,476.3462381903082,0.020392029723362227,False,17
13655440,0.0784601,21,-14.432493131607771,-139.56364465411752,331.48257073480636,471.0462153889239,0.06948657711656823,False,16
13655974,0.4152826,20,-12.923770362976938,-136.17883664555848,327.4972530081868,463.6760896537453,0.012922817878787745,False,16
13728725,0.409402,20,385.0747799850069,159.43429099861532,499.2665253812447,339.8322343826294,0.009607289298788612,False,16
13729475,197.9634893,21,368.30322509631515,76.15387493278831,498.9801239222288,422.8262489894405,2.4720832834232494e-05,False,14
13730176,0.3369396,20,387.51923432573676,165.30384400393814,497.14444940909743,331.8406054051593,0.011398920601036207,False,13
13731074,0.6650341,21,377.1128980675712,88.35248860996217,500.4096505930647,412.05716198310256,0.007171331688924175,False,14
13731178,0.7904232,21,380.2217840915546,91.40490868594497,502.1421315148473,410.7372228289023,0.006014376908472808,False,17
13751687,0.3016267,30,412.74736267514527,131.20082539971918,522.4549846490845,391.25415924936533,0.015013275087854385,False,23
13831952,0.5372142,40,170.2245462918654,20.187853812240064,222.80455681029707,202.616702998057,0.004365299221696259,False,24
13833585,12.69878,38,173.86841891566291,13.361978041939437,217.8791529033333,204.51717486139387,0.00018640349161621296,False,21
14021974,0.4124034,24,87.76579488767311,-96.3590849423781,247.80079331249,344.1598782548681,0.00965882416160041,False,19
14022706,2.5498005,25,80.04715119022876,-102.66444326844066,240.3223046567291,342.98674792516977,0.0015568880886609314,False,18
14022970,0.3155994,25,88.51191869471222,-96.29031708464026,241.2108276737854,337.50114475842565,0.012377283510421172,False,16
14023770,0.4750692,25,94.31323001626879,-89.94542530272156,239.4407972926274,329.38622259534895,0.008024810994478321,False,19
14024188,0.6245345,24,99.47201879695058,-86.83569689746946,237.56847667973489,324.40417357720435,0.006011962405473752,False,16
14025549,1.5817069,25,89.0536685474217,-86.80220721289515,230.3379624383524,317.14016965124756,0.00232065992467249,False,17
14025916,0.2289864,24,101.5625532483682,-84.4006153056398,233.32896223291755,317.72957753855735,0.016059581119033814,False,16
14230613,0.2857131,32,247.69305337686092,-118.84951188694686,459.31040975265205,578.1599216395989,0.023420927355860058,False,21
14244526,6.3842781,24,319.52818444697186,257.4581570690498,504.9459944246337,247.4878373555839,0.0004486713324699819,False,8
14462866,0.2492354,26,336.26764335203916,131.00666091777384,519.2404608707875,388.23379995301366,0.01802892670429416,False,18
14505676,0.1108855,33,28.64209972321987,-173.12373658642173,408.7070009903982,581.83073757682,0.06073068214768629,False,23
14506569,0.3172418,32,84.16684098774567,-150.80994002055377,405.2421994507313,556.052139471285,0.020286698194525502,False,22
14506614,0.2800516,32,84.44193473551422,-151.09761573839933,406.19407519698143,557.2916909353808,0.023031953082046638,False,22
14506922,0.2643608,29,139.9490152252838,-150.69716591387987,405.81686755176634,556.5140334656462,0.024364938548351825,False,19
14507025,0.2869922,32,85.01276245806366,-151.1353713925928,407.32347902376205,558.4588504163548,0.022522020117763285,False,20
14521032,0.2573388,20,87.11650689365342,-138.37636231910437,406.16838382557034,544.5447461446747,0.024491453401221767,False,18
14691730,183.4850143,20,264.5310925785452,-20.19617829937488,480.3286930778995,500.5248713772744,3.157267071285272e-05,False,9
14692610,0.1378113,20,213.13054533675313,-19.0490392036736,479.17971771676093,498.22875692043453,0.04184371338512122,False,14
14693174,0.6406938,21,213.3832754334435,-19.841683516278863,480.840679211542,500.6823627278209,0.009044780445501771,False,16
14736855,0.3993284,23,214.6061766659841,24.1427565459162,276.5297840349376,252.38702748902142,0.007315147511404908,False,17
14737597,4.6192195,23,213.49573333282024,24.887405871413648,274.4484353112057,249.56102943979204,0.0006253086350926458,False,17
14738575,0.0580908,22,223.69863325729966,30.94312702305615,275.4040527390316,244.46092571597546,0.048706660305132994,False,18
14738798,0.5716259,22,223.95844752900302,32.45585581753403,275.6518008420244,243.19594502449036,0.004924143364091616,False,15
14739564,0.5914455,22,225.56848267558962,38.70279563125223,277.35555719118565,238.65276155993342,0.004670226995178774,False,14
14740555,8.293734,22,221.56941276043653,36.37981361243874,272.4128656089306,236.03305199649185,0.00032938891309236274,False,16
14740870,11.9492157,20,228.61571707762778,35.87214248254895,270.75314128305763,234.88099880050868,0.00022750698848875842,False,13
14740939,0.2648904,21,208.793585607782,28.72540494427085,265.0573344435543,236.33192949928343,0.010326245338047577,False,16
14741764,0.3077476,21,221.81472110096365,36.450682394206524,270.0344794197008,233.58379702549428,0.008784848912799171,False,14
15005394,17.7562234,30,252.38723494112492,-164.1852660337463,475.1781979808584,639.3634640146047,0.0004167575461323396,False,15
15130106,0.5849277,30,351.9032515003346,42.7294063847512,443.511767196469,400.7823608117178,0.007930355720231926,False,18
15130664,0.4882454,29,362.04038753639907,48.52327457629144,445.79998715780675,397.2767125815153,0.00941762093267667,False,17
15133177,0.3811583,27,367.22862822934985,60.249179089441895,443.2230617618188,382.97388267237693,0.011629205205516564,False,18
15134517,0.8523847,26,280.3067890461534,8.682057866826653,403.88536462560296,395.2033067587763,0.005366253461312828,False,17
15134608,0.3676034,26,274.86657231347635,5.776987876743078,399.19015020132065,393.41316232457757,0.012386700129706059,False,16
15135391,0.2991184,24,254.22410796163604,14.395140437409282,401.78085481747985,387.38571438007057,0.014989485613299078,False,16
15135521,0.5636728,22,283.4549671271816,89.36019474640489,405.67784761078656,316.31765286438167,0.006495051641997987,False,17
15136616,8.4788197,24,263.5127174318768,25.086075835861266,402.14307121932507,377.0569953834638,0.0005147043750341826,False,15
15137022,0.7700689,25,268.5112962964922,26.217699400149286,402.10833305027336,375.8906336501241,0.00564960620746686,False,17
15200820,0.316859,23,279.17181733064353,113.87909715995193,362.1558736078441,248.2767764478922,0.009068935398648085,False,13
15201345,0.0998924,23,280.55699514225125,115.1921815937385,362.98970722127706,247.79752562753856,0.028711162380575497,False,17
15211789,0.053021,22,283.6786121246405,124.82070385012776,364.47540500666946,239.6547011565417,0.052314767042981075,False,14
15212230,0.3027654,23,275.5879483418539,114.57641723100096,355.1020211772993,240.52560394629836,0.009194779709920158,False,18
15213943,5.3381159,21,276.32614402100444,115.43319127522409,354.26939581520855,238.83620453998446,0.0005178433692150609,False,15
15215637,0.2697572,22,281.4567400608212,125.61426723841578,361.6029603173956,235.98869307897985,0.010125218583007405,False,16
15217578,0.5310047,22,281.70670601539314,128.38134260382503,362.0265159057453,233.6451733019203,0.005092660277482101,False,14
15220558,1.2048656,23,271.1440665414557,120.97115283831954,352.7640472864732,231.79289444815367,0.0022266285386411265,False,15
15221797,0.767894,23,270.69397217128426,121.88997266348451,352.9696844983846,231.07971183490008,0.003482946476717913,False,16
15516051,0.7843752,28,78.28531705308706,-122.58977461606264,366.06062008067966,488.6503946967423,0.00721042157445267,False,20
15516085,2.42796,29,54.35249072033912,-124.329829425551,370.2100789407268,494.5399083662778,0.0023574694525515675,False,19
15516160,0.337221,28,33.39735078625381,-125.85319674108177,373.8730475306511,499.72624427173287,0.01715156697821272,False,18
15516254,74.3333338,29,54.18014831375331,-122.60352680459619,366.630131425336,489.2336582299322,7.617614212109337e-05,False,16
15516751,235.9641238,25,-1.5120146563276649,-125.90632459614426,375.42600254528224,501.3323271414265,2.4590422461767497e-05,False,10
15517603,0.3935782,30,34.61804548278451,-123.7458152929321,372.4328163312748,496.1786316242069,0.014591276235297797,False,22
15597494,16.8680896,26,243.04782202234492,0.45842514373362064,299.3230105843395,298.8645854406059,0.00020506654470266817,False,19
15597796,146.9582934,24,228.39364840183407,-9.474372770637274,289.57467027939856,299.04904305003583,2.355236779064339e-05,False,18
15597839,0.3785122,29,233.17626679781824,-3.198695182800293,298.76436847262084,301.96306365542114,0.009233369139441712,False,16
15597867,0.4695991,28,211.27492210362107,-16.133411787450314,286.992647848092,303.12605963554233,0.0074710608857724865,False,19
15598458,3.0912249,30,229.34735381277278,-1.311841607093811,296.4055613614619,297.7174029685557,0.0011147048133246546,False,18
15599936,2.1291227,30,223.97450495045632,-2.0569636719301343,281.7158634541556,283.77282712608576,0.001542610823400048,False,18
15600345,129.8392206,31,226.6730211675167,2.2366674849763513,286.6238967049867,284.38722922001034,2.5350728705106557e-05,False,23
15601545,3.6652078,57,212.76050861924887,-37.510684062726796,282.2633609874174,319.7740450501442,0.001009789536183097,False,26
15616791,1.7410683,21,450.704293185845,224.35507897753268,500.2450794680044,275.8900004904717,0.0018340298895643855,False,16
15850646,358.5196754,24,333.18613880546764,152.78764944523573,412.60974335018545,259.8220939049497,8.387824622405419e-06,False,11
15850657,0.6554875,24,332.10396176436916,148.42424900270998,408.48102781455964,260.05677881184965,0.004591874629849456,False,15
15850732,0.9116084,22,330.27560968184844,145.58120027650148,404.98434968758374,259.40314941108227,0.0032934659951926407,False,17
15851022,0.3022531,24,327.457701950334,150.67328000441194,405.5251546902582,254.85187468584627,0.009758955244894521,False,16
15851871,165.5997588,50,321.0603713057935,103.80166301038116,408.96601751446724,305.1643545040861,2.1328502344396488e-05,False,22
15851908,0.240319,24,326.53467304771766,161.34607025887817,407.1079079993069,245.76183774042875,0.011836208184073235,False,17
16014078,0.3871474,22,95.63994971103966,-67.6470436854288,211.0256168525666,278.6726605379954,0.00833113696614276,False,17
16014617,0.1500177,21,116.42503864131868,-59.170010103844106,212.99287823494524,272.16288833878934,0.02099774513172178,False,15
16015434,0.4014484,20,103.88733129948378,-67.7025742130354,207.6026483438909,275.3052225569263,0.007937266754216268,False,16
16015562,0.2698606,22,96.58041747752577,-64.57216409035027,208.56198356486857,273.13414765521884,0.01171447353604264,False,16
16017205,0.599365,20,107.74964344454929,-61.88593846745789,205.48994606360793,267.3758845310658,0.005163178185552429,False,16
16019390,95.5326665,24,109.26498707849532,-57.408678880892694,202.3710677633062,259.7797466441989,3.1473109050129504e-05,False,19
16020079,39.9515929,24,118.14818390412256,-49.91930527612567,204.0322668850422,253.95157216116786,7.357039091727739e-05,False,14
16023201,0.6284419,25,398.25501332525164,128.44910086132586,459.1534866951406,330.70438583381474,0.006090614038086487,False,18
16023235,0.2686284,34,390.8104933798313,110.89735412970185,450.09010734502226,339.1927532153204,0.014614396880982225,False,23
16024382,0.3263582,28,374.7071536607109,133.1745083676651,451.52892221231014,318.354413844645,0.011290225180940312,False,17
16025148,0.0564426,21,299.0638915915042,109.60877607576549,416.3079159334302,306.6991398576647,0.06289147847844385,False,15
16025636,0.9375294,21,298.1273396406323,113.37307747453451,417.08705762866884,303.71398015413433,0.003749437728177713,False,16
16026174,0.4886714,22,299.91680388338864,114.40704138949513,415.48947715200484,301.0824357625097,0.007131070928067279,False,16
16027803,0.054642,25,305.8470366289839,119.92291118949652,414.4664905965328,294.5435794070363,0.06238917327513555,False,19
16028452,0.0693665,20,316.5470172534697,128.01104437094182,413.16406291443855,285.1530185434967,0.04757890565428916,False,17
16029489,0.262665,25,298.5896862577647,117.14976564981043,404.9192109843716,287.76944533456117,0.012680276689156991,False,17
16030990,0.6814533,24,315.00320899067447,124.66276679188013,410.65472164191306,285.9919548500329,0.00485740118952176,False,19
16041487,5.043106,27,418.8898164080456,-51.01453545503318,494.54135361593217,545.5558890709653,0.0012520665382910238,False,13
16069049,0.5982786,20,408.0897068255581,235.00013225711882,504.6972719253972,269.6971396682784,0.005217460012921331,False,12
16069152,0.3594282,20,407.1857314556837,233.8429430499673,503.5684521077201,269.7255090577528,0.008685526125946069,False,15
16069199,0.7212593,20,407.5860395212658,235.13245903886855,504.06119108665735,268.9287320477888,0.004315509089959638,False,17
16069534,0.2405086,20,408.29613644164056,239.78100994136184,505.0954976119101,265.31448767054826,0.012767815925184955,False,14
16070289,1.8703,20,407.8269913676195,243.38605161756277,504.6902254689485,261.3041738513857,0.0016170421130410457,False,16
16070460,0.3346512,73,316.12048535607755,247.290115384385,506.0061117634177,258.71599637903273,0.0089478182245837,False,17
16070820,0.3101433,20,405.76848689233884,243.6304107075557,502.1709516411647,258.540540933609,0.009648337951897625,False,14
16129494,0.8224418,23,117.94450648594648,-60.68731416016817,299.3996905395761,360.0870046997443,0.005067439015753211,False,18
16151233,0.3637685,29,337.52976811956614,254.8061729874462,472.293140203692,217.48696721624583,0.006919813751621014,False,23
16181266,0.2650196,28,172.7504073525779,-89.20997427776456,463.86340444441885,553.0733787221834,0.024154108804514737,False,16
16183532,0.2916132,22,390.5098012997769,-25.419400446116924,512.2582447947934,537.6776452409104,0.02134032648039258,False,17
16190605,0.3110422,27,394.4483885541558,-4.983553988859057,513.2770747644827,518.2606287533417,0.019284800926907607,False,19
16190988,0.2855976,30,404.8767876578495,-4.292655503377318,513.2401130860671,517.5327685894445,0.020973434648662546,False,23
16191604,0.2484104,25,347.15870590880513,161.35010425932705,437.26048849057406,275.910384231247,0.012855368474503049,False,11
16191679,1.0826281,25,345.10066097136587,159.6825439017266,435.47981958836317,275.79727568663657,0.00294847150025476,False,18
16192527,0.5596162,23,356.26252898946404,171.9355716370046,441.7441684054211,269.80859676841646,0.0055802256704141785,False,17
16192999,0.4914372,26,348.60154188936576,166.31346247158945,434.8572382237762,268.5437757521868,0.0063246037391702275,False,17
16193174,7.3716074,25,356.0206932714209,173.25981510803103,439.9274732451886,266.66765813715756,0.0004186917535026789,False,19
16193408,0.6753676,23,353.13510114792734,171.18210685439408,437.15546051971614,265.97335366532207,0.004558103315960581,False,18
16195962,0.3148198,28,358.51018263492733,63.78140507731587,470.2749405289069,406.493535451591,0.014944378625324614,False,18
16196009,0.5653305,28,371.3047754019499,65.16104454640299,464.59902646020055,399.43798191379756,0.008177738138432216,False,20
16196034,0.2900004,28,359.63444825029,64.81221069116145,471.0070182569325,406.19480756577104,0.01621145622995864,False,18
16196259,0.2406931,26,380.26546627515927,73.08564260601997,470.93070102855563,397.84505842253566,0.01913095213858127,False,18
16196927,0.37719,21,397.00833179522306,72.79609981924295,461.7205468006432,388.92444698140025,0.011934145546226096,False,14
16196962,0.5226266,30,372.00415302067995,60.22955474909395,463.7422700179741,403.51271526888013,0.008936181312533228,False,20
16197210,0.6463322,27,387.3006275855005,71.50781094096601,466.5376657387242,395.02985479775816,0.007073923906158441,False,17
16197293,0.3560526,30,377.4744198191911,65.33580597024411,467.3800941556692,402.0442881854251,0.013069109374616262,False,19
16197428,0.2678246,22,397.9217704385519,70.61767859850079,464.98375141527504,394.36607281677425,0.017042579879081438,False,17
16197570,2.6137257,25,383.6529098683968,76.59209172707051,470.0018310919404,393.4097393648699,0.0017420930837812015,False,17
16199371,0.2935684,30,374.5102872722782,67.00685969553888,462.2411893447861,395.23432964924723,0.015582301800798037,False,21
16201007,16.6040218,30,378.3972620149143,72.24944089539349,463.6738699162379,391.4244290208444,0.00027284807201887693,False,26
16344798,189.2308325,25,388.1500106770545,-22.245490131899714,512.8441310254857,535.0896211573854,3.27281068826023e-05,False,11
16346242,0.324443,24,346.870030334685,-20.083662564866245,512.3078786535189,532.3915412183851,0.018992362709234135,False,17
16346532,0.6025824,20,247.38737458828837,-20.294771483168006,512.3553990153596,532.6501704985276,0.010230853952784124,False,12
16383690,0.3562886,21,413.5359874460846,143.37053534109145,511.93709259387106,368.5665572527796,0.011972924856058078,False,16
16384281,0.6390627,20,422.3037840100005,148.00961134023964,510.7720987871289,362.7624874468893,0.006569996810963405,False,17
16384375,0.3552594,20,422.3927325569093,148.98021686822176,510.85185343399644,361.8716365657747,0.011789495582435507,False,13
16385363,0.4234054,22,429.0681725484319,153.52587718516588,509.346018335782,355.8201411506161,0.00972658513737596,False,15
16385436,0.2965688,22,440.5003833468072,154.61647803895175,510.5100886663422,355.89361062739044,0.013889320157383693,False,14
16385521,0.363504,22,419.84391912119463,147.71301203873008,507.74343512021005,360.03042308147997,0.011463474365248463,False,16
16385804,0.340419,20,429.3595094815828,152.42922564502805,509.02808918617666,356.5988635411486,0.012124181262960899,False,16
16523984,0.2819492,22,287.1306173270568,129.83451692853123,354.1879438329488,224.35342690441757,0.009209755451563943,False,14
16524508,0.4966946,22,275.71169603616,133.4441363811493,354.37883434351534,220.93469796236604,0.005148263258246832,False,13
16524653,0.2621211,20,272.6917899912223,129.82381239999086,350.3095236606896,220.48571126069874,0.009735644915293868,False,13
16524755,4.6340829,20,276.05704438174143,135.6624462408945,354.90760901011527,219.24516276922077,0.0005475861802716971,False,16
16524797,0.6105474,22,274.21144485706463,133.14180134329945,352.40984230767936,219.2680409643799,0.004156638040222334,False,18
16524927,0.2826426,22,275.60645181220025,136.12267936114222,354.33560132514685,218.21292196400464,0.008935710762395813,False,17
16525820,4.3324344,20,271.20038853026927,135.48202137462795,348.5615919576958,213.07957058306783,0.0005692408715064034,False,15
16526833,88.9808807,21,250.51326979883015,133.72318020556122,340.3244446730241,206.6012644674629,2.6873394822937323e-05,False,16
16536773,0.0648166,28,226.17528825066984,2.221676870249212,284.19619852211326,281.97452165186405,0.050351206336035494,False,18
16536879,0.6393966,28,226.17141078226268,2.993420069105923,284.20511707663536,281.21169700752944,0.005090369594804258,False,19
16537786,0.333856,25,223.75422790646553,17.61291555594653,293.8048493815586,276.19193382561207,0.0095749841271668,False,16
16537858,0.4552832,26,219.59833488799632,14.609512640163302,290.34477774985135,275.73526510968804,0.007009659884691511,False,17
16538198,0.7418819,27,218.91751794610173,11.897239205427468,285.9786225948483,274.0813833894208,0.004275934260795218,False,19
16538585,0.6162144,25,231.12134432885796,10.659859701991081,282.6988733606413,272.0390136586502,0.005109584740511202,False,16
16538906,0.8375488,20,229.1912879096344,19.6249381871894,290.13087074272335,270.50593255553395,0.0037381173501463264,False,13
16539212,0.5377959,25,215.15238548163325,17.230909480713308,286.04064260143787,268.80973312072456,0.005785138493936731,False,16
16651735,1.1402301,23,145.1744112186134,-35.121537395752966,244.26227398216724,279.3838113779202,0.002835926650230675,False,16
16651910,0.2948252,20,165.49013033509254,-27.913620974868536,246.78403032012284,274.6976512949914,0.01078391862046528,False,18
16651968,156.3565215,22,144.03160221409053,-26.346703805029392,247.44561456609517,273.79231837112457,2.026709563080084e-05,False,13
16652319,0.5815347,23,147.17473983764648,-32.35904483590275,243.93616053275764,276.2952053686604,0.0054990031949054535,False,18
16653594,0.5144936,21,171.0404887329787,-27.40055986214429,243.07175413705409,270.4723139991984,0.006084558869562117,False,17
16653829,0.3043196,23,134.28652707953006,-20.605239900760353,243.891186802648,264.49642670340836,0.010059494146920383,False,15
16653951,0.5490022,24,144.35132362414151,-22.08028973545879,245.7407078007236,267.8209975361824,0.005646206998944968,False,17
16654438,0.1577227,22,128.9613626548089,-19.49036840815097,245.4980127280578,264.9883811362088,0.019445489787072206,False,14
16654741,0.2764026,23,134.90001827012748,-18.072331440635026,241.20594311971217,259.2782745603472,0.01085701059092633,False,19
16655178,2.803803,21,163.80054296460003,-14.141060644760728,246.15544793196023,260.29650857672095,0.0010745016934106376,False,17
16655581,0.0672358,23,134.10291499458253,-16.589984321035445,242.08186373580247,258.6718480568379,0.04452816996730129,False,17
16655715,0.1719366,24,137.8602136275731,-22.121738037094474,236.9750379351899,259.0967759722844,0.017441343364106278,False,15
16655998,0.0631843,23,132.6817568158731,-16.629729000851512,240.06516966037452,256.69489866122603,0.047021265908492586,False,17
16657969,0.463363,23,138.69397023227066,-11.442441958934069,242.0726402895525,253.51508224848658,0.006332405351396129,False,16
16658005,3.8404764,22,135.98632203647867,-22.34168630093336,234.68596804887056,257.0276543498039,0.000774606272943153,False,15
16658118,0.5019301,23,136.08131152577698,-13.028353569097817,240.33162617124617,253.359979740344,0.005842262045891744,False,16
16658180,0.4126212,23,132.71137468982488,-15.25991961825639,238.32772434689105,253.58764396514744,0.00711316378199312,False,18
16658450,0.634416,23,135.91102603822947,-13.728473614901304,240.9938459750265,254.7223195899278,0.004647069108051805,False,18
16658572,0.243393,23,137.99805392045528,-12.45990777388215,242.38235936500132,254.84226713888347,0.012118521391619359,False,17
16732189,0.5237607,32,295.9525406593457,-15.356098813936114,494.9524363037199,510.308535117656,0.011276807874443389,False,21
16732464,1.1178605,31,285.1894226158038,-18.172211456112564,491.41281119082123,509.5850226469338,0.005276127745057927,False,19
16738518,0.5753264,31,275.4607481416315,-88.41027847956866,441.42525165807456,529.8355301376432,0.010658915830890759,False,18
16738839,0.358471,31,271.70152869075537,-88.59295200090855,436.96303172037005,525.5559837212786,0.016968803294165908,False,19
16765635,0.2602217,21,366.6861516656354,148.20765831973404,429.2646551504731,281.0569968307391,0.012500781066128522,False,16
16765737,1.5480094,20,370.8109488710761,153.15820479299873,432.23651403095573,279.078309237957,0.002086597809798484,False,14
16765870,0.2639496,21,364.99211287591606,147.60770180728287,427.26048175245523,279.65277994517237,0.012262651620256904,False,17
16766005,0.6680639,21,361.21379148680717,144.74848061800003,424.1920017404482,279.44352112244815,0.004841303373810945,False,15
16766402,0.3854166,21,363.17976729478687,148.3270130585879,423.8621566677466,275.5351436091587,0.008274330068147144,False,16
16766439,0.6178805,20,351.50358465034515,154.44431165233254,428.2184509327635,273.774139280431,0.005128309062347137,False,18
16766939,1.408075,20,366.0495103918947,163.3146511623636,432.53855172079057,269.223900558427,0.002212962638761704,False,15
16767076,0.4416512,23,360.08402430452406,151.92973064258695,421.6873004799709,269.7575698373839,0.007069366267634033,False,15
16767181,0.7015994,20,351.0867687407881,159.9042171612382,427.85173470620066,267.94751754496247,0.00442024952705156,False,15
16767478,0.2528122,21,357.5891600456089,161.8845819728449,425.4778948612511,263.5933128884062,0.012067647561316258,False,17
16767505,0.3359682,22,346.3425248977728,155.41984762530774,419.890156108886,264.47030848357826,0.009110978184191706,False,16
16787173,0.6597796,29,255.78095836099237,29.609781433828175,315.1580025209114,285.5482210870832,0.005009182252045959,False,20
16801765,0.6082285,43,93.3298297226429,-93.06355363223702,211.8944664951414,304.9580201273784,0.005803093269120488,False,22
16805103,0.2984626,21,123.31162746995687,-97.16736171394587,206.48435892071575,303.6517206346616,0.011775302859874638,False,14
16805321,0.7028542,21,126.99503637850285,-93.08326975442469,205.53284087218344,298.61611062660813,0.0049173854038351925,False,15
16806494,0.3143272,21,129.22416895162314,-88.0905375815928,202.8006796957925,290.8912172773853,0.010711120438403148,False,17
16806833,0.279596,21,117.13761335704476,-99.18641068506986,203.88177547138184,303.0681861564517,0.012545721813151986,False,16
16808369,0.2466404,22,126.82976274518296,-98.5183030134067,201.29717749077827,299.81548050418496,0.014069416769959618,False,15
16809098,0.6412833,21,120.56146196555346,-90.64807815011591,198.8733467180282,289.5214248681441,0.005225369844272214,False,16
16809873,74.9730019,21,119.17242617346346,-90.32853213138878,197.61487687937915,287.94340901076794,4.445171275757649e-05,False,14
16810259,0.374057,21,122.45058682747185,-86.21870416682214,196.35489641223103,282.57360057905316,0.008743394147094647,False,16
16810385,0.3208934,20,117.40085876081139,-84.02522318065166,193.45013319980353,277.4753563804552,0.010008059774608922,False,15
16810896,0.3737386,21,119.40553947351873,-88.32919111009687,196.04069071356207,284.36988182365894,0.008806470823893275,False,16
16811132,0.3612045,21,122.25565917324275,-84.39925366546959,194.63498268742114,279.03423635289073,0.00894109270718125,False,14
16814727,8.0349818,26,416.81920930277556,85.18813617993146,487.5607380643487,402.37260188441724,0.0005796018479579085,False,17
16815665,0.2840003,27,412.69595415797085,85.68677119910717,485.23202093783766,399.5452497387305,0.016282962787083296,False,17
16815904,0.3381426,27,415.64947112929076,88.81410285830498,487.01808233745396,398.203979479149,0.013629877912699383,False,16
16816704,67.0974013,23,411.65283971931785,94.6322844363749,483.0593605991453,388.4270761627704,6.700235277046291e-05,False,17
16818208,344.8753069,27,411.7286854656413,101.53497343417257,484.6621676115319,383.12719417735934,1.28578139300843e-05,False,11
16818531,0.7222454,22,415.8920077839866,105.57804456911981,487.0175385614857,381.4394939923659,0.006112616235762769,False,16
16819405,0.3011768,50,404.8985968460329,95.07517707534134,481.1605137772858,386.08533670194447,0.014837066752492672,False,27
16843720,0.3717598,24,130.93593515222892,-77.49845185317099,307.8926671296358,385.3911189828068,0.011998460722749746,False,18
16844332,0.2675606,24,148.90737760579214,-71.63471505045891,306.18314989842474,377.81786494888365,0.016343557143416836,False,15
16845338,3.8958596,25,146.98837618343532,-73.1697719777003,302.8985569719225,376.0683289496228,0.0011172483464692079,False,18
16847653,0.3172248,20,357.5759695493616,149.6917002601549,476.9619290018454,327.2702287416905,0.011940585571164336,False,13
16848595,0.9325053,20,379.41787072923034,153.76554345712066,475.0982245663181,321.33268110919744,0.003988318622509357,False,15
16851429,84.2508129,21,33.84940023534,-133.9124544756487,398.8659101072699,532.7783645829186,7.319117815594088e-05,False,12
16868804,0.7646746,22,398.3282225439325,220.26891626883298,494.13863627705723,273.86972000822425,0.0041452775154570505,False,16
16955892,0.1846618,24,245.2358608483337,-59.686171053908765,427.8067917795852,487.49296283349395,0.03055466621913519,False,17
16956216,0.5592252,24,245.19262940157205,-58.86941137723625,426.80077229160815,485.6701836688444,0.010051733507989923,False,16
16957061,0.6315477,23,204.74697521422058,-55.91922432649881,426.9793678075075,482.8985921340063,0.008849852632865376,False,16
16957595,0.3868918,23,199.247058480978,-57.08455634303391,420.001359237358,477.0859155803919,0.01427227903673561,False,13
16958072,0.3221152,24,245.84360498702154,-54.338514734990895,422.51416496001184,476.85267969500273,0.017134019869943052,False,17
16958154,10.7559414,24,245.02422795630991,-54.45651412010193,421.52140103280544,475.97791515290737,0.0005121823783460828,False,17
16958954,5.2406469,38,185.65720624756068,-53.616864304058254,421.8422081088647,475.459072412923,0.0010500609234515915,False,19
16989421,49.8061647,24,346.0781196481548,180.76535237487406,442.59386581834406,261.82851344347,6.0844327756467897e-05,False,17
16990224,0.9182861,24,345.9997725323774,178.90887984540313,441.3959763944149,262.48709654901177,0.003308386241441415,False,18
17139277,0.3016638,24,125.60614611720666,-81.94594017695636,293.798740231432,375.7446804083884,0.014416369362137508,False,18
17140336,60.0540498,32,95.63412816496566,-85.8881160384044,294.46665302384645,380.35476906225085,7.33048693004852e-05,False,17
17142602,0.4117159,31,99.56397037021816,-86.90421958453953,302.53117124084383,389.43539082538337,0.010947728908402551,False,21
17143734,6.642522,30,87.19161744229496,-89.72587874159217,303.81003802176565,393.5359167633578,0.0006857054973137842,False,19
17143971,67.0202589,32,98.45968019217253,-85.4261648375541,298.85342200286686,384.27958684042096,6.636322324391398e-05,False,19
17144966,12.2030484,31,97.4273482337594,-87.75686470326036,300.1916873501614,387.94855205342174,0.00036795275501784333,False,19
17144986,0.4153002,32,99.3527369806543,-85.44435775838792,300.45073342043906,385.895091178827,0.010754577941752285,False,22
17168309,0.7866061,26,283.0853374558501,78.14251645468175,350.51219179295003,272.3696753382683,0.0040076307543211575,False,17
17168332,0.301033,24,287.88658913690597,82.09393650759012,353.9574959781021,271.863559470512,0.010452571563094903,False,18
17168788,0.5244623,27,288.5607877280563,73.9978258498013,345.0718270149082,271.0740011651069,0.005982185123774557,False,17
17171512,4.7453025,25,277.7557065244764,89.07429368700832,349.6749930549413,260.600699367933,0.0006356205527972063,False,21
17171545,1.2712488,25,272.6704029366374,85.07311530411243,345.90588693972677,260.83277163561434,0.0023747497892282355,False,15
17171630,0.4300454,23,280.95637501683086,78.25112014543265,339.38788266386837,261.1367625184357,0.007028132920041152,False,17
17171765,0.2687956,25,274.26000153645873,86.76669267006218,346.6406043386087,259.8739116685465,0.011189914952369533,False,20
17171915,0.3620605,25,266.7886894661933,81.09316744375974,340.89777753688395,259.8046100931242,0.008305235732712496,False,19
17172000,0.2689022,23,279.6826159581542,78.30038687679917,338.00744481850415,259.707057941705,0.011178297262637277,False,17
17172258,3.5261583,25,270.9826134843752,85.08493253029883,343.3133529732004,258.22842044290155,0.0008475952047408894,False,19
17172959,2.6632418,25,280.30972983688116,94.33591396082193,349.2598945973441,254.92398063652217,0.0011078637452840115,False,12
17173082,3.3026131,25,279.9229184165597,94.35984073206782,348.85336013976485,254.49351940769702,0.000891877660449083,False,17
17173355,10.1744115,25,277.7560271322727,92.47289726044983,346.38306701090187,253.91016975045204,0.00028883981278449904,False,14
17173556,0.2782944,25,269.14936867542565,85.96195201389492,339.6320525323972,253.6701005185023,0.010549966272332328,False,18
17173610,0.7103503,25,276.45882409997284,91.91908501088619,344.93550206534564,253.01641705445945,0.004122516387963984,False,19
17173848,0.6405147,25,275.3208135254681,91.40244566369802,343.69396723341197,252.29152156971395,0.00455889733507869,False,17
17173876,0.6855564,25,273.52778299245983,90.03596934489906,342.2473590821028,252.21138973720372,0.004258020648838756,False,15
17174897,0.8535516,26,275.0729745835997,94.09220174420625,342.2987311379984,248.20652939379215,0.0033656556403533124,False,16
17174959,0.0524152,39,236.31547540426254,35.11969924438745,335.3194514522329,300.19975220784545,0.06628867521391285,False,26
17204841,0.3357586,21,310.97090870607644,-5.601895786821842,344.39391817431897,349.9958139611408,0.012064850986399433,False,14
17207486,0.3638167,21,314.13056580349803,-7.823285995982587,347.4646091228351,355.2878951188177,0.011302747828032788,False,18
17207646,0.7717524,21,310.17938589211553,-5.545416008681059,343.49702037870884,349.0424363873899,0.005234636152401909,False,17
17328837,0.3641686,20,278.67497897241265,43.678088625893,438.0640950752422,394.3860064493492,0.012534449297449103,False,17
17332086,0.5845286,20,282.9547240398824,50.70446936879307,436.25881732441485,385.5543479556218,0.0076342450699926345,False,14
17393810,0.3360693,30,303.84496352635324,-61.94456883240491,486.6533501073718,548.5979189397767,0.018893463195513126,False,20
17394296,0.3466259,30,304.5658592716791,-62.5738131813705,488.1940685911104,550.7678817724809,0.018390513407265777,False,22
17395501,0.3079996,28,348.5064263571985,-62.62490737717599,489.1739742597565,551.7988816369325,0.020735615013971087,False,19
17395619,0.2833208,30,303.28751866472885,-62.793305050581694,486.62986212875694,549.4231671793386,0.02244474967932481,False,21
17483546,0.2574428,20,270.55669577093795,-13.777350587770343,463.31720128655434,477.0945518743247,0.021449143979674744,False,14
17486534,447.3469699,20,279.67962676193565,1.7743560718372464,457.77537922840565,456.0010231565684,1.1797977800201683e-05,False,9
17486554,56.5269171,20,278.21583214681596,-0.03738035447895527,457.79185155406594,457.8292319085449,9.374205626695918e-05,False,16
17486654,77.9813411,22,137.29885829379782,-22.254462749697268,286.88844905700535,309.1429118067026,4.5883321705603814e-05,False,16
17486976,0.2664094,22,183.02661802154034,-16.095988685265183,286.3418951164931,302.4378838017583,0.013139320421605837,False,18
17487182,153.5224526,26,181.02762212511152,-26.689661107957363,279.7589866211638,306.44864772912115,2.3103196233830098e-05,False,16
17487202,10.943383,27,170.72866433300078,-28.94076034426689,277.6750208577141,306.615781201981,0.00032428671864192425,False,18
17487267,0.385094,27,173.09860596433282,-27.13035475462675,278.7344793789089,305.8648341335356,0.00919282628894743,False,21
17487538,238.1468273,27,174.120004568249,-25.45562912710011,278.19817734416574,303.65380647126585,1.4757751294942338e-05,False,15
17487542,0.2785849,25,189.65601150412112,-19.812735775485635,279.3641631491482,299.17689892463386,0.012429588213164046,False,15
17487943,0.5461772,23,193.3843457372859,-20.13381002470851,276.2724378146231,296.4062478393316,0.006281162722484173,False,17
17488151,0.6299186,24,187.118339817971,-14.68779374845326,279.21902714297175,293.906820891425,0.005400220466379267,False,16
17488708,205.913917,27,181.74421072471887,-17.049148748628795,278.7400051485747,295.7891538972035,1.6625809597483055e-05,False,16
17488899,0.5310046,27,184.6485112560913,-14.39262272324413,279.55222979653627,293.9448525197804,0.00640698686368577,False,18
17489885,5.8412555,27,181.9828139618039,-12.6517299329862,274.1824383381754,286.8341682711616,0.000568343553974972,False,18
17492316,0.283652,22,167.75854490697384,-8.673059474676847,268.09046587441117,276.763525349088,0.011292998263337548,False,14
17565697,14.063684,21,361.22913288418204,183.68816643487662,459.89086576737463,276.202699332498,0.00022730818621447566,False,15
17568455,1.2880704,21,407.7863342128694,193.7519225757569,459.86058907583356,266.10866650007665,0.0023911436966682575,False,19
17568778,0.1462402,24,364.7253002389334,165.36380017641932,464.6795838838443,299.315783707425,0.02368912961120999,False,17
17570784,0.2797586,23,366.1559449508786,191.80366192013025,460.62572775408626,268.822065833956,0.011121611641993575,False,19
17571053,0.6266765,21,407.12208012118936,195.33797563053668,457.7816436532885,262.4436680227518,0.00484706615609016,False,14
17571403,0.370261,24,364.1349434154108,166.5973776485771,462.20954346936196,295.61216582078487,0.009240608933717654,False,15
17576796,0.533126,24,366.3717190269381,170.96560732461512,461.10683558508754,290.1412282604724,0.00629891633090403,False,15
17584219,0.3529305,43,361.9232129305601,173.32719932310283,458.63030820619315,285.3031088830903,0.009356287755738052,False,24
17585884,0.533057,41,356.0376043897122,195.2589986147359,454.4220668496564,259.1630682349205,0.005627114077885261,False,25
17656786,0.6109273,22,216.7301354231313,23.428651713766158,413.4742761030793,390.04562438931316,0.007389450346956805,False,17
17665822,0.5346253,25,229.62879685219377,24.70613862387836,409.1050317976624,384.398893173784,0.00832183075433479,False,21
17668303,0.486375,25,237.0827715843916,30.379599728621542,413.3489882340655,382.96938850544393,0.00911337151511665,False,18
17668765,9.1313586,22,220.3226275043562,28.50055075250566,411.263755755499,382.76320500299335,0.00048515559202051765,False,19
17683753,145.8478395,25,230.23489394690841,28.13878571614623,404.43409932777286,376.2953136116266,2.9861737056913354e-05,False,15
17704560,0.5973972,21,268.70040711946785,104.24418789334595,367.4963916884735,263.25220379512757,0.00510029258069514,False,18
17705241,0.5490095,20,286.4822480943985,108.87776012532413,366.1322004860267,257.2544403607026,0.005423370540253388,False,13
17775926,0.3776976,32,216.4515979704447,-97.74706838652492,464.8483732016757,562.5954415882006,0.017240038895344444,False,20
17776063,2.3277911,30,216.62432227749377,-98.11012779828161,465.52867968566716,563.6388074839488,0.002802483998174063,False,15
17776220,0.4731366,29,116.85548666864634,-98.72155075427145,467.23253787495196,565.9540886292234,0.013844616003749689,False,17
17776585,0.3546688,32,215.30570421600714,-98.89571936801076,464.36883131973445,563.2645506877452,0.018381277498782,False,22
17776640,0.3145644,31,214.9561986560002,-98.81819388829172,463.81322303786874,562.6314169261605,0.0207014452236319,False,18
17834634,1.1944679,26,401.2370162992738,95.83804509602487,479.2521819937974,383.41413689777255,0.0037151803087399813,False,18
17843334,0.3207835,23,405.4057182278484,111.01369138341397,479.99007906764746,368.9763876842335,0.013312904319086211,False,18
17845490,0.3978545,25,402.7256665052846,109.77107654325664,477.2694440558553,367.49836751259863,0.010690977047368105,False,18
17851092,3.102738,27,410.60969510581344,118.1140665197745,476.5700896969065,358.456023177132,0.0013371404754607507,False,17
17851685,0.611207,25,409.94994461070746,120.71557624731213,478.9802808081731,358.264704560861,0.0067842518634663364,False,18
17852168,1.5377017,24,413.23658376932144,121.13438369706273,480.51676601171494,359.3823823146522,0.00270502290127337,False,16
17880566,0.3496058,25,-6.281083915382624,-119.90602144505829,345.75660943519324,465.6626308802515,0.015416259636814504,False,16
17883608,0.5451798,20,-11.832191969733685,-120.54498523939401,359.52945705503225,480.07444229442626,0.010191898445587105,False,12
17901681,0.4690278,24,450.4675692762248,139.20601420104504,505.3252017823979,366.1191875813529,0.009034625659729336,False,19
17904870,0.151639,20,422.80590831069276,159.42114922218025,504.21006814576685,344.7889189235866,0.026316531285101537,False,16
18161508,0.313182,51,145.66043314989656,-62.00290750712156,330.27426910120994,392.2771766083315,0.014497145747946773,False,24
18162497,0.6964066,26,155.86145846173167,-62.83049115445465,322.81962926499546,385.6501204194501,0.0064093922435690615,False,19
18162677,2.3152026,26,162.58261209586635,-58.48790758755058,326.49501669220626,384.98292427975684,0.0019245922075534798,False,18
18162680,0.5635931,26,169.13394826697186,-54.67394907027483,330.7728902902454,385.44683936052024,0.007915622583698047,False,15
18162899,0.2646534,26,155.0690266303718,-62.117641721852124,320.81094975583255,382.9285914776847,0.01674659718274382,False,18
18163157,6.2040273,26,164.5865217782557,-55.95359851140529,326.01697978097945,381.97057829238474,0.0007125945057129216,False,18
18163621,0.2915615,25,139.91138278506696,-59.719942370429635,318.8215343747288,378.54147674515843,0.015026905445190303,False,17
18165084,0.6924201,26,158.79207995021716,-53.880007239058614,315.3457913082093,369.2257985472679,0.006171754318578029,False,18
18165093,2.4160054,25,189.44463289808482,-45.330108306370676,325.33207540400326,370.66218371037394,0.0017756879064599444,False,17
18165266,0.6203077,22,168.7784957466647,-40.838981489650905,318.9555654069409,359.7945468965918,0.006713263010001442,False,16
18166766,0.0794391,32,58.94949417561293,-114.21887604519725,314.18907798361033,428.4079540288076,0.062417945241725295,False,21
18167556,0.621504,33,38.2842849008739,-112.72828301880509,312.5787505181506,425.3070335369557,0.007920359499506733,False,24
18167717,0.2579622,32,20.01505532534793,-116.46132704336196,319.6270407177508,436.08836776111275,0.01956611887830533,False,18
18168720,6.4525132,30,60.49080452648923,-115.40227965451777,319.1393484827131,434.5416281372309,0.0007794508645606584,False,20
18169982,0.1467368,27,88.433702965267,-112.32872020918876,315.53742424584925,427.866144455038,0.03374855148613768,False,17
18195792,0.5448713,22,295.6066293641925,164.31314013898373,391.0847670631483,226.7716269241646,0.00481704873778188,False,17
18196444,0.3152924,23,307.6621300075203,159.1381273465231,399.5450404006988,240.40691305417567,0.008825101460131976,False,16
18197353,50.5724973,25,280.1253702957183,159.9630631506443,387.90487584192306,227.94181269127876,5.216699916987446e-05,False,17
18197760,0.6106495,23,303.0004649888724,155.4731194395572,395.1772111700848,239.70409173052758,0.004543282052221075,False,17
18197993,0.7140971,24,289.56624740967527,156.96285436861217,388.98951841983944,232.02666405122727,0.0037606843619575046,False,16
18265396,0.2687066,20,158.2971979281865,-46.02140032220632,380.2483737934381,426.2697741156444,0.01836083647053437,False,15
18265822,5.2950553,21,144.10634154919535,-44.94427819736302,378.01326597109437,422.9575441684574,0.000924511958618106,False,15
18273669,178.1059794,20,165.6440242775716,-15.17574058379978,208.5217642597854,223.6975048435852,1.4536802750627916e-05,False,12
18276283,1.1201155,20,163.9792343485169,-12.385564483702183,203.39794938918203,215.7835138728842,0.0022296757553384025,False,17
18279384,58.9344317,22,162.88536329520866,-7.940436084754765,204.23277562949806,212.17321171425283,4.16684847563392e-05,False,16
18280952,0.2991076,24,175.42865958530456,-10.834303661249578,200.84614329971373,211.6804469609633,0.008191049552600128,False,18
18281209,0.257035,20,175.19396241987124,-10.739738820120692,197.93229368515313,208.67203250527382,0.009396329532568063,False,16
18285409,0.6491726,22,158.41240771114826,-6.855620630085468,198.38804081082344,205.2436614409089,0.003659281585130458,False,15
18286689,0.3634341,22,155.22611439228058,-11.833701026625931,194.82388228643686,206.6575833130628,0.00658130367303047,False,18
18313806,5.2014401,20,236.93405357189476,-33.87989946641028,408.755737147294,442.63563661370426,0.0009849383146778806,False,14
18314073,0.4608622,20,233.27500016894192,-34.872012748382986,404.1257576085627,438.9977703569457,0.011024971699706874,False,15
18480905,0.5553533,21,193.51949135307223,-38.35929078049958,323.064214666374,361.4235054468736,0.0075323986085139485,False,17
18534956,0.3884454,33,379.1303942911327,99.57555185537785,509.26015831064433,409.6846064552665,0.012206915005612475,False,18
18558007,0.5153411,20,112.2583408257924,-87.45717813726515,192.84385002683848,280.3010281641036,0.006295296189282125,False,15
18559260,2.2832333,21,109.06990289222449,-90.79769009258598,190.89112349320203,281.688813585788,0.001427925562525719,False,13
18559451,1.9481702,21,120.361333549954,-79.34597816783935,188.90306409448385,268.2490422623232,0.0015936668600328428,False,16
18559578,0.4726876,21,109.41420611925423,-89.74103280343115,190.2152464259416,279.95627922937274,0.006854917948562487,False,15
18561633,0.3690139,20,109.17011860292405,-81.99755363166332,185.79813160467893,267.79568523634225,0.008399377632232417,False,14
18562774,0.5968992,21,110.72591068223119,-81.29401565529406,183.79518028814346,265.0891959434375,0.005140167703501835,False,17
18563120,0.2621882,21,114.5627461373806,-76.69586555566639,182.5049136998132,259.2007792554796,0.011442196937774634,False,17
18563556,1.7538466,23,126.36464035604149,-86.2518594134599,183.1906202249229,269.4424796383828,0.0017781185754996121,False,17
18563573,4.3754769,20,123.7395049771294,-77.10165632888675,181.8460747366771,258.94773106556386,0.0006849722416923852,False,14
18563637,0.2951166,21,114.97837956994772,-75.14920074027032,181.45324846263975,256.60244920291007,0.010063601148370883,False,13
18563720,0.3554488,21,105.37536260671914,-84.42858110647649,182.74403053801507,267.17261164449155,0.0086996371847005,False,16
18563739,2.1796793,23,130.47200152650476,-81.20302967727184,182.2434303816408,263.44646005891263,0.0013988979219440455,False,17
18563890,17.8248876,21,115.04758559167385,-74.56486034207046,180.99392498843372,255.55878533050418,0.0001659396893866332,False,19
18565048,4.7773779,23,132.49545854050666,-75.58111664839089,179.43436671048403,255.01548335887492,0.0006178217750853292,False,14
18565325,0.5559297,23,126.63319401908666,-81.55488227494061,179.86545281019062,261.4203350851312,0.005442591613192414,False,18
18565790,0.267526,23,134.76675166748464,-70.69449559785426,177.38076879177243,248.07526438962668,0.010732569866073016,False,17
18566020,15.5006818,23,131.0984760755673,-74.03419597540051,177.3173418827355,251.351537858136,0.00018767957147552695,False,16
18642543,4.9209562,21,227.85145095549524,145.42729533277452,335.1188855012879,189.69159016851336,0.0004461540453945262,False,14
18642699,82.8511803,21,227.0058265188709,144.20486306771636,335.8539517968893,191.64908872917295,2.6772832217337073e-05,False,13
18642702,0.4839184,20,223.25637806206942,148.1501217931509,325.09862075094134,176.94849895779043,0.004232149540570653,False,13
18643556,1.8233922,21,223.4898666618392,141.29732691217214,332.82717908732593,191.5298521751538,0.001215745409282593,False,16
18643995,0.6886791,21,213.65685446653515,142.36946830060333,323.0825226288289,180.71305432822555,0.0030370985222973297,False,16
18644233,0.2647408,20,222.06361616263166,137.37969263456762,332.9274614341557,195.54776879958808,0.008549057648486156,False,11
18644909,0.7928328,21,217.06668434198946,135.91443579643965,327.49683181755245,191.5823960211128,0.0027967925177123775,False,15
18645297,0.279133,22,219.29872658802196,132.36354540567845,330.989604187198,198.62605878151953,0.00823590445192327,False,17
18645374,4.0950094,20,220.8853636519052,130.96465752460063,333.62183002755046,202.65717250294983,0.0005727872385815644,False,15
18645404,0.5246652,20,215.54623895790428,132.89205101318657,328.00121263135225,195.10916161816567,0.004304093141872454,False,15
18645497,0.651527,20,216.65474701439962,131.61459239199758,330.0367421004921,198.42214970849454,0.0035248771864606248,False,15
18646072,0.5487471,21,215.68313660100102,132.49515490606427,320.51438628695905,188.01923138089478,0.003965667447450654,False,14
18655471,22.0308422,44,86.83804393513128,-97.21068337094039,315.44206857215613,412.6527519430965,0.00021679032850863568,False,21
18657423,0.4067748,23,92.64116543345153,-93.54173890314996,311.63159902207553,405.1733379252255,0.011528507237878075,False,17
18657447,0.1805841,23,98.0102282948792,-91.09342501033098,315.8646227326244,406.9580477429554,0.026082930831770566,False,17
18657766,0.3491158,23,87.84027679357678,-95.12828041333705,306.92638917826116,402.0546695915982,0.013329131845881897,False,15
18658755,9.5920802,23,98.68111833930016,-88.68066966533661,313.1769851781428,401.8576548434794,0.00048489276230114534,False,18
18658938,0.2263092,20,101.96295781061053,-38.20330062881112,311.6473075468093,349.85060817562044,0.0178923210098595,False,17
18659291,0.0637528,21,88.76595196779817,-92.23600833211094,303.88491000048816,396.1209183325991,0.07191421947070166,False,13
18660460,0.6679954,21,91.44002781249583,-85.09759465232491,310.26311481837183,395.36070947069675,0.006850247976845834,False,18
18680467,0.3957414,21,70.93657900113612,-113.24762804433703,324.05384606681764,437.3014741111547,0.012789563219982265,False,16
18680916,0.3717194,21,65.1457924162969,-113.1492272252217,314.990716916509,428.13994414173067,0.013330817351922788,False,16
18681665,10.0153558,21,70.31132967676967,-110.68554616067559,318.9594208728522,429.6449670335278,0.0004965118337582339,False,14
18681808,0.4147086,21,72.35450784210116,-110.03059723880142,321.04465775191784,431.07525499071926,0.012030849933574936,False,16
18682871,0.3209444,22,70.26169141754508,-108.56647950131446,308.5211508208886,417.08763032220304,0.015041244305023554,False,14
18683438,28.3118335,25,124.30525703821331,-106.39583270531148,313.70648592710495,420.1023186324164,0.00017174074418535476,False,15
18684107,0.1903869,24,110.21352661773562,-103.56964166276157,320.3524925513193,423.92213421408087,0.025771238373193447,False,17
18685198,0.2803354,23,90.53167488891631,-100.75006268452853,319.7595931822434,420.50965586677194,0.017361381780058513,False,15
18753712,0.3168978,21,444.6887322468683,92.70355005282909,517.564936238341,424.86138618551195,0.015517233489550595,False,17
19132178,0.2623776,32,71.87242404324934,-97.91130067314953,241.95898796897382,339.87028864212334,0.014992453228937502,False,17
19136639,0.3478214,31,359.25375698134303,114.8217324865982,422.790632606484,307.9689001198858,0.010247945820753635,False,20
19137088,285.724578,22,369.79692173190415,133.46808955539018,424.839780991897,291.3716914365068,1.1802826216001566e-05,False,11
19137315,0.6313843,31,356.80025175679475,120.20657679531723,423.0209773639217,302.81440056860447,0.005550971576070812,False,22
19137338,0.3528814,30,353.9482847903855,123.74649799894542,425.82513322122395,302.07863522227854,0.00990780613616318,False,24
19137779,0.6173034,30,347.4775997106917,117.82393783796579,418.3198291808367,300.4958913428709,0.005634120442811918,False,23
19138566,0.3467052,31,352.2759407758713,127.30577511247247,421.9603696838021,294.65459457132965,0.009836466553818155,False,20
19193474,0.259398,29,293.30674808006734,4.292329237796366,384.65367138851434,380.361342150718,0.01697133497161367,False,19
19193693,1.7584349,30,291.2373693427071,6.485481443814933,385.2509913733229,378.76550992950797,0.0024930465544266466,False,20
19193756,0.8557393,30,284.04291216284037,2.2172392811626196,379.70705267507583,377.4898133939132,0.005105637969916248,False,23
19195294,1.1382509,20,308.4283766685985,33.30874170642346,378.25776713434607,344.9490254279226,0.0035075444017504728,False,16
19197408,4.7753906,31,287.081612739712,25.818326440639794,383.4260496776551,357.6077232370153,0.0008667308341659415,False,20
19315549,0.466299,41,249.75161757320166,-18.194195721298456,322.5304762367159,340.72467195801437,0.008457175743689451,False,22
19315713,0.500873,38,254.77461103582755,-18.862783047370613,321.00196913816035,339.86475218553096,0.007853527375127355,False,22
19316099,0.5802712,30,250.14683237532154,6.516146007925272,323.76761056948453,317.25146456155926,0.006327889357500377,False,20
19316467,0.6324605,29,229.36299098655581,-15.305219613946974,320.65982467029244,335.9650442842394,0.0061481852366200955,False,20
19316804,0.5334077,30,236.86817684210837,-13.936101109720767,320.2050066785887,334.14110778830945,0.007250315158058391,False,19
19316948,0.264885,30,254.15650120703503,11.853349884040654,324.54949629027396,312.6961464062333,0.013663168398298342,False,19
19316981,3.103068,32,259.54479676438496,-4.698719107545912,327.97674271278083,332.67546182032675,0.0012408398519578893,False,22
19317220,0.2991236,30,261.3380705821328,18.023210554383695,328.6358890822157,310.61267852783203,0.012018624239704543,False,20
19317330,0.2587924,30,256.9310816237703,15.0147445499897,325.51197472494096,310.49723017495126,0.013886489486707159,False,17
19317387,0.2869778,31,262.46866788715124,16.881509847007692,326.89037388190627,310.0088640348986,0.01250293770444778,False,21
19317521,0.6114976,30,234.84815347474068,-13.294139946810901,317.19502753112465,330.48916747793555,0.006255308451036764,False,18
19317833,0.1196144,30,252.10829641437158,12.880463479086757,321.17562100756913,308.2951575284824,0.02983111556729784,False,21
19318719,0.4128616,31,261.1330415820703,19.87612119410187,322.9482061928138,303.07208499871194,0.008496258217182626,False,19
19318983,0.3065292,22,268.4153346111998,31.138736754655838,322.8390945587307,291.7003578040749,0.011014159658062834,False,16
19319251,0.262126,31,263.01902323029935,22.544532967731357,323.23091751895845,300.6863845512271,0.013276693223340776,False,18
19319569,0.2798984,31,243.09003695379943,-6.484762276522815,313.5826571378857,320.0674194144085,0.013235102526488535,False,21
19319754,1.2535181,30,254.79884395608678,20.041233580559492,318.8637037295848,298.8224701490253,0.002759109265755802,False,20
19586588,0.2635629,39,413.38656472507864,234.27767464891076,497.2014056984335,262.92373104952276,0.011546005674543367,False,22
19588422,89.3046762,20,403.01683716243133,237.95180541928858,495.72859131731093,257.77678589802235,3.340841422322344e-05,False,15
19590950,0.4908117,21,396.1675799684599,245.36001936066896,495.3107475768775,249.95072821620852,0.0058942120638997685,False,16
19591600,87.0987656,20,411.7117004818283,249.9720165738836,497.0958295511082,247.1238129772246,3.2838919095611446e-05,False,15
19591983,0.267738,20,410.36010665120557,248.9323156652972,495.7869551377371,246.85463947243989,0.010671305092227735,False,17
19593398,0.636837,20,385.9407473006286,252.84476992674172,492.30724030639976,239.46247037965804,0.004352065552307625,False,13
19658850,2.3012558,25,266.8725793249905,-11.910132667981088,392.9130506236106,404.8231832915917,0.0020360420211952748,False,20
19659532,0.254992,26,265.72324469452724,-12.337771290913224,388.8374667149037,401.17523800581694,0.018209323905705364,False,19
19660286,0.2796608,26,264.7997471387498,-10.966731025837362,386.17816837504506,397.1448994008824,0.016436284541153104,False,19
19660896,2.5043787,25,266.6691662510857,-6.725075421854854,387.54149770829827,394.2665731301531,0.001822116807789387,False,18
19661167,0.4976763,23,274.57620380446315,-0.9544827276840806,392.63748445082456,393.59196717850864,0.009153464979314045,False,14
19661765,0.8636238,22,259.3714611022733,1.7915362492203712,392.62861870229244,390.83708245307207,0.005237902595096213,False,18
19662027,0.3831448,28,279.93462971644476,-3.604538133367896,385.1087188348174,388.7132569681853,0.011742286544732871,False,19
19750741,0.631028,20,150.85670475382358,-147.38222085870802,473.951619816944,621.333840675652,0.011396267513817034,False,13
19964893,0.6606287,22,428.27622005715966,121.47835940122604,512.6250087982044,391.1466493969783,0.006852805961876178,False,16
19964951,0.2880596,21,440.47322755213827,122.76956329587847,513.1778321927413,390.40826889686286,0.015686386509400553,False,18
19968336,0.6266719,23,410.9705737559125,131.77069255616516,512.5980727141723,380.82738015800714,0.007033543880592607,False,16
19968756,0.4129882,25,410.42444477789104,132.00685477349907,512.1567032765597,380.14984850306064,0.010653772930612693,False,16
19969256,157.4266305,23,409.31584399659187,134.4970513600856,512.5794321997091,378.0823808396235,2.7796780430615182e-05,False,13
20026511,0.8212964,21,317.1333205886185,-145.0937123503536,460.5063233524561,605.6000357028097,0.008534384994852312,False,14
20027049,0.2598732,26,155.19190145423636,-144.76347374729812,460.4999363422394,605.2634100895375,0.02695685258311738,False,18
20027107,0.3355052,23,186.88048843760043,-144.2185970256105,459.25413365475833,603.4727306803688,0.020818270734934488,False,18
20027143,0.4924614,27,187.46328111737967,-144.73850782960653,460.5772053357214,605.3157131653279,0.014226432573957027,False,19
20027771,0.3932422,26,253.1609068159014,-144.6838768897578,461.5233780350536,606.2072549248114,0.017842153443198297,False,17
20028050,0.3948874,26,155.22065211553127,-144.13336187135428,459.8026967374608,603.9360586088151,0.017701250225615625,False,17
20028894,3.1888742,29,190.09145158343017,-144.8981422232464,464.7535040974617,609.6516463207081,0.0022127411968452955,False,15
20029567,0.3469854,25,188.30996670294553,-143.34889620076865,460.4816761566326,603.8305723574013,0.020141423162631934,False,19
20029746,0.3558024,28,188.62037885701284,-144.0715015400201,461.6964572109282,605.7679587509483,0.019705328649509177,False,21
20029959,44.7713692,29,189.35229911003262,-145.20504120737314,463.96301665809005,609.1680578654632,0.0001574791289897543,False,16
20030174,0.3271478,25,317.9398610489443,-143.9989159349352,460.84781780373305,604.8467337386683,0.02139871000126886,False,17
20070902,0.4030416,28,186.4779653493315,-109.83605242799968,460.3898339672014,570.2258863952011,0.01637507554578139,False,21
20118322,0.2925853,21,419.79400771670043,155.85845669265836,501.1071806307882,345.24872393812984,0.01365733105812037,False,15
20118856,0.2560822,20,418.69695290224627,161.2487947102636,503.0223206151277,341.7735259048641,0.015447040463493251,False,17
20119353,0.6295586,21,417.5675437320024,156.54898867942393,499.20907497871667,342.66008629929274,0.006299609315251399,False,17
20120409,0.5825952,33,365.0019171880558,137.7297542290762,499.16694837156683,361.4371941424906,0.007180458847121773,False,20
20122357,0.6858475,24,341.8992836843245,172.6509356405586,445.54048595018685,272.88955030962825,0.004605169326015479,False,18
20169612,0.3224302,20,384.7895833197981,191.5588426636532,478.72727913782,287.1684364741668,0.010308304729172522,False,16
20184886,0.779279,27,107.4576580664143,-92.13440520688891,277.445720275864,369.5801254827529,0.005489109482794959,False,17
20185109,0.3036818,29,101.69674772769213,-94.0817549591884,272.7524351561442,366.8341901153326,0.013980969848367044,False,20
20185156,0.2383852,26,118.87926209019497,-88.01647843793035,281.4166835742071,369.4331620121375,0.017936712440822195,False,16
20185964,0.2569717,30,106.68814434902743,-92.61148029472679,274.84829735476524,367.459777649492,0.01655048663241131,False,20
20186268,0.4136336,29,111.44675896503031,-88.8620764715597,278.33901594858617,367.20109242014587,0.01027482449141387,False,18
20187093,11.5536871,30,114.00942045729607,-86.39734180178493,276.06145839672536,362.4588001985103,0.00036309837422354745,False,22
20187133,0.2954856,20,135.21607500733808,-82.24359874147922,271.0194701794535,353.2630689209327,0.013837198588782702,False,14
20187149,75.4112605,30,114.42368282005191,-86.05829025618732,276.14564183168113,362.20393208786845,5.559083765621296e-05,False,20
20187502,0.687914,32,110.56606066413224,-85.77563550788909,268.5877794865519,354.363414994441,0.0059621237746106505,False,18
20187525,1.375755,30,120.70089995395392,-81.12195362336934,275.2576607046649,356.3796143280342,0.002998182128883862,False,22
20188566,0.3396722,31,112.836769153364,-82.74284228682518,272.3913880297914,355.1342303166166,0.012100931097463389,False,20
20190320,4.0547502,54,111.5295471274294,-95.40543956682086,266.12413802649826,361.5295775933191,0.0010319674220704857,False,25
20190462,0.2940224,57,110.54931676480919,-95.97366533707827,267.5655900500715,363.53925538714975,0.014310577257666775,False,27
20191701,2.9333602,20,344.2148442612961,182.445528334938,427.2819159552455,244.8363876203075,0.0009660438177166758,False,16
20191975,0.3378404,20,343.4112439630553,184.20916290488094,427.4442824302241,243.23511952534318,0.008332991823365658,False,14
20191977,2.9332738,20,342.234681872651,179.34808612335473,423.60894188750535,244.26085576415062,0.0009638013464719873,False,15
20193949,0.4478307,20,322.9251903248951,184.08911100123078,418.9513919642195,234.86228096298873,0.006069957769915347,False,12
20196747,2.0727413,20,319.9907677480951,184.19774549547583,417.52108451910317,233.32333902362734,0.0013028647661286821,False,18
20212525,0.6452219,24,305.1328365574591,-13.480190536938608,497.0965304877609,510.5767210246995,0.009158791401280281,False,14
20233695,0.6548121,27,211.21537392027676,-59.3267363961786,357.4884213041514,416.81515770033,0.007367379910084872,False,18
20233748,0.2607276,30,204.21876915497705,-56.51744201313704,360.6924454914406,417.20988750457764,0.018520548428375413,False,21
20234508,0.3227218,31,211.96907067205757,-50.78086392022669,361.39794043265283,412.1788043528795,0.014782354378735842,False,18
20235179,1.2996446,22,251.44291013712063,-44.1350590903312,364.4473782274872,408.5824373178184,0.0036386589032741394,False,16
20235242,0.5151704,31,213.64088945556432,-47.2699495498091,359.64968057814986,406.91963012795895,0.009142058513640965,False,20
20235704,0.620249,30,205.53868662100285,-49.204279482364655,354.0996358729899,403.30391535535455,0.007525799139840569,False,19
20236227,1.4007699,29,215.10049102362245,-44.028939167037606,357.9252695431933,401.9542087102309,0.0033212077058466507,False,18
20236239,0.329641,24,161.36885290034115,-39.840131043456495,362.5440353527665,402.384166396223,0.014128170185457612,False,15
20236425,0.5190655,31,216.26204301137477,-43.53460092097521,358.9024563319981,402.4370572529733,0.008973503942755399,False,18
20238116,0.8085605,20,349.19396380428225,76.00431076716632,447.0341498963535,371.02983912918717,0.00531107671197517,False,14
20238315,3.4321614,20,353.89230761211365,80.3695015842095,449.97637518681586,369.60687360260636,0.0012464033111506644,False,15
20239410,0.6260228,20,358.23721998604015,86.81252072565258,450.6119656842202,363.7994449585676,0.0067260197616724115,False,16
20325152,0.437075,24,225.09037221316248,-74.3871581275016,373.72270259074867,448.1098607182503,0.011866285468800652,False,18
20325257,0.3176306,24,223.28010429628193,-74.95068667922169,372.0381864812225,446.9888731604442,0.016287732757001003,False,18
20325636,0.320555,23,211.9475019397214,-75.71236656513065,368.18945333361626,443.9018198987469,0.016027678698271392,False,16
20325781,2.9189826,23,207.0286088855937,-77.53862023819238,364.29163513239473,441.8302553705871,0.0017519035926511653,False,17
20325802,58.8622962,22,184.95224376674742,-73.27034412883222,371.3860343908891,444.65637851972133,8.743263845858556e-05,False,16
20325810,0.7217604,23,209.9041226087138,-76.2091992655769,366.277099493891,442.4862987594679,0.007095663877659335,False,19
20326076,0.276987,23,209.8477735882625,-75.56179091334343,365.48415657598525,441.0459474893287,0.018429379235529737,False,18
20326114,0.2550862,20,211.2878944608383,-78.04525536485016,361.18871241342276,439.2339677782729,0.019929445336185164,False,15
20326118,0.5475791,22,183.50125649012625,-73.21798698976636,369.296107836999,442.51409482676536,0.009353335275847491,False,17
20326344,3.5107289,22,186.12696361960843,-71.54408236965537,370.93804471660405,442.4821270862594,0.0014587628555854098,False,18
20326406,0.3355862,22,175.05046497099102,-76.42249334603548,362.0325634488836,438.4550567949191,0.0151219308347505,False,16
20326573,0.6567228,22,182.9308861051686,-72.47807260137051,367.60421209037304,440.08228469174355,0.007756004453796936,False,15
20327752,0.2748184,23,219.43856785073876,-67.3129414441064,368.76211292110384,436.07505436521024,0.018365455082624823,False,19
20328250,0.229345,22,189.34858791762963,-65.75110056437552,368.4283734066412,434.1794739710167,0.02191120535953722,False,19
20329553,1.1170747,23,156.2134713632986,-64.2401225399226,363.04639633744955,427.28651887737215,0.004427139760966706,False,18
20330408,0.0585178,23,157.69641443621367,-62.025192263536155,362.17376289423555,424.1989551577717,0.08390113998032865,False,16
20331638,4.7721018,23,157.7321955235675,-61.347287823446095,361.25318789854646,422.60047572199255,0.0010249591091592565,False,17
20341021,0.317294,26,194.49319106061012,-123.09950580820441,479.28808629512787,602.3875921033323,0.02197355957662952,False,17
20347229,0.5261446,21,415.61390440911055,-39.10791124217212,489.49696084018797,528.6048720823601,0.011628194882923224,False,16
20350465,0.3550412,21,331.43378240056336,-25.969087542034686,492.24776693154126,518.216854473576,0.016893476757375857,False,14
20453572,0.2450806,21,106.81174588389695,-44.98221112880856,208.78805480897427,253.77026593778282,0.011984448608993838,False,14
20453600,0.3127722,20,95.23497900227085,-41.85513784177601,210.2191210258752,252.07425886765122,0.009327958636673971,False,16
20456735,0.6166118,21,104.8774128081277,-45.06300303619355,206.56263122800738,251.62563426420093,0.004723123576145855,False,13
20459579,0.5445607,21,109.75072989240289,-40.54056101012975,207.1753158699721,247.71587688010186,0.005264944584386116,False,17
20460094,0.3655876,21,101.75791529472917,-46.04486944153905,204.02335587423295,250.068225315772,0.007916866336213238,False,16
20460218,3.1130816,21,112.04079114831984,-38.68673946708441,207.7770011499524,246.46374061703682,0.0009163234238623758,False,17
20464203,9.0993568,21,103.34520551841706,-43.7511142808944,203.2088951440528,246.9600094249472,0.0003141247788435299,False,17
20465302,1.0535443,20,86.94254258880392,-44.092788523994386,202.47452287003398,246.56731139402837,0.00270875019334239,False,14
20465352,5.7615761,43,139.97293068096042,-30.266967695206404,209.721276210621,239.9882439058274,0.0004820975482512506,False,18
20471682,0.1660697,20,180.04243460018188,-19.59925121627748,354.86736204475164,374.4666132610291,0.02609810411020674,False,15
20473051,0.6078564,20,196.12412669230253,0.7431173231452703,351.56473461538553,350.82161729224026,0.0066799253661339346,False,14
20473112,0.8735744,20,194.8769083013758,-0.888043362647295,351.9003650872037,352.788408449851,0.004674128696849719,False,17
20473143,0.6274323,20,194.47106912266463,-1.2663454748690128,351.7830471508205,353.0493926256895,0.006512606733916298,False,13
20475142,0.5862136,20,327.2179948166013,157.5556217227131,402.13540554977953,244.57978382706642,0.004828930163059149,False,16
20475212,0.3921214,22,310.9299894073047,152.29466655291617,397.402864205651,245.10819765273482,0.00723475034975276,False,17
20475324,0.2554108,20,326.7896030796692,158.0564261879772,401.5675343340263,243.51110814604908,0.011034833309876618,False,14
20475980,0.3595352,23,318.0429559433833,155.15277315862477,395.609689084813,240.45691592618823,0.00774073347075086,False,19
20476259,1.1419887,20,328.17157512763515,165.8007584279403,402.9688745504245,237.1681161224842,0.0024037027196593397,False,16
20476262,0.3524956,22,325.8088544011116,162.32526807580143,400.1238267403096,237.79855866450816,0.007808035427083534,False,17
20476550,0.4982568,21,316.4110251702368,162.77609795797616,398.4760937746614,235.69999581668526,0.005475106834149107,False,15
20579279,0.6331953,51,310.88605576660484,248.10420647263527,502.8326364699751,254.72842999733984,0.004656139610577975,False,11
20581090,0.579204,70,315.6545655336231,245.8441811380908,504.94080057833344,259.09661944024265,0.005177456415604085,False,13
20582605,0.2627224,63,310.82853181287646,248.54494475293905,506.48590070195496,257.9409559490159,0.011363430491238615,False,15
20582631,0.7985741,48,309.43389827152714,239.91190341766924,505.5260041030124,265.61410068534315,0.003849658129972824,False,12
20582752,0.44536,28,317.2502701403573,254.9210008699447,504.8521286342293,249.9311277642846,0.0064952429184495725,True,7
20582974,0.6339128,72,318.68171385722235,241.92396313883364,505.5759950308129,263.6520318919793,0.004813797965426646,False,16
20583489,261.2357442,70,318.35326122818515,241.71782112680376,491.29244496580213,249.57462383899838,1.1057427046086982e-05,False,10
20727061,0.0724063,25,391.8999551329762,83.62864579539746,468.9973756670952,385.3687298716977,0.06160080304292405,False,18
20727275,7.1046567,25,392.2326944768429,87.90363958105445,472.12398312985897,384.2203435488045,0.0006259267554757505,False,20
20727397,0.5532619,24,377.22655227407813,89.82552238740027,473.46185620408505,383.6363338166848,0.008025557778514152,False,20
20727923,0.3918066,24,371.9714742852375,94.0428199712187,468.5712640173733,374.5284440461546,0.011063672623784031,False,15
20729490,0.3795686,22,382.475498795975,107.22061009146273,475.70693681482226,368.4863267233595,0.011236145563093535,False,16
20731248,0.4658798,26,379.4570622034371,101.70886293053627,471.922002104111,370.21313917357475,0.009197381590681649,False,19
20731571,0.1557448,27,360.9237445285544,97.77425969950855,467.1686658868566,369.39440618734807,0.027451306366318318,False,18
20731639,0.3131236,27,391.6727768490091,104.44856530521065,472.9611007729545,368.5125354677439,0.013621430587565157,False,18
20731756,5.1473097,27,391.2428210489452,103.74989113770425,472.0175910042599,368.26769986655563,0.0008280748363255457,False,19
20733437,6.2515887,25,390.0583588052541,112.44228011928499,471.61328634247184,359.17100622318685,0.0006649624648670321,False,19
20924737,4.1020668,33,-24.55105937551707,-143.06535695213825,355.4395583225414,498.50491527467966,0.0014065428714323137,False,18
20925153,6.711684,25,15.152402850799263,-142.7769991569221,356.13107790704817,498.90807706397027,0.0008603502548827162,False,14
20961797,0.341812,22,364.17430808069184,163.84260607883334,518.0334309814498,354.19082490261644,0.011993232665267113,False,17
21175289,227.2576963,20,277.98401227919385,-100.24184400681406,463.36177645716816,563.6036204639822,2.8703934598788157e-05,False,10
21175361,0.3913534,20,278.0670616426505,-100.17710323445499,463.4280404308811,563.6051436653361,0.016668330162231272,False,16
21232250,0.3938065,23,362.45641701389104,189.4041866529733,443.11321964487433,253.70903299190104,0.007456573573848999,False,16
21232257,0.0477061,21,368.07512333616614,189.69407896511257,443.3075658045709,253.61348683945835,0.06152968452386804,False,16
21232325,0.2711544,21,363.5879978304729,198.309422750026,449.6318293036893,251.3224065536633,0.010727556513656642,False,13
21232672,0.5364745,24,360.7658593333326,196.73914359882474,445.45437949709594,248.7152358982712,0.005365862801749941,False,18
21233087,0.5424524,25,358.5627660853788,202.32179914601147,447.3133728839457,244.99157373793423,0.005227280074651401,False,16
21233124,0.5413463,23,352.83785685896873,198.3978004893288,443.87352217454463,245.47572168521583,0.005248311822157979,False,17
21233648,0.4248453,26,351.7332856776193,196.20170372072607,439.24014607910067,243.0384423583746,0.006621104045880724,False,18
21233732,0.5134394,25,353.2389856176451,196.43530233297497,438.6598082492128,242.22450591623783,0.0054602828961519715,False,19
21233825,0.2953109,25,354.91659545805305,202.34804938081652,442.5926267635077,240.2445773826912,0.009415868274831336,False,18
21235833,0.2481082,23,361.3102963194251,210.3313721017912,444.76792300119996,234.43655089940876,0.010936301201573321,False,15
21256951,0.2555784,31,276.1215434409678,-8.632821938954294,402.20261437352747,410.83543631248176,0.018605014242734152,False,20
21257384,0.4161056,31,281.27829479053617,-3.810962405987084,404.355307132937,408.1662695389241,0.011353239750154748,False,20
21257439,0.3932368,29,293.50356857758015,1.2540699681267142,409.9492279579863,408.6951579898596,0.012029057382956126,False,21
21331636,129.6769538,20,172.0039949985221,-78.56443505734205,435.9191610245034,514.4835960818455,4.5919271516287615e-05,False,13
21422113,0.5209516,23,321.71561191789806,39.09928877837956,468.75939038582146,429.6601016074419,0.009545834666173836,False,17
21422125,0.3939596,23,328.47580458037555,43.993421480990946,473.3597030164674,429.36628153547645,0.012614281127814495,False,15
21422211,0.5307625,22,326.6283681616187,44.922415260225534,473.45359646715224,428.5311812069267,0.00934476650920031,False,19
21422546,0.5217929,22,323.08790129609406,43.69087270461023,469.4329741643742,425.74210145976394,0.00944353711740284,False,16
21423044,0.3067924,23,325.13024273794144,44.502331665717065,467.59868517983705,423.09635351412,0.015961766119509658,False,17
21524260,18.2866309,38,233.75866846181452,-36.5838949335739,281.95277941413224,318.53667434770614,0.0002016099676518085,False,23
21525577,0.2693136,28,197.74167003342882,-34.19052567332983,278.1702700071037,312.3607956804335,0.0134240787952857,False,19
21526418,0.2976966,28,202.92688852641732,-28.144831373356283,279.05428691301495,307.19911828637123,0.011943520183088098,False,21
21527184,0.2968106,28,203.61988919321448,-25.577500322833657,277.68542929552495,303.2629296183586,0.01182568146597054,False,18
21527211,0.5912659,23,230.45570470858365,-23.322455096058547,279.3735795887187,302.69603468477726,0.005925297446326783,False,16
21530338,0.5416812,27,98.51794657297432,-144.62158719543368,388.00145925488323,532.6230464503169,0.011380528977514752,False,19
21530397,2.8014469,26,144.1432959982194,-142.12181826587766,383.4196865558624,525.5415048217401,0.002171255255920495,False,17
21530762,362.4609652,26,143.7633565859869,-140.86301964707673,381.54425353277475,522.4072731798515,1.6681466577462648e-05,False,8
21530868,3.3333465,26,143.74948401236907,-140.6394265126437,381.2947326572612,521.9341591699049,0.0018122642275629152,False,13
21530908,0.0673627,26,143.86723508359864,-140.7328792847693,381.57359417527914,522.3064734600484,0.08974126353597771,False,16
21531054,1.2720318,27,97.76736474595964,-140.32747512683272,380.888869590126,521.2163447169587,0.004742488813858433,False,16
21531110,0.2719533,26,144.33776065707207,-141.196390776895,382.77971567586064,523.9761064527556,0.022299925278086774,False,18
21531447,0.0888211,26,143.89180621365085,-139.9798998143524,380.84446352440864,520.824363338761,0.06786742970831582,False,19
21531649,0.3228176,26,145.85165401222184,-142.96499665360898,386.9429606711492,529.9079573247582,0.01899894538128663,False,17
21531680,0.5414494,26,144.02003173017874,-139.73340899683535,380.7931838789955,520.5265928758308,0.011126826151197627,False,18
21531988,0.5618705,20,213.0783142405562,-142.86928831133991,387.3211678583175,530.1904561696574,0.010921491007402485,False,15
21532142,5.9251588,26,144.49448946397752,-139.78152971249074,381.5820670221001,521.3635967345908,0.0010184201119017835,False,14
21532216,0.647465,26,145.33303758362308,-141.07275498099625,384.20567291323096,525.2784278942272,0.009389868848448894,False,17
21533311,0.306638,26,145.95734080066904,-140.2076313039288,384.29742709267884,524.5050583966076,0.019797482367185034,False,19
21598075,0.3028031,21,212.17396294232458,25.50811325199902,375.1873477594927,349.6792345074937,0.013365825390675495,False,19
21598085,2.2627856,21,212.33203704468906,25.65430097747594,375.23360517807305,349.5793042005971,0.0017880866669740983,False,13
21598336,56.3822366,20,232.27655614027753,26.656949054449797,374.3766601430252,347.7197110885754,7.13794616149514e-05,False,17
21599311,0.3357154,21,258.2880013156682,34.02803409844637,374.8359226388857,340.8078885404393,0.011749641949686626,False,17
21599615,1.8050444,22,231.14714697003365,28.84619424585253,369.259171304293,340.41297705844045,0.002182752408888373,False,16
21600329,0.5987599,23,247.92632886674255,28.56765396427363,366.01092524360865,337.443271279335,0.006522803911191942,False,18
21600913,0.2423376,21,260.9683063812554,39.203092781826854,372.2520350245759,333.04894224274904,0.015906459120704323,False,17
21601027,7.8549875,23,281.3144775805995,35.574614675715566,364.20686077326536,328.6322460975498,0.0004842291549747701,False,16
21601463,0.2591126,22,235.69001328432932,35.57502643670887,366.97904826141894,331.40402182471007,0.01480319635959523,False,17
21602369,0.2679298,24,269.1532452008687,39.1291348496452,362.669496727176,323.5403618775308,0.013976347962500899,False,17
21602902,0.2762332,23,255.01322778873146,37.82134233042598,364.9082550778985,327.0869127474725,0.013704826779689951,False,18
21736850,5.3297569,56,270.70581988664344,41.20277327019721,342.0300643192604,300.8272910490632,0.0006532750771625059,False,18
21737728,2.5785817,26,271.16510407067835,50.37488266825676,343.07376402430236,292.6988813560456,0.0013137914281379918,False,19
21738137,0.644374,28,274.0783555316739,50.059933913871646,341.2293155444786,291.16938163060695,0.005229906841515933,False,21
21738361,0.3841046,27,281.61125981714576,57.84030247014016,347.67706459388137,289.8367621237412,0.008733538088869458,False,21
21738821,0.5234231,22,297.3379752715118,63.25995032675564,346.0469430545345,282.78699272777885,0.006253062963816383,False,17
21741260,10.5198367,28,276.22403263812885,58.512158738449216,337.8852083813399,279.3730496428907,0.000307370205743478,False,21
21741472,0.3127705,27,283.75161923468113,65.1587103959173,341.0675607388839,275.9088503429666,0.010210008525618987,False,17
21741826,4.8629175,27,271.9549710396677,59.71848391927779,333.06177409831434,273.34329017903656,0.0006505756036748091,False,20
21741842,0.5831851,23,292.21801492385566,65.33236666582525,343.52942942641675,278.1970627605915,0.005521186003519157,False,15
21741912,0.0698373,25,285.9623394906521,66.4635407505557,343.05849994998425,276.59495919942856,0.04583983839996223,False,17
21742022,7.2489983,28,270.936581119895,55.950866430066526,332.705625356175,276.7547589261085,0.00044187899453132615,False,19
21742048,0.2587868,23,290.8310945145786,66.96890476159751,343.0487918201834,276.0798870585859,0.012347496329712635,False,15
21771327,0.4122794,25,419.91156516596675,133.62257536500692,507.7245475491509,374.10197218414396,0.010502304838215251,False,17
21771635,0.36554,20,347.23364546662197,133.74481934588403,506.94986041635275,373.2050410704687,0.011816771872209504,False,17
21849999,0.5927952,22,290.1186310686171,85.85761995054781,383.40165205299854,297.5440321024507,0.005809420636085513,False,13
21851139,2.091451,23,34.11064404062927,-134.0684056514874,284.19945049099624,418.26785614248365,0.002314691164075689,False,19
21854183,0.3337776,23,46.908915624953806,-124.30444923229516,285.7967028161511,410.10115204844624,0.014220670026004835,False,18
21857747,0.4058876,24,29.78627916891128,-118.8478774158284,277.785231359303,396.6331087751314,0.011310177943828909,False,16
21857836,0.387533,24,27.864022948779166,-119.55142356455326,276.2596122454852,395.81103581003845,0.01182130617986435,False,19
21859112,1.8515434,23,45.01979202032089,-114.35084575787187,273.46817571669817,387.81902147457004,0.0024242726807708627,False,20
21860728,0.6375552,22,62.16352635528892,-112.59886370971799,273.7242935691029,386.3231572788209,0.007013248168747179,False,13
21865677,0.2490001,20,456.71209258725867,296.2105544982478,517.4755250103772,221.26497051212937,0.010284884057095564,False,14
21891265,0.2433894,32,210.14915277482942,81.99603608809412,277.3372624302283,195.34122634213418,0.009289204145309248,False,18
21891765,0.3332015,20,217.6467826589942,91.30446100607514,279.35124705545604,188.0467860493809,0.006531985693723149,False,16
22019656,0.2608552,32,18.13787278952077,-152.39862583111972,350.73128573130816,503.1299115624279,0.022323736944120254,False,22
22024390,0.2924848,20,64.48085467563942,-80.94408796168864,300.84922125097364,381.7933092126623,0.015108149352763703,False,16
22024537,0.4569088,20,64.80567123508081,-81.0774513753131,301.7958340002224,382.8732853755355,0.009698661452614941,False,15
22025457,0.3526846,20,66.70238067163154,-81.8013573763892,307.22687914967537,389.0282365260646,0.012766765621348595,False,14
22026557,0.4560492,20,67.93956246692687,-80.51241408102214,307.66953479032964,388.1819488713518,0.009851670895279415,False,15
22027571,0.5205342,20,68.64543270785362,-78.29554695636034,305.31445804517716,383.6100050015375,0.008529565614408662,False,17
22029517,0.6041484,20,70.75458347098902,-75.29099236708134,304.648357629776,379.93934999685735,0.007278751678427324,False,15
22032757,0.5384122,20,75.3152472898364,-71.59641876351088,308.14046112354845,379.73687988705933,0.00816308169924566,False,15
22039675,40.1818567,31,295.36643440369517,-40.97707229666412,511.39469146728516,552.3717637639493,0.0001591064285048554,False,17
22040350,0.5609029,28,236.95986627135426,-41.5741401957348,511.0596663784236,552.6338065741584,0.011403443649741931,False,18
22306244,0.5453793,47,263.76466455403715,61.35746680665761,340.2493155794218,278.8918487727642,0.0059186604925259125,False,27
22306767,0.6248382,26,271.5689271921292,72.3299939185381,345.94752257689834,273.61752865836024,0.005068303353823353,False,15
22307491,1.3727432,22,280.61491356929764,71.87012038193643,341.1654429277405,269.2953225458041,0.0022705222731730207,False,18
22307772,0.8825709,26,271.11632579471916,78.36855500936508,344.85301156528294,266.48445655591786,0.003494689026986464,False,18
22307887,3.1608676,21,254.63263427373022,71.3924003066495,337.50490655656904,266.11250624991953,0.0009744178653272503,False,17
22308016,0.375131,25,266.22803003992885,81.13565614912659,346.0671809501946,264.931524801068,0.00817404344776879,False,19
22308111,9.6860231,22,278.52933942340314,78.83492179680616,343.3943498181179,264.55942802131176,0.00031612875431954427,False,14
22308607,0.5317253,26,264.78517174255103,74.59869137965143,336.60681936889887,262.00812798924744,0.005703135587787587,False,21
22309322,1.3794638,25,270.14792680274695,73.64417030476034,332.05801835283637,258.41384804807603,0.002168162019963811,False,17
22309375,0.56354,24,261.7781094973907,74.62065238505602,332.59942433796823,257.9787719529122,0.005298409014660306,False,19
22436387,0.3273868,20,50.01893666340038,-86.90939331427217,251.78600731305778,338.69540062732995,0.011973865945141684,False,14
22436608,0.2621758,20,50.33651031553745,-86.0928668640554,250.8551326347515,336.9479994988069,0.014874985049383905,False,15
22439883,3.9328891,20,49.89771862747148,-78.53086553514004,237.66730749048293,316.19817302562296,0.0009305375726677498,False,14
22440147,0.5687643,22,68.23933767154813,-83.50840026978403,234.70035202335566,318.2087522931397,0.006475391774869638,False,16
22440296,0.321034,20,55.60288878623396,-72.41170490160584,235.18413598649204,307.5958408880979,0.011089595018957331,False,14
22551837,0.8312147,20,358.64831493236125,196.83267306536436,453.1336560146883,256.30098294932395,0.003568809071727764,False,14
22552904,0.35752,20,361.5225116489455,206.48544332943857,457.3696381179616,250.88419478852302,0.008121929554980964,False,15
22570897,0.3953704,20,-46.41076843254268,-124.25734628923237,346.5260341996327,470.7833804888651,0.01378171385268377,False,15
22575351,1.5698556,20,182.40228274371475,62.76413225568831,236.62583066616207,173.86169841047376,0.0012818301097547763,False,14
22578074,0.3747464,21,167.8033514181152,60.765979369170964,227.196945855394,166.43096648622304,0.005140234394062986,False,15
22579185,2.1908725,20,180.707442748826,74.18223379645497,234.52399573288858,160.3417619364336,0.0008470631813671648,False,16
22579387,0.5698314,20,180.94520203303546,75.45466138981283,234.86667454708368,159.41201315727085,0.003237881325212201,False,16
22580083,0.8734767,20,159.86667587421834,78.2503406284377,235.07091051433235,156.82056988589466,0.002077963719235848,False,17
22580223,1.8931298,21,175.33448324538767,70.62568122055382,228.69860173668712,158.0729205161333,0.000966414289796162,False,13
22580935,0.363662,21,174.67961164657027,71.13788989372551,227.014886518009,155.8769966242835,0.004961012988361863,False,17
22581958,12.5803232,22,176.13104557385668,75.60253387782723,228.3592629013583,152.75672902353108,0.00014053833664874442,False,15
22596528,4.4898569,27,137.22564498893917,-69.16359714232385,247.93060049414635,317.0941976364702,0.0008174139652209383,False,17
22671545,0.3655796,20,125.13823569752276,-49.96678037568927,192.38791682291776,242.35469719860703,0.007672832996087501,False,16
22672045,0.246504,20,129.0905745117925,-44.57050357013941,191.57085979823023,236.14136336836964,0.011087518383386688,False,13
22672109,0.0671576,20,116.78607948124409,-57.16246529482305,190.6034333165735,247.76589861139655,0.04270046671646739,False,17
22672659,418.050262,20,122.65732133528218,-49.68944080173969,189.72553939092904,239.41498019266874,6.628405641790808e-06,False,9
22674765,2.186989,20,116.15281370468438,-51.12728818785399,184.68979862518609,235.81708681304008,0.001248000987067828,False,13
22722003,0.2924614,20,291.1186853656545,217.8749573417008,425.45305718667805,207.57809984497726,0.00821484238180256,False,17
22840115,0.40545,20,397.53167278831825,124.60453750099987,499.6348421322182,375.0303046312183,0.01070570606936561,False,16
22840773,0.2771991,20,402.45662312954664,131.99060435872525,499.93689176626503,367.9462874075398,0.01536310033378685,False,15
22841055,5.4811489,20,404.8881192575209,135.34774454310536,500.3694118000567,365.02166725695133,0.0007707850840311917,False,14
22845416,0.299504,26,307.28625445626676,118.64770876709372,391.70977058820426,273.06206182111055,0.010552248151400073,False,21
22845889,0.3275513,28,316.5928399655968,131.36962414719164,401.965523022227,270.59589887503535,0.009561546474461608,False,19
22846405,0.5566346,29,309.32346931658685,124.36041855253279,393.0236810585484,268.6632625060156,0.005586301141228074,False,21
22846563,0.8141657,29,311.5362747805193,130.07381544448435,397.95404055621475,267.8802251117304,0.0038081505624995076,False,20
22846571,0.2843372,29,310.98155225627124,127.78452867642045,395.7161880796775,267.9316594032571,0.010906279138722906,False,18
22846993,0.5393914,29,313.68383404333144,133.17070822231472,399.2466739844531,266.07596576213837,0.005709366031905193,False,21
22847634,0.2772458,29,307.5309190666303,127.0669688237831,391.5744313504547,264.5074625266716,0.011042291585405692,False,20
22848397,0.6080307,29,310.69233699236065,133.4801481803879,395.0872919987887,261.6071438184008,0.0049797822064924025,False,20
22897498,0.5291638,25,269.42377877421677,20.35572153981775,410.38169832900167,390.0259767891839,0.008530798112363526,False,19
22897715,3.9375202,24,264.8545170086436,21.494422992691398,409.89988264627755,388.40545965358615,0.0011416915552091378,False,17
22897818,4.8247087,23,268.1241799844429,27.269058488309383,414.6771927829832,387.4081342946738,0.0009293598270969999,False,18
22898174,0.2894186,25,274.18106915429235,25.816697627305984,411.3183194305748,385.5016218032688,0.015416508567268039,False,21
22898649,0.2842388,23,278.3506464678794,30.420315032824874,411.1886285478249,380.76831351500005,0.015504711762373296,False,15
22898690,0.624969,24,270.8635520073585,29.005115758627653,408.9635199168697,379.95840415824205,0.0070366157598128354,False,18
23048145,0.38642,21,420.31486148480326,250.97726094536483,490.6833932502195,239.7061323048547,0.007179691867155397,False,18
23048157,0.0538182,21,421.16143957246095,255.31218890100718,493.3144831331447,238.0022942321375,0.05118447259927557,False,17
23048297,0.3444716,21,420.7930498989299,255.95065732486546,493.2967459782958,237.34608865343034,0.0079747102845824,False,16
23048548,69.8204913,21,419.97375616338104,255.60184861533344,492.38687676843256,236.78502815309912,3.925162089880173e-05,False,18
23049620,0.6243935,21,417.1087074559182,260.59900203254074,492.264502029866,231.66549999732524,0.00429426901045006,False,18
23050744,0.2727892,20,416.4662345778197,266.3429314736277,492.8811376914382,226.5382062178105,0.009611707426000761,False,15
23094948,0.5947635,21,342.7618956193328,165.50220467615873,425.3262354293838,259.8240307532251,0.005056165313040103,False,17
23095577,4.1193776,21,350.7229052949697,175.0877629732713,428.89875050168484,253.81098752841353,0.0007131240337054193,False,14
23095666,0.3792351,23,333.76718543004245,167.2647573519498,421.28283174242824,254.01807439047843,0.0077525102743629375,False,18
23096737,0.5262872,23,345.4743947368115,173.76104893628508,421.26302258111537,247.5019736448303,0.005443047401579965,False,17
23096766,0.2810584,24,345.9016879205592,179.66082834172994,426.2257477501407,246.5649194084108,0.010153621600710212,False,18
23096785,0.2350294,23,343.1410778313875,171.85521349310875,419.2602623719722,247.40504887886345,0.012183515602830465,False,19
23098777,0.2847582,24,344.61003926116973,180.56931579485536,422.8678286774084,242.29851288255304,0.00984828860465005,False,16
23101244,0.3019866,51,336.8748380569741,149.66245957184583,444.14771161973476,294.48525204788893,0.011286574043102047,False,20
23101515,0.5518732,20,340.1810490642674,142.75780669413507,436.04590797331184,293.2881012791768,0.00615093867440878,False,16
23101770,235.539582,21,342.67442878335714,148.46736069303006,439.007909107022,290.5405484139919,1.4276741939983775e-05,False,13
23229152,454.5009549,21,439.16782387532294,102.28737769648433,513.7693567201495,411.4819790236652,1.0478576236246528e-05,False,8
23229632,0.745701,20,433.703936857637,102.29287706315517,512.5744168879464,410.28153982479125,0.006368006658375551,False,14
23231605,0.3503833,21,450.2490125130862,118.81900951266289,512.2784927487373,393.45948323607445,0.01299699273373255,False,19
23369295,0.3393888,21,170.57916428893805,49.70580940134823,242.39643844775856,192.69062904641032,0.0065712705132375685,False,16
23369964,0.3089746,20,189.50209995964542,58.22936820331961,246.15100217051804,187.92163396719843,0.007039474803616185,False,15
23370146,16.7926834,20,193.1821729755029,65.2885829564184,251.24478614889085,185.95620319247246,0.0001281671796589249,False,17
23518998,0.2746466,21,176.176287420094,-78.77184504177421,433.5900289937854,512.3618740355596,0.021591799362595337,False,17
23519994,0.1998818,24,190.41677388595417,-30.859620007686317,330.6815573014319,361.5411773091182,0.020934894357583746,False,18
23520652,0.348544,25,166.86464259400964,-34.14446376264095,323.39026336558163,357.5347271282226,0.011872628465375705,False,17
23520861,0.8533203,23,208.53348216041923,-27.281579794362187,329.87964805215597,357.16122784651816,0.004844383178840172,False,15
23520974,0.4466872,24,183.90166639583185,-32.46879139915109,323.58666581567377,356.05545721482486,0.009225722689798802,False,19
23521330,2.9175291,23,214.71143974922597,-22.626846190541983,332.7019943157211,355.3288405062631,0.00140961826933426,False,14
23523004,1.745257,23,184.60523108951747,-19.203458377160132,327.26296100299805,346.4664193801582,0.002297671920000988,False,18
23523912,0.3055464,26,185.91366136679426,-25.574206234887242,318.1077570654452,343.6819633003324,0.013018646271601483,False,17
23524150,7.1501738,23,202.97871257644147,-18.93274469766766,319.0279020695016,337.96064676716924,0.0005470610462371138,False,18
23524401,0.3337118,24,201.33515568450093,-15.51476321183145,327.2960433270782,342.8108065389097,0.011889653492248154,False,18
23524514,8.3227107,26,187.61737811146304,-23.438474885188043,317.8513890132308,341.28986389841884,0.0004746187039146944,False,19
23524698,4.3981486,25,182.55939313676208,-17.282405379228294,324.0215212572366,341.3039266364649,0.0008981681357157392,False,18
23524902,179.4318769,25,182.6782606774941,-16.864831326529384,323.62659657374024,340.4914279002696,2.1963059608975047e-05,False,14
23527368,8.3600466,26,188.60654337331653,-19.893896067515016,314.8421340622008,334.7360301297158,0.000463425599563383,False,18
23670575,0.5254018,25,99.46031849831343,-143.1998575804755,387.80153451953083,531.0013921000063,0.011697427465231228,False,19
23751164,0.367607,30,74.57787576131523,-128.87063599191606,349.82929970137775,478.6999356932938,0.015071825386808952,False,17
23753830,0.3164268,29,61.07024874072522,-125.27709659188986,350.5776699632406,475.8547665551305,0.01740553681486621,False,18
23762010,1.7083364,36,72.99794820137322,-114.05376114416867,357.55871299188584,471.6124741360545,0.003195200728561446,False,22
23762447,0.3490158,28,87.33242807211354,-113.45794235821813,352.34159936662763,465.79954172484577,0.015446860570762477,False,18
23976863,0.7535232,24,338.4704395662993,43.91988788265735,419.24619146157056,375.3263035789132,0.00576499096453932,False,16
23977083,0.5769398,22,341.686008463148,46.36030287947506,413.63051959779114,367.2702167183161,0.007367861765645269,False,16
23979154,0.6343167,21,337.27685445919633,57.126981555484235,417.7791172172874,360.6521356618032,0.00658064738500929,False,15
24041704,2.7296094,20,229.92804682580754,132.44219238404185,348.25830389745533,215.8161115134135,0.000915102234420382,False,16
24046847,7.2480804,21,228.4386171028018,131.97319346945733,346.8281592708081,214.85496580135077,0.00034309046701075304,False,15
24058064,0.6566965,20,226.0223583318293,131.65989364497364,341.93244301714003,210.2725493721664,0.003705989086553456,False,13
24082089,47.2416437,21,233.44193059019744,126.8796848366037,346.8087977031246,219.92911286652088,5.38820338159087e-05,False,18
24136790,0.2748262,21,277.6317809242755,24.510627589188516,434.88036850467324,410.3697409154847,0.01728237620399513,False,16
24138124,9.2458917,22,377.3279639775865,98.21599123533815,448.37170739192516,350.155716156587,0.0004383274569673787,False,19
24138253,0.3351667,20,368.5458246152848,102.64901637565345,451.6433043871075,348.99428801145405,0.012051572369430826,False,14
24139220,1.2643459,21,363.7798853684217,97.13473452720791,443.1808471446857,346.0461126174778,0.003167775005621537,False,13
24139579,3.08197,23,371.1148190544918,101.99361986014992,445.6444320268929,343.650812166743,0.0012905511590423006,False,17
24139669,0.2892479,23,371.56180730089545,105.29809109866619,448.13628885895014,342.83819776028395,0.013718456370122593,False,18
24140494,1.0415499,23,366.92324741743505,103.66780736949295,442.0889475150034,338.42114014551044,0.003760656445050536,False,18
24140951,0.4604071,20,387.72629792802036,113.41753948945552,448.4379713656381,335.02043187618256,0.008422005861471779,False,18
24140979,0.2872968,20,384.44844908080995,116.46493545267731,444.9358831392601,328.4709476865828,0.013232820830951892,False,16
24174358,0.3108332,29,335.8995063928887,17.551905778236687,451.29108843393624,433.73918265569955,0.016150557369307435,False,24
24247507,0.5766162,27,369.3802698981017,45.870171510614455,469.26867335569113,423.3985018450767,0.008498626336212728,False,18
24309208,0.3996686,22,324.1112398914993,13.46752904355526,442.3194714356214,428.8519423920661,0.012419199677073257,False,15
24309921,0.1154822,20,313.81209067767486,24.85237915534526,445.54597777314484,420.6935986177996,0.04216354445006416,False,14
24310162,0.1857474,20,308.5846698260866,22.463797009550035,440.6584835378453,418.1946865282953,0.026058056690229186,False,14
24473874,0.1284377,44,247.64148172689602,93.68502607103437,322.9490240570158,229.2639979859814,0.020659965844982572,False,28
24484885,0.6141247,20,245.16190951690078,98.65833192598075,319.80808353982866,221.1497516138479,0.0041678890405185765,False,16
24531523,0.2929909,21,355.92120301444083,225.42673882562667,448.0165211018175,222.58978227619082,0.008793005612790885,False,15
24533094,0.3278135,21,377.4735610932112,83.486979897134,505.72858108207583,422.2416011849418,0.01490803633550833,False,13
24533647,0.3261834,20,375.41220635175705,85.05599736236036,505.01706248614937,419.961065123789,0.014901618157054528,False,18
24533652,0.5466265,20,375.98530787508935,85.59766926337034,505.35516038071364,419.7574911173433,0.008887795039829978,False,16
24534898,0.3600296,21,379.97843271587044,88.6700110277161,504.45386711508036,415.78385608736426,0.013366437507247484,False,15
24535838,0.3439098,21,385.6594105018303,95.76580775901675,506.1312493868172,410.36544162780046,0.01381059806623796,False,14
24576891,1.6159852,26,135.80200838623568,-166.62969051394612,417.4549255287275,584.0846160426736,0.004183354285426016,False,14
24577185,1.7921684,25,136.24300283845514,-167.9829439613968,419.5954157039523,587.5783596653491,0.0037946631907412767,False,12
24577245,0.2347556,23,136.1859126482159,-167.34635329339653,418.7851291615516,586.1314824549481,0.028897837559915155,False,17
24577672,0.4920908,25,136.1793049843982,-165.25100658182055,416.5571903809905,581.808196962811,0.013684245201395868,False,12
24577873,0.6043188,27,138.19617005065084,-168.58609209302813,423.3155863825232,591.9016784755513,0.011336258066511925,False,17
24577924,0.3974664,24,137.7530577010475,-166.4570557884872,420.29289356432855,586.7499493528157,0.017085940790891256,False,18
24578447,0.3592404,25,137.72212250623852,-167.81820247415453,421.7082493705675,589.526451844722,0.01899347295648506,False,17
24578578,0.3222947,26,137.45574803324416,-167.0980664435774,420.5573296174407,587.6553960610181,0.02110356479346251,False,18
24578996,0.3895842,25,137.35772722866386,-167.02944443095475,420.24773249868304,587.2771769296378,0.017447292646356638,False,16
24579557,0.342597,26,136.74859850434586,-166.0873491084203,418.3119183406234,584.3992674490437,0.019742964504329746,False,18
24579599,1.5518112,27,137.15449394658208,-168.4241757262498,421.5125950053334,589.9367707315832,0.004400001677695971,False,18
24690074,0.315776,20,169.61779855191708,-2.208635676652193,212.26244315039366,214.47107882704586,0.007860965219303583,False,15
24690299,0.2844624,21,160.68078079260886,-3.4588872687891126,210.70194756612182,214.16083483491093,0.00871367662701574,False,16
24690444,0.1681346,20,171.7921257368289,4.929072665981948,214.30479779373854,209.3757251277566,0.014413036650050776,False,16
24690993,0.604863,20,171.69091016985476,8.384149731136858,213.81503355223686,205.4308838211,0.0039309269478343305,False,14
24691204,1.7718767,20,151.26400112640113,-2.1834170445799828,204.947624146007,207.13104119058698,0.0013530004733286138,False,17
24691343,0.3151678,22,161.65862388443202,7.288642320781946,211.7157477652654,204.42710544448346,0.0075072848849501855,False,14
24691515,0.3111098,21,160.15415797010064,-0.354267843067646,207.4704912956804,207.82475913874805,0.007731608444023534,False,16
24692152,0.6539409,20,154.6442530467175,2.6830113725736737,205.62583724968135,202.94282587710768,0.0035918770327770613,False,17
24693091,7.0623494,20,153.9830224122852,4.513308475725353,204.93631360586733,200.42300513014197,0.00032846161753548916,False,16
24693649,0.3521064,22,131.95211036363617,8.859079889953136,205.05875498056412,196.19967509061098,0.006449270938579922,False,15
24694443,5.6539088,20,154.35981389600784,8.128891861997545,202.03221361152828,193.90332174953073,0.00039693802792469646,False,15
24694507,0.2958626,21,144.1414040978998,5.820484925061464,200.62394198030233,194.80345705524087,0.007620664598509801,False,17
24694749,0.3422544,21,157.02670372556895,17.18521029688418,206.81106203701347,189.6258517401293,0.006412609025332164,False,15
24824822,0.3858316,22,360.42333799414337,-75.6853908766061,451.0755218099803,526.7609126865864,0.015801634243440447,False,16
24827705,0.372779,22,365.5783294583671,-63.75434137880802,448.74143607448786,512.4957774532959,0.015912012454818075,False,16
24827721,0.244891,21,360.1169966161251,-65.28541019652039,445.9629432996735,511.2483534961939,0.024162694070477702,False,18
24827924,0.3725362,22,361.000863276422,-64.97183188330382,444.66657259035856,509.6384044736624,0.015833609309299588,False,14
24873115,0.3060612,20,159.9631794495508,-43.28297786414623,508.97005854640156,552.2530364105478,0.02088411582731822,False,17
25059709,3.2633255,27,274.0228561218828,60.37372013088316,331.61665017250925,271.2429300416261,0.000962020418855144,False,21
25061780,0.2340036,27,284.4553351169452,71.6096856398508,338.9773871283978,267.367701488547,0.013224299036610413,False,21
25061860,0.0646042,28,272.8878256282769,62.63884061481804,330.3980029653758,267.75916235055774,0.047970014009265365,False,20
25061940,5.6429864,28,271.18143966654316,61.327564786188304,329.0825139731169,267.75494918692857,0.0005491800610381501,False,20
25062344,0.5275311,25,283.09729895554483,72.26143351290375,338.8692291453481,266.6077956324443,0.00584939613110111,False,19
25064865,0.249758,25,281.63311646785587,74.8636806383729,337.9501540912315,263.0864734528586,0.01219173092205378,False,16
25078708,0.3038998,27,271.02615642361343,72.12425298057497,324.4203730719164,252.29612009134144,0.009608739402061712,False,20
25171079,0.2591288,21,293.44873207155615,89.46519128512591,375.4187480080873,285.95355672296137,0.012772210758728853,False,15
25171382,1.2176251,21,295.2649236889556,91.77015640307218,375.46584906522185,283.69569266214967,0.0026966551209953483,False,17
25172198,4.3985679,22,293.3393438346684,92.26608511526138,371.26899557188153,279.00291045662016,0.0007341481195520883,False,18
25172366,0.0458114,22,290.51642204867676,89.17835103347898,368.9786011353135,279.80025010183454,0.07069045741066819,False,16
25173063,0.6103442,21,296.02629113942385,96.66413823142648,370.6477110972628,273.9835728658363,0.005195603017819553,False,17
25173145,10.5192335,23,289.95276305358857,92.00739422813058,368.6501434771344,276.6427492490038,0.00030438374353639644,False,16
25173249,0.2556066,21,289.1326684271917,90.28143798932433,364.8783021373674,274.5968641480431,0.012433968630535776,False,14
25240411,0.4435514,28,323.82776885060593,-90.6695393845439,496.11484764609486,586.7843870306388,0.015311609795398601,False,19
25295434,0.6560592,22,440.3977725072764,129.12945763673633,519.5183599367738,390.38890230003744,0.006887168220363498,False,17
25297554,0.318294,28,155.01779224723577,-43.90067907515913,265.38089748937637,309.2815765645355,0.011246356754774974,False,19
25297906,0.7147948,28,164.78886898839846,-37.20840183086693,270.4052409622818,307.61364279314876,0.004980930314383465,False,21
25298060,0.2799246,28,162.2882881667465,-38.684876170009375,268.8139362260699,307.4988123960793,0.012714188150530638,False,20
25299705,0.7526289,28,162.64318622415885,-36.95425791665912,267.43756507057697,304.3918229872361,0.004680996845585804,False,20
25299815,0.3528482,28,169.5904456777498,-32.29666838888079,271.27341732848436,303.57008571736515,0.009957660712923574,False,23
25300306,0.380481,28,161.18654147721827,-37.3679117532447,266.0403512651101,303.4082630183548,0.00922955340965932,False,19
25301316,0.5037052,28,157.10444702999666,-39.18635768350214,262.819199077785,302.00555676128715,0.006939445303993526,False,16
25301803,0.8907311,29,164.39455628860742,-38.32872805651277,262.7699304604903,301.09865851700306,0.003912446952037633,False,19
25305800,0.1506687,30,176.33527085417882,-29.722431069239974,264.9143546819687,294.63678575120866,0.022633420101398512,False,18
25313442,0.4194758,29,168.13627243973315,-29.279898013919592,258.30389151815325,287.58378953207284,0.007934941854922595,False,22
25341342,0.0588101,29,270.68406224716455,-5.989059247076511,369.69216282013804,375.68122206721455,0.0739356384778229,False,22
25361240,1.2015247,22,423.81947182584554,168.25128011405468,503.3885376993567,335.137257585302,0.0032283176902433456,False,16
25362557,0.3158495,22,425.7201366825029,173.18784934468567,505.4282570723444,332.24040772765875,0.012174706907690196,False,16
25365677,0.286642,22,424.42104897927493,172.13530966546386,503.9008218096569,331.76551214419305,0.013396078079206857,False,15
25365681,0.6064866,22,423.8927762839012,170.97636151593179,503.321663942188,332.34530242625624,0.006342414075516326,False,15
25374643,0.5437815,22,423.3532521408051,177.46178889647126,502.2898198105395,324.8280309140682,0.006913776381018936,False,18
25463181,0.0973539,21,205.32423835247755,-80.88037502020597,480.8590072905645,561.7393823107705,0.06678328470856816,False,16
25463342,0.051139,24,299.1776196635328,-81.05166947934777,479.94362299796194,560.9952924773097,0.12696769726313054,False,21
25463366,0.4292672,24,299.6640910743736,-80.8816272765398,480.4751247167587,561.3567519932985,0.015135525447907658,False,15
25464244,0.73353,25,296.1716213962063,-80.49369687214494,480.2036598091945,560.6973566813394,0.008847017489901373,False,18
25464551,62.6164872,24,301.5253013698384,-79.67995468061417,482.08992686122656,561.7698815418407,0.00010383792691502315,False,15
25464972,45.6881949,20,301.477992546279,-79.54838478472084,481.92571783438325,561.4741026191041,0.0001422368046846994,False,11
25465061,0.7280243,22,301.1617755051702,-79.64654797688127,481.5708339214325,561.2173818983138,0.008922190577634569,False,14
25465107,0.51658,22,251.29972920985892,-79.96486751362681,480.5961264995858,560.5609940132126,0.012559476688500359,False,16
25465609,0.3356498,20,300.88089698692784,-79.53163145575672,481.10206006094813,560.6336915167049,0.01933210111859425,False,15
25520307,10.8666655,20,232.1701127802953,146.41633706633002,343.03038453217596,196.61404746584594,0.00020941341659713524,False,14
25586150,0.5225315,24,323.94733041292056,99.42568594124168,402.38763210363686,302.9619461623952,0.006710607889685508,False,16
25586204,0.2821878,21,346.31333355791867,103.22661395184696,405.43686433229595,302.210250380449,0.012395304913422158,False,12
25586524,2.0739678,26,302.7071116841398,88.79852634854615,396.3373933453113,307.53886699676514,0.001716264653326524,False,18
25587375,0.380848,26,305.8350939885713,100.80123608931899,400.70974125992507,299.9085051706061,0.009114300860945631,False,20
25587478,6.7678387,26,300.13045157538727,93.6497372109443,392.9571870015934,299.3074497906491,0.0005118630553058511,False,19
25587645,0.3256398,26,305.46111253788695,103.17359045147896,400.2442030236125,297.07061257213354,0.010558651845199619,False,18
25588590,0.5498736,26,303.1743107945658,107.07843687850982,396.6020513093099,289.5236144308001,0.006094069181746027,False,19
25588598,0.3116602,25,314.0302413376048,102.20124986954033,392.0716286636889,289.87037879414856,0.010764869033785469,False,19
25588685,0.733581,26,301.2587423902005,105.74336817953736,394.6510158246383,288.90764764510095,0.004558240350296546,False,16
25637549,0.0477278,21,370.3650054289028,192.91570766363293,443.84418341796845,250.92847575433552,0.060850589502872116,False,14
25785978,0.7635379,25,340.3616144321859,174.33298747055233,432.6111649861559,258.2781775156036,0.003915104617966507,False,18
25791999,0.2319992,20,202.3137251730077,46.34332261048257,380.95503801014274,334.61171539966017,0.016693250580556568,False,15
25792990,0.3099028,21,196.63804024457932,-17.70855349022895,376.3384447898716,394.0469982801005,0.014716643885632602,False,17
25793632,0.3132757,20,200.97585492767394,49.05363342259079,372.80937584582716,323.75574242323637,0.011961262698362446,False,15
25793714,0.4023456,20,208.51123197935522,55.0154171185568,378.1310773920268,323.11566027347,0.009294906136660858,False,15
25893413,0.2929234,26,61.88850144390017,-113.7672075536102,382.97519905027,496.7424066038802,0.019627429593426584,False,20
25894370,0.2352299,33,54.613584908656776,-111.7594892391935,383.4383918205276,495.1978810597211,0.02436534197697544,False,19
25895471,0.2416038,32,55.96352949505672,-111.31458808667958,392.3677784856409,503.68236657232046,0.02412899557255709,False,17
26063881,0.2544878,21,188.13487021252513,-65.22347505670041,433.07714767288417,498.3006227295846,0.022662651485177095,False,16
26064248,0.2319964,20,245.7476291572675,-61.026624706573784,438.28981176484376,499.31643647141755,0.02491040991206281,False,14
26064413,0.7911964,21,191.56719606835395,-62.304909992963076,434.22398816328496,496.52889815624803,0.007263509094807302,False,12
26065668,0.2414112,22,239.44788712542504,-61.05644500348717,429.5680004172027,490.6244454206899,0.023522204743817096,False,18
26066871,0.2218386,22,245.54943853290752,-55.412261676974595,431.3312508864328,486.7435125634074,0.025395064111853764,False,18
26067932,0.6903366,20,255.9978718520142,-48.20983267854899,437.28226153180003,485.492094210349,0.008139683540997143,False,14
26068044,0.2801702,22,252.8412888175808,-49.29202983621508,434.1824738541618,483.4745036903769,0.019972751272757137,False,15
26069460,0.3114452,20,256.3453494105488,-47.181032435037196,436.5406586090103,483.7216910440475,0.017976294652735633,False,14
26121623,40.4470638,23,424.1079792380333,98.62814261578023,500.6292568752542,402.001114259474,0.00011503407756138449,False,15
26121898,0.3418843,22,431.4683940145187,104.8887868411839,502.83355051651597,397.94476367533207,0.013471932382294816,False,15
26122981,0.2921684,23,426.5350896399468,112.629454722628,501.81630975566804,389.18685503304005,0.015417401364447128,False,19
26123040,0.3429812,24,417.62658051447943,105.4006170714274,496.60067092627287,391.20005385484546,0.013201243686527859,False,17
26123221,0.9415927,25,415.63637524377555,98.86281557846814,496.4251337572932,397.5623181788251,0.004886843026355586,False,20
26123307,0.3619444,23,424.3244881974533,111.97402363177389,499.3282417533919,387.35421812161803,0.012386616324067047,False,18
26132567,0.6159708,22,279.7075645881705,161.09433467499912,370.92751055024564,209.83317587524652,0.003942759495707128,False,14
26133011,0.2880214,22,278.1165443127975,168.30228064209223,373.90285714063793,205.6005764985457,0.008262012135440288,False,15
26133022,1.9254968,20,299.9793070019223,176.15038608200848,379.7128449892625,203.56245890725404,0.0012236047227360846,False,13
26133386,0.2837052,22,275.22801799932495,164.91212979890406,368.75990198459476,203.8477721856907,0.008316200108817748,False,16
26133520,1.1468782,22,274.3465071776882,166.04188000783324,368.57556130271405,202.5336812948808,0.002043930933382343,False,16
26134605,0.386113,22,269.3287342786789,169.17493734508753,365.4157068114728,196.24076946638525,0.005882488292694721,False,17
26134626,0.2763168,22,269.284040608909,170.07793674711138,365.94761651940644,195.86967977229506,0.008204387798895006,False,19
26134629,0.1416375,20,269.36586977681145,170.91613062657416,366.56828618142754,195.65215555485338,0.015987944867313645,False,16
26134637,0.3035009,22,269.07363168429583,168.87115705758333,364.95870114304125,196.08754408545792,0.0074778419446148445,False,19
26142525,95.6486402,20,368.0471408762969,229.25131637603045,475.68375561386347,246.43243923783302,2.9819841662458235e-05,False,14
26144019,1.6764824,20,366.66170029202476,233.6490513989702,474.055141559802,240.4060901608318,0.00165971196320343,False,17
26144601,3.1750641,20,367.6238068845123,238.21915900334716,475.4755472531542,237.25638824980706,0.0008648716768113577,False,14
26144643,1.309125,20,369.9410625966266,242.9127949057147,478.65694847423583,235.74415356852114,0.002084232060293675,False,13
26145781,0.5924178,20,363.8512677513063,235.9687845921144,470.50081689376384,234.53203230164945,0.004582055290375179,False,14
26146708,0.5415827,21,346.91671177279204,245.09163983166218,474.34085654094815,229.24921670928597,0.004899246995180489,False,12
26286907,3.9436903,29,332.2094495873898,53.80171292927116,503.6321807652712,449.830467836,0.0013201774884577674,False,16
26291334,0.3129785,21,333.6350610712543,146.70504061505198,407.0661183446646,260.3610777296126,0.009628260087029281,False,16
26291452,0.5923651,20,341.80766623467207,146.54840673319995,406.41095442697406,259.8625476937741,0.005077389562763486,False,14
26292653,0.6421968,23,330.1269221585244,153.6661148071289,408.2826212514192,254.61650644429028,0.004588858596100408,False,16
26294888,1.847738,23,332.8582340385765,163.89915626496077,409.9657600047067,246.06660373974591,0.0015413403300899,False,17
26369497,0.2850892,21,66.05436285026371,-82.48222398106009,322.25962299853563,404.7418469795957,0.016431741777027664,False,16
26369924,0.4260786,22,94.67993146972731,-81.11726394854486,322.4738084943965,403.59107244294137,0.010963218918034371,False,16
26370134,4.4963333,22,91.19586957385764,-82.80529857147485,319.4439950399101,402.2492936113849,0.0010354355004114442,False,14
26370884,262.1630011,22,133.20069730980322,-77.83920450601727,316.8381445342675,394.67734904028475,1.7424369014638366e-05,False,12
26371728,0.6407102,23,121.28879281226546,-78.5343746189028,318.0617599049583,396.5961345238611,0.007164289000659916,False,18
26373361,0.5079311,23,120.88606164325029,-75.26933122426271,312.8462744643912,388.1156056886539,0.008843874237164462,False,17
26373616,0.3492208,24,138.69348554871976,-73.63724454771727,313.08646062389016,386.72370517160743,0.012817016654954595,False,18
26374646,2.8313118,22,107.52034254837781,-64.63306951336563,316.6216896381229,381.25475915148854,0.0015585252120633973,False,18
26388559,0.6238107,23,264.49203374795616,66.68648072518408,351.81206655688584,285.12558583170176,0.005290170000017443,False,17
26390057,3.3684926,22,278.5752649186179,72.04787791706622,349.3425491731614,277.29467125609517,0.0009527790161878534,False,17
26390208,0.5515249,20,291.9591860496439,72.45600786991417,348.6550478730351,276.1990400031209,0.005796199134770288,False,14
26473626,0.2079961,26,270.86289696162567,-10.591076756827533,469.61482416372746,480.205900920555,0.026721360006567333,False,17
26657061,0.4462767,42,165.60921790078282,-66.72995954286307,387.73077700752765,454.4607365503907,0.011786325005523445,False,24
26657673,1.1494154,22,190.75747687602416,-58.322883839719,396.7739605810493,455.0968444207683,0.004582611811363704,False,17
26657829,0.5448919,25,229.63226004503667,-61.232246831059456,390.7115751877427,451.94382201880217,0.009599759646575341,False,16
26658269,0.5458163,21,233.63537779077888,4.479313362389803,384.9348161369562,380.4555027745664,0.008067586422395091,False,18
26658961,0.7444079,24,211.90557555528358,-57.83659724984318,389.78953671175987,447.62613396160305,0.00695970318418571,False,19
26661195,0.360847,21,249.50120402500033,20.00996929127723,392.20452373847365,372.1945544471964,0.011938043944216933,False,15
26661714,0.1722703,24,215.59745070990175,-50.11703730560839,386.36632554698735,436.48336285259575,0.029325372822575312,False,17
26663375,0.322137,23,238.68860551156104,-45.943256886675954,387.47729379683733,433.4205506835133,0.015572385534219786,False,19
26664672,0.416004,20,273.4072473482229,143.32319288514555,403.9606873411685,260.637494456023,0.007251463128515785,False,16
26692722,0.2594776,20,294.0764579339884,207.2713498491794,414.72439190838486,207.45304205920547,0.009253503484251623,False,17
26693205,250.2467235,20,301.91277663689107,202.392836404033,424.9647061340511,222.57186973001808,1.0294094048589588e-05,False,12
26798666,0.1133149,21,45.79037097282708,-122.69184105098248,286.60774435848,409.29958540946245,0.0418061854179541,False,15
26799867,0.3149076,23,92.51861404627562,-119.24915076233447,289.0116370981559,408.2607878604904,0.015005165325438817,False,16
26800126,4.3794079,23,92.77087328955531,-118.78200760111213,288.7615686748177,407.5435762759298,0.0010770724371736802,False,17
26800705,0.3017174,23,88.53497039526701,-118.84958606678993,283.54244905058295,402.39203511737287,0.015436018013100634,False,15
26801868,0.5149298,23,91.68099097441882,-116.17887911852449,284.24501451663673,400.4238936351612,0.00900032549283905,False,19
26801970,0.262333,21,46.13634953275323,-117.3238173360005,278.9247110718861,396.2485284078866,0.017482397637871426,False,15
26802072,0.4176428,21,50.77333089429885,-115.93222233932465,283.68362460751086,399.6158469468355,0.011074495750283549,False,16
26802831,15.787305,20,53.567902150098234,-112.90706775616854,289.58619832992554,402.4932660860941,0.00029507803111401593,False,12
26803187,0.275623,21,48.1166357640177,-115.01008516643196,278.33159796427935,393.3416831307113,0.01651736530324329,False,18
26803237,0.0641086,22,77.54958753939718,-112.50108210369945,287.7612478332594,400.26232993695885,0.0722627830860733,False,16
26803671,2.3097522,22,73.58795047039166,-112.82395992893726,282.81879199203104,395.6427519209683,0.0019825496941203473,False,14
26804212,0.2690652,21,51.67912084143609,-111.86605612747371,278.81951148156077,390.6855676090345,0.016805680181527154,False,14
26804238,0.6307788,21,51.41845475882292,-112.26180244702846,279.03682321775705,391.2986256647855,0.007179885054043684,False,16
26820043,2.1970488,21,348.7109071807936,77.558948029764,396.92725385539234,319.36830582562834,0.0016824352870711678,False,17
26915868,1.2047907,26,310.9882199554704,51.37990827206522,381.8819874431938,330.50207917112857,0.003175037411860945,False,16
26916686,1.5662998,28,332.1708628674969,55.456520640291274,388.85903984773904,333.40251920744777,0.002463656991969165,False,19
26917114,0.3028988,29,323.3807494863868,52.881208970211446,383.632851135917,330.75164216570556,0.012638359764210086,False,22
26917129,0.2799258,21,325.5188168724999,66.61886705551296,385.35505374893546,318.7361866934225,0.013178764640049525,False,18
26917131,0.9032463,29,322.0025282353163,51.95659305900335,382.46756941080093,330.5109763517976,0.0042351222723970745,False,17
26918330,4.9288795,29,316.7344832327217,51.168889878317714,376.34635060094297,325.17746072262526,0.0007635869405253217,False,21
26919066,14.8268604,29,324.9661456095055,58.09609342832118,382.45350290089846,324.3574094725773,0.00025319835639043214,False,21
26974283,9.4020036,23,-5.6568045867607,-97.60763228405267,423.1511340709403,520.758766354993,0.0006410655422974017,False,14
27035707,0.286646,20,249.76420300081372,-1.1322346050292253,414.4705723738298,415.602806978859,0.016781038888965566,False,14
27037023,0.845973,21,320.887339906767,75.38595639634877,412.82247290946543,337.43651651311666,0.004616595609340171,False,18
27037332,0.3424772,21,264.5976746454835,8.129023248329759,417.5211033783853,409.39208013005555,0.013835473604562675,False,15
27037925,331.1732118,20,260.68181125447154,10.29783000703901,417.12917229160666,406.83134228456765,1.4218227572404665e-05,False,12
27038435,0.0600392,23,309.43862409330904,9.405198809690773,409.7591678844765,400.3539690747857,0.07717835170890236,False,18
27142600,226.1449533,20,31.843727838713676,-158.80489200353622,319.4569482235238,478.26184022706,2.4477388881845867e-05,False,9
27142668,41.5671249,20,32.217700174078345,-157.91075646411628,318.898481503129,476.8092379672453,0.00013276418450186602,False,14
27143353,40.702039,21,-36.1877707997337,-154.92741668131202,317.2771156998351,472.20453238114715,0.0001342765711539146,False,13
27143513,0.7672698,20,32.56045851157978,-157.74391216691583,319.37367820646614,477.117590373382,0.007197200167431657,False,13
27143768,62.774545,21,-35.019164183177054,-153.1963621499017,316.34583428967744,469.54219643957913,8.65719721663475e-05,False,13
27143939,49.5911295,21,-35.808966401964426,-154.5019896235317,317.3415226629004,471.8435122864321,0.00011012356075847083,False,12
27144345,0.0953378,20,33.599225885700434,-155.7190168183297,318.51617430802435,474.23519112635404,0.057572476296171064,False,15
27144593,27.395031,21,-35.34574282821268,-153.9864504011348,317.4329581204802,471.41940852161497,0.00019916908121715062,False,15
27146301,0.1125127,20,34.789197554346174,-154.23469136003405,318.7971380073577,473.03182936739177,0.04866033285569505,False,15
27147130,2.1076762,20,36.16794749395922,-151.25621727202088,317.2191208926961,468.47533816471696,0.002572581246490962,False,17
27311608,0.3299041,23,211.83530932758003,-79.65557151474059,372.46889288071543,452.124464395456,0.015861949098583725,False,19
27326490,5.2628901,21,148.6298139207065,-163.1548702949658,486.4392237039283,649.5940939988941,0.001428578218272929,False,13
27352796,18.6452839,27,294.3355514667928,37.50579385086894,358.6268216371536,321.1210277862847,0.0001993361207195809,False,19
27568556,0.3825394,21,388.89056250918657,111.21613320428878,495.83122353069484,384.61509032640606,0.011636875954331802,False,13
27569812,0.5624147,21,390.28704205993563,115.17922463826835,494.1416707355529,378.96244609728456,0.007798763834626432,False,18
27570608,0.7788411,20,408.4066640934907,202.01781454961747,493.453799164854,291.4359846152365,0.004330924079106071,False,18
27571837,0.407844,21,396.3580115698278,124.72936708945781,494.1700897878036,369.4407226983458,0.01048423978405987,False,16
27571875,0.2659019,21,401.8933994695544,129.95741029735655,497.53725179471076,367.5798414973542,0.01599987180846314,False,15
27690280,0.6218832,20,183.48016866948456,-66.19981254916638,450.4614623263478,516.6612748755142,0.009615753997880547,False,15
27793881,0.5214441,26,220.51889322465286,-84.76327175740153,478.45444378908724,563.2177155464888,0.012501289322414124,False,18
27794077,0.2459674,26,222.5455610314384,-83.72134293895215,480.15612435992807,563.8774672988802,0.026533433191628326,False,19
27794525,0.3216216,25,218.68310084100813,-81.90615337807685,482.70748851355165,564.6136418916285,0.02031853617569977,False,15
27794663,0.312527,24,205.0940881599672,-81.53869786765426,483.14662501215935,564.6853228798136,0.02091246438084837,False,18
27922514,0.2684246,47,285.99419973324984,-11.022727377712727,405.4381121881306,416.46083956584334,0.017957179059170245,False,23
27923697,0.2199192,24,295.2264337800443,5.603925045579672,411.0783646116033,405.47443956602365,0.021339615634655043,False,19
28035431,0.6046084,26,295.37590647814795,108.03472003899515,352.19521110411733,244.1604910651222,0.004673986682206243,False,16
28036632,0.4361271,22,285.0252145319246,116.00226319860667,352.5777043774724,236.57544117886573,0.00627831125447363,False,18
28036727,0.4962126,25,274.3899702792987,117.72552570328116,353.41582784894854,235.69030214566737,0.005497436009433968,False,13
28038109,0.9391295,23,288.47162732854486,112.42160971742123,343.4365782653913,231.01496854797006,0.002847088030132264,False,16
28038117,0.6524607,25,268.09589609038085,110.4973160661757,341.98064419906586,231.48332813289016,0.004106308911361658,False,16
28039132,77.0480231,21,286.81049107108265,121.54610760044307,346.30525172688067,224.7591441264376,3.376308538855788e-05,False,13
28264500,2.7251625,20,276.0658639250323,90.34925533924252,358.223842154257,267.8745868150145,0.0011376937376611353,False,13
28264688,0.5463091,20,279.47383616119623,93.7319869408384,360.21194115746766,266.47995421662927,0.00564562942363423,False,14
28265471,2.60908,20,268.0995711358264,86.90345955546945,349.096243805252,262.19278424978256,0.0011631068064584856,False,16
28308557,0.3636802,20,277.5599059998058,-75.19447181839496,441.5259451372549,516.7204169556499,0.016444558657389467,False,16
28308661,62.6293782,20,277.59049009764567,-75.22082389332354,441.5855285245925,516.8063524179161,9.550717533448211e-05,False,13
28308693,92.7253449,20,277.7271988335997,-75.01740453299135,441.64035874418914,516.6577632771805,6.448975983388891e-05,False,10
28308855,2.9104169,20,277.853570797015,-74.91567756514996,441.7478943709284,516.6635719360784,0.002054654937223554,False,12
28309118,83.1497417,20,278.0930462758988,-74.6431395644322,441.8991005513817,516.5422401158139,7.190038149557578e-05,False,12
28309364,3.0618988,20,278.2550754840486,-74.46945940610021,442.00846678577363,516.4779261918738,0.0019523028570927656,False,12
28332660,0.4503872,23,381.34092406835407,39.49588250834495,494.49035874567926,454.9944762373343,0.01169247210237201,False,18
28333172,0.6265572,22,361.516250052955,43.69285104330629,495.93474401626736,452.24189297296107,0.008354035623034146,False,16
28334044,0.6778019,23,382.9227840760723,44.43885006476194,493.00696682184935,448.5681167570874,0.007659702061346299,False,16
28334166,22.093443,20,366.294558160007,50.26507198344916,497.13773927651346,446.8726672930643,0.00023410282195169784,False,18
28334662,0.479841,22,366.6564460960217,51.891942182555795,496.2524405680597,444.3604983855039,0.010718261515598489,False,15
28334764,0.6612217,21,345.94298691954464,53.853666479699314,497.39851851481944,443.54485203512013,0.007763842252346989,False,13
28664308,10.2417607,28,20.26423264760524,-151.83756973128766,404.7737776301801,556.6113473614678,0.0006290188917255021,False,19
28684532,0.6247046,20,314.3206494511105,175.0288006849587,404.7989421989769,229.77014151401818,0.0042570146560369955,False,15
28684551,119.1034386,23,293.34225822240114,182.17625487595797,411.84361015912145,229.6673552831635,2.2318305950606045e-05,False,14
28684789,0.2775286,23,291.2251768168062,178.05695892311633,405.4393474711105,227.3823885479942,0.009482772615847077,False,15
28685822,0.2525792,23,307.63342555146664,176.36845281813294,400.2684101695195,223.89995735138655,0.01025988953788346,False,16
28685888,0.2345648,21,307.40206993650645,175.64767620060593,400.77440282329917,225.12672662269324,0.011108373506957888,False,16
28686089,0.2579926,21,307.9454926075414,171.85560890939087,407.87066349294037,236.0150545835495,0.010588116575229822,False,16
28686558,0.5489463,22,317.50902452040464,169.00644411798567,409.6258340170607,240.61938989907503,0.005073258791161186,False,20
28687329,0.4075758,21,325.638600345701,165.03396641928703,409.60596702061594,244.5720006013289,0.006945197559335637,False,15
28706672,0.26444,29,305.04016927443445,71.29046400077641,368.85368165094405,297.56321765016764,0.013023819099995712,False,17
28706711,0.3903117,21,327.6387912919745,82.70794569980353,374.15105912368745,291.4431134238839,0.008642283034679218,False,15
28707431,0.0532975,30,311.5711999707855,78.7242800462991,372.8645486757159,294.1402686294168,0.0638754398852651,False,22
28708056,395.4628574,30,311.66974160587415,81.48155487142503,373.0753338430077,291.59377897158265,8.534121306726493e-06,False,11
28708465,0.5550485,29,313.8871968258172,88.38366551790386,372.4521263502538,284.06846083234996,0.0059234993118291975,False,19
28708716,0.0545683,24,327.2080267430283,80.55906565859914,369.53164329752326,288.9725776389241,0.061291812626910296,False,17
28708916,0.5982777,27,304.8844632692635,81.4504288835451,364.1034572152421,282.653028331697,0.005468108016013999,False,17
28710216,0.3795095,20,314.3936002976261,86.35583252180368,363.3163462160155,276.96051369421184,0.008446590931427052,False,16
28711497,1.3941744,21,320.28530698735267,91.34171123150736,363.36410420481116,272.0223929733038,0.002258259315391177,False,15
28711657,0.4481905,25,321.73339936416596,96.47511919029057,367.53237897064537,271.0572597803548,0.006999784250253778,False,16
28712288,0.4374786,50,280.8230490074493,69.31773656979203,367.2542554792017,297.93651890940964,0.00788230404693916,False,26
28752224,0.6718073,20,416.8193740071729,274.43302979227155,494.9897726532072,220.55674286093563,0.003799809974391432,False,16
28753266,0.5911374,22,430.714574677404,278.5572480177507,498.96216611377895,220.40491809602827,0.004315380566909927,False,13
28763671,0.3240904,25,321.50440115947276,-2.395089855417609,450.8984463522211,453.2935362076387,0.016188239347312318,False,19
28763727,0.2570386,26,322.98724805004895,-4.605980473570526,448.16836912650615,452.7743496000767,0.020387770012410582,False,18
28763873,0.2718844,28,319.60806387942284,-6.265220115892589,445.2687368961051,451.5339570119977,0.0192217260917384,False,19
28765447,0.345128,28,330.59413981391117,4.952494637109339,449.40381492488086,444.4513202877715,0.014904941074994463,False,18
28766310,0.6921649,26,324.68495905632153,8.385259914211929,448.3523024478927,439.9670425336808,0.0073569335001473215,False,18
28766428,0.0561817,28,322.8825978934765,2.9212814290076494,441.05685129761696,438.1355698686093,0.09026094867449616,False,20
28766478,0.2711458,28,326.16173514397815,5.073570599779487,443.4437505668029,438.37017996702343,0.01871217970111841,False,18
28816210,4.5569179,20,368.7508677598089,210.95305702183396,475.2373494906351,264.28429246880114,0.0006712532559886938,False,14
28817718,0.284362,20,367.85605328623205,217.2750203171745,474.98144726268947,257.706426945515,0.010489141568959106,False,15
28902582,0.6078852,27,387.3940740711987,46.01217876188457,487.1524999849498,441.14032122306526,0.00839926807709184,False,19
28903167,0.349098,29,391.7586494470015,43.21258433628827,488.35352004971355,445.1409357134253,0.014758303294060205,False,19
28903832,68.5300581,29,389.77525017689914,43.08996002655476,485.88529012631625,442.7953300997615,7.478391369157062e-05,False,22
28904168,0.2807,27,401.8743013031781,51.436856389045715,490.49358651973307,439.05673013068736,0.018103580752594675,False,21
28904467,0.2579688,29,398.74716892372817,51.997661660425365,489.83098010066897,437.8333184402436,0.019643907556747334,False,18
28905263,0.2645774,27,387.56660318467766,52.48440150171518,487.648687697947,435.16428619623184,0.019036484910754877,False,19
28905333,10.757033,29,393.8994388561696,49.885211465880275,485.2051332592964,435.31992179341614,0.00046838426736788214,False,20
28906137,0.3367198,28,399.7550067608245,59.02346719522029,490.43794786557555,431.41448067035526,0.014829015566969597,False,20
28921949,8.4062713,33,107.82098905183375,-142.9078662302345,409.4970816979185,552.404947928153,0.0007605721440617166,False,16
28922290,0.2761948,32,109.14380896138027,-142.05569762270898,410.3028030367568,552.3585006594658,0.023146844915534797,False,21
29095077,0.5695811,20,313.308198004961,35.74305383954197,404.1108336299658,368.3677797904238,0.007485353656918343,False,15
29109245,0.5905789,24,317.3688950249925,40.60351455118507,398.9831570070237,358.3796424558386,0.007023468885231182,False,16
29111193,0.2971222,22,316.03057687170804,44.57902922295034,401.26017392612994,356.6811447031796,0.013894128374184541,False,17
29115645,0.0565237,23,315.64819423947483,47.5313417147845,398.9473212277517,351.41597951296717,0.07195768461187747,False,18
29116765,0.1474082,21,318.2523920433596,51.05830910615623,402.04016868956387,350.98185958340764,0.027558100848355964,False,16
29120233,4.4455019,24,261.6611486300826,80.49042478669435,331.6494967555627,251.15907196886837,0.0006539045013890072,False,18
29120286,8.3598176,23,269.96663440950215,84.36766373924911,336.216416512616,251.84875277336687,0.0003486817846434971,False,15
29120461,10.3427898,23,256.2052412889898,80.32716563902795,331.34903884492815,251.0218732059002,0.00028090542405666204,False,19
29120503,0.6315814,24,267.2681046766229,84.4887818209827,335.13941823039204,250.65063640940934,0.004593309797464447,False,20
29120736,0.4890072,24,266.67057315353304,86.1594294430688,335.73741652071476,249.57798707764596,0.005907140241892096,False,17
29120854,0.7212194,22,265.36570822354406,81.81359830778092,331.0008990112692,249.1873007034883,0.003998938848096355,False,17
29122492,9.3866387,24,259.29878214374185,93.06742292828858,334.521542256698,241.45411932840943,0.00029772189512283363,False,18
29122503,0.5953908,23,259.0670103672892,92.37468314822763,333.8547786232084,241.48009547498077,0.004694242021277297,False,15
29123121,0.3071926,24,255.90431252494454,91.27123157959431,329.99270379077643,238.72147221118212,0.008994292188171974,False,13
29123437,0.8812193,24,256.586517195683,93.74662740156054,330.95365839544684,237.2070309938863,0.0031155147732402416,False,17
29123719,0.7518249,23,258.73468215577304,95.8521788707003,332.3389129014686,236.48673403076828,0.003640628259596039,False,16
29124055,0.5483474,24,255.6273014168255,95.88729233946651,330.8043444296345,234.917052090168,0.00495843941660838,False,17
29124128,1.4318311,22,255.96390691353008,97.24472563248128,331.8612198578194,234.6164942253381,0.0018965006998127331,False,16
29124667,5.5389456,24,253.42540636193007,96.31242142058909,328.4700543852523,232.1576329646632,0.0004851121196775634,False,18
29125200,0.1648543,24,256.7339411471039,98.73087792657316,328.9475230034441,230.21664507687092,0.016163027007512237,False,18
29186647,0.2856804,21,-9.779574419371784,-161.658741440624,408.5484246024862,570.2071660431102,0.02310140974792395,False,17
29186694,0.54034,23,39.63028318248689,-162.0439862832427,409.794810670428,571.8387969536707,0.01224877779614907,False,15
29188245,0.707923,22,125.58588810497895,-162.24683420732617,411.72522415872663,573.9720583660528,0.009384064538060585,False,17
29188309,91.0618951,23,40.19054970704019,-162.35357648693025,411.66433822363615,574.0179147105664,7.295835274908121e-05,False,13
29188330,0.4779525,22,125.31601586379111,-162.73449312429875,411.81929300073534,574.5537861250341,0.013913366035643412,False,16
29188415,0.1004184,21,41.149534774012864,-160.29498965945095,410.0450909463689,570.3400806058198,0.06573654171292449,False,16
29188468,1.9277886,21,40.122788306325674,-162.44788421317935,411.6835212567821,574.1314054699615,0.0034469751585633358,False,15
29188595,420.6167295,23,40.15049699228257,-162.21850756555796,411.3204247551039,573.5389323206618,1.578202106924208e-05,True,7
29188608,0.4857497,21,210.58633325155824,-162.45142912957817,411.4887381903827,573.9401673199609,0.013675409394277948,False,14
29188720,3.279903,22,124.83544112183154,-163.94957655575126,412.38103557843715,576.3306121341884,0.0020337470943493,False,15
29188874,1.1341289,23,40.46522509306669,-161.2884633243084,410.31529228203,571.6037556063384,0.005833361806058106,False,15
29189060,223.3276774,23,39.19041431508958,-163.69999155867845,411.86268946621567,575.5626810248941,2.9828837974808012e-05,False,10
29189081,90.1752672,23,39.60071559995413,-162.83717437181622,411.20331552810967,574.0404898999259,7.367859678068704e-05,False,12
29189133,0.6650925,23,39.30906120222062,-163.50094315130264,411.76595077849925,575.2668939298019,0.01001091072701322,False,11
29240740,0.8462052,21,183.26328000985086,-25.980340875685215,418.39306983165443,444.37341070733964,0.006077971125769128,False,17
29240998,0.4118329,20,271.82850069366395,-22.32920208480209,413.01192194223404,435.34112402703613,0.012234744764149695,False,15
29243682,0.3265746,30,276.8331132712774,-32.696338067762554,414.69387067481875,447.3902087425813,0.015855879226376143,False,20
29244562,0.5193521,31,280.9564253082499,-32.746733841486275,413.5263931006193,446.2731269421056,0.009945465183440276,False,21
29244733,1.2564717,23,289.78556231595576,-19.928822200745344,411.6488830419257,431.5777052426711,0.003975507231239336,False,16
29245444,0.259223,28,277.53066373988986,-27.22016831394285,420.0842382386327,447.30440655257553,0.019971739911579044,False,20
29255984,0.4899899,25,293.396234116517,-14.30517474655062,417.53400564193726,431.8391803884879,0.010200493238541846,False,14
29272289,0.7946554,30,273.90509247779846,-20.271073537878692,408.0179607728496,428.2890343107283,0.006237985683135132,False,15
29320586,0.408821,20,306.3465772080235,-71.64006668608636,419.9685327708721,491.6085994569585,0.013917862207583879,False,16
29333111,0.6175237,21,413.57531407848,223.58081680722535,502.39042590837926,278.8096091011539,0.005225650559323298,False,17
29401089,0.2327705,20,-8.844451373443007,-109.3255159445107,418.37844697292894,527.7039629174396,0.02623908423098668,False,11
29418604,7.5260136,20,384.384530573152,105.08636988233775,498.63372165709734,393.5473517747596,0.0006052269426003635,False,20
29466786,0.3055694,29,148.55793993920088,-33.8997375452891,222.51308534760028,256.4128228928894,0.009712166878308948,False,22
29468390,0.5762438,20,138.68270023958758,-26.25032658688724,214.8955729790032,241.14589956589043,0.004843506349629867,False,15
29470734,1.3787448,22,167.68194384640083,-17.808319721370935,211.40752234496176,229.2158420663327,0.001924185777547084,False,17
29471286,0.2967272,22,165.6493702554144,-19.40358616411686,209.8994920263067,229.30307819042355,0.008944144023160537,False,16
29561134,0.270019,21,266.20606211945415,55.55526406969875,501.5883953310549,446.0331312613562,0.019118730536407218,False,18
29581880,4.4774939,20,-6.3203910598531365,-115.89763190131634,196.50907984469086,312.4067117460072,0.0008075540701431653,False,15
29585697,0.2798378,25,305.16475054901093,29.921515309251845,395.8004425512627,365.87892724201083,0.015132729767178672,False,19
29585955,0.5590463,26,314.25126866670325,23.09697603341192,390.5742230359465,367.47724700253457,0.007607972501283257,False,16
29586228,0.6469041,28,318.1983130518347,22.73276117630303,388.18976981565356,365.45700863935053,0.00653856806423297,False,17
29587302,0.7787659,27,315.83330060821027,29.280629754066467,386.7602689191699,357.47963916510344,0.0053128877672612256,False,20
29587989,0.6811473,28,322.1769508207217,36.71886327210814,389.45711106061935,352.7382477885112,0.005993738224703121,False,20
29588053,0.49956,28,321.7075659194961,36.59207734744996,388.9734503114596,352.38137296400964,0.008164160687423674,False,18
29588091,0.292128,28,318.0687258951366,34.121771017089486,386.4266959950328,352.3049249779433,0.013958276160983628,False,15
29588414,2.2911903,28,318.71879529207945,34.88197484984994,386.623805668205,351.7418308183551,0.0017768432438117745,False,17
29593421,0.4605285,20,150.04834688734263,-46.46494360640645,333.08481951244175,379.5497631188482,0.009538903831434574,False,18
29600415,0.2863468,22,172.91938526323065,-84.86518166027963,370.14019838534296,455.0053800456226,0.01839121642969386,False,17
29600773,0.6540972,22,171.30481634521857,-84.15641589090228,367.06204041838646,451.21845630928874,0.007984189256448528,False,18
29602508,0.5915434,21,161.94262958597392,-63.822589349001646,371.4133200002834,435.23590934928507,0.008515778647020005,False,16
30985418,0.284433,20,158.6527856066823,84.48629302438349,239.47948270943016,154.99318968504667,0.006306942789309764,False,16
31013677,0.3408878,20,412.61935718357563,250.4786007804796,498.2282734941691,247.7496727136895,0.00841177966420579,False,15
31050780,0.1352327,20,98.30577367683873,-128.7991882301867,406.35677045211196,535.1559586822987,0.04580204866848809,False,18
31074379,0.3323125,22,414.0667335363105,207.0962370140478,488.0373699590564,280.9411329450086,0.009784866603452538,False,15
31074586,2.7825469,20,423.53533348068595,217.18872527126223,494.0253818873316,276.8366566160694,0.0011515090617496494,False,15
31074838,0.6746488,24,418.4991869260557,212.47995416633785,490.2299023233354,277.74994815699756,0.0047649954673295546,False,17
31075466,0.7656504,24,415.96986110089347,211.08639466110617,487.42398123722523,276.33758657611907,0.004177300366437293,False,17
31075571,0.4861306,21,447.6747821085155,220.67030088510364,493.43849674332887,272.7681958582252,0.006494220491190317,False,16
31075998,0.2692066,24,417.926293797791,213.6158663313836,488.2498744642362,274.6340081328526,0.011807416138346896,False,16
31076565,0.781058,23,441.8099225498736,222.66364654060453,492.57700599264354,269.913359452039,0.00399969940245165,False,17
31076717,27.2354024,24,419.43004777422175,218.12363457866013,489.123179926537,270.99954534787685,0.00011516513565067511,False,16
31076757,0.309648,25,431.6337669733912,213.8245424022898,486.1094295512885,272.2848871489987,0.010177509472411935,False,20
31077308,0.6137324,22,418.65064236335456,219.12195004988462,488.04178868886083,268.9198386389762,0.005071425481847721,False,15
31077316,1.8173032,20,421.9481501262635,224.41710149869323,491.53961094561964,267.1225094469264,0.0017012547555032523,False,16
31077447,1.7408442,24,419.4097746745683,220.7921356195584,488.7827340513468,267.9905984317884,0.0017817464867935673,False,15
31079188,0.5559812,21,435.22683111950755,219.4828777341172,485.1386605761945,265.6557828420773,0.005530258413090837,False,17
31132730,2.7876176,30,218.94715247908607,-50.66592728253454,364.22161941882223,414.88754670135677,0.0017225960970874807,False,20
31263985,1.4009805,30,401.6141500789672,-51.65805062279105,507.5698681175709,559.2279187403619,0.00462001102498659,False,17
31264095,0.2715134,28,403.2374546164647,-50.97194113768637,508.92312785144895,559.8950689891353,0.023867208771976137,False,20
31269082,227.8233324,37,51.64435626938939,-86.15647293627262,324.5993030257523,410.7557759620249,2.0867563156311076e-05,False,12
31275163,0.5157614,22,100.09752303594723,-80.78775708563626,230.67599684000015,311.4637539256364,0.00698948110371287,False,15
31275601,0.3104528,22,106.3235130161047,-75.28972753789276,231.16116193123162,306.4508894691244,0.011424877774597402,False,15
31275987,0.2518984,22,109.0353335137479,-72.53083647228777,230.960873211734,303.49170968402177,0.0139446520055318,False,18
31276019,0.6243198,22,100.1992795499973,-78.70632978156209,228.43276758212596,307.13909736368805,0.0056939579105637446,False,15
31276873,0.7212034,22,108.65872245049104,-70.91975023504347,228.73451609630138,299.65426633134484,0.004808935558444824,False,17
31276935,0.3069578,22,101.33480289950967,-75.99972859025002,226.59531966783106,302.5950482580811,0.011409573247485646,False,14
31278093,4.727652,20,93.58596014790237,-79.05756630934775,221.8919511185959,300.94951742794365,0.0007367741972691446,False,14
31278666,0.0481156,22,93.36420642212033,-77.98862345516682,220.419566729106,298.4081901842728,0.07178126215828458,False,18
31279311,0.8891759,20,109.21433041803539,-65.73481305968016,223.50399980787188,289.23881286755204,0.0037649147319740637,False,18
31279583,0.6019464,21,95.05989477038383,-67.51330245751888,221.82721223216504,289.3405146896839,0.005563366687879717,False,15
31279961,0.306035,22,99.66170451370999,-71.06035749893636,219.2116888007149,290.27204629965127,0.010977927902054416,False,15
31281030,0.6032966,22,98.83080980507657,-69.7848885320127,216.8758346932009,286.6607232252136,0.005499504629623751,False,13
31323486,1.2350744,20,155.75590557418764,-197.92042805347592,328.1214267248288,526.0418547783047,0.004929619942950332,False,11
31323572,0.4262476,20,156.36517354287207,-197.00011897366494,328.42171175871044,525.4218307323754,0.01426699221070599,False,18
31324071,46.3209841,20,155.42790996842086,-198.09386178385466,327.77781940530986,525.8716811891645,0.00013139785153099234,False,10
31419272,0.3668508,21,404.3242798419669,-69.20970494393259,484.8541444167495,554.0638493606821,0.017480610739480883,False,15
31421863,0.2339272,20,328.50213025230914,-54.144448949955404,486.5227797534317,540.6672287033871,0.026750726527044955,False,14
31427907,0.6741443,24,85.30807021306828,-82.79037333559245,228.31030420493335,311.1006775405258,0.005341144746530792,False,18
31427924,0.2393116,25,83.2910080673173,-85.57104938663542,226.36435758322477,311.9354069698602,0.015086454257109158,False,15
31429192,14.0432491,26,83.77268450567499,-81.04332739021629,224.53302259091288,305.57634998112917,0.0002518479366692123,False,17
31429308,0.3790604,23,92.64093786478043,-84.90790673531592,221.88996272161603,306.79786945693195,0.009367639739900655,False,18
31430137,3.7793638,26,79.0142965153791,-82.14153356384486,220.9546177648008,303.09615132864565,0.0009282137133886158,False,18
31430792,0.6404938,27,93.30068710260093,-81.13968197721988,218.27044340316206,299.41012538038194,0.005410505097286416,False,19
31430811,0.6008157,26,85.37064656848088,-76.65077426936477,220.71290463209152,297.3636789014563,0.005728394325488887,False,17
31431417,0.2212406,28,85.57846862822771,-83.28949618153274,216.2826367188245,299.57213290035725,0.015671942928726,False,19
31431523,0.3678783,27,79.01136106811464,-83.31535037141293,215.9843482542783,299.29969862569124,0.009416475182803108,False,20
31432450,0.3161606,26,107.71442719269544,-75.77325564343482,214.78950146120042,290.56275710463524,0.01063698283054954,False,18
31495559,1.3087952,21,139.93055073078722,-76.45138136576861,266.2859864998609,342.7373678656295,0.0030309308008082325,False,14
31495826,0.2738432,40,109.91257710848004,-99.07064486760646,258.8490913622081,357.9197362298146,0.015127596886455198,False,27
31495934,0.3030384,28,118.6077399761416,-79.44063164759427,262.0796254137531,341.52025706134737,0.013043827953899089,False,17
31496765,4.0900357,26,136.55697813956067,-69.00313419755548,262.4453861033544,331.4485203009099,0.0009379404012793765,False,18
31497590,0.318886,28,121.95516511565074,-72.99226024188101,258.3598111756146,331.3520714174956,0.01202653430750794,False,21
31498095,0.339473,28,125.65480683697388,-69.32449259329587,258.45107187051326,327.77556446380913,0.011175258894744407,False,17
31498178,0.3436848,28,121.0966783342883,-72.01336480211467,256.2075440073386,328.22090880945325,0.011053305561434558,False,20
31498196,0.3161496,28,120.23404753999785,-72.54583714529872,255.83371783141047,328.3795549767092,0.012021806428703095,False,19
31498437,0.3094812,26,107.41811895277351,-74.47891482152045,253.37921872269362,327.85813354421407,0.012261340344513346,False,18
31498598,1.8099309,28,125.87215723469853,-67.8637016331777,257.00857881456614,324.87228044774383,0.0020774803272962266,False,19
31499096,0.3553406,25,142.85837193019688,-64.92300394456834,257.28392370510846,322.2069276496768,0.010494851553121668,False,19
31499229,0.1150806,28,121.29522571340203,-69.49747810140252,253.5060844849795,323.00356258638203,0.03248564188546642,False,21
31527894,1.0817475,25,281.7003334639594,90.33594257198274,354.4114734744653,264.07553090248257,0.002825455807215427,False,17
31528384,0.2640998,24,275.79631480621174,99.31919826194644,359.8755286540836,260.55633039213717,0.0114187828556762,False,12
31528620,0.1253053,25,290.228738472797,100.94381854869425,360.337059921585,259.39324137289077,0.023959374343814774,False,14
31528690,83.774067,23,289.9069469422102,100.50242585130036,359.70752639696,259.20510054565966,3.581130941265252e-05,False,18
31529882,34.4559398,25,287.4935717554763,108.1103595905006,361.80943173822016,253.69907214771956,8.52199031750563e-05,False,18
31529982,3.3114271,25,286.21295294724405,102.22265955526382,356.7224006401375,254.49974108487368,0.0008895255025088732,False,18
31530586,0.2956782,25,283.34847127553076,101.86018666718155,353.3474472351372,251.48726056795567,0.00984425697430344,False,16
31594996,0.4794586,23,166.5179869858548,-54.13194461725652,364.5923086674884,418.7242532847449,0.010107954105169856,False,15
31596421,0.27741,22,167.68089464167133,-47.63480310793966,364.76391430478543,412.3987174127251,0.01720606071658564,False,16
31596540,5.6578457,23,159.59906266070902,-54.01432241778821,353.6082528764382,407.6225752942264,0.000833860471083581,False,13
31596857,17.9396845,23,168.8044228591025,-47.385415504686534,358.4479262586683,405.83334176335484,0.0002618298643601056,False,16
31597049,0.2648136,22,167.14750982355326,-46.55368784442544,362.3277489328757,408.88143677730113,0.017870774147454357,False,18
31597426,0.478832,22,165.93164844671264,-46.76509159617126,360.6812110170722,407.44630261324346,0.009848576719294618,False,15
31733188,0.3785018,20,392.4800223321654,83.1753051141277,506.43218946643174,423.25688435230404,0.012942624135090959,False,16
32006044,0.267731,21,314.15002355352044,64.91253012791276,435.00174935907125,370.0892192311585,0.015999043956051662,False,16
32006362,0.2988553,22,319.96495159110054,64.797832374461,432.76342225726694,367.96558988280594,0.014250578771780048,False,16
32006741,0.2840836,21,315.0134920142591,67.30803677346557,433.71260426938534,366.40456749591976,0.01492797755758111,False,18
32006784,0.274179,22,327.98958274070174,71.38475349638611,438.06798385921866,366.68323036283255,0.0154790077647821,False,15
32007198,0.3588053,20,281.6999286180362,67.88379305507988,431.8108512321487,363.92705817706883,0.011739287933877397,False,14
32008016,2.0979059,20,290.8893121755682,76.02124263066798,437.0729360729456,361.0516934422776,0.0019919096678601292,False,13
32052215,0.0515927,30,88.45922994660214,-146.60293080378324,386.7449815850705,533.3479123888537,0.1196488698060261,False,17
32052316,0.2773716,31,89.87630163319409,-146.2876796722412,388.5401545325294,534.8278342047706,0.022317126086313893,False,20
32052452,0.334689,30,92.91291134431958,-145.8205119939521,392.1079088933766,537.9284208873287,0.01860241415134539,False,19
32070347,0.1001334,30,5.013786361087114,-105.18400564324111,367.9161584470421,473.1001640902832,0.05468401496041818,False,19
32070806,0.1404076,28,-3.7246557301841676,-104.87998898606747,369.707201840356,474.58719082642347,0.03912115370700556,False,18
32071598,0.3070718,28,6.5488109132274985,-103.60970757901669,368.1275100214407,471.73721760045737,0.017780602126295196,False,18
32071733,0.746626,22,-2.637392340693623,-103.68686278816313,369.5658936398104,473.2527564279735,0.007336286787035411,False,11
32096345,0.5222551,25,179.30569800082594,106.0862569604069,256.4476012950763,150.3613443346694,0.0033322668121514216,False,19
32206694,0.1952199,32,208.72637395514175,-148.2205656124279,459.71438311971724,607.9349487321451,0.0360428630935897,False,20
32268791,0.4222932,20,283.89361108420417,178.53705589659512,400.94596948474646,222.40891358815134,0.006095710848774272,False,14
32537544,15.7714419,25,134.82009766157717,-79.33547354768962,339.3358756788075,418.6713492264971,0.00030724731697740414,False,18
32538441,0.5340908,24,158.75055684009567,-74.6031453134492,342.0013227732852,416.6044680867344,0.009028073453476624,False,18
32538552,0.569415,23,175.5540518090129,-69.57199489697814,341.2388834869489,410.81087838392705,0.00835024637013603,False,17
32538930,1.2212374,20,174.41707346588373,-67.3437015619129,334.14681020658463,401.4905117684975,0.0038050594612042666,False,16
32539259,0.3687456,24,155.231674737297,-74.45607245899737,336.96263493038714,411.4187073893845,0.012913484512858031,False,18
32539513,0.4050826,23,177.44759602937847,-66.56629932112992,340.16166769433767,406.7279670154676,0.011621085719886706,False,17
32539598,1.232532,24,174.20265851542354,-68.86092640925199,335.6075709918514,404.4684974011034,0.0037981556256144323,False,19
32540202,0.6716422,23,165.08077578619123,-70.66897333133966,328.8807969773188,399.5497703086585,0.006885241335091356,False,16
32540408,4.574546,25,180.12470318935812,-68.36244415026158,339.78943009860814,408.1518742488697,0.0010326664167391879,False,18
32543509,0.5892311,25,182.21586314029992,-61.32867245469242,334.25026594195515,395.5789383966476,0.007770227904036945,False,18
32639569,0.350375,23,319.51677929610014,-87.75674777571112,470.5877393251285,558.3444871008396,0.018444011280930473,False,20
32919219,0.8375997,22,227.50042722327635,104.55606069881469,297.5465120980516,192.99045139923692,0.0026667700335658677,False,15
32919972,0.1664887,20,226.17357331328094,106.63372746203095,295.31662326771766,188.6828958056867,0.013116985192183125,False,15
32978541,0.2838242,21,48.300095717422664,-135.35756771452725,324.912458891049,460.2700266055763,0.01876936280278068,False,16
32978787,0.3404476,22,57.27674657246098,-134.2198871774599,329.3148446129635,463.5347317904234,0.0157586228296173,False,16
32979566,0.5750532,22,51.88135898206383,-132.81794723588973,318.98881557863206,451.8067628145218,0.009093497679837085,False,16
32979723,0.291013,22,59.2923128628172,-131.8191709695384,328.57373328879476,460.39290425833315,0.01831059635502208,False,15
32979791,0.2283734,23,58.95010521635413,-132.08692625630647,321.2575551588088,453.3444814151153,0.02297571700106598,False,18
32979939,0.5280918,23,57.35871749930084,-131.9144700653851,318.64707972854376,450.56154979392886,0.009874860303160449,False,18
32980056,0.4034194,23,61.98594232555479,-131.2698503723368,324.4799728039652,455.749823176302,0.013075430216515816,False,18
32980375,0.2831328,22,62.20344516914338,-130.10602709837258,330.26188232470304,460.3679094230756,0.01881919821719455,False,18
32981849,0.4977709,21,57.24705797620118,-126.38338459655643,324.19347767718136,450.5768622737378,0.010476727305714563,False,15
33292680,55.317318,20,285.421832150314,-85.50138319842517,447.0481541706249,532.5495373690501,0.00011142564420103058,False,15
33293309,0.3769212,27,184.72425327636302,-139.0676455339417,450.25682465638965,589.3244701903313,0.018096315812555393,False,19
33293395,0.3552676,28,229.36106828274205,-139.30185833014548,452.1869571413845,591.48881547153,0.01926979934070492,False,18
33293424,0.7369662,26,180.75050414772704,-138.87463209684938,449.9392154859379,588.8138475827873,0.00924733737824576,False,18
33293623,0.2105512,28,229.05113452579826,-138.93387790303677,451.4388659968972,590.372743899934,0.03245299893428391,False,18
33295073,0.6460654,22,287.7331063267775,-137.12831914890558,448.63659732509404,585.7649164739996,0.01049380841825593,False,17
33295106,0.3457184,20,181.4957381109707,-137.19111050013453,449.1686459630728,586.3597564632073,0.019630344394053645,False,18
33544828,0.3385524,20,143.48621031967923,99.7319933725521,208.61987967509776,108.88788630254567,0.0037225447577244153,False,15
33545044,10.549673,20,142.28601629147306,97.11801640223712,211.84538207016885,114.72736566793174,0.00012586769547871527,False,15
33547683,0.2862546,20,140.80226541263983,97.55370730999857,205.8380550937727,108.28434778377414,0.004378239030262573,False,16
33552533,0.6980109,20,318.68618696462363,208.98006304632872,439.14133538492024,230.16127233859152,0.0038164212264163704,False,17
33553864,0.5233112,20,313.1291985861026,203.86556088924408,430.06449742242694,226.19893653318286,0.00500284199327635,False,15
33555050,0.2720504,20,315.71700390195474,212.88341141771525,435.0392321823165,222.15582076460123,0.009451366090681057,False,18
33602149,4.3910431,20,350.1830350840464,45.01818772405386,422.9677514405921,377.94956371653825,0.0009962134616076058,False,15
33728037,0.5830664,39,330.7460711337626,54.7948112944141,464.9266429943964,410.1318316999823,0.008141261784646272,False,24
33804233,9.1893882,26,126.32962558418512,-62.31054891832173,251.08966038096696,313.4002092992887,0.00039472891538745595,False,23
33889547,0.3466722,21,376.472575776279,90.34318453632295,410.27606937568635,319.9328848393634,0.010681349435758051,False,15
34288224,1.151292,28,367.28436338016763,26.674328511580825,477.8718221001327,451.1974935885519,0.004535941544656318,False,21
34288999,0.1328574,24,380.0357026979327,32.02692533377558,471.77325203083456,439.746326697059,0.038309168770378904,False,17
34290093,0.8104481,28,368.9134907210246,35.32185251824558,472.0794167602435,436.7575642419979,0.006237369673578172,False,22
34460627,0.6866386,21,326.33016204927117,37.198859034106135,390.173631766811,352.9747727327049,0.005949791004886396,False,15
34462510,0.5569159,22,342.3973931581713,41.52400782331824,389.8593305144459,348.33532269112766,0.007239259693328216,False,18
34718778,0.343824,28,341.6154326288961,98.20687654428184,427.28728770744056,329.0804111631587,0.011077763783590301,False,19
34719717,0.4698253,27,346.63187437690794,103.39470861945301,428.24572836980224,324.8510197503492,0.008002654956276391,False,17
34721768,0.5874611,29,345.50817736890167,113.16258651204407,429.2416876880452,316.07910117600113,0.006227344977016846,False,22
34722895,0.5275156,29,346.8463289318606,115.85818834137172,428.58991404064,312.7317256992683,0.006861560413675626,False,20
34732752,0.8374032,28,272.3195948288776,-91.24352477956563,497.73174442816526,588.9752692077309,0.008140455390674404,False,17
34732858,0.3554726,27,217.42160031571984,-92.04183504916728,494.8800273472443,586.9218623964116,0.01910998797395236,False,20
35903210,1.3290784,20,247.19438661122695,20.060757966712117,286.0296457540244,265.96888778731227,0.00231614900117965,False,13
36068453,3.0698194,20,85.45621144585311,-63.40251141227782,315.94279760029167,379.3453090125695,0.0014302374615796612,False,15
36068658,0.3258522,20,84.97081124223769,-61.49952623527497,311.5294068586081,373.0289330938831,0.013249763246654235,False,15
36072429,0.341809,20,157.92396581964567,-54.468486621044576,311.63108102045953,366.0995676415041,0.01239658263641174,False,14
36072530,0.3879874,20,92.34289865707979,-57.280720537528396,320.26031403802335,377.54103457555175,0.011262447956248057,False,19
36072684,1.0989218,20,161.5532297291793,-56.78572787437588,319.54197152517736,376.32769939955324,0.003963561983187803,False,15
36072883,0.3400424,20,159.41083885263652,-54.42878343164921,313.8843660475686,368.3131494792178,0.01253632980630646,False,14
36072914,0.3403818,20,158.0994879011996,-53.31011996604502,310.7449430739507,364.05506303999573,0.012379041025890975,False,15
36073512,0.3937814,20,92.52840955741704,-52.9732265509665,313.0849474808201,366.0581740317866,0.010759229414249116,False,14
36073957,1.1514642,21,131.33469487074763,-53.0529925134033,315.3249738039449,368.3779663173482,0.003702793251769141,False,16
36074181,1.14834,20,95.1010953867808,-55.082209152169526,322.4354430567473,377.51765220891684,0.0038049856932063134,False,17
36075031,0.4426422,20,95.241829007864,-51.22318638022989,315.95132953953,367.17451591975987,0.009600767946137064,False,17
36151101,0.2829778,20,307.9469221411273,-61.401872243732214,492.5442348467186,553.9461070904508,0.02265694791785733,False,17
36775911,0.5172757,31,369.0609288169071,13.422465417534113,450.13539099600166,436.71292557846755,0.009771477279429097,False,21
36928744,2.7723522,27,243.25374180916697,-4.102176753804088,305.7381607359275,309.8403374897316,0.0012935279353187032,False,18
36928781,0.2722258,28,241.41292782733217,-5.215657688677311,304.6536451438442,309.8693028325215,0.013174542105359944,False,20
36929805,0.1802224,28,230.580066901166,-10.349000268615782,296.3466147892177,306.6956150578335,0.01969631836482631,False,17
36931036,0.2771612,28,230.74306107591838,-7.057973183691502,293.80080092232674,300.85877410601825,0.012563669580511898,False,20
36931135,7.9126326,27,236.12183269578964,-1.6876643523573875,297.5283242063597,299.2159885587171,0.0004376732992412528,False,14
36931377,14.6413627,27,233.15363628789783,-3.4315777709707618,295.19929653033614,298.6308743013069,0.000236069273795726,False,20
36931732,0.6055816,20,258.6957760853693,6.645428272895515,302.6603346923366,296.0149064194411,0.005657533937505228,False,16
36932338,10.4851416,27,232.4252392631024,1.5475807478651404,294.8795908363536,293.33201008848846,0.00032379595265181815,False,19
36932661,0.5759973,26,236.22939441120252,5.7996975956484675,297.7338570635766,291.9341594679281,0.005866117057205568,False,17
36932838,0.3802696,24,237.24194581154734,7.683082320727408,299.2847891058773,291.6017067851499,0.008875334116789124,False,17
36932872,0.2996337,25,238.82178033236414,4.408531961962581,295.89062940794975,291.48209744598716,0.011259198772055123,False,18
36933237,0.6412215,20,248.00184457562864,8.009404479525983,293.2399723911658,285.2305679116398,0.0051484233158113615,False,14
36933640,0.5590066,23,227.3997258860618,11.556875053793192,297.96377811580896,286.4069030620158,0.005929974192372547,False,16
36934082,0.245045,22,229.17976080207154,0.7497375598177314,288.1980878999457,287.44835034012794,0.01357688791571767,False,19
36934154,2.1227747,28,228.1321305083111,-0.16941167414188385,286.9515742175281,287.12098589167,0.0015654791622169634,False,18
36934230,0.3647938,24,240.78331949422136,6.6914273193106055,295.1926454901695,288.5012181708589,0.009153484707169163,False,19
37007009,44.0143406,21,430.5484819225967,134.2622124357149,495.75282738078386,361.49061494506896,9.505809010022558e-05,False,16
37009402,0.7149714,22,426.9867549883202,137.2477279510349,495.8755981642753,358.6278702132404,0.0058055266754383,False,15
37009428,0.6951029,21,424.6420910814777,134.89672041032463,494.2909476114437,359.39422720111907,0.0059842296837207265,False,18
37011076,0.0459577,22,425.92225569533184,138.34017952904105,495.39025076664984,357.0500712376088,0.08992016512265648,False,14
37015268,0.2819276,22,408.6554592009634,136.95721391122788,491.6362584801391,354.6790445689112,0.014560765013295606,False,15
37016147,0.2928614,20,433.564223209396,147.03790883067995,497.8602710645646,350.82236223388463,0.013864729210939468,False,17
37018086,0.3932861,22,422.57766070542857,145.6751861376688,496.02582931984216,350.35064318217337,0.010310520244905603,False,15
37019146,0.4937709,21,398.0693436926231,139.8183738347143,491.08980637975037,351.2714325450361,0.00823386226361732,False,13
37023740,0.297311,23,418.32007435150445,148.68504835758358,495.55681720376015,346.87176884617656,0.013503434271960161,False,15
37026452,7.3558726,22,419.83533846214414,151.86210880056024,496.64260391145945,344.7804951108992,0.0005424937606599496,False,17
37028600,68.0765597,23,416.84540233109146,150.85797398351133,495.2650025021285,344.40702851861715,5.855455207008965e-05,False,14
37036024,0.5262787,24,417.1020564157516,175.64032045193017,493.4428117470816,317.8024912951514,0.006989204722089957,False,18
37156018,0.5329126,24,324.61218391545117,111.9834671029821,402.5447676423937,290.5613005394116,0.006310562023683526,False,14
37156082,0.6768959,20,329.5282606501132,102.26539594586939,392.783335223794,290.5179392779246,0.00496749374468076,False,13
37483271,0.263476,31,174.1101681953296,102.07994319498539,247.44904569815844,145.36910250317305,0.006385829299265937,False,23
37518790,0.3226632,20,294.10445265239105,-37.30553342029452,436.5929434541613,473.8984768744558,0.01699895146064327,False,11
37518901,0.5981151,20,294.19874937739223,-37.51145100686699,436.84944540727884,474.3608964141458,0.009179317079507778,False,14
37519132,0.233655,20,294.11619601305574,-37.83283329103142,436.9319239631295,474.76475725416094,0.023517418708007342,False,15
37521089,0.4463383,20,294.09116848837584,-38.32918885163963,437.2010936960578,475.5302825476974,0.012331056319102402,False,15
37652695,0.3464638,20,326.3507648720406,47.39967312198132,391.25956494826823,343.8598918262869,0.011487087133202786,False,16
37784948,0.313444,21,182.05925691872835,-26.388034550473094,335.3532064240426,361.7412409745157,0.013357473483896721,False,15
37878702,2.8091278,31,377.8354160254821,72.1617640927434,460.17471870873123,388.01295461598784,0.001598677952076721,False,21
37878826,0.6252448,28,356.53809987707064,72.76765184942633,459.85391163267195,387.0862597832456,0.007165457503665068,False,21
37879054,0.6111927,25,380.0201632780954,79.20251309406012,463.6455369880423,384.4430238939822,0.0072801459111176865,False,18
37879621,3.3074074,28,387.6975551247597,85.35078805871308,466.703868820332,381.3530807616189,0.001334522262093061,False,20
37879672,8.8170905,21,396.31338107865304,100.56722445879132,466.8437958927825,366.2765714339912,0.0004808062443472592,False,14
37880184,73.3710104,28,389.44154963828623,88.77723861951381,466.5799168171361,377.8026781976223,5.9597328140963565e-05,False,20
37881238,1.5762137,27,378.1492087058723,84.73867862485349,457.10287168622017,372.3641930613667,0.0027342553570147733,False,15
37935112,0.305969,28,327.467843843624,149.00066347327083,432.3757910868153,283.37512761354446,0.010719402023568915,False,20
37972279,0.048434,20,138.5128563735634,-54.37922941055149,339.0674049966037,393.4466344071552,0.09402032644059041,False,14
37972550,0.6197376,20,147.44037094060332,-47.92130452115089,342.90872833225876,390.83003285340965,0.007299050034430971,False,15
37972693,0.3436231,22,175.77119978377596,-52.41364461835474,337.2222122037783,389.63585682213306,0.013123897283898225,False,16
37973556,0.6009848,20,151.32971975253895,-42.09131137467921,339.92343032732606,382.01474170200527,0.007357036181027013,False,17
37974064,3.6181944,21,168.99579050950706,-41.66284797247499,336.9899249402806,378.6527729127556,0.001211254774493538,False,16
37974465,50.0196905,23,194.60011501796544,-44.090158911421895,330.69729537237436,374.78745428379625,8.672220308748827e-05,False,16
37974712,9.8216624,20,200.4717871779576,-40.95093333162367,332.1608234429732,373.11175677459687,0.0004396835214797338,False,15
38003224,0.3254992,21,365.40731443092227,87.73832162842155,483.1764528527856,395.43813122436404,0.014060956900982286,False,14
38005317,0.4719433,20,389.2124524223618,173.64814155735075,480.4603050928563,306.81216353550553,0.007524350292899316,False,14
38006062,0.2591814,21,365.57016684673727,91.88214596360922,479.3601375538856,387.47799159027636,0.01730332105907025,False,17
38006385,0.3431388,20,397.00837422860786,182.48293823562562,484.51480243820697,302.03186420258135,0.01018753684809575,False,12
38006979,0.0604052,21,371.77919384557754,98.51998714730144,482.28750235866755,383.7675152113661,0.07353263706236715,False,15
38009350,0.575035,20,399.31921872776,187.72337639238685,483.0929464660585,295.36957007367164,0.0059450803573001445,False,13
38286876,0.2209564,22,204.86020414391533,-91.61469619721174,497.7356149815023,589.350311178714,0.030871177106257353,False,15
38592808,0.2394126,22,285.1782506913878,-15.73814763687551,391.5917290840298,407.3298767209053,0.019691804716005835,False,14
38956548,0.5862926,23,380.5739378090948,104.98883910477161,462.1692845597863,357.1804454550147,0.007051142950648045,False,15
38957402,0.2615038,24,381.7795020178892,106.39489979948848,459.96341679710895,353.56851699762046,0.015648828835339974,False,17
38957658,0.4562056,21,385.07617777213454,104.45161547977477,457.3234536219388,352.87183814216405,0.008952465277304979,False,18
38957859,12.3488496,23,376.1550212977454,107.89506328292191,459.18857564684004,351.2935123639181,0.00032925310984770965,False,16
38959227,0.315321,25,379.7352542169392,111.92638697102666,456.728091230616,344.8017042595893,0.012656183590586954,False,16
38959321,0.3201014,24,376.42219540430233,119.25345445051789,462.1258912375197,342.8724367870018,0.012397418384708843,False,19
38959792,0.3456619,25,378.12617397867143,112.14131489396095,455.1210911711678,342.97977627720684,0.011484266378625315,False,18
38960060,0.6594563,24,378.50777552230284,112.95795827172697,454.7107408521697,341.7527825804427,0.0059980805712326595,False,15
38960487,0.7818013,25,377.60498702991754,116.8788633774966,457.41150446701795,340.53264108952135,0.005041370502466804,False,19
39178060,0.1624109,31,226.83813355397433,-23.21287952363491,307.4125569546595,330.62543647829443,0.02356173934491375,False,25
39178767,0.462851,26,222.06140554044396,-18.95872021559626,310.8354902593419,329.79421047493815,0.008246849680000065,False,20
39180485,6.7827327,31,214.6460747346282,-31.013650679960847,299.7256461996585,330.73929687961936,0.0005643744624186488,False,22
39184902,9.7716432,31,219.7525591822341,-26.26231040339917,301.4945676550269,327.7568780584261,0.0003882133544269696,False,21
39185786,3.9155926,31,221.89387790858746,-24.500358710065484,302.5678450008854,327.0682037109509,0.0009667787238705311,False,21
39190767,0.8177045,21,246.873179404065,-16.07121827546507,302.70108142867684,318.7722997041419,0.004512014070533646,False,15
39196991,1.3462751,31,224.99681382905692,-18.24566898867488,301.2012134073302,319.4468823960051,0.0027463197377589413,False,18
39200556,0.4952582,31,224.26791577599943,-17.2124927630648,299.4974363129586,316.7099290760234,0.007401440660892927,False,18
39241909,1.3103886,20,275.18931875238195,57.934145629405975,452.35202678013593,394.41788115072995,0.003483716030937611,False,14
39372846,1.0496947,23,414.7089794743806,123.65974341519177,478.1142160529271,354.4544726377353,0.003908262394957325,False,17
39372929,0.1328053,24,414.76976168341935,127.10707120131701,480.28244508896023,353.1753738876432,0.03077947897045065,False,17
39373554,0.2874906,25,411.76721937954426,127.38759170752019,476.9179629860446,349.5303712785244,0.014071731069872388,False,20
39373713,0.4516734,23,409.3653364107013,125.62138598877937,474.55417576711625,348.9327897783369,0.008941358857457154,False,15
39373810,0.4027649,21,409.9619598593563,133.53983152192086,474.38457109965384,340.844739577733,0.009794702228598294,False,15
39374303,0.3630462,26,395.04655877826735,121.76599991507828,474.2079199757427,352.4419200606644,0.011236004920561139,False,20
39374588,8.190413,26,397.1392337582074,127.99347003456205,477.5574611267075,349.56399109214544,0.0004939774742164359,False,19
39374606,0.250619,22,411.0900017316453,133.5938602220267,475.7782179862261,342.1843577641994,0.015802740828717327,False,16
39375276,0.2740072,22,410.5797016178258,148.85168080218136,478.74461396131665,329.8929331591353,0.013934689471289072,False,17
39375292,0.237448,22,410.4173753759824,148.55059802066535,478.4284695284441,329.87787150777876,0.016079440215242585,False,17
39591775,0.3371652,20,180.3026681765914,30.338924657553434,243.34168264176697,213.00275798421353,0.007311874709760558,False,17
39592134,0.5990186,20,186.33474041707814,29.167951201088727,240.10075461119413,210.9328034101054,0.004075586119230128,False,15
39592802,2.4117873,20,182.9355371184647,28.745232964865863,235.5258429190144,206.78060995414853,0.0009923321582676608,False,16
39592808,0.3669782,21,179.40071420744061,30.271240579895675,236.6205865284428,206.34934594854712,0.006508023133649959,False,15
39593923,0.457301,22,169.73978164605796,41.95081915240735,239.63245474733412,197.68163559492677,0.005003229587207989,False,17
39594938,0.3304538,21,176.0361032327637,39.09495931584388,240.09581285063177,201.0008535347879,0.007040012152269844,False,14
39595213,9.3771875,22,171.90522516611964,35.68004372064024,236.61958447191864,200.9395407512784,0.00024801563678509387,False,17
39825744,0.385097,23,376.86087330803275,71.55255898833275,436.68960293289274,365.13704394456,0.0109741784376476,False,14
39826907,0.5659631,26,372.8954558959231,70.32952385488898,435.5451324256137,365.2156085707247,0.007468742231791454,False,16
39827041,0.0560881,22,377.88237186614424,80.20003207493573,443.8072877470404,363.60725567210466,0.07503226729056127,False,18
39827357,0.3090675,25,372.4714753450826,77.0540441852063,439.8468020372093,362.792757852003,0.013585997404828076,False,18
39827674,0.389641,21,377.4632218061015,83.76887021586299,441.5128731401637,357.74400292430073,0.010626591116955424,False,17
39827996,0.2801372,21,377.8566195163876,79.05870540998876,439.0848298324272,360.02612442243844,0.01487474363514418,False,17
39831038,10.3618858,20,206.12058222759515,52.291980874724686,270.70179122965783,218.40981035493314,0.0002439605465978468,False,16
39832168,0.2833552,21,202.84107690677047,57.62863091658801,270.6317453412339,213.0031144246459,0.008700436146431503,False,15
39832833,0.519643,20,205.49191340105608,59.082099446095526,268.8156543066725,209.733554860577,0.0046714219180768275,False,15
39833615,1.2730129,21,205.7585663627833,65.83916272502393,270.5120209604502,204.67285823542625,0.0018608600291240454,False,14
39834297,0.8520253,21,203.38030150160193,62.89492326322943,265.5667890328914,202.67186576966196,0.002753133254551086,False,14
39857858,0.3235274,22,375.82537016132846,127.46569302398711,456.6929117543623,329.22721873037517,0.011777982998616963,False,14
40430597,1.2981791,22,387.1231208788231,120.40984213817865,478.98938732687384,358.5795451886952,0.00319695966254714,False,18
40431015,0.8042902,23,386.7603921331465,118.82509854622185,485.1441819453612,366.31908339913934,0.005271485598119382,False,17
40432753,7.6882642,22,400.52550273248926,204.02877100277692,482.7739190775901,278.7451480748132,0.0004196287884600316,False,16
40432971,0.50001,20,391.22559435199946,210.06276437547058,486.1983881564811,276.1356237810105,0.006391900490254327,False,11
40584785,0.4594308,20,342.407084943261,258.16428819671273,501.1616481235251,242.99735992681235,0.006121638870527107,False,15
40586154,0.418419,20,341.4137128042057,257.6338696293533,499.0032340865582,241.36936445720494,0.006676625352672494,False,13
40601869,0.5692544,21,268.4605786576867,206.6061854828149,382.1923640789464,175.5861785961315,0.0035700162132347602,False,14
40698865,0.087953,28,310.73318808339536,229.15161615237594,435.01322963275015,205.86161348037422,0.02709012271815921,False,18
40702077,0.3600127,21,292.9815618786961,28.853814024478197,453.720323019661,424.8665089951828,0.013659063823869281,False,16
40702218,0.6143763,20,284.2601456330158,26.94460591301322,451.03641017340124,424.091804260388,0.007989354336613333,False,17
40702518,3.319497,21,288.37393121793866,26.80255277082324,448.96656246855855,422.1640096977353,0.0014719572030490505,False,16
40702567,0.6225064,20,281.2186167924665,25.783434882760048,447.5954348221421,421.8119999393821,0.007842623517817225,False,16
40702829,0.6007789,20,284.027375257574,28.47610912285745,448.61462311819196,420.1385139953345,0.008094016421604368,False,12
40703147,0.4671163,21,293.59188282396644,32.0234608836472,450.6144249346107,418.5909640509635,0.010371727179428185,False,15
40703379,0.4110044,21,295.88198619894683,34.30345819797367,451.3523540692404,417.0488958712667,0.011744289874572746,False,17
40703607,0.5306142,21,298.15494334325194,36.61944279447198,452.0163636188954,415.39692082442343,0.009060885916291271,False,13
40769636,0.810686,26,353.0937660019845,170.2535832999274,449.737387849018,279.48380454909056,0.003990159268021422,False,17
40918651,6.7923117,21,211.02365988772362,-162.7660409314558,412.3046837747097,575.0707247061655,0.0009799183929648898,False,14
41124661,0.2531554,25,274.60090066306293,-41.60149998497218,434.7211993066594,476.3226992916316,0.021777114787060656,False,13
41125000,0.5337983,26,247.76666869875044,-44.53931848984212,429.2827845783904,473.82210306823254,0.010273641034160815,False,18
41125983,0.5084634,27,270.7263284130022,-40.72726035956293,428.5847811726853,469.31204153224826,0.010682877730332547,False,18
41126101,0.636059,22,211.69381882064044,-36.86823318712413,432.908772630617,469.77700581774116,0.008548316844241278,False,16
41128071,0.3352926,28,278.26481598895043,-32.58033525198698,426.6371321864426,459.2174674384296,0.015851876791319233,False,20
41128990,0.4358196,29,282.70602102857083,-30.374246835708618,426.8161030020565,457.1903498377651,0.012141617712865904,False,21
41234847,0.3222338,52,340.8129233401269,267.18920215498656,508.30100539606065,241.11180324107409,0.008660313942378995,False,12
41235395,0.74893,57,342.170339031145,282.72619103081524,508.2027277909219,225.47653676010668,0.003484547472296691,False,11
41308849,0.5596642,21,310.8608321053907,89.95592992287129,413.3634558180347,323.4075258951634,0.006688193850569057,False,14
41310649,0.611922,23,305.2217816468328,97.09115324076265,412.3999596107751,315.30880637001246,0.00596384421729306,False,16
41316692,131.6206102,36,408.0869398545474,217.7455166587606,470.4361899057403,252.6906732469797,2.2220384524460983e-05,False,14
41316703,0.3328246,33,417.9467856651172,222.93978100642562,474.1565083153546,251.21672730892897,0.008736136122510209,False,16
41474622,0.3035012,22,376.4854249195196,30.67235299386084,474.28213690873235,443.6097839148715,0.016917140686806893,False,17
41475600,0.3191674,23,382.7834039228037,33.97796207573265,472.81276748981327,438.8348054140806,0.015913613182751283,False,17
41479209,0.5659921,20,388.663868594449,43.63154077436775,473.1135353213176,429.48199454694986,0.008782554417928228,False,16
41581717,0.247045,31,126.87913288827986,-98.41900134924799,295.1471657026559,393.5661670519039,0.018438600135635804,False,19
41582109,0.276562,33,134.17331732343882,-97.89103385992348,292.1968177193776,390.08785157930106,0.016325112233695316,False,21
41582537,0.284167,34,133.42970305820927,-96.66223281528801,296.02454665582627,392.6867794711143,0.015994066423998095,False,22
41583109,0.345137,36,131.10372838564217,-95.89922586455941,292.14406076353043,388.04328662808985,0.01301292455859751,False,24
41583171,0.275105,36,130.22993666818365,-96.35716946795583,285.4203067487106,381.7774762166664,0.0160619428565266,False,21
41584957,0.2627514,20,139.85816283384338,-92.7278540097177,289.099740749225,381.8275947589427,0.016819323761036252,False,17
41585546,0.4301924,20,138.73466793447733,-91.8101858580485,286.77012152038515,378.58030737843364,0.010185481009389574,False,14
41585807,0.4776216,20,144.93076029466465,-90.70254375692457,293.76840381883085,384.4709475757554,0.009316779698764134,False,14
41585868,0.3142026,20,143.18141131661832,-90.74084884487092,291.53234674595296,382.2731955908239,0.014081545736098945,False,15
41586209,0.2986544,20,141.01445936830714,-90.29550072737038,288.2951855426654,378.5906862700358,0.014671930655111505,False,15
41588082,0.3155014,20,144.26633269758895,-86.305110482499,288.7352914083749,375.0404018908739,0.013758244471357291,False,15
41590845,0.2020993,20,145.35153036704287,-80.79741052351892,284.92206463124603,365.71947515476495,0.020944477767972192,False,16
41759938,0.3989365,22,395.955792744644,127.36823139712214,455.967591307126,328.59935991000384,0.009533430338642141,False,14
41760694,0.5807983,27,380.791914020665,127.19197757542133,448.38347621262074,321.1914986371994,0.00640066301363108,False,19
42026980,1.0739166,20,62.77799414237961,-129.74696522578597,456.14737055730075,585.8943357830867,0.006314442333728592,False,14
42027594,0.0877801,20,62.673725886270404,-129.66420378070325,455.705658509396,585.3698622900993,0.0771828027864647,False,13
42028981,0.2752098,20,411.6175700328313,217.8661946905777,478.41990364249796,260.55370895192027,0.010957705458469365,False,15
42031082,0.5379402,21,413.89114293269813,225.53343081381172,479.0850510355085,253.5516202216968,0.005455300113372112,False,19
42032149,0.3082898,21,415.5734242172912,229.0016792016104,478.5714687779546,249.5697895763442,0.009369558224786183,False,17
42032298,0.2975894,21,407.6230184873566,221.53639958705753,472.5169678218663,250.98056823480874,0.00976132781578537,False,17
42204208,1.3073034,32,228.3601624891162,-29.345976538024843,290.21318836603314,319.559164904058,0.002829183681193531,False,22
42258160,0.0700948,21,170.75085290707648,-232.58226981852204,294.2884164629504,526.8706862814724,0.08699704329679242,False,11
42324814,356.0681269,20,297.6829266292043,128.32674938254058,373.4931756975129,245.16642631497234,7.969189501318191e-06,False,11
42324856,0.3236344,20,296.94439148297533,127.82383330632001,372.79356045182794,244.96972714550793,0.008760804685434624,False,19
42325915,0.779803,20,296.50074855890125,129.76557556539774,369.9705893173814,240.20501375198364,0.0035651961099526933,False,18
42326648,4.3255397,20,298.01167503464967,132.65524632297456,369.4093672558665,236.75412093289196,0.0006334954533002166,False,14
42327085,0.1623317,20,296.75646973773837,132.62993025127798,367.3321524867788,234.7022222355008,0.016734013784759735,False,14
42328798,0.4764773,20,299.5729658519849,138.71065503917634,365.77242573257536,227.061770693399,0.005515540306738269,False,17
42445385,0.2777474,26,225.7856639684178,-25.88215065188706,349.49679987039417,375.37895052228123,0.015642500268924463,False,19
42446215,2.5056285,23,232.39688810426742,-22.75953192729503,352.4197742342949,375.1793061615899,0.0017330394671731895,False,18
42469634,0.5966016,24,221.46859418135136,-23.29320057760924,341.13928573206067,364.4324863096699,0.007069992087763603,False,16
42473187,1.0538638,24,226.45453386940062,-19.087942130863667,343.4223652817309,362.51030741259456,0.003981274573250104,False,17
42475683,1.7435901,23,219.8665220523253,-23.68866023607552,336.76352868787944,360.45218892395496,0.0023927070558429973,False,15
42476058,0.0472783,23,221.82575818151236,-22.331360215321183,337.9681672202423,360.2995274355635,0.08820396290461155,False,17
42477231,0.3525528,25,218.2847399963066,-21.675860602408648,337.8470403375104,359.52290093991905,0.011802897854745783,False,17
42477419,128.6319638,24,222.36733892932534,-20.28242179658264,339.2071472480893,359.48956904467195,3.234622855831732e-05,False,18
42479355,0.5634002,24,226.58267200458795,-16.932753031142056,341.3513042964041,358.2840573275462,0.007360320814704754,False,18
42480121,6.2567528,24,229.4971574912779,-14.785966370254755,343.0097820237279,357.79574839398265,0.0006618696035586903,False,16
42483150,0.842037,21,241.5911584161222,-12.163035641424358,338.35071644280106,350.5137520842254,0.004817926208236052,False,16
42487693,0.8567111,24,220.52658561151475,-17.818751418963075,334.18595830444247,352.00470972340554,0.004755545463064081,False,20
42489822,0.7900411,23,238.25918782968074,-7.441135332919657,344.47599314153194,351.9171284744516,0.0051555734415573385,False,15
42543968,1.4843653,33,383.64250457379967,32.001472217962146,482.2969797765836,450.29550755862147,0.0035110990264365966,False,19
42745364,0.3046016,31,410.646006767638,198.66993867326528,492.4471328034997,293.7771941302344,0.011162774608330924,False,18
42745458,0.4623496,36,422.39458108088,187.50479731243104,491.3967204513028,303.8919231388718,0.007607376818152599,False,22
42746782,0.5200802,21,407.72147588431835,195.88154980447143,489.9562994018197,294.0747495973483,0.006544457826224675,False,15
42746983,0.5545296,20,404.4445929466747,200.45518095139414,491.9473303947598,291.49214944336563,0.006083988536713971,False,15
42747364,0.5908722,23,404.7371862223372,199.0356333553791,489.0524821355939,290.0168487802148,0.005680884107446154,False,15
42747397,110.3001492,22,402.25318239536136,200.3962412942201,489.82590821105987,289.4296669168398,3.037058814903298e-05,False,17
42748649,0.401711,20,238.94331426126882,-89.06307178549469,391.43901604693383,480.5020878324285,0.01384419833492181,False,14
42785560,0.5586908,30,125.74388394132257,-29.23868796788156,161.04383706115186,190.28252502903342,0.003941972983424618,False,20
42786413,153.0235243,32,124.0754708298482,-28.88176222331822,159.24453015904874,188.12629238236696,1.4229104010476856e-05,False,16
42786595,1.0337985,32,118.56265906244516,-37.833047029562294,160.70311898365617,198.53616601321846,0.0022227467846196894,False,19
42786820,0.3435195,32,120.074548618868,-34.42465737462044,159.55169757362455,193.976354948245,0.006535572800932327,False,22
42787423,17.0912686,32,118.40026429854333,-35.152770252898335,158.56837963219732,193.72114988509566,0.00013118645496478263,False,19
42798863,0.378327,20,130.74641602579504,-90.72849727235734,408.69734566658735,499.4258429389447,0.01527882414070957,False,16
42912979,0.2420252,20,298.71859730919823,18.948304862715304,466.2627621553838,447.3144572926685,0.02139137025032761,False,15
42913803,0.3110222,20,298.5284086782485,20.46213315334171,464.07705433666706,443.61492118332535,0.01650824911578768,False,15
42913866,0.5968721,20,297.6286150398664,20.077350363135338,463.14192563295364,443.0645752698183,0.00859155958834572,False,15
42914013,0.672225,20,304.3457994237542,25.05976587999612,467.4932963680476,442.4335304880515,0.007617625727580525,False,17
42914156,8.2371732,20,306.8110571242869,27.174235903657973,468.7339812749997,441.5597453713417,0.0006204367781239801,False,18
42914165,0.4994472,20,304.6668218099512,25.737594882957637,467.1532371081412,441.41564222518355,0.010229264155588927,False,12
42914778,0.7180652,20,308.81203575991094,30.25476133916527,468.0407159496099,437.7859546104446,0.0070564164190807695,False,15
42914806,0.9561777,20,304.2946932837367,27.264261315576732,464.66547776944935,437.4012164538726,0.0052945326787345376,False,15
43459884,0.3140608,30,235.43874101014808,-0.4346064990386367,303.0152173480019,303.44982384704053,0.011183028060077465,False,21
43460024,6.1680928,30,236.3562824903056,0.9092738851904869,303.0059366952628,302.0966628100723,0.0005668671445563133,False,22
43460705,23.4430007,29,230.79970995895565,2.9552180785685778,298.49262193311006,295.5374038545415,0.00014591015235826906,False,15
43461889,4.8192438,30,237.16437224065885,10.310407262295485,297.0354506978765,286.72504343558103,0.0006886094643345335,False,20
43461999,0.6185996,30,235.75539684388787,9.928965708240867,295.6006082240492,285.67164251580834,0.005344951324476081,False,19
43462247,3.2965632,24,238.15634564962238,21.733525372110307,300.3921376308426,278.6586122587323,0.0009783569202195953,False,19
43462276,0.2704398,29,233.75096193049103,11.942047602497041,295.2487512258813,283.30670362338424,0.012124741896047841,False,15
43463371,0.2754918,30,236.6561746224761,16.144722956232727,292.0997181907296,275.9549952344969,0.0115935340215383,False,19
43600514,0.3245794,21,312.4229018110782,-45.417300425469875,486.61583836656064,532.0331387920305,0.018971601273035484,False,14
43602504,0.9174308,22,358.1446369411424,-43.29847893677652,481.4939584583044,524.7924373950809,0.006620648166515172,False,16
43602683,0.4641605,22,357.6307435054332,-43.16269776318222,480.77069115825,523.9333889214322,0.013064540936286732,False,19
43605629,0.3195936,22,369.2889809142798,-31.08197597321123,485.4428607970476,516.5248367702588,0.018705933791784306,False,17
43606048,0.5433552,22,363.1959850201383,-33.94405120052397,480.32910735346377,514.2731585539877,0.010954594032433838,False,15
43606826,0.6594661,21,417.04223728738725,-28.970073955133557,485.2552612312138,514.2253351863474,0.009025000860866621,False,19
43607337,0.8243709,33,319.3724008044228,-30.06308062467724,480.0768852001056,510.13996582478285,0.007162307345639752,False,22
43607595,0.722576,33,266.6394490515813,-31.609451863914728,479.43010989110917,511.0395617550239,0.008185726819787813,False,20
43646238,0.6917016,20,298.23360226582736,10.923859477043152,430.69186967331916,419.768010196276,0.007023875676936962,False,17
43723574,0.2642642,31,186.21641979552805,-45.8499260712415,287.91471084114164,333.76463691238314,0.014618009669604737,False,20
43723851,0.2540656,48,139.64137161383405,-62.4325433280319,280.54913396481425,342.98167729284614,0.01562468645514218,False,22
43723861,0.8326017,48,145.86306576384231,-55.49554300960153,282.75730821769685,338.2528512272984,0.004702084509161474,False,24
43724324,19.1303623,25,159.68531495891511,-50.78046661801636,287.7181210555136,338.49858767353,0.0002047952707985511,False,21
43725364,0.2908332,27,150.74099362827837,-54.598827520385385,280.8937031077221,335.4925306281075,0.013351348473242673,False,16
43725412,0.6347623,27,154.30641698185354,-52.18564218375832,282.57498296443373,334.76062514819205,0.006103929411920839,False,17
43725574,0.3759836,27,158.87739399913698,-48.83159869350493,284.4269324094057,333.25853110291064,0.010258848856179384,False,22
43726367,2.7915589,21,180.81053984351456,-42.71666128188372,282.71449576132,325.4311570432037,0.0013492691548187188,False,14
43726744,0.287676,24,159.3692139023915,-46.55455914326012,278.0550643103197,324.60962345357984,0.013060025261088955,False,16
43729149,71.7547904,26,150.24327359860763,-44.1900948761031,270.2846666565165,314.4747615326196,5.0724894660208206e-05,False,22
43751047,91.9404809,24,52.569166116882116,-138.05054244585335,384.1560233384371,522.2065657842904,6.57388064016012e-05,False,11
43751069,0.3106616,21,155.04411791916937,-138.96677226293832,384.57650046329945,523.5432727262378,0.01950523856027472,False,17
43751070,0.6959504,21,155.10756243020296,-138.74975661747158,384.476759377867,523.2265159953386,0.008701571913242312,False,16
43751104,3.0859356,24,52.55309643689543,-138.0047401646152,384.0357155771926,522.0404557418078,0.0019579588454208415,False,16
43751136,1.971325,22,158.75493910862133,-139.717936841771,384.8406687146053,524.5586055563763,0.0030797966631085708,False,11
43751151,55.178298,22,158.73281685635448,-139.77001486346126,384.8528631264344,524.6228779898956,0.00011004369962279332,False,12
43751158,92.2147663,24,52.969328337349,-137.2319144429639,383.6539521580562,520.8858666010201,6.537750781220028e-05,False,11
43751253,92.4353758,24,52.41859235102311,-138.17671230062842,384.0202421648428,522.1969544654712,6.538564029118438e-05,False,12
43751394,92.4353734,24,52.21473419805989,-138.43293136451393,383.98888735100627,522.4218187155202,6.541379782781219e-05,False,14
43751433,0.5530009,21,154.3466130271554,-140.52559062838554,384.90913168061525,525.4347223090008,0.010997125677543953,False,16
43751484,90.1691914,24,51.81939209578559,-139.08647715579718,384.20777949504554,523.2942566508427,6.716979929593095e-05,False,14
43752175,212.8921755,24,51.33175926748663,-139.82086514588445,384.3497125664726,524.170577712357,2.849700361060485e-05,False,8
43752630,90.5585884,20,157.863083970733,-141.3229082711041,384.8869255045429,526.209833775647,6.725360567375566e-05,False,12
43752743,46.668052,23,154.6609023353085,-138.5240342700854,383.55922827031463,522.0832625404,0.00012948109240721795,False,14
43752999,68.1969051,23,154.4677279656753,-138.07508968748152,382.8378965612501,520.9129862487316,8.84070249250937e-05,False,13
43915068,0.3079526,21,187.24954698700458,-89.61648421827704,400.3498313482851,489.9663155665621,0.01841486784059801,False,13
43920294,0.330796,29,178.27463715802878,-128.32203770522028,440.2544535929337,568.576491298154,0.019893669896437587,False,21
43920296,0.538327,20,221.39864824712276,-127.68831679131836,436.19119422510266,563.879511016421,0.012123455129236923,False,13
43920441,0.2816194,28,126.42990981694311,-127.21719935070723,434.55190141685307,561.7691007675603,0.023087746031735475,False,18
43920514,0.5281722,20,224.76150310831144,-128.20277537684888,441.3500534137711,569.55282879062,0.012480866333974156,False,18
43921401,0.3695992,28,127.59642053861171,-126.03503793943673,434.96192295569927,560.996960895136,0.017567733860708413,False,20
44122794,0.0497223,26,332.92980910046026,151.07897208072245,423.54214671067894,272.4631746299565,0.06342242747468432,False,16
44123646,0.772388,26,332.8808280872181,159.15138856507838,423.47739085089415,264.3260022858158,0.003960870352931305,False,19
44123679,0.2858026,26,329.86968375043944,155.02776440698653,419.56598076503724,264.5382163580507,0.010712935821967725,False,15
44123784,0.5331342,26,334.08959900261834,162.54643653519452,425.047316076234,262.50087954103947,0.005698761445650244,False,17
44124677,0.2814314,26,332.5409844517708,166.2995342630893,423.03488419856876,256.73534993547946,0.010558430784861135,False,20
44125049,0.3688161,24,332.6346374466084,168.49710457026958,423.1562493368983,254.65914476662874,0.007991635411711459,False,17
44137633,0.412741,21,371.22469700407237,187.11422157939523,449.8042515479028,262.6900299685076,0.007366348061802063,False,14
44449429,0.2503844,26,89.31796975666657,-127.60460295248777,444.6626819204539,572.2672848729417,0.026453181369480994,False,19
44449501,0.5292414,29,123.958859173581,-127.30152423027903,440.8860434079543,568.1875676382333,0.012425794723944283,False,16
44449773,0.7273732,29,122.8204374667257,-128.6522272741422,441.06884454376996,569.7210718179122,0.009065489196991848,False,20
44450177,0.3742694,28,122.84378494368866,-128.9790529757738,441.55054204165936,570.5295950174332,0.01764331199447044,False,17
44660628,0.7069074,21,214.21368105802685,-26.722503919154406,418.4486563084647,445.1711602276191,0.007288711341989011,False,17
44660668,0.6997384,22,215.77236080775037,-28.74094625003636,414.7536175092682,443.4945637593046,0.007335654199339865,False,14
44660963,0.6178858,22,215.4532350366935,-28.136363555677235,413.391803833656,441.52816738933325,0.008270589347019013,False,17
44661169,0.3488837,22,211.28842063480988,-29.782113153487444,408.8891810271889,438.67129418067634,0.014552740793041025,False,16
44661540,1.2488564,23,219.91906464099884,-27.12642070837319,410.3896795772016,437.5161002855748,0.004054784644019331,False,18
44662651,0.2372605,23,223.85525833815336,-22.162904078140855,409.980196156539,432.1431002346799,0.021080863661318266,False,19
44663248,0.6246092,24,252.76038406882435,-18.285909667611122,411.62732436787337,429.9132340354845,0.00796633737727757,False,19
44663258,0.3543136,23,224.2295830277726,-20.31458818819374,408.08461010456085,428.3991982927546,0.013994168031693644,False,17
44663347,0.6006361,24,254.00573004735634,-17.4060141434893,412.4220167985186,429.8280309420079,0.008282654787543078,False,15
46094232,0.317201,22,216.3008604431525,-97.79054343234748,464.6632492309436,562.4537926632911,0.02052289198183118,False,14
46259988,0.053937,23,230.2610354265198,9.504697867669165,377.88048468064517,368.375786812976,0.07904793821808227,False,18
46260797,0.7456812,22,235.49722238676623,77.04825061373413,375.85100275464356,298.80275214090943,0.004637860236809083,False,16
46260855,0.2252072,23,238.67631051689386,16.788577591069043,382.052470324561,365.26389273349196,0.018772007960145515,False,19
46260931,0.5016309,22,236.40731916530058,78.09705804102123,376.00793838500977,297.91088034398854,0.006873664673715159,False,17
46261293,0.2702556,22,243.31249727401882,84.54803328495473,379.6631947858259,295.1151615008712,0.012638719566193694,False,17
46261627,7.8444428,22,251.21356083545834,91.63144826889038,384.33299066964537,292.701542400755,0.000431866152856908,False,17
46261677,0.2992662,23,246.8641445506364,25.30458199325949,384.36097973026335,359.05639773700386,0.01388645073910213,False,18
46413963,0.3389447,20,400.3294120891951,133.8893311098218,465.1247484376654,331.2354173278436,0.011310822255398303,False,15
46414437,0.3319331,20,386.7395400535315,138.71677927672863,466.0501394653693,327.33336018864065,0.01141368714882275,False,14
46414555,0.3750676,24,396.40773438150063,132.26437638513744,460.5356193613261,328.27124297618866,0.010130002385156106,False,21
46414760,0.0487657,20,388.20379672106355,143.08183619286865,467.4498892156407,324.3680530227721,0.07698566559997602,False,16
46414813,0.7402111,23,389.6662806160748,137.61547389440238,463.12306886538863,325.50759497098625,0.005089695379963764,False,17
46415881,0.5410086,22,387.225040839985,147.28603411931545,465.80529443454,318.5192603152245,0.006814245675406438,False,16
46416057,0.8737504,24,381.2929083360359,139.5942865870893,459.13980554323643,319.54551895614713,0.004232837554565798,False,21
46416385,0.483736,25,383.60487213358283,141.17789359297603,458.62769871018827,317.44980511721224,0.007595439577015135,False,16
46435479,0.0687434,22,179.2589577846229,77.64465969521552,260.0925498409197,182.44789014570415,0.030718081957030192,False,16
46632641,0.2997616,33,33.11252596322447,-152.9683898901567,346.6009212657809,499.5693111559376,0.019288835569509173,False,20
46897724,0.5148,20,308.28330604126677,217.68757842946798,431.9962989538908,214.30872052442282,0.004818230392520801,False,17
46897757,0.5236558,20,308.9382493053563,218.77382907550782,432.94134261086583,214.167513535358,0.004733625915951844,False,15
46897839,0.50127,20,308.60376516357064,218.32240072544664,432.45852612890303,214.1361254034564,0.004944296242254313,False,11
46897972,0.7735618,20,308.6009661317803,218.4531244682148,432.4542576447129,214.00113317649812,0.00320189669050434,False,15
46898141,0.6022897,20,309.0527968131937,219.3222280824557,433.10601809062064,213.78379000816494,0.00410823798147436,False,18
46898174,0.6401442,20,308.4498793934472,218.37793313898146,432.23595013841987,213.8580169994384,0.0038666421254556277,False,16
46898175,0.5114954,20,308.75930866459385,218.8772678375244,432.68246124498546,213.80519340746105,0.004837965592495432,False,16
46898218,0.7077539,20,308.96940861130133,219.23164506442845,432.9856128897518,213.75396782532334,0.003495571352185468,False,17
46898222,0.5415615,20,308.8653522077948,219.07351375557482,432.8354408266023,213.76192707102746,0.004568449526299214,False,16
46898273,0.5515357,20,308.55605023680255,218.60629704315215,432.38905859179795,213.7827615486458,0.004486269008378136,False,17
46898381,0.5369021,20,308.7774519226514,219.03381559532136,432.7084260759875,213.67461048066616,0.0046062136271252324,False,14
46898392,0.5870586,20,308.53953327750787,218.63625878468156,432.3651280486956,213.72886926401407,0.004213742486064922,False,13
46898395,0.3266322,20,308.4961170097813,218.58161590062082,432.3024517390877,213.72083583846688,0.007573107566147615,False,18
46898462,0.5195737,20,308.3521477645263,218.38001206051558,432.0946494815871,213.71463742107153,0.004760727966456664,False,15
46898500,0.5298426,20,308.33483651513234,218.38338472880423,432.0696162991226,213.68623157031834,0.004667839605204659,False,15
46898524,0.5580514,20,308.52173105813563,218.69323456194252,432.33929397538304,213.64605941344053,0.004431052976993143,False,17
46900523,0.5290404,20,308.1512894947082,219.24393440131098,431.80278700310737,212.5588526017964,0.004650253374058738,False,15
46900530,0.4913344,20,308.7455250439234,220.20507256966084,432.660274556838,212.45520198717713,0.005004681628687015,False,14
46900571,0.6321476,20,308.71593325864524,220.1925870962441,432.61751364916563,212.42492655292153,0.00388931609501208,False,15
46900721,0.5384306,20,308.19309706566855,219.47132139466703,431.86284438706934,212.39152299240232,0.004565556303485484,False,15
46900766,0.5133448,20,307.82279348932207,218.9223038032651,431.32840753532946,212.40610373206437,0.004788991684303366,False,16
46900775,0.6734916,20,308.3980940049514,219.85533284023404,432.15856798924506,212.30323514901102,0.0036484692159192782,False,15
46900792,0.4560861,20,308.4573734435253,219.96780645567924,432.2440803749487,212.27627391926944,0.0053869243515863845,False,15
46900957,0.2926509,20,308.54437068337575,220.25556578300893,432.3693682439625,212.1138024609536,0.008388905900568195,False,16
46901361,1.880195,21,292.37441432196647,215.15583044383675,427.41652093827724,212.2606904944405,0.001306630937108526,False,15
46909891,0.3572791,21,297.7927011670545,222.12350727058947,426.31197930313647,204.188472032547,0.006614695626966988,False,14
46914594,0.3281294,20,294.9890472809784,224.83002673834562,426.1754645034671,201.34543776512146,0.007102036608637894,False,15
46981461,0.5698749,20,343.52416140027344,284.39309634268284,507.15301448944956,222.75991814676672,0.00452422065503386,False,10
47022061,0.4024526,20,244.6555949980393,52.993108006194234,359.43639592733234,306.4432879211381,0.008812956641110186,False,18
47022490,0.276027,20,241.8833754491061,52.65346427913755,355.2285279845819,302.57506370544434,0.012687259580745704,False,13
47022601,0.5941594,20,240.74797657085583,52.281226054765284,353.7610199768096,301.47979392204434,0.005872749748115283,False,15
47024234,0.3040386,20,247.8122773580253,58.60183902550489,358.49633489269763,299.89449586719275,0.011416317235949613,False,15
47024240,0.2898104,20,247.90783136850223,58.555327635258436,358.70527310762554,300.1499454723671,0.011987001509353947,False,17
47491785,0.3998734,29,226.98774926830083,-102.96423041727394,475.22626714780927,578.1904975650832,0.016735345856323573,False,19
47492672,0.493664,29,229.2551938444376,-103.75862990040332,479.54690479673445,583.3055346971378,0.013675741934599358,False,20
47493141,1.7474476,30,269.31165531277657,-103.66428319830447,475.866058235988,579.5303414342925,0.0038384710934587915,False,16
47493276,0.4404396,30,269.0784942358732,-103.48034044727683,475.38462351076305,578.8649639580399,0.015211679357933694,False,20
47494200,0.2795314,29,225.8147584972903,-103.91335459426045,474.4762416696176,578.389596263878,0.023948379433694825,False,20
47494726,0.3404344,30,268.59970138175413,-104.19918021652848,475.3564490005374,579.5556292170659,0.019703707329826035,False,19
47969932,0.2887222,23,315.7599034253508,-14.807052933610976,519.5337729994208,534.3408259330317,0.021420245135811623,False,14
47970268,0.678647,23,406.7615899723023,-10.455841245129704,512.2088869102299,522.6647281553596,0.008913854005949958,False,15
47970466,0.4323398,28,355.2980417269282,-13.865563622675836,519.4634794257581,533.329043048434,0.014277634976233081,False,16
47970546,0.27648,20,308.7047063279897,-14.735712669789791,519.52045771759,534.2561703873798,0.022365163811468004,False,14
48249657,0.7359144,22,362.38981388742104,96.77554126828909,473.40616285800934,376.63062158972025,0.005923448043473513,False,13
48251461,0.284397,20,389.2301603453234,180.898884893395,473.3109027380124,292.41201784461737,0.011900260391927733,False,17
48254750,0.2947088,22,180.2117466344498,-30.282762343995273,266.1367599153891,296.4195222593844,0.011641259126404653,False,18
48254913,1.6287542,21,167.12096601258963,-31.31464293692261,258.83969189599156,290.1543348329142,0.002061862842330562,False,14
48286211,3.4468612,21,77.24601218942553,-82.0830785902217,229.14388761855662,311.2269662087783,0.001045056285048481,False,17
48287254,0.5557672,24,76.24511991161853,-77.71134737413377,220.6368602346629,298.34820760879666,0.006213220669970165,False,17
48290715,0.3645998,21,203.673170437105,-41.393910837359726,421.9517962541431,463.34570709150285,0.014708723196724966,False,15
48291676,1.9125069,20,193.09583769645542,-41.28857043106109,414.36164241749793,455.650212848559,0.0027574955757685583,False,13
48291723,0.2720578,20,192.3928607837297,-41.51820042170584,413.50277247838676,455.0209729000926,0.01935782192461647,False,15
48291761,0.5312701,20,191.97391346096992,-41.63313643075526,412.9583584377542,454.59149486850947,0.009903579431728218,False,14
48291854,0.2343888,20,189.47307992493734,-42.729125381447375,410.31759122852236,453.04671660996974,0.022371360137770382,False,15
48293073,2.0241086,20,194.8252486414276,-38.17914817482233,412.69399845041335,450.8731466252357,0.0025781419025892875,False,15
48982818,0.2302242,21,267.921004537493,122.86621837411076,349.51825418975204,226.65203581564128,0.011394490464381775,False,13
49372616,0.3662566,21,414.9430759716779,173.88564026914537,511.29853616002947,337.4128958908841,0.01066258423899784,False,17
49373707,0.7389645,21,414.67979222070426,174.15916649624705,511.1854672199115,337.02630072366446,0.005278693860783376,False,15
49377921,0.2683068,20,398.3822235837579,177.65656819101423,511.81039279326797,334.15382460225374,0.014414547518294879,False,16
49381051,0.5296052,21,412.68929997459054,178.10120908543468,511.41987175215036,333.3186626667157,0.007284397683360881,False,15
49385327,0.3558498,21,411.97690945118666,178.18665923550725,510.7334492029622,332.54678996745497,0.01081613978757014,False,18
49395288,0.294407,22,423.4272028435953,181.91839191131294,511.1082441173494,329.18985220603645,0.012941498448970856,False,16
49847105,0.3845456,20,258.9544254820794,46.02405822370201,464.76941127330065,418.74535304959863,0.01260342007390113,False,14
50132451,0.2882976,23,342.7223797654733,-2.1443456411361694,418.6855402076617,420.82988584879786,0.016894751365943123,False,18
50354719,0.2985409,21,310.8462205622345,109.12539255805314,407.73765086196363,298.6122583039105,0.011576840550276364,False,14
50356551,0.3227184,26,305.36639210768044,104.15938335936517,396.6163026401773,292.45691928081214,0.010488766823433748,False,19
50357254,0.6862214,26,312.81118959886953,114.03131545521319,403.7634884007275,289.7321729455143,0.004886734268727007,False,21
50357494,0.3162152,26,306.8162339972332,109.38923140056431,398.43692996073514,289.04769856017083,0.010579692165576011,False,22
50357741,0.4796142,25,303.1921513611451,109.78602629620582,398.050724552013,288.26469825580716,0.006956418243149022,False,17
50897611,0.6010085,24,339.4432073109783,56.31014204118401,392.42422305978835,336.11408101860434,0.006472802416352949,False,17
51452441,0.3396067,21,448.2786022592336,271.2943995371461,522.8206611005589,251.52626156341285,0.008572220697971715,False,15
51619399,0.7861717,20,405.1438482943922,184.1215715976432,491.2854934344068,307.1639218367636,0.004522088475356975,False,13
51619832,0.5909548,20,403.1393750337884,182.57345336023718,488.40785427019,305.8344009099528,0.0059898828311943,False,13
51620430,0.6119877,22,414.57497547380626,187.6799730118364,489.62086443789303,301.9408914260566,0.005710386407042391,False,17
51621678,0.4340356,22,397.16241527348757,197.78881666716188,493.33424577489495,295.54542910773307,0.007881069407087599,False,17
51784597,0.2896236,20,424.06714669195935,212.13172066491097,500.32162237912416,288.1899017142132,0.011516779951082821,False,13
51786275,0.270967,21,405.2919690962881,219.65016648173332,497.609572741203,277.9594062594697,0.01187274744759602,False,17
52059746,7.1282907,21,284.58703639917076,10.352230863645673,317.97841822262853,307.62618735898286,0.0004994869639109776,False,10
52059747,0.6373626,20,283.75820741057396,10.793087957426906,317.4482008209452,306.6551128635183,0.005568649606167519,False,14
52059949,52.6887263,21,280.0001113442704,13.211255287751555,315.9017679747194,302.69051268696785,6.649168923558557e-05,False,12
53182877,0.4461418,22,431.332576693967,-0.05309642292559147,517.0054190559313,517.0585154788569,0.013413837391571617,False,17
53222658,0.5300748,23,387.00703885406256,35.577624617144465,496.0526503622532,460.4750257451087,0.010054377339264299,False,16
53228372,0.2901774,28,376.4407054753974,25.524168787524104,490.9729473525658,465.4487785650417,0.018564983492164084,False,18
53232890,23.7810541,28,379.5072810142301,30.510442284867167,490.43963325675577,459.9291909718886,0.00022384434696431728,False,21
53235155,0.613064,28,387.19155869912356,37.88653698284179,493.80173028912395,455.91519330628216,0.008607251802132745,False,16
53235397,0.4022793,28,379.14597740164027,31.42956825904548,489.1195092815906,457.6899410225451,0.013168306896113051,False,19
53235521,0.4421082,26,387.70757348975167,38.545600371435285,493.8771969638765,455.3315965924412,0.011920253067523581,False,18
53235876,479.52218,25,392.80400939751416,46.70130196027458,493.66909170057625,446.96778974030167,1.0788319128803213e-05,False,9
53235922,0.792835,28,380.30992451822385,32.72742256522179,489.4630053313449,456.7355827661231,0.006667580855033518,False,21
53236580,0.5051796,24,395.2515164273791,46.24377137515694,491.1508576478809,444.907086272724,0.010193181934901908,False,15
53238530,49.4148521,28,385.7932579703629,37.943013617768884,491.90603233873844,453.96301872096956,0.00010632838877942887,False,19
53329569,1.5101662,22,207.50769751612097,-126.51549261063337,432.7484699897468,559.2639626003802,0.004286258380102132,False,12
53330452,1.8793,22,207.29530710959807,-125.79003889113665,431.78202607668936,557.572064967826,0.003433927729246028,False,14
53330884,0.3686884,21,145.19263117108494,-125.94386776909232,433.04082909598947,558.9846968650818,0.01754796269096152,False,15
53396979,1.7301673,21,224.24257267266512,32.55369777325541,315.1390193961561,282.58532162290066,0.0018903740954470116,False,17
53912901,0.6921498,21,266.58243492711335,8.759512938559055,436.9038877543062,428.14437481574714,0.007159396287502491,False,13
54234641,0.2446984,20,215.41839125566185,-4.970434843562543,269.1685353638604,274.138970207423,0.012966593765104712,False,14
54833781,440.2894711,20,81.5753631410189,-75.36076039541513,324.6631140355021,400.0238744309172,1.051559543882434e-05,True,7
55693949,0.6318289,26,326.65047029731795,147.4360326770693,423.91460496000946,276.47857228294015,0.005064636130916127,False,19
55709185,1.0541815,23,316.2417543120682,167.0870840549469,424.07719648908824,256.99011243414134,0.0028215469514664944,False,17
56915085,0.5851431,31,292.36797890625894,113.03280824795365,398.80905942991376,285.7762511819601,0.0056526266819026064,False,20
57826612,0.5596805,22,300.56182999396697,171.36501611676067,420.8929820917547,249.527965974994,0.005160185430343947,False,18
57826750,0.6986333,22,299.44604005431756,171.42966070678085,417.91257932782173,246.48291862104088,0.004083417664336783,False,17
57827024,0.2635814,23,285.1183998165652,170.43984637130052,415.1751042343676,244.7352578630671,0.010746524614577348,False,16
57827358,0.5288703,23,283.0296569969505,168.87077672872692,413.0470228381455,244.17624610941857,0.005343680595412055,False,18
57827397,0.1627031,23,282.9429992241785,168.15295913256705,414.55479729920626,246.4018381666392,0.017528081068699335,False,16
57989097,0.2703006,20,436.26163395820186,181.67511660140008,511.6069137118757,329.9317971104756,0.014127438337721126,False,15
57991378,0.1149337,21,442.1643488109112,191.44573789089918,512.6016427762806,321.15590488538146,0.032341099542342176,False,16
57992772,0.2983724,21,441.72021460253745,195.1705762417987,513.065039855428,317.89446361362934,0.012331348575143652,False,14
58248261,0.3547006,31,39.74583777599037,-131.90990863367915,391.4525746135041,523.3624832471833,0.017077603332766426,False,21
58248337,1.1088199,21,38.67121010553092,-130.18732506316155,385.3043449111283,515.4916699742898,0.0053808005906555035,False,12
58248360,0.339513,23,146.2707572383806,-132.94258823152632,395.5763207282871,528.5189089598134,0.01801732776609347,False,15
58248985,0.6538086,28,47.622002055868506,-131.8275300320238,393.19261056371033,525.0201405957341,0.009294190987447722,False,18
58249067,0.2853848,31,54.72996113821864,-131.73576516564935,393.1015780661255,524.8373432317749,0.021285318234905298,False,20
58249566,0.3322018,32,47.3101289360784,-130.5099960649386,389.8506263270974,520.360622392036,0.018129619974355086,False,16
58249780,0.313188,29,54.47222515940666,-130.37603795528412,389.93901098147035,520.3150489367545,0.01922859406570326,False,19
58249965,0.4603292,32,48.53534420253709,-131.49529926013201,394.61813780944794,526.11343706958,0.013228089575914427,False,20
58251035,0.6463156,32,48.464854806661606,-129.71449582837522,390.9037412144244,520.6182370427996,0.009323114032598343,False,19
58251450,0.2793478,27,55.67164595704526,-129.2189832776785,390.379548096098,519.5985313737765,0.021528259363059927,False,20
58251579,0.3373408,24,101.16471449146047,-129.52306971419603,391.7466675164178,521.2697372306138,0.017884627508087527,False,14
58252576,0.289383,32,48.701892409007996,-127.44067932944745,386.90881971269846,514.3494990421459,0.02057176545227843,False,21
58252767,0.3192948,32,48.849667771719396,-127.36931329127401,387.1043238323182,514.4736371235922,0.018649085375730397,False,20
58286884,1.701814,20,316.98192801559344,124.40768808592111,409.84945041127503,285.4417623253539,0.00194129564158474,False,16
58438055,0.658223,23,35.00530323944986,-145.7321210531518,376.31495241075754,522.0470734639093,0.009179581233753419,False,13
58794305,0.6943023,23,371.07720421627164,183.5238209925592,440.88309130165726,257.35927030909806,0.00429019932413756,False,17
58796041,0.4033178,23,367.31240556109697,181.6897916374728,436.5048894658685,254.81509782839566,0.007312468771421155,False,16
58798404,0.5871048,22,362.7246563555673,187.67487157601863,433.6185096530244,245.94363807700574,0.004848486820667332,False,18
58800074,0.3382136,23,365.0560942478478,188.085027015768,435.94799623824656,247.86296922247857,0.00848216738179928,False,18
58810544,148.9091553,24,355.9476889902726,197.49481617473066,435.80351339187473,238.30869721714407,1.852271949653129e-05,False,16
58972187,4.1957712,20,246.0360746481456,120.78033462166786,315.22187450900674,194.44153988733888,0.0005363688052706707,False,17
58972248,0.4986,20,241.30105425138026,124.41187421791255,318.16099053248763,193.74911631457508,0.004497526321723397,False,14
58973832,7.2730655,23,237.0036763837561,119.41533561330289,312.04989852849394,192.63456291519105,0.0003065511647608981,False,15
59051007,3.8743121,20,190.0251376326196,9.504830511286855,237.95533336233348,228.45050285104662,0.0006824703260889808,False,15
59051013,3.1146324,20,179.91635621292517,6.568880961276591,235.64923983067274,229.08035886939615,0.0008512699740970596,False,17
59051248,0.2823359,20,189.71292881760746,11.704850639216602,238.60621370840818,226.90136306919158,0.009301591415300707,False,15
59051356,0.3140934,20,189.0463437186554,13.959160353988409,239.84789815731347,225.88873780332506,0.008323807452925724,False,15
59051628,3.2933789,20,188.35111828520894,12.831534328870475,237.76877294294536,224.9372386140749,0.0007905073606128277,False,16
59052568,18.8561316,21,188.67007966618985,10.48045763745904,232.45379221625626,221.97333457879722,0.00013624935757683337,False,16
59054382,7.1473722,24,180.81178424181417,7.214670558460057,223.99829970672727,216.7836291482672,0.00035104786928665167,False,18
59054632,1.3134429,24,187.7542471513152,17.92035768739879,231.26211944036186,213.34176175296307,0.0018799700798734819,False,19
59057392,0.9527483,23,194.02884033042938,19.683364243246615,224.40589091274887,204.72252666950226,0.0024869881041030715,False,17
59428296,1.5864018,20,241.0303597454913,124.37924514524639,317.8535326849669,193.47428753972054,0.001411550173110893,False,17
59434931,0.2553419,20,123.98793547181413,-11.301678791642189,322.75001022499055,334.05168901663274,0.015141811795275526,False,17
59435172,0.2844286,21,132.00066641438752,-58.19180554244667,330.7001997018233,388.89200524426997,0.015824937701456127,False,14
59435638,0.5682907,20,132.7735207392834,-4.124763258732855,326.83514824602753,330.9599115047604,0.006740484282612925,False,16
59437778,0.3918396,22,136.57041317783296,-53.77809167839587,323.73179050628096,377.5098821846768,0.01115080594227951,False,16
59437932,475.5433359,20,140.28081223368645,4.14926209487021,325.8097206708044,321.6604585759342,7.828775409527293e-06,True,7
59438186,0.6001084,21,132.0868388749659,-53.05079100653529,322.6405723253265,375.6913633318618,0.007245823701506003,False,16
59724929,0.4679608,20,197.50960059463978,-12.844708166085184,320.0466735754162,332.8913817415014,0.008233402265525247,False,14
59739171,0.117263,21,363.64452538546175,95.38812548853457,441.9031351804733,346.51500969193876,0.034201669665222575,False,16
60261746,1.359531,26,122.67615610035136,-71.89517116639763,294.86240060068667,366.7575717670843,0.0031223115198254193,False,18
60262047,1.1712087,24,134.46972897509113,-69.04908483847976,301.6682063229382,370.71729116141796,0.0036634883163370775,False,19
60263076,0.6447481,27,114.95502989273518,-68.27850965783,294.5767088793218,362.8552185371518,0.006513727109104053,False,18
60263095,1.6683413,26,125.28723502764478,-66.44295898731798,291.229151096195,357.67211008351296,0.0024813408960965935,False,19
60263670,0.3328162,27,141.41808729618788,-64.24147286452353,290.10096369311213,354.34243655763566,0.012322674221705458,False,17
60263788,0.6255871,25,122.35485145356506,-62.46194117702544,297.00213766191155,359.464078838937,0.00665049499174561,False,19
60263799,0.3507986,27,140.291441953741,-64.3479592865333,288.7564307777211,353.1043900642544,0.011650150161615313,False,17
60264159,0.2927116,28,131.6631893045269,-64.29950664751232,291.64192294701934,355.94142959453166,0.01407423714044449,False,20
60265807,0.9297425,27,120.22434223908931,-58.55749330949038,288.30225022975355,346.85974353924394,0.004317948641734185,False,17
60289910,0.6459223,21,388.56615205295384,194.08007219899446,494.51413464266807,300.4340624436736,0.005383381396025612,False,14
60290272,0.7365449,21,386.3793535390869,198.63271610811353,493.8711154740304,295.23839936591685,0.004639379220156416,False,14
60412706,0.5932858,20,369.8820767342113,195.8436055574566,442.733420105651,246.8898145481944,0.0048164324878755115,False,11
60468363,0.4363576,20,117.33539127744734,-40.05481316708028,176.16173685528338,216.21655002236366,0.005734989756107329,False,16
60483813,11.475333,20,110.17724827397615,-42.86343490239233,171.64567995350808,214.5091148559004,0.00021635488790663023,False,15
60498365,0.3140902,21,145.84363661706448,-40.43635278940201,168.3213159441948,208.7576687335968,0.007692620532107231,False,17
60504463,0.5632822,22,143.08445354690775,-29.028369882144034,168.1690574157983,197.19742729794234,0.004051925714612004,False,17
60507049,423.9258504,22,133.30138355959207,-40.97340165171772,166.50173217058182,207.47513382229954,5.6645108221683624e-06,False,10
60513231,0.643158,20,115.69485878571868,-30.289544141851366,166.2519296631217,196.54147380497307,0.003536900071905267,False,15
60518388,0.3562054,20,110.11374404188246,-35.18741538282484,164.87957679200917,200.066992174834,0.006500716123923801,False,15
60656985,0.5211293,20,299.22994159860536,112.00796279590577,371.2754586478695,259.26749585196376,0.0057582277603472325,False,16
60657172,0.8249636,20,299.9151357798837,113.8144884025678,372.43868722580373,258.62419882323593,0.00362844570903273,False,15
60657582,0.1633747,21,298.68400152772665,115.09116184897721,372.41023988462985,257.31907803565264,0.018229444766277095,False,16
61496708,0.2631334,22,233.56509207515046,-5.179894203320146,331.2282803468406,336.40817455016077,0.014797107213936359,False,14
61496813,0.4104672,22,244.01688171783462,-4.604454757645726,329.8363854875788,334.44084024522454,0.009430334648892293,False,17
61497285,2.3638565,24,238.98780173622072,3.6601629573851824,329.64774048887193,325.98757753148675,0.0015961224251884129,False,15
61497610,0.4647898,22,232.10219170432538,2.6131503051146865,321.5421329252422,318.9289826201275,0.00794188613694715,False,17
61760167,0.5968521,30,325.180407485459,156.82850335724652,413.4770961944014,256.64859283715487,0.004976894316873657,False,19
61899853,0.4834943,37,264.37116398010403,-56.491577764973044,397.47333442792296,453.964912192896,0.010867188135932753,False,21
63434538,0.4417962,20,144.81507651507854,-81.21178227011114,396.78414270747453,477.9959249775857,0.012522426048019722,False,16
63435677,19.2922553,21,149.6324858861044,-79.25742315128446,391.46017238963395,470.7175955409184,0.00028239934803063845,False,15
63436195,0.3275896,20,151.65299393702298,-75.16964545939118,397.77286760509014,472.9425130644813,0.016709540470720232,False,13
63436596,0.2614688,20,166.54930596705526,-73.04369516205043,399.16436390485615,472.20805906690657,0.020902574433412792,False,14
63436799,0.6290427,24,201.40341874212027,-71.42435484565794,401.1073068715632,472.53166171722114,0.008694348499808408,False,16
63437025,0.2859976,24,202.10061088437214,-70.5580128589645,400.8959483820945,471.453961241059,0.019079331679425507,False,17
63437560,0.3294451,20,163.35363424150273,-71.91968383267522,392.5311621045694,464.4508459372446,0.016317099555112628,False,13
63437718,0.3520888,24,199.6441346942447,-69.71184150315821,396.39505685772747,466.1068983608857,0.015322145345338468,False,19
63438290,1.3543044,22,163.12721252907068,-70.14466139953583,389.42018961533904,459.5648510148749,0.003927505239949732,False,17
63439174,2.8654643,23,177.77724370826036,-64.74581281654537,394.9664322892204,459.71224510576576,0.001856852160961499,False,17
64169835,4.1698223,21,117.34278600197285,-101.61588038317859,289.56957010086626,391.18545048404485,0.0010858039155774986,False,15
64170749,13.5155622,22,117.62319901026785,-98.68888396304101,287.1449962724,385.83388023544103,0.00033040948234712864,False,16
64170766,0.3612828,21,117.37136095762253,-99.35699666384608,287.51575592905283,386.8727525928989,0.012393875091067564,False,13
64171523,0.26816,22,119.08497882541269,-97.75469382293522,288.57451854273677,386.329212365672,0.016674384400727108,False,16
64210279,372.0334589,20,423.13787976745516,227.25521286483854,494.6074887178838,267.3522758530453,8.317410626841422e-06,False,9
64211193,0.3519776,21,422.781294118613,232.4203861411661,493.499659281224,261.0792731400579,0.008585065772732265,False,16
64211202,0.2562958,21,423.60868100076914,233.08691277634352,494.2420750390738,261.1551622627303,0.011793518242810356,False,15
64441220,0.3373824,20,271.22931552585214,162.633807817474,401.26545703969896,238.63164922222495,0.008186379563713141,False,16
64449850,255.7446931,20,270.39165913593024,161.62726844195276,401.36940374504775,239.74213530309498,1.0849856546543177e-05,False,12
64468311,0.5434778,20,268.23694623308256,161.6528127109632,394.96572066564113,233.31290795467794,0.0049687050310151925,False,16
64486569,1.8461722,20,269.6411184850149,154.13225905504078,407.258503139019,253.12624408397824,0.0015869060855320638,False,18
64488620,0.3742226,20,265.5407374491915,156.53139862697572,400.10103278327733,243.56963415630162,0.0075331981230426955,False,16
64496966,0.5592193,20,265.71687654359266,154.68266468960792,400.8261036593467,246.14343896973878,0.005094392120377619,False,16
64505857,0.60313,20,262.5901634688489,155.63313919119537,393.7131500104442,238.08001081924886,0.0045687591079507615,False,14
64519009,0.2667362,20,263.61861607292667,151.29959613550454,397.7490495890379,246.44945345353335,0.010693802452708952,False,18
64520949,2.1717494,20,268.7527736881748,148.7660018261522,403.29264756292105,254.52664573676884,0.0013564687765462134,False,14
64528712,0.0420556,20,263.1459377123974,149.35198172461241,397.17267346568406,247.82069174107164,0.06820245207057896,False,15
64600489,13.2118125,21,356.2272690469399,85.13598712161183,472.06387859769166,386.9278914760798,0.00033896424712880557,False,16
64601210,0.6918138,21,363.8771137688309,93.48786359187216,475.362284691073,381.87442109920084,0.006388775183143652,False,18
65147776,1.0029789,22,385.56253445567563,191.02316424250603,511.1365921329707,320.11342789046466,0.00369401243287372,False,12
65409921,1.1468495,27,431.8602707237005,159.7256807377562,518.9932439709082,359.26756323315203,0.0036257498383812283,False,16
65707370,0.2463934,22,336.0838825930841,154.3520287843421,427.63936347328126,273.28733468893915,0.01283738872549368,False,17
65712645,0.6236793,20,351.20935847517103,168.6895572580397,426.47852373775095,257.78896647971123,0.004783978871056288,False,14
65713036,0.5845297,22,326.7932884977199,150.34808311611414,415.56987615767866,265.2217930415645,0.005251566650457302,False,17
66159119,0.2944054,21,437.77901062276214,106.21436240617186,499.3936432292685,393.17928082309663,0.015457210094100492,False,14
66340287,0.7365121,20,195.38964534876868,-10.392062296159565,372.24540347233415,382.6374657684937,0.006013036815444755,False,17
66601190,0.3090438,20,402.77321106987074,128.37230146396905,454.9926217412576,326.62032027728856,0.012232336584610778,False,12
66601994,0.5089493,21,399.61658937390894,137.50565377995372,457.4181410484016,319.9124872684479,0.007275166357172108,False,16
67079023,0.2729438,20,59.697173559106886,-107.62078897096217,290.59779262170196,398.2185815926641,0.0168863017259458,False,16
70834957,0.3148662,23,135.64661513082683,-43.755076616071165,241.92252103239298,285.67759764846414,0.010501138821781613,False,17
70835195,0.2783104,24,118.56616531731561,-45.843909960240126,239.66078138910234,285.50469134934247,0.01187326253770231,False,15
70836558,0.049367,23,127.46530200820416,-45.59292874764651,234.24313198775053,279.83606073539704,0.06560745630782865,False,15
70836696,0.3887188,24,125.37791234208271,-38.03500919602811,238.50057281088084,276.53558200690895,0.008233826895599467,False,18
70836946,13.5806201,23,141.7574462480843,-35.17723451368511,239.9720500689,275.1492845825851,0.00023449578721278916,False,17
70837644,0.237967,20,161.27389704342932,-31.708281417377293,236.80126850958914,268.50954992696643,0.013059581456466653,False,16
70879649,0.3610088,20,385.50410494208336,224.08056200947613,494.1849307855591,270.104368776083,0.008659644784131037,False,13
71713323,0.6251323,24,341.80541223613545,-110.04027833696455,492.29464419186115,602.3349225288257,0.011151989764007232,False,19
72372723,0.2895654,23,177.718242444098,-127.13442973326892,438.04181534796953,565.1762450812384,0.022590377598557348,False,15
72373285,0.237459,22,77.84388129366562,-126.59665604587644,434.4031991204247,560.9998551663011,0.027343894648084916,False,16
73598524,0.7292065,20,316.83176066726446,179.82417424209416,416.8872020440176,237.06302780192345,0.0037626996522984145,False,15
77823016,0.3136222,20,378.05669921217486,225.45184430200607,485.18624757416546,259.7344032721594,0.009585371262166392,False,13
77824269,1.0792131,21,338.2315509254113,228.29480250366032,483.4823290351778,255.1875265315175,0.002736771203810931,False,12
77824723,0.5466706,22,377.8063739882782,234.0983932837844,486.124944454059,252.02655117027462,0.005335889604961706,False,15
77825129,0.272232,21,339.5921607501805,238.41753790620714,487.71084914915264,249.2933112429455,0.01059882471750953,False,16
77825973,0.3805259,20,377.85417126724496,240.11428237427026,487.0503738289699,246.93609145469964,0.0075108070542873,False,14
77826191,0.5065092,20,374.7116000507958,234.5276186009869,482.38983030896634,247.86221170797944,0.005663817357062783,False,14
77826239,159.0071304,20,374.9044751864858,235.1720025530085,482.71931265480816,247.54731010179967,1.8018883157934248e-05,False,13
77826398,0.5390447,20,374.47680638870224,235.04481995478272,482.1762841427699,247.13146418798715,0.005306272137628192,False,14
77827133,0.6328105,20,377.1505603683181,242.1406468609348,485.50754813477397,243.36690127383918,0.0044511690980495525,False,16
77827357,182.3122286,20,426.80613241391256,243.1354796513915,485.74007553979754,242.60459588840604,1.540172913844364e-05,False,12
87877251,0.5773009,21,234.70031053293496,5.5928395595401525,331.66799331083894,326.0751537512988,0.006537349904066709,False,15
92903768,0.3150176,28,-26.689098787028342,-103.6226274445653,358.5441664326936,462.1667938772589,0.01698048841370361,False,19
96131644,1.4095663,20,339.08986734459177,69.53653001692146,393.46989796031266,323.9333679433912,0.00265984565297929,False,13
98165613,2.6808302,22,152.23103816388175,-72.57211001124233,311.6208599181846,384.1929699294269,0.0016586943450210686,False,18
120940265,0.1239944,22,299.00371067924425,13.454154040664434,405.88650356512517,392.43234952446073,0.036631017872250975,False,15
