source_id,variant,median_abs_residual,mean_logp,coverage1,coverage2,coverage3
10239191,binned_complete,0.2760504323092583,-6.914675273011947,0.15,0.25,0.45
10239191,clipping,0.21994369332565,-0.20676900506490087,0.35,0.85,0.95
10239191,floor,0.21994369332565,-0.20676900506490087,0.35,0.85,0.95
10239191,guide_only,0.28954550000000623,,,,
10239191,inflation,0.21994369332565,-0.20676900506490087,0.35,0.85,0.95
10239191,periodic,0.12224402039191411,0.28555723701575214,0.55,0.95,0.95
10239191,raw,0.2088368968184326,-0.05592144558293951,0.35,0.9,0.95
10239191,raw_plus_guide,0.27607759362211937,-6.852287376669847,0.15,0.25,0.45
10244303,binned_complete,0.0674666735897613,1.0143873697993444,0.6,0.88,1.0
10244303,clipping,0.0540364999999987,1.1509430727047694,0.56,0.92,1.0
10244303,floor,0.0540364999999987,1.1747437290268747,0.56,0.92,1.0
10244303,guide_only,0.0647746300239848,,,,
10244303,inflation,0.0540364999999987,1.1747437290268747,0.56,0.92,1.0
10244303,periodic,0.0544775757528448,1.1874279631410165,0.68,0.88,1.0
10244303,raw,0.0540364999999987,1.1534802178468586,0.84,0.96,1.0
10244303,raw_plus_guide,0.065060273729836,1.0266485630047761,0.56,0.84,1.0
10498570,binned_complete,0.3322367146781104,-19.197119059602503,0.1724137931034483,0.20689655172413793,0.27586206896551724
10498570,clipping,0.1983676744311413,-5.3139521702632235,0.5517241379310345,0.8275862068965517,0.9655172413793104
10498570,floor,0.2897393430182955,-6.816692303080834,0.7241379310344828,0.8275862068965517,0.8620689655172413
10498570,guide_only,0.3274050000000059,,,,
10498570,inflation,0.2897393430182955,-6.816692303080834,0.7241379310344828,0.8275862068965517,0.8620689655172413
10498570,periodic,0.2177776783257421,-7.125678717354607,0.7586206896551724,0.8275862068965517,0.8620689655172413
10498570,raw,0.2787427097705759,-3.254156086743071,0.896551724137931,0.9655172413793104,0.9655172413793104
10498570,raw_plus_guide,0.3300775585908031,-19.127883611390597,0.1724137931034483,0.20689655172413793,0.27586206896551724
10683246,binned_complete,0.05294663594791155,0.9844322077943631,0.625,0.9166666666666666,0.9583333333333334
10683246,clipping,0.043697284534307046,1.24752026103202,0.7916666666666666,0.9583333333333334,1.0
10683246,floor,0.043697284534307046,1.24752026103202,0.7916666666666666,0.9583333333333334,1.0
10683246,guide_only,0.06142619556554681,,,,
10683246,inflation,0.043697284534307046,1.24752026103202,0.7916666666666666,0.9583333333333334,1.0
10683246,periodic,0.045129141576119,1.2181874164780464,0.75,0.9166666666666666,1.0
10683246,raw,0.0449374999999978,1.2301764100592016,0.8333333333333334,0.9166666666666666,1.0
10683246,raw_plus_guide,0.056138065581199756,1.0446491012020926,0.7083333333333334,0.9166666666666666,1.0
10724744,binned_complete,0.1238432015114217,-18.128420071170723,0.36363636363636365,0.5454545454545454,0.7272727272727273
10724744,clipping,0.1437836461254242,-1.943718858141875,0.6363636363636364,0.9090909090909091,0.9090909090909091
10724744,floor,0.1647409999237954,-2.2949359740827906,0.8787878787878788,0.9393939393939394,0.9393939393939394
10724744,guide_only,0.123772906309556,,,,
10724744,inflation,0.1647409999237954,-2.2949359740827906,0.8787878787878788,0.9393939393939394,0.9393939393939394
10724744,periodic,0.174203712884708,-2.20806702926348,0.8787878787878788,0.9393939393939394,0.9393939393939394
10724744,raw,0.1647409999987861,-2.159940119883981,0.8787878787878788,0.9393939393939394,0.9393939393939394
10724744,raw_plus_guide,0.1241386779562994,-18.087272198588202,0.36363636363636365,0.5454545454545454,0.7272727272727273
10745759,binned_complete,0.16264090627340086,-5.992852569283104,0.25,0.4166666666666667,0.7083333333333334
10745759,clipping,0.11580299999999966,0.061334074538386095,0.7916666666666666,0.875,0.9583333333333334
10745759,floor,0.11580299999999966,0.061334074538386095,0.7916666666666666,0.875,0.9583333333333334
10745759,guide_only,0.16288544223129794,,,,
10745759,inflation,0.11580299999999966,0.061334074538386095,0.7916666666666666,0.875,0.9583333333333334
10745759,periodic,0.17011787357774377,-2.5364790012120224,0.5833333333333334,0.6666666666666666,0.8333333333333334
10745759,raw,0.11580299999999966,0.08490731798272916,0.7916666666666666,0.875,0.9583333333333334
10745759,raw_plus_guide,0.16086527890340196,-5.850523337823083,0.25,0.4583333333333333,0.7083333333333334
10775003,binned_complete,0.0575784521814668,0.7708307760256549,0.6896551724137931,0.896551724137931,0.9655172413793104
10775003,clipping,0.0364199466062764,1.0644317727507706,0.8275862068965517,0.9310344827586207,1.0
10775003,floor,0.0364199466062764,1.0644317727507706,0.8275862068965517,0.9310344827586207,1.0
10775003,guide_only,0.0602628261840223,,,,
10775003,inflation,0.0364199466062764,1.0644317727507706,0.8275862068965517,0.9310344827586207,1.0
10775003,periodic,0.0590330153840277,0.8443124563572189,0.7241379310344828,0.8620689655172413,1.0
10775003,raw,0.0474745128329665,1.0880626529329298,0.8275862068965517,0.9655172413793104,1.0
10775003,raw_plus_guide,0.0548623306168458,0.901013055564129,0.6896551724137931,0.9310344827586207,0.9655172413793104
10781693,binned_complete,0.1027638980609797,-8.106545222655305,0.39285714285714285,0.6071428571428571,0.6785714285714286
10781693,clipping,0.11425362646374454,0.06575178548769131,0.75,0.8571428571428571,1.0
10781693,floor,0.11425362646374454,0.06575178548769131,0.75,0.8571428571428571,1.0
10781693,guide_only,0.10228672258325665,,,,
10781693,inflation,0.11207317476583255,0.03738975101951495,0.75,0.8571428571428571,1.0
10781693,periodic,0.1076785543492402,-0.06271106082251669,0.7142857142857143,0.8928571428571429,0.9642857142857143
10781693,raw,0.1633872075360063,-0.4875565558742862,0.75,0.8571428571428571,0.9285714285714286
10781693,raw_plus_guide,0.10279494696863259,-7.918436354184643,0.35714285714285715,0.6071428571428571,0.6785714285714286
1087435,binned_complete,0.0306790391352693,-18.188053969594886,0.8928571428571429,0.9642857142857143,0.9642857142857143
1087435,clipping,0.03228763877649585,-18.19898153965961,0.8571428571428571,0.9642857142857143,0.9642857142857143
1087435,floor,0.0368572500000006,-19.727699336754178,0.9285714285714286,0.9642857142857143,0.9642857142857143
1087435,guide_only,0.0314639528270559,,,,
1087435,inflation,0.0368572500000006,-19.727699336754178,0.9285714285714286,0.9642857142857143,0.9642857142857143
1087435,periodic,0.11216784584980205,-29.297643014946225,0.8928571428571429,0.9642857142857143,0.9642857142857143
1087435,raw,0.0368572500000006,-24.411141250284427,0.8928571428571429,0.9642857142857143,0.9642857142857143
1087435,raw_plus_guide,0.0249155996695318,-18.132190296743513,0.8928571428571429,0.9642857142857143,0.9642857142857143
1089135,binned_complete,0.0749717903601068,0.7279152979946436,0.46153846153846156,0.8076923076923077,1.0
1089135,clipping,0.052913141687018744,1.1157633484777159,0.6923076923076923,0.9615384615384616,1.0
1089135,floor,0.052913141687018744,1.1157633484777159,0.6923076923076923,0.9615384615384616,1.0
1089135,guide_only,0.0778980231003503,,,,
1089135,inflation,0.052913141687018744,1.1157633484777159,0.6923076923076923,0.9615384615384616,1.0
1089135,periodic,0.06716088098923384,1.1331550990922123,0.5769230769230769,1.0,1.0
1089135,raw,0.052902130415914,1.0987617952494995,0.6923076923076923,1.0,1.0
1089135,raw_plus_guide,0.06851463869370986,0.77877255007605,0.5384615384615384,0.8461538461538461,1.0
10999288,binned_complete,0.02507213272472955,1.0686321156539675,0.75,0.9,0.95
10999288,clipping,0.0526574917546991,0.7800754773068072,0.65,0.9,0.95
10999288,floor,0.057383710806615945,0.7814099365144139,0.65,0.95,0.95
10999288,guide_only,0.0252554263999034,,,,
10999288,inflation,0.0576050000000005,0.7807854910043697,0.65,0.95,0.95
10999288,periodic,0.05745539005905705,0.6563555194839575,0.6,0.9,0.95
10999288,raw,0.0576050000000005,0.8637324039429487,0.85,0.95,0.95
10999288,raw_plus_guide,0.024850513289855748,1.0701280288533888,0.75,0.9,0.95
11007234,binned_complete,0.4738484281115553,-49.118851879441515,0.09523809523809523,0.19047619047619047,0.19047619047619047
11007234,clipping,0.3611320498455157,-2.4730316804520607,0.6190476190476191,0.7619047619047619,0.8095238095238095
11007234,floor,0.3611320498455157,-2.4730316804520607,0.6190476190476191,0.7619047619047619,0.8095238095238095
11007234,guide_only,0.4738926426080851,,,,
11007234,inflation,0.3611320498455157,-2.4730316804520607,0.6190476190476191,0.7619047619047619,0.8095238095238095
11007234,periodic,0.3230164094828787,-3.6493520176914496,0.6666666666666666,0.7142857142857143,0.8095238095238095
11007234,raw,0.3611320080271234,-2.8867460928966877,0.6190476190476191,0.7619047619047619,0.8571428571428571
11007234,raw_plus_guide,0.4745635653568634,-46.650198812365936,0.09523809523809523,0.19047619047619047,0.19047619047619047
11011121,binned_complete,0.03414881701039185,0.920811801482784,0.7272727272727273,0.8636363636363636,0.9545454545454546
11011121,clipping,0.04874731665522785,1.1239593435706334,0.6818181818181818,0.9545454545454546,1.0
11011121,floor,0.04874731665522785,1.1239593435706334,0.6818181818181818,0.9545454545454546,1.0
11011121,guide_only,0.03769778689928665,,,,
11011121,inflation,0.04874731665522785,1.1239593435706334,0.6818181818181818,0.9545454545454546,1.0
11011121,periodic,0.058885322630388204,1.08179387802791,0.5909090909090909,0.9090909090909091,1.0
11011121,raw,0.20129653916170476,0.25119015941649975,0.4090909090909091,0.9545454545454546,1.0
11011121,raw_plus_guide,0.029083318796784448,0.936518388117636,0.7272727272727273,0.8636363636363636,0.9545454545454546
11281544,binned_complete,0.0666498091940184,0.7868895316713305,0.6086956521739131,0.8695652173913043,0.9565217391304348
11281544,clipping,0.0784847876651646,0.7251455383849997,0.6521739130434783,0.9130434782608695,1.0
11281544,floor,0.0784847876651646,0.7251455383849997,0.6521739130434783,0.9130434782608695,1.0
11281544,guide_only,0.0615579999999944,,,,
11281544,inflation,0.0784847876651646,0.7251455383849997,0.6521739130434783,0.9130434782608695,1.0
11281544,periodic,0.0788129668388997,0.737784078359128,0.7391304347826086,0.9130434782608695,1.0
11281544,raw,0.085487655533651,0.68584735811585,0.6086956521739131,0.9130434782608695,1.0
11281544,raw_plus_guide,0.0663611334703091,0.791723022214352,0.6086956521739131,0.8695652173913043,0.9565217391304348
11331222,binned_complete,0.0611439512880025,0.9542142469040825,0.6086956521739131,0.9130434782608695,1.0
11331222,clipping,0.0423865641199903,1.2623336716276228,0.7391304347826086,0.9565217391304348,1.0
11331222,floor,0.0423865641199903,1.2623336716276228,0.7391304347826086,0.9565217391304348,1.0
11331222,guide_only,0.0639357754238751,,,,
11331222,inflation,0.0423865641199903,1.2623336716276228,0.7391304347826086,0.9565217391304348,1.0
11331222,periodic,0.0421772306729799,1.2106984422403728,0.6956521739130435,0.9565217391304348,1.0
11331222,raw,0.0515879999999988,1.1142764769429967,0.6521739130434783,0.9565217391304348,1.0
11331222,raw_plus_guide,0.0551944376950537,0.9717553014842975,0.6086956521739131,0.9130434782608695,1.0
11331797,binned_complete,0.17397558628750248,-5.173568487088487,0.2916666666666667,0.375,0.625
11331797,clipping,0.17497695335584135,-0.09443857681319841,0.5833333333333334,0.8333333333333334,1.0
11331797,floor,0.17497695335584135,-0.09443857681319841,0.5833333333333334,0.8333333333333334,1.0
11331797,guide_only,0.1736204257730005,,,,
11331797,inflation,0.17497695335584135,-0.09443857681319841,0.5833333333333334,0.8333333333333334,1.0
11331797,periodic,0.1742964264732478,-0.10632322135366963,0.5416666666666666,0.8333333333333334,1.0
11331797,raw,0.19118383897126456,-0.05605063098919214,0.5416666666666666,0.8333333333333334,1.0
11331797,raw_plus_guide,0.1739742477101398,-5.172478131598537,0.2916666666666667,0.375,0.625
1137452,binned_complete,0.1165936576005215,-3.3104629281963405,0.37037037037037035,0.7037037037037037,0.8518518518518519
1137452,clipping,0.1427395000000011,-0.4296944252747738,0.6666666666666666,0.8888888888888888,0.9259259259259259
1137452,floor,0.1720435000000009,-0.20799974596233822,0.6296296296296297,0.8888888888888888,1.0
1137452,guide_only,0.1160550000000064,,,,
1137452,inflation,0.1720435000000009,-0.20799974596233822,0.6296296296296297,0.8888888888888888,1.0
1137452,periodic,0.161904100000001,-0.8893995191181432,0.5185185185185185,0.8518518518518519,0.9259259259259259
1137452,raw,0.1720435000000009,-0.19507360121757064,0.6666666666666666,0.8888888888888888,1.0
1137452,raw_plus_guide,0.1172643063327925,-3.29910643089657,0.37037037037037035,0.7037037037037037,0.8518518518518519
1148586,binned_complete,0.08889810532941395,-67.99118338738411,0.45,0.55,0.7
1148586,clipping,0.08840098331556676,-62.19726125495178,0.7,0.8,0.8
1148586,floor,0.09555386998012591,-2.0735069919494764,0.85,0.85,0.9
1148586,guide_only,0.08857633535712844,,,,
1148586,inflation,0.09555386998012591,-2.0735069919494764,0.85,0.85,0.9
1148586,periodic,0.41878609427109476,-2.0186413745194263,0.85,0.9,0.9
1148586,raw,0.0955531455942262,-2.071703630026039,0.85,0.85,0.9
1148586,raw_plus_guide,0.0895448787540864,-67.85595909211767,0.45,0.55,0.7
11566495,binned_complete,0.1278456996651957,-2.6550358203688047,0.3076923076923077,0.5384615384615384,0.7692307692307693
11566495,clipping,0.15111400273154452,0.08223664749426088,0.4230769230769231,0.8461538461538461,1.0
11566495,floor,0.15111400273154452,0.08223664749426088,0.4230769230769231,0.8461538461538461,1.0
11566495,guide_only,0.1343452676707457,,,,
11566495,inflation,0.15111400273154452,0.08223664749426088,0.4230769230769231,0.8461538461538461,1.0
11566495,periodic,0.143470897861178,0.23382831863396933,0.46153846153846156,0.8846153846153846,1.0
11566495,raw,0.157568118945905,0.001941826482242715,0.38461538461538464,0.8461538461538461,1.0
11566495,raw_plus_guide,0.12693421022973614,-2.2951255316515597,0.3076923076923077,0.5769230769230769,0.8076923076923077
11757532,binned_complete,0.13249178219085866,-8.977251839157132,0.25,0.5,0.55
11757532,clipping,0.35134181933876896,-0.9299699332584244,0.4,0.75,1.0
11757532,floor,0.35134181933876896,-0.9299699332584244,0.4,0.75,1.0
11757532,guide_only,0.12876682970512293,,,,
11757532,inflation,0.35134181933876896,-0.9299699332584244,0.4,0.75,1.0
11757532,periodic,0.4109053362129975,-1.4015532023705117,0.3,0.75,0.85
11757532,raw,0.4026183147706943,-1.1611056374216262,0.3,0.7,0.9
11757532,raw_plus_guide,0.1354339873709511,-8.908235448091148,0.25,0.5,0.55
11767831,binned_complete,0.1881824933107712,-8.384209477193869,0.23809523809523808,0.42857142857142855,0.6666666666666666
11767831,clipping,0.1498593696245809,-0.2701452077908359,0.5238095238095238,0.9047619047619048,0.9523809523809523
11767831,floor,0.1498593696245809,-0.2701452077908359,0.5238095238095238,0.9047619047619048,0.9523809523809523
11767831,guide_only,0.1873466708271376,,,,
11767831,inflation,0.1498593696245809,-0.2701452077908359,0.5238095238095238,0.9047619047619048,0.9523809523809523
11767831,periodic,0.1859511875000006,-0.19514988051534374,0.5714285714285714,0.9523809523809523,0.9523809523809523
11767831,raw,0.1498619999999988,-0.27631487324518833,0.5714285714285714,0.9047619047619048,0.9523809523809523
11767831,raw_plus_guide,0.1893510250014447,-8.00461302636985,0.2857142857142857,0.42857142857142855,0.6666666666666666
11937619,binned_complete,0.0608943675833568,0.922583315611453,0.5454545454545454,0.8636363636363636,1.0
11937619,clipping,0.07902030104892255,0.619588999506652,0.7272727272727273,0.9545454545454546,1.0
11937619,floor,0.1134101442775641,0.40454912698408163,0.6363636363636364,0.8636363636363636,1.0
11937619,guide_only,0.05351433618985975,,,,
11937619,inflation,0.1134101442775641,0.40454912698408163,0.6363636363636364,0.8636363636363636,1.0
11937619,periodic,0.0945549285865663,0.695946821046207,0.6363636363636364,0.9545454545454546,1.0
11937619,raw,0.11431901979337056,0.45332884625952735,0.6363636363636364,0.8636363636363636,1.0
11937619,raw_plus_guide,0.0654624112594035,0.906857867858868,0.5454545454545454,0.8181818181818182,1.0
12257100,binned_complete,0.1611269685022947,-15.035911096572049,0.21739130434782608,0.4782608695652174,0.5652173913043478
12257100,clipping,0.3456748694757898,-1.9945334544063538,0.5652173913043478,0.7391304347826086,0.8260869565217391
12257100,floor,0.3456748694757898,-1.9945334544063538,0.5652173913043478,0.7391304347826086,0.8260869565217391
12257100,guide_only,0.1395982603332797,,,,
12257100,inflation,0.3456748694757898,-1.9945334544063538,0.5652173913043478,0.7391304347826086,0.8260869565217391
12257100,periodic,0.2922482380952367,-2.165982019358922,0.6086956521739131,0.7391304347826086,0.8260869565217391
12257100,raw,0.3463631763262391,-1.5521521141304877,0.5652173913043478,0.782608695652174,0.8695652173913043
12257100,raw_plus_guide,0.1700602165253038,-15.11659082329906,0.21739130434782608,0.4782608695652174,0.5652173913043478
12258499,binned_complete,0.1752002608705698,-32.227933009551904,0.2608695652173913,0.4782608695652174,0.5217391304347826
12258499,clipping,0.1547406484807219,-2.3022595924162483,0.43478260869565216,0.5217391304347826,0.6521739130434783
12258499,floor,0.0719994135645443,-1.9617491807917673,0.6086956521739131,0.6086956521739131,0.6521739130434783
12258499,guide_only,0.1806690466532448,,,,
12258499,inflation,0.0719994135645443,-1.9617491807917673,0.6086956521739131,0.6086956521739131,0.6521739130434783
12258499,periodic,0.1162248712284395,-1.1253612310615366,0.6086956521739131,0.6521739130434783,0.7391304347826086
12258499,raw,0.1055784248331868,-1.9809916199643165,0.5652173913043478,0.6086956521739131,0.6956521739130435
12258499,raw_plus_guide,0.1730386950405158,-32.15684430947687,0.2608695652173913,0.4782608695652174,0.5217391304347826
12373379,binned_complete,0.11733843375323615,-2.67929461137297,0.3,0.6,0.75
12373379,clipping,0.1201759517239278,-0.6769030542213055,0.6,0.9,0.95
12373379,floor,0.1201759517239278,-0.6597399241527727,0.6,0.9,0.95
12373379,guide_only,0.1175439999999934,,,,
12373379,inflation,0.12164653292684234,-0.8233301345132255,0.6,0.9,0.95
12373379,periodic,0.13832414417513833,-0.2395221092731759,0.6,0.95,0.95
12373379,raw,0.1264624693663538,-0.31979508750376995,0.6,0.95,0.95
12373379,raw_plus_guide,0.11770452584433849,-2.722440809400314,0.35,0.6,0.75
12380680,binned_complete,0.06579636267296954,0.8549943091069524,0.55,0.9,1.0
12380680,clipping,0.06427549999999894,0.9350284704918594,0.65,1.0,1.0
12380680,floor,0.06427549999999894,0.9350284704918594,0.65,1.0,1.0
12380680,guide_only,0.06503969047080099,,,,
12380680,inflation,0.06427549999999894,0.9350284704918594,0.65,1.0,1.0
12380680,periodic,0.06581726666667005,0.9523705032954762,0.6,1.0,1.0
12380680,raw,0.06427549999999894,0.936182000700937,0.65,1.0,1.0
12380680,raw_plus_guide,0.06495798743087094,0.8760293042088643,0.55,0.9,1.0
12428154,binned_complete,0.024955173225164197,0.7725590094936822,0.8823529411764706,0.9411764705882353,0.9411764705882353
12428154,clipping,0.0290499996704545,0.7034817158946369,0.8529411764705882,0.9411764705882353,0.9411764705882353
12428154,floor,0.03201850000000035,0.7303237386129546,0.9117647058823529,0.9411764705882353,0.9411764705882353
12428154,guide_only,0.027182153185162948,,,,
12428154,inflation,0.02847363694341615,0.6760184543983087,0.9117647058823529,0.9411764705882353,0.9411764705882353
12428154,periodic,0.0395064458049496,0.6894183672696983,0.9411764705882353,0.9411764705882353,0.9411764705882353
12428154,raw,0.02874449999999925,0.6888769601939085,0.9117647058823529,0.9411764705882353,0.9411764705882353
12428154,raw_plus_guide,0.02280216051685175,0.7558659228858188,0.8823529411764706,0.9411764705882353,0.9411764705882353
12456197,binned_complete,0.23719446860313376,-3.073130932763292,0.05,0.3,0.6
12456197,clipping,0.095017029022582,0.54387214874955,0.6,1.0,1.0
12456197,floor,0.095017029022582,0.54387214874955,0.6,1.0,1.0
12456197,guide_only,0.23751061853923255,,,,
12456197,inflation,0.095017029022582,0.54387214874955,0.6,1.0,1.0
12456197,periodic,0.07645670626465766,0.5558949519259881,0.65,1.0,1.0
12456197,raw,0.0986513633979964,0.5365073784558889,0.65,1.0,1.0
12456197,raw_plus_guide,0.2358439764940261,-3.062884576710691,0.05,0.3,0.6
12458863,binned_complete,0.055685750272411697,0.92612908996283,0.6153846153846154,0.8846153846153846,1.0
12458863,clipping,0.050528557266455096,0.9961419685428484,0.6538461538461539,0.9230769230769231,1.0
12458863,floor,0.0506176027178728,0.992893625194639,0.6538461538461539,0.9230769230769231,1.0
12458863,guide_only,0.05660160134039665,,,,
12458863,inflation,0.0506176027178728,0.992893625194639,0.6538461538461539,0.9230769230769231,1.0
12458863,periodic,0.04305331985951885,0.996937944445819,0.6923076923076923,0.8461538461538461,1.0
12458863,raw,0.0509650540051218,0.9219731358931392,0.6923076923076923,0.8461538461538461,0.9615384615384616
12458863,raw_plus_guide,0.0567717938098528,0.9443893898029927,0.6153846153846154,0.8846153846153846,1.0
12486028,binned_complete,0.0889947094482614,-5.1940720027645835,0.47619047619047616,0.8095238095238095,0.8095238095238095
12486028,clipping,0.352626500000003,-0.8303863554170671,0.5238095238095238,0.8095238095238095,0.9523809523809523
12486028,floor,0.352626500000003,-0.8303863554170671,0.5238095238095238,0.8095238095238095,0.9523809523809523
12486028,guide_only,0.0909749999999931,,,,
12486028,inflation,0.352626500000003,-0.8303863554170671,0.5238095238095238,0.8095238095238095,0.9523809523809523
12486028,periodic,0.3851095714285719,-0.8298679790528848,0.47619047619047616,0.8571428571428571,0.9523809523809523
12486028,raw,0.352626500000003,-0.8121491270924812,0.5238095238095238,0.8095238095238095,0.9523809523809523
12486028,raw_plus_guide,0.0888066184596425,-5.160472604734293,0.42857142857142855,0.8095238095238095,0.8095238095238095
12644929,binned_complete,0.19187777758835445,-1.5027287823275055,0.0,0.3333333333333333,0.8333333333333334
12644929,clipping,0.02874362467142875,1.0659642028181324,0.8333333333333334,1.0,1.0
12644929,floor,0.05706699999999995,0.31899969815092655,1.0,1.0,1.0
12644929,guide_only,0.18367650000000774,,,,
12644929,inflation,0.05706699999999995,0.31899969815092655,1.0,1.0,1.0
12644929,periodic,0.0774214411764706,0.09105360667448842,1.0,1.0,1.0
12644929,raw,0.05706699999999995,0.30876919256694396,1.0,1.0,1.0
12644929,raw_plus_guide,0.1809043409473112,-1.1115700392516654,0.0,0.3333333333333333,1.0
12645321,binned_complete,0.0278115072551754,-2.371892230287445,0.75,0.8333333333333334,0.9166666666666666
12645321,clipping,0.054918030334473344,-2.132524649857206,0.6666666666666666,0.8333333333333334,0.9166666666666666
12645321,floor,0.02846174273706565,-0.9857896737226138,0.9166666666666666,0.9583333333333334,0.9583333333333334
12645321,guide_only,0.02733811768767675,,,,
12645321,inflation,0.02846174273706565,-0.9857896737226138,0.9166666666666666,0.9583333333333334,0.9583333333333334
12645321,periodic,0.0820768972500385,-2.411314932926628,0.75,0.9583333333333334,0.9583333333333334
12645321,raw,0.0284617498871009,-0.7164420853478557,0.9166666666666666,0.9583333333333334,0.9583333333333334
12645321,raw_plus_guide,0.02755099640788565,-2.335403293009238,0.75,0.8333333333333334,0.9166666666666666
12827079,binned_complete,0.1919850852648021,-10.241507075109476,0.25925925925925924,0.3333333333333333,0.5925925925925926
12827079,clipping,0.1400923436102203,-1.7592990723301876,0.5925925925925926,0.7777777777777778,0.8148148148148148
12827079,floor,0.1400923436102203,-1.7592990723301876,0.5925925925925926,0.7777777777777778,0.8148148148148148
12827079,guide_only,0.1931450000000065,,,,
12827079,inflation,0.1255008065361185,-1.4350361735946462,0.5185185185185185,0.7777777777777778,0.8888888888888888
12827079,periodic,0.1806292516972387,-1.9580360164682358,0.4444444444444444,0.7407407407407407,0.8148148148148148
12827079,raw,0.1228305686943453,-1.8381109417038741,0.7037037037037037,0.8518518518518519,0.9629629629629629
12827079,raw_plus_guide,0.1923639403257695,-10.227671221085382,0.2222222222222222,0.2962962962962963,0.5925925925925926
13088029,binned_complete,0.0742536496832784,-2.438137921373241,0.47619047619047616,0.8095238095238095,0.9047619047619048
13088029,clipping,0.1414784988844193,-2.3180692180755096,0.47619047619047616,0.8571428571428571,0.9047619047619048
13088029,floor,0.1548388115364556,-2.5336088799692322,0.7142857142857143,0.8571428571428571,0.9047619047619048
13088029,guide_only,0.0758810000000078,,,,
13088029,inflation,0.1548388115364556,-2.5336088799692322,0.7142857142857143,0.8571428571428571,0.9047619047619048
13088029,periodic,0.1871146280180262,-2.7961649404846347,0.6666666666666666,0.7619047619047619,0.9047619047619048
13088029,raw,0.1648650000000007,-1.8322409288775339,0.7142857142857143,0.7619047619047619,0.9047619047619048
13088029,raw_plus_guide,0.0714076646230292,-2.4359790753614257,0.47619047619047616,0.8095238095238095,0.9047619047619048
13208778,binned_complete,0.10557054505754765,-15.42486847906421,0.36666666666666664,0.5333333333333333,0.5666666666666667
13208778,clipping,0.2376250386580363,-1.2471749643086243,0.4666666666666667,0.8,0.9333333333333333
13208778,floor,0.2376250386580363,-1.2471749643086243,0.4666666666666667,0.8,0.9333333333333333
13208778,guide_only,0.11950943286434595,,,,
13208778,inflation,0.24497098262963665,-1.3249626863076633,0.43333333333333335,0.7666666666666667,0.9333333333333333
13208778,periodic,0.1296692698352739,-0.3219123134741625,0.6666666666666666,0.9333333333333333,0.9333333333333333
13208778,raw,0.30767730845501434,-0.6268821963968302,0.36666666666666664,0.9,0.9666666666666667
13208778,raw_plus_guide,0.0971348589608229,-15.352187635669555,0.36666666666666664,0.5333333333333333,0.5666666666666667
13208782,binned_complete,0.07103910853262005,0.28741123886706765,0.5,0.8666666666666667,0.9333333333333333
13208782,clipping,0.08579575704376904,0.447415167896545,0.43333333333333335,0.9,0.9666666666666667
13208782,floor,0.08347474999999879,0.38971965546845055,0.7,0.9666666666666667,0.9666666666666667
13208782,guide_only,0.0701210000000003,,,,
13208782,inflation,0.08347474999999879,0.38971965546845055,0.7,0.9666666666666667,0.9666666666666667
13208782,periodic,0.07779825691700455,0.3748200484363676,0.7333333333333333,0.9666666666666667,0.9666666666666667
13208782,raw,0.08347608153921016,0.43044491676178687,0.7666666666666667,0.9666666666666667,0.9666666666666667
13208782,raw_plus_guide,0.07313358767961195,0.28679872745884616,0.5,0.8666666666666667,0.9333333333333333
13397690,binned_complete,0.0330676255294619,1.5765422232514148,0.9523809523809523,1.0,1.0
13397690,clipping,0.0498113344533237,1.3812721773606587,0.8095238095238095,1.0,1.0
13397690,floor,0.0498113344533237,1.3812721773606587,0.8095238095238095,1.0,1.0
13397690,guide_only,0.0358439999999937,,,,
13397690,inflation,0.0498113344533237,1.3812721773606587,0.8095238095238095,1.0,1.0
13397690,periodic,0.0456431422682879,1.446666926978276,0.6666666666666666,0.9523809523809523,1.0
13397690,raw,0.0547840000000015,1.2999598416465694,0.6190476190476191,0.9523809523809523,1.0
13397690,raw_plus_guide,0.0283340988432421,1.600427226356592,1.0,1.0,1.0
1361192,binned_complete,0.1333138370253159,-5.6407504010792495,0.18518518518518517,0.5555555555555556,0.5555555555555556
1361192,clipping,0.1387744324390301,-0.2834703143578042,0.6296296296296297,0.8518518518518519,0.9259259259259259
1361192,floor,0.1387744324390301,-0.2834703143578042,0.6296296296296297,0.8518518518518519,0.9259259259259259
1361192,guide_only,0.1333780000000075,,,,
1361192,inflation,0.1387744324390301,-0.2834703143578042,0.6296296296296297,0.8518518518518519,0.9259259259259259
1361192,periodic,0.1516430239296085,-0.09665467810364703,0.6666666666666666,0.8888888888888888,0.9629629629629629
1361192,raw,0.1424734019174138,-0.11546314119480347,0.6296296296296297,0.9259259259259259,1.0
1361192,raw_plus_guide,0.1329035704147116,-5.634348666780519,0.18518518518518517,0.5555555555555556,0.5925925925925926
13654275,binned_complete,0.1276363695689788,-3.9380898608209365,0.4,0.55,0.75
13654275,clipping,0.1012184999999989,-0.28296894599638756,0.55,0.85,0.9
13654275,floor,0.1245215577718541,-0.2643011292096509,0.9,0.95,0.95
13654275,guide_only,0.12961815163659815,,,,
13654275,inflation,0.1245215577718541,-0.2643011292096509,0.9,0.95,0.95
13654275,periodic,0.11540999999999975,-0.18363398159011074,0.8,0.95,0.95
13654275,raw,0.1245185408583724,-0.21641520817447915,0.9,0.95,0.95
13654275,raw_plus_guide,0.1287384256729664,-3.9133614390913736,0.4,0.5,0.75
14021974,binned_complete,0.16964931569278446,-15.737849321335574,0.16666666666666666,0.4583333333333333,0.5833333333333334
14021974,clipping,0.2537182498964743,-0.43977167209365037,0.7083333333333334,0.9166666666666666,1.0
14021974,floor,0.2537182498964743,-0.43977167209365037,0.7083333333333334,0.9166666666666666,1.0
14021974,guide_only,0.1694152911223074,,,,
14021974,inflation,0.2537182498964743,-0.43977167209365037,0.7083333333333334,0.9166666666666666,1.0
14021974,periodic,0.2372150000000008,-0.5854251500756813,0.875,0.9583333333333334,1.0
14021974,raw,0.2537182499999995,-0.43617055848681613,0.7083333333333334,0.9166666666666666,1.0
14021974,raw_plus_guide,0.17062222091112206,-15.28810143551137,0.20833333333333334,0.4583333333333333,0.625
14025549,binned_complete,0.0211008101223466,-0.77466154027263,0.8,0.96,0.96
14025549,clipping,0.022365000278496,-0.7752397572619119,0.84,0.96,0.96
14025549,floor,0.022365000278496,-1.3690373063837171,0.92,0.96,0.96
14025549,guide_only,0.0245668379861943,,,,
14025549,inflation,0.022365000278496,-1.3690373063837171,0.92,0.96,0.96
14025549,periodic,0.0468588947368449,-3.6969086571253564,0.88,0.96,0.96
14025549,raw,0.0223649999979809,-2.0198809981175527,0.92,0.96,0.96
14025549,raw_plus_guide,0.015097566963842,-0.8030447779406457,0.88,0.96,0.96
14462866,binned_complete,0.21031146247587346,-14.15330776964246,0.3076923076923077,0.4230769230769231,0.5
14462866,clipping,0.18090999999999985,-1.19098339384922,0.5384615384615384,0.7692307692307693,0.8846153846153846
14462866,floor,0.1809830000000003,-0.49511301539929264,0.7307692307692307,0.9615384615384616,0.9615384615384616
14462866,guide_only,0.2113831838055633,,,,
14462866,inflation,0.1809830000000003,-0.49511301539929264,0.7307692307692307,0.9615384615384616,0.9615384615384616
14462866,periodic,0.2308723842105262,-0.44446992566026633,0.6923076923076923,0.9615384615384616,0.9615384615384616
14462866,raw,0.1809830000000003,-0.4918116047338878,0.7307692307692307,0.9615384615384616,0.9615384615384616
14462866,raw_plus_guide,0.20872666403622375,-14.189810483638603,0.3076923076923077,0.4230769230769231,0.5
14506569,binned_complete,0.08810088197506255,0.15739827278886664,0.46875,0.71875,0.90625
14506569,clipping,0.06600243144081644,0.5333255185430614,0.8125,0.9375,1.0
14506569,floor,0.06600243144081644,0.6152583561882244,0.8125,0.9375,1.0
14506569,guide_only,0.0882762385828108,,,,
14506569,inflation,0.06600243144081644,0.6152583561882244,0.8125,0.9375,1.0
14506569,periodic,0.07204245578801674,0.6029457970893537,0.6875,0.90625,1.0
14506569,raw,0.1162230343222994,0.20107528279883957,0.71875,0.9375,0.96875
14506569,raw_plus_guide,0.08803496120609461,0.18167704441651988,0.46875,0.71875,0.90625
14738575,binned_complete,0.11554553101516335,-3.356245706848668,0.36363636363636365,0.6363636363636364,0.8636363636363636
14738575,clipping,0.15164749999999924,-1.1042369839564672,0.6363636363636364,0.9090909090909091,0.9545454545454546
14738575,floor,0.15164749999999924,-1.1042369839564672,0.6363636363636364,0.9090909090909091,0.9545454545454546
14738575,guide_only,0.11494665259224571,,,,
14738575,inflation,0.15164749999999924,-1.0622029889244444,0.6363636363636364,0.9090909090909091,0.9545454545454546
14738575,periodic,0.12519022222221915,-1.0757392182210337,0.6363636363636364,0.9090909090909091,0.9545454545454546
14738575,raw,0.16600499857931525,-0.11214157382677327,0.6818181818181818,0.9090909090909091,1.0
14738575,raw_plus_guide,0.1166719942880094,-3.296708142819976,0.36363636363636365,0.6363636363636364,0.8636363636363636
1487059,binned_complete,0.1057116536728486,0.070934470923995,0.2692307692307692,0.7307692307692307,0.8846153846153846
1487059,clipping,0.09619436545767265,0.6670809910914018,0.46153846153846156,0.9230769230769231,1.0
1487059,floor,0.09619436545767265,0.6670809910914018,0.46153846153846156,0.9230769230769231,1.0
1487059,guide_only,0.10656620302131875,,,,
1487059,inflation,0.09619436545767265,0.6670809910914018,0.46153846153846156,0.9230769230769231,1.0
1487059,periodic,0.0986536757229972,0.7567241962672537,0.4230769230769231,0.9615384615384616,1.0
1487059,raw,0.10186084152079725,0.6066646259360198,0.5,0.9230769230769231,1.0
1487059,raw_plus_guide,0.10480382728058575,0.10560570937006916,0.2692307692307692,0.7307692307692307,0.8846153846153846
15134517,binned_complete,0.0225838305319907,1.5401199140860398,0.8846153846153846,1.0,1.0
15134517,clipping,0.0241533744491384,1.5186813936492776,0.8846153846153846,1.0,1.0
15134517,floor,0.0241533744491384,1.5186813936492776,0.8846153846153846,1.0,1.0
15134517,guide_only,0.0240579373401237,,,,
15134517,inflation,0.0241533744491384,1.5186813936492776,0.8846153846153846,1.0,1.0
15134517,periodic,0.026085380974553353,1.6215068637116823,0.8461538461538461,0.9230769230769231,1.0
15134517,raw,0.03613662549589055,1.5183677817811143,0.8076923076923077,1.0,1.0
15134517,raw_plus_guide,0.02227863456242745,1.547700257008344,0.8846153846153846,1.0,1.0
15211789,binned_complete,0.03970642365406005,1.0483084915886884,0.6363636363636364,0.8636363636363636,1.0
15211789,clipping,0.07531269565949114,0.83670163137403,0.5909090909090909,0.8636363636363636,1.0
15211789,floor,0.07531269565949114,0.83670163137403,0.5909090909090909,0.8636363636363636,1.0
15211789,guide_only,0.0397345380500944,,,,
15211789,inflation,0.07531269565949114,0.83670163137403,0.5909090909090909,0.8636363636363636,1.0
15211789,periodic,0.07885433915573434,0.7586070688883848,0.5,0.8636363636363636,1.0
15211789,raw,0.07726537784075654,0.8689147287443933,0.5909090909090909,0.8636363636363636,1.0
15211789,raw_plus_guide,0.037980921924820096,1.0466279033927057,0.6363636363636364,0.8636363636363636,1.0
1525735,binned_complete,0.030293721920869147,-0.2038725576322165,0.6538461538461539,0.8461538461538461,0.8461538461538461
1525735,clipping,0.03696446195287965,0.6145868363191992,0.7307692307692307,0.8461538461538461,0.9230769230769231
1525735,floor,0.03696446195287965,0.6145868363191992,0.7307692307692307,0.8461538461538461,0.9230769230769231
1525735,guide_only,0.03080981901985685,,,,
1525735,inflation,0.03696446195287965,0.6145868363191992,0.7307692307692307,0.8461538461538461,0.9230769230769231
1525735,periodic,0.0388528560247305,1.0694874994398587,0.7307692307692307,0.8846153846153846,1.0
1525735,raw,0.1416047075769224,0.5366119928196282,0.5769230769230769,1.0,1.0
1525735,raw_plus_guide,0.030977227147579847,-0.1959181456395869,0.6538461538461539,0.8076923076923077,0.8461538461538461
1526394,binned_complete,0.0810703667481096,0.9247138907259516,0.46153846153846156,0.8846153846153846,1.0
1526394,clipping,0.0826842433814185,0.9429947808716854,0.46153846153846156,0.9230769230769231,1.0
1526394,floor,0.0826842433814185,0.9429947808716854,0.46153846153846156,0.9230769230769231,1.0
1526394,guide_only,0.08273269553946064,,,,
1526394,inflation,0.0826842433814185,0.9429947808716854,0.46153846153846156,0.9230769230769231,1.0
1526394,periodic,0.06370360961196114,1.0516294977767002,0.5384615384615384,0.9230769230769231,1.0
1526394,raw,0.08625974999999994,0.9301871531431112,0.5,0.9230769230769231,1.0
1526394,raw_plus_guide,0.0812544139617461,0.9411803595683886,0.46153846153846156,0.8846153846153846,1.0
1527302,binned_complete,0.0353053445982496,-0.26668421847016843,0.6,0.8,0.84
1527302,clipping,0.0404904558736838,0.425524567767539,0.68,0.88,0.96
1527302,floor,0.0404904558736838,0.425524567767539,0.68,0.88,0.96
1527302,guide_only,0.0550460915198147,,,,
1527302,inflation,0.0404904558736838,0.425524567767539,0.68,0.88,0.96
1527302,periodic,0.0637201881791114,0.2913184010588607,0.68,0.8,0.96
1527302,raw,0.1454211316200204,0.45492172442958334,0.48,0.96,1.0
1527302,raw_plus_guide,0.0354578365523394,-0.20272124474066328,0.6,0.8,0.84
1528638,binned_complete,0.1440783587562091,-14.544743647257137,0.25925925925925924,0.48148148148148145,0.6666666666666666
1528638,clipping,0.0783959999999996,-2.417513799593359,0.7037037037037037,0.8148148148148148,0.9259259259259259
1528638,floor,0.0868129999587381,-1.0922316405341452,0.8518518518518519,0.9629629629629629,0.9629629629629629
1528638,guide_only,0.1443267889514103,,,,
1528638,inflation,0.0868129999587381,-1.0922316405341452,0.8518518518518519,0.9629629629629629,0.9629629629629629
1528638,periodic,0.1965919523809542,-1.162632265758203,0.8888888888888888,0.9629629629629629,0.9629629629629629
1528638,raw,0.0868129998655788,-1.0381014085795142,0.8518518518518519,0.9629629629629629,0.9629629629629629
1528638,raw_plus_guide,0.1430696041457064,-14.559851187047476,0.2962962962962963,0.48148148148148145,0.6666666666666666
15516254,binned_complete,0.1223021562320827,-1.9868878063953288,0.3448275862068966,0.5862068965517241,0.7241379310344828
15516254,clipping,0.1089866232436538,-0.8319074794894328,0.3793103448275862,0.7586206896551724,0.8620689655172413
15516254,floor,0.0905570000000004,-0.5380693807628083,0.6206896551724138,0.896551724137931,0.896551724137931
15516254,guide_only,0.1229985000000049,,,,
15516254,inflation,0.0905570000000004,-0.5453324713886591,0.5862068965517241,0.896551724137931,0.896551724137931
15516254,periodic,0.0850346874999985,-0.13973798339175855,0.6206896551724138,0.896551724137931,0.9655172413793104
15516254,raw,0.0883379999999984,0.010216676872600984,0.6896551724137931,0.896551724137931,0.9655172413793104
15516254,raw_plus_guide,0.1224780975533228,-1.9747698936877283,0.3103448275862069,0.5862068965517241,0.7241379310344828
15517603,binned_complete,0.1626230400938828,-4.559580549830067,0.3333333333333333,0.4666666666666667,0.6
15517603,clipping,0.18004582389038853,-0.07245794190874337,0.43333333333333335,0.8666666666666667,0.9666666666666667
15517603,floor,0.17687172241960344,-0.012785317760195402,0.43333333333333335,0.9333333333333333,0.9666666666666667
15517603,guide_only,0.15823568885042943,,,,
15517603,inflation,0.19007133043058383,-0.10860245906392013,0.36666666666666664,0.8666666666666667,0.9666666666666667
15517603,periodic,0.1606175909090925,0.1895089802746903,0.4666666666666667,0.9333333333333333,0.9666666666666667
15517603,raw,0.2207507543189999,-0.09330393975380016,0.43333333333333335,0.9666666666666667,0.9666666666666667
15517603,raw_plus_guide,0.16205454058361018,-4.397330447909079,0.3333333333333333,0.4666666666666667,0.6333333333333333
15598458,binned_complete,0.0311647268299255,-3.5655637449201563,0.9,0.9333333333333333,0.9333333333333333
15598458,clipping,0.02648125487349335,-3.636812795485192,0.8666666666666667,0.9333333333333333,0.9333333333333333
15598458,floor,0.02831124999833885,-2.38268977095928,0.8666666666666667,0.9666666666666667,0.9666666666666667
15598458,guide_only,0.0339926881306791,,,,
15598458,inflation,0.02831124999833885,-2.38268977095928,0.8666666666666667,0.9666666666666667,0.9666666666666667
15598458,periodic,0.1289338065476206,-3.0864069195617883,0.7666666666666667,0.9333333333333333,0.9333333333333333
15598458,raw,0.0268654999999995,-3.9770562517594805,0.9333333333333333,0.9333333333333333,0.9333333333333333
15598458,raw_plus_guide,0.0280744992453847,-3.591129642219679,0.9,0.9333333333333333,0.9333333333333333
15601545,binned_complete,0.0552306040717347,0.22326914718973215,0.5964912280701754,0.9122807017543859,0.9649122807017544
15601545,clipping,0.0381387252397331,0.5912821544925965,0.7719298245614035,0.9649122807017544,0.9649122807017544
15601545,floor,0.0412619999999996,0.35955052198874593,0.9122807017543859,0.9649122807017544,0.9649122807017544
15601545,guide_only,0.0573193291946196,,,,
15601545,inflation,0.0412619999999996,0.35955052198874593,0.9122807017543859,0.9649122807017544,0.9649122807017544
15601545,periodic,0.0400320714285733,-0.40616777396435283,0.8070175438596491,0.9649122807017544,0.9649122807017544
15601545,raw,0.0412619999999996,0.26308400947137583,0.9122807017543859,0.9649122807017544,0.9649122807017544
15601545,raw_plus_guide,0.0500352743752294,0.35249691867823385,0.631578947368421,0.9473684210526315,0.9649122807017544
16027803,binned_complete,0.1366585050520257,-6.3794990709584845,0.16,0.6,0.68
16027803,clipping,0.1841916089975406,-0.35865811146101384,0.76,0.92,0.96
16027803,floor,0.1841916089975406,-0.35865811146101384,0.76,0.92,0.96
16027803,guide_only,0.1365058217548806,,,,
16027803,inflation,0.1914838990244121,-0.3515575264454145,0.68,0.92,0.96
16027803,periodic,0.178571756535856,-0.6020481143807236,0.68,0.88,0.96
16027803,raw,0.2234466478150096,-0.41594209126980247,0.72,0.92,0.96
16027803,raw_plus_guide,0.1387641235196461,-6.356186091260567,0.2,0.6,0.68
16030990,binned_complete,0.0831317652027383,-5.183882775076591,0.375,0.6666666666666666,0.7083333333333334
16030990,clipping,0.19704959376767833,-0.17677452220980525,0.625,0.875,0.9166666666666666
16030990,floor,0.19704959376767833,-0.17677452220980525,0.625,0.875,0.9166666666666666
16030990,guide_only,0.0796382162493802,,,,
16030990,inflation,0.19704959376767833,-0.17677452220980525,0.625,0.875,0.9166666666666666
16030990,periodic,0.17429015406575304,-0.09490204304867954,0.625,0.875,1.0
16030990,raw,0.21288970109217326,-0.3560507326399385,0.6666666666666666,0.875,0.9166666666666666
16030990,raw_plus_guide,0.0830876670108038,-5.1534608387225855,0.375,0.6666666666666666,0.7083333333333334
16151233,binned_complete,0.1148571404426093,-6.734685812478046,0.3103448275862069,0.5517241379310345,0.7931034482758621
16151233,clipping,0.1824009999999987,-0.6667718421882525,0.5517241379310345,0.8620689655172413,0.9310344827586207
16151233,floor,0.2046384999999979,-0.7078681298409151,0.7931034482758621,0.9655172413793104,0.9655172413793104
16151233,guide_only,0.1148541020874027,,,,
16151233,inflation,0.2046384999999979,-0.7078681298409151,0.7931034482758621,0.9655172413793104,0.9655172413793104
16151233,periodic,0.1771619090909073,-0.5951950448938148,0.7931034482758621,0.9655172413793104,0.9655172413793104
16151233,raw,0.2046384999999979,-0.6804358659940696,0.8275862068965517,0.9655172413793104,0.9655172413793104
16151233,raw_plus_guide,0.1147914967709358,-6.742177822845991,0.3103448275862069,0.5517241379310345,0.8275862068965517
16190988,binned_complete,0.08354924239854886,0.9825373498188557,0.4666666666666667,0.9333333333333333,1.0
16190988,clipping,0.0583518559572491,1.061808105637214,0.5666666666666667,1.0,1.0
16190988,floor,0.0583518559572491,1.061808105637214,0.5666666666666667,1.0,1.0
16190988,guide_only,0.0825089708338948,,,,
16190988,inflation,0.0583518559572491,1.061808105637214,0.5666666666666667,1.0,1.0
16190988,periodic,0.060900433837696555,1.0935243072787286,0.6,1.0,1.0
16190988,raw,0.08548450826559764,0.7652761199789068,0.6,0.9333333333333333,1.0
16190988,raw_plus_guide,0.0824788045576472,0.9930405614754008,0.4666666666666667,0.9333333333333333,1.0
16193174,binned_complete,0.0355401779176034,-2.2126186206633447,0.84,0.96,0.96
16193174,clipping,0.0417696672341261,-2.512346960251088,0.84,0.96,0.96
16193174,floor,0.0628851970357313,-3.2569518223614127,0.88,0.96,0.96
16193174,guide_only,0.0344320000000077,,,,
16193174,inflation,0.0628851970357313,-3.2569518223614127,0.88,0.96,0.96
16193174,periodic,0.0591459130434817,-5.160307297310755,0.92,0.96,0.96
16193174,raw,0.0549188694021633,-4.6224853040354414,0.72,0.96,0.96
16193174,raw_plus_guide,0.0336352852585708,-2.2354662863702326,0.84,0.96,0.96
16197570,binned_complete,0.0671255092548825,1.0910998474514557,0.56,1.0,1.0
16197570,clipping,0.034874000000002,1.2644401030886179,0.76,1.0,1.0
16197570,floor,0.034874000000002,1.2644401030886179,0.76,1.0,1.0
16197570,guide_only,0.0669540000000061,,,,
16197570,inflation,0.034874000000002,1.2644401030886179,0.76,1.0,1.0
16197570,periodic,0.0289009098739398,1.1891069719363399,0.6,0.92,1.0
16197570,raw,0.034874000000002,1.2137654527086428,0.68,0.96,1.0
16197570,raw_plus_guide,0.0671824408028989,1.112556584976507,0.56,1.0,1.0
16346242,binned_complete,0.07882068714134854,-0.18370072597688783,0.4583333333333333,0.6666666666666666,0.8333333333333334
16346242,clipping,0.07102331387971181,0.4630203820122656,0.625,0.875,0.9583333333333334
16346242,floor,0.07102331387971181,0.4753551339438635,0.625,0.875,0.9583333333333334
16346242,guide_only,0.08405429745396284,,,,
16346242,inflation,0.07102331387971181,0.4753551339438635,0.625,0.875,0.9583333333333334
16346242,periodic,0.07628932843075725,0.6273337253149344,0.625,0.9166666666666666,1.0
16346242,raw,0.07102577559876705,0.6309346581887848,0.75,0.875,1.0
16346242,raw_plus_guide,0.07987366010121465,-0.0661620594081996,0.4166666666666667,0.6666666666666666,0.9166666666666666
16524755,binned_complete,0.05965934347061185,0.5394554883059434,0.7,0.75,0.95
16524755,clipping,0.0451252712613143,0.7607724584657826,0.6,0.9,0.95
16524755,floor,0.040991810801836295,0.7999282514288265,0.7,0.95,0.95
16524755,guide_only,0.06401999999999214,,,,
16524755,inflation,0.040991810801836295,0.7999282514288265,0.7,0.95,0.95
16524755,periodic,0.0509213100974399,0.7724166800396056,0.6,0.95,0.95
16524755,raw,0.0429905000000001,0.8162925047438027,0.7,0.95,0.95
16524755,raw_plus_guide,0.056849117932317755,0.6052816319450034,0.7,0.75,0.95
16525820,binned_complete,0.056066739486324055,0.8736897071523945,0.55,0.9,1.0
16525820,clipping,0.0504242437505766,1.094435267127317,0.6,1.0,1.0
16525820,floor,0.0504242437505766,1.094435267127317,0.6,1.0,1.0
16525820,guide_only,0.05555053440933115,,,,
16525820,inflation,0.0504242437505766,1.094435267127317,0.6,1.0,1.0
16525820,periodic,0.044095973223820153,1.140658410391953,0.6,0.9,1.0
16525820,raw,0.0475761704087798,1.1310855056562543,0.65,1.0,1.0
16525820,raw_plus_guide,0.0579370150411318,0.8825625178635731,0.55,0.9,1.0
16651735,binned_complete,0.0874912927234063,-5.944650675037723,0.43478260869565216,0.782608695652174,0.9565217391304348
16651735,clipping,0.0397809149127148,-5.772792764111172,0.782608695652174,0.9130434782608695,0.9565217391304348
16651735,floor,0.0386710000000007,-7.036700577366613,0.8695652173913043,0.9130434782608695,0.9565217391304348
16651735,guide_only,0.0846020000000074,,,,
16651735,inflation,0.0386710000000007,-7.036700577366613,0.8695652173913043,0.9130434782608695,0.9565217391304348
16651735,periodic,0.1003199999999999,-8.658169755787064,0.8695652173913043,0.9130434782608695,0.9565217391304348
16651735,raw,0.0386710000000007,-7.466437565323012,0.8695652173913043,0.9130434782608695,0.9565217391304348
16651735,raw_plus_guide,0.0779568294118426,-5.896838333565891,0.4782608695652174,0.8260869565217391,0.9565217391304348
16657969,binned_complete,0.1929114700189078,-12.386773620292754,0.17391304347826086,0.34782608695652173,0.5217391304347826
16657969,clipping,0.2945870851820995,-0.735255585439571,0.7391304347826086,0.782608695652174,1.0
16657969,floor,0.2945870851820995,-0.735255585439571,0.7391304347826086,0.782608695652174,1.0
16657969,guide_only,0.2050628408217516,,,,
16657969,inflation,0.2945870851820995,-0.735255585439571,0.7391304347826086,0.782608695652174,1.0
16657969,periodic,0.2515349476124005,-0.6996772937214565,0.6956521739130435,0.8260869565217391,1.0
16657969,raw,0.4275334171946134,-1.0570192850139029,0.6086956521739131,0.8260869565217391,0.9565217391304348
16657969,raw_plus_guide,0.1901634802540623,-12.365621022583726,0.17391304347826086,0.30434782608695654,0.5217391304347826
16738839,binned_complete,0.1830738277629535,-8.986910758141955,0.25806451612903225,0.3870967741935484,0.6129032258064516
16738839,clipping,0.159603999966631,-1.5359895517039694,0.3870967741935484,0.8709677419354839,0.9032258064516129
16738839,floor,0.129400170208715,-1.428695271972287,0.8387096774193549,0.967741935483871,0.967741935483871
16738839,guide_only,0.1867670000000068,,,,
16738839,inflation,0.129400170208715,-1.428695271972287,0.8387096774193549,0.967741935483871,0.967741935483871
16738839,periodic,0.1202687104161128,-1.5412134277954121,0.7741935483870968,0.967741935483871,0.967741935483871
16738839,raw,0.1294049999580906,-1.2376432275020248,0.8387096774193549,0.967741935483871,0.967741935483871
16738839,raw_plus_guide,0.1751978448794737,-8.953260340398327,0.25806451612903225,0.3870967741935484,0.6129032258064516
16765870,binned_complete,0.0624965231140954,-4.198037072281547,0.5714285714285714,0.9047619047619048,0.9523809523809523
16765870,clipping,0.0645806577889125,-3.908435333540869,0.5238095238095238,0.9523809523809523,0.9523809523809523
16765870,floor,0.0818269599539398,-10.883879981003307,0.6190476190476191,0.6190476190476191,0.7619047619047619
16765870,guide_only,0.0631046229885221,,,,
16765870,inflation,0.0818269599539398,-10.883879981003307,0.6190476190476191,0.6190476190476191,0.7619047619047619
16765870,periodic,0.1112618230325015,-14.034027311014327,0.6190476190476191,0.6190476190476191,0.7619047619047619
16765870,raw,0.0818268163757611,-9.157832249290706,0.6190476190476191,0.7619047619047619,0.8571428571428571
16765870,raw_plus_guide,0.0649758176369381,-4.170446589338226,0.5714285714285714,0.9047619047619048,0.9523809523809523
16956216,binned_complete,0.0390606989928352,-10.325091060241526,0.6666666666666666,0.7083333333333334,0.7916666666666666
16956216,clipping,0.3367383260541166,-0.6518128619797735,0.5833333333333334,0.875,1.0
16956216,floor,0.3367383260541166,-0.6518128619797735,0.5833333333333334,0.875,1.0
16956216,guide_only,0.043539725901036996,,,,
16956216,inflation,0.3367383260541166,-0.6518128619797735,0.5833333333333334,0.875,1.0
16956216,periodic,0.24317270560991838,-0.356832096224206,0.4583333333333333,0.9166666666666666,1.0
16956216,raw,0.39413249999999955,-0.7183736797931378,0.5833333333333334,0.8333333333333334,1.0
16956216,raw_plus_guide,0.04213169767054385,-10.216987688648743,0.6666666666666666,0.7083333333333334,0.7916666666666666
16958954,binned_complete,0.08322881661220366,0.6240890146706448,0.47368421052631576,0.8947368421052632,0.9736842105263158
16958954,clipping,0.05914408228713515,0.9204375229861385,0.6052631578947368,0.8947368421052632,1.0
16958954,floor,0.05914408228713515,0.9202726810756685,0.6052631578947368,0.8947368421052632,1.0
16958954,guide_only,0.0833173069954096,,,,
16958954,inflation,0.05914408228713515,0.9198169074449437,0.6052631578947368,0.8947368421052632,1.0
16958954,periodic,0.0529260915039895,0.9078172378935389,0.5789473684210527,0.868421052631579,1.0
16958954,raw,0.05597492076248395,0.8726696038638999,0.5789473684210527,0.868421052631579,1.0
16958954,raw_plus_guide,0.08509805608133005,0.636449053054374,0.47368421052631576,0.8947368421052632,0.9736842105263158
17172959,binned_complete,0.0465190989983277,0.5140535686458715,0.6,0.8,0.96
17172959,clipping,0.0507089999999976,0.5933651058612285,0.72,0.84,0.96
17172959,floor,0.0507089999999976,0.5933651058612285,0.72,0.84,0.96
17172959,guide_only,0.0415257142857221,,,,
17172959,inflation,0.0507089999999976,0.6816200705749204,0.76,0.88,1.0
17172959,periodic,0.0690811818181806,0.7238357951683502,0.76,0.96,1.0
17172959,raw,0.0507089999999976,0.3807048358358378,0.68,0.88,0.92
17172959,raw_plus_guide,0.0464602788879737,0.5110265391017035,0.6,0.76,0.96
17173082,binned_complete,0.0692915799749052,0.42695349825121764,0.52,0.88,0.96
17173082,clipping,0.0634808842625656,0.5553168084484025,0.68,0.88,0.96
17173082,floor,0.0511530000000011,0.4281457512091334,0.72,0.92,0.96
17173082,guide_only,0.0712326607804563,,,,
17173082,inflation,0.0511530000000011,0.4281457512091334,0.72,0.92,0.96
17173082,periodic,0.0468558571428552,0.18568017072640614,0.72,0.92,0.96
17173082,raw,0.0511530000000011,0.5706827001786688,0.76,0.92,0.96
17173082,raw_plus_guide,0.0719967876093043,0.44963487115846185,0.48,0.88,0.96
17173610,binned_complete,0.071823871150487,0.04061402308295887,0.48,0.72,0.88
17173610,clipping,0.0677465584006391,0.4913107753627801,0.64,0.8,0.96
17173610,floor,0.0677465584006391,0.4913107753627801,0.64,0.8,0.96
17173610,guide_only,0.071925630913272,,,,
17173610,inflation,0.0677465584006391,0.4913107753627801,0.64,0.8,0.96
17173610,periodic,0.0737378620211277,0.676471660385516,0.64,0.84,0.96
17173610,raw,0.1078805000306015,0.5340192008264586,0.44,0.84,1.0
17173610,raw_plus_guide,0.0706984685270537,0.0511627916327876,0.52,0.72,0.88
17395501,binned_complete,0.043475957708755744,-2.9011117953941605,0.5714285714285714,0.8928571428571429,0.9285714285714286
17395501,clipping,0.09886377448859915,-2.3923011422932836,0.4642857142857143,0.7857142857142857,0.9285714285714286
17395501,floor,0.10895899999999864,-2.695460427681158,0.6785714285714286,0.8571428571428571,0.9285714285714286
17395501,guide_only,0.0447664767711799,,,,
17395501,inflation,0.10895899999999864,-2.695460427681158,0.6785714285714286,0.8571428571428571,0.9285714285714286
17395501,periodic,0.1264270375000009,-2.986704591350797,0.75,0.8571428571428571,0.9642857142857143
17395501,raw,0.10895899999999864,-2.2815620174893874,0.7142857142857143,0.8928571428571429,0.9642857142857143
17395501,raw_plus_guide,0.042995599138031054,-2.962202589938534,0.5714285714285714,0.8571428571428571,0.9285714285714286
17488899,binned_complete,0.0742529130419153,-8.715154132743075,0.4444444444444444,0.6666666666666666,0.7407407407407407
17488899,clipping,0.1994348924707267,-0.6413205669904094,0.5925925925925926,0.7407407407407407,0.8888888888888888
17488899,floor,0.16735019492444,-0.8193082292296665,0.5925925925925926,0.7777777777777778,0.8518518518518519
17488899,guide_only,0.0879895388158455,,,,
17488899,inflation,0.16735019492444,-0.8193082292296665,0.5925925925925926,0.7777777777777778,0.8518518518518519
17488899,periodic,0.2399726051932162,-0.5813518832049226,0.48148148148148145,0.7407407407407407,0.9259259259259259
17488899,raw,0.2364869935774329,-0.6060732427293287,0.5925925925925926,0.8518518518518519,0.9629629629629629
17488899,raw_plus_guide,0.0765439991955165,-8.701897941883846,0.4444444444444444,0.6666666666666666,0.7407407407407407
17576796,binned_complete,0.0309390211683684,0.6565294290974779,0.8333333333333334,0.9583333333333334,0.9583333333333334
17576796,clipping,0.04931445011445485,0.6471878706742885,0.7083333333333334,0.9166666666666666,0.9583333333333334
17576796,floor,0.08172499999999869,0.380053698911374,0.75,0.9166666666666666,0.9583333333333334
17576796,guide_only,0.031109654500717402,,,,
17576796,inflation,0.08172499999999869,0.380053698911374,0.75,0.9166666666666666,0.9583333333333334
17576796,periodic,0.074473825386077,0.1814894596113422,0.8333333333333334,0.9166666666666666,0.9583333333333334
17576796,raw,0.07808499999999795,0.294308132612872,0.6666666666666666,0.9166666666666666,0.9583333333333334
17576796,raw_plus_guide,0.03009443915086505,0.6556234163978959,0.8333333333333334,0.9583333333333334,0.9583333333333334
17852168,binned_complete,0.1725720656110212,-15.790585969090424,0.25,0.5,0.5416666666666666
17852168,clipping,0.047440749999999754,-0.4391956389851543,0.75,0.7916666666666666,1.0
17852168,floor,0.05324850000000045,-0.37122035621260546,0.75,0.9166666666666666,1.0
17852168,guide_only,0.17169120200125396,,,,
17852168,inflation,0.05324850000000045,-0.37122035621260546,0.75,0.9166666666666666,1.0
17852168,periodic,0.1845881315789483,-0.6338035984944683,0.9166666666666666,0.9583333333333334,1.0
17852168,raw,0.05324850000000045,-0.3712541310072304,0.75,0.9166666666666666,1.0
17852168,raw_plus_guide,0.17442666478118335,-15.205056817069696,0.25,0.5,0.5
1789186,binned_complete,0.11879251729458404,-20.0290573830913,0.22727272727272727,0.5909090909090909,0.7272727272727273
1789186,clipping,0.0856982400537171,-3.7054901660277464,0.7727272727272727,0.7727272727272727,0.7727272727272727
1789186,floor,0.08640599999999925,-1.2643278038029164,0.8181818181818182,0.9545454545454546,0.9545454545454546
1789186,guide_only,0.11541596233114325,,,,
1789186,inflation,0.08640599999999925,-1.2329469558792368,0.8181818181818182,0.9545454545454546,0.9545454545454546
1789186,periodic,0.25665252631578905,-1.0445792837435368,0.9090909090909091,1.0,1.0
1789186,raw,0.08318700032705535,-1.0431760857873165,0.8181818181818182,0.9545454545454546,0.9545454545454546
1789186,raw_plus_guide,0.1190834823842701,-19.95953841660861,0.22727272727272727,0.5909090909090909,0.7272727272727273
17904870,binned_complete,0.2229218013821068,-18.376059698722127,0.3,0.4,0.45
17904870,clipping,0.09280729230176904,-1.9998470642302437,0.6,0.8,0.9
17904870,floor,0.09575499999999865,-2.31964115080181,0.75,0.85,0.9
17904870,guide_only,0.22216786385125603,,,,
17904870,inflation,0.09575499999999865,-2.31964115080181,0.75,0.85,0.9
17904870,periodic,0.17499274553571276,-2.3434590366974173,0.75,0.85,0.9
17904870,raw,0.09575499999999865,-2.1407063473260886,0.75,0.85,0.9
17904870,raw_plus_guide,0.22154714196350328,-18.28831844239847,0.3,0.4,0.45
1801887,binned_complete,0.048156419732912,1.4427816534453088,0.8,1.0,1.0
1801887,clipping,0.0339530204789273,1.463341911844009,0.8,1.0,1.0
1801887,floor,0.0339530204789273,1.463341911844009,0.8,1.0,1.0
1801887,guide_only,0.0481629999999935,,,,
1801887,inflation,0.0339530204789273,1.463341911844009,0.8,1.0,1.0
1801887,periodic,0.0331782550333947,1.5368822297624556,0.68,0.96,1.0
1801887,raw,0.0337569999999995,1.486815436071591,0.76,1.0,1.0
1801887,raw_plus_guide,0.0481175169624776,1.4557728235985146,0.8,1.0,1.0
1817711,binned_complete,0.14418569711970614,-1.7024288345838279,0.3181818181818182,0.5454545454545454,0.8181818181818182
1817711,clipping,0.08817574999999775,0.10199122698575315,0.6818181818181818,0.9090909090909091,0.9090909090909091
1817711,floor,0.08817574999999775,0.10199122698575315,0.6818181818181818,0.9090909090909091,0.9090909090909091
1817711,guide_only,0.14454688407095512,,,,
1817711,inflation,0.08817574999999775,0.10199122698575315,0.6818181818181818,0.9090909090909091,0.9090909090909091
1817711,periodic,0.11366368162393135,0.11014102920484027,0.7272727272727273,0.9090909090909091,0.9090909090909091
1817711,raw,0.08817574999999775,0.11631003405019974,0.6818181818181818,0.9090909090909091,0.9090909090909091
1817711,raw_plus_guide,0.14290280675283457,-1.6994392125979239,0.3181818181818182,0.5454545454545454,0.8181818181818182
18273669,binned_complete,0.01464631348257845,1.6272009023231646,0.95,1.0,1.0
18273669,clipping,0.026377823534685853,1.573303769904701,0.95,1.0,1.0
18273669,floor,0.026377823534685853,1.573303769904701,0.95,1.0,1.0
18273669,guide_only,0.01408549999999215,,,,
18273669,inflation,0.026377823534685853,1.573303769904701,0.95,1.0,1.0
18273669,periodic,0.02349774573413825,1.7267701309769763,0.7,1.0,1.0
18273669,raw,0.027581482194655352,1.6531373912153247,0.9,1.0,1.0
18273669,raw_plus_guide,0.020679110358734848,1.6164834948961062,0.95,1.0,1.0
18313806,binned_complete,0.14492342540664005,-5.491712302420423,0.3,0.5,0.8
18313806,clipping,0.057991533505441895,-0.9232146325001933,0.65,0.8,0.95
18313806,floor,0.055130357577313605,-1.066758999034774,0.75,0.9,0.95
18313806,guide_only,0.14577896770768994,,,,
18313806,inflation,0.055130357577313605,-1.066758999034774,0.75,0.9,0.95
18313806,periodic,0.06206420220588345,-1.2102019249761076,0.7,0.95,0.95
18313806,raw,0.05513003534242775,-0.9291779801588467,0.75,0.95,0.95
18313806,raw_plus_guide,0.14389904368797873,-5.423370063732559,0.3,0.55,0.8
18534956,binned_complete,0.2370048714282813,-8.711271230921223,0.18181818181818182,0.3333333333333333,0.42424242424242425
18534956,clipping,0.1364688470944255,-0.16381725630554705,0.8181818181818182,0.9393939393939394,0.9696969696969697
18534956,floor,0.1364688470944255,-0.16381725630554705,0.8181818181818182,0.9393939393939394,0.9696969696969697
18534956,guide_only,0.244758771369689,,,,
18534956,inflation,0.1364688470944255,-0.16381725630554705,0.8181818181818182,0.9393939393939394,0.9696969696969697
18534956,periodic,0.2065298905340391,-0.3455713428659503,0.6060606060606061,0.8787878787878788,0.9696969696969697
18534956,raw,0.1965149999999997,-0.3255723940122963,0.7878787878787878,0.9393939393939394,0.9393939393939394
18534956,raw_plus_guide,0.2360857693437577,-8.406194442895318,0.18181818181818182,0.3333333333333333,0.45454545454545453
18563120,binned_complete,0.1123959173517192,-1.3769531540269162,0.38095238095238093,0.5238095238095238,0.7142857142857143
18563120,clipping,0.1028369452979589,0.8329258692247553,0.5238095238095238,1.0,1.0
18563120,floor,0.1028369452979589,0.8329258692247553,0.5238095238095238,1.0,1.0
18563120,guide_only,0.1146120000000099,,,,
18563120,inflation,0.1028369452979589,0.8329258692247553,0.5238095238095238,1.0,1.0
18563120,periodic,0.0544547432378088,0.8600982830537734,0.5714285714285714,1.0,1.0
18563120,raw,0.0771291874707778,0.9532510967068892,0.9047619047619048,1.0,1.0
18563120,raw_plus_guide,0.1118028465051761,-1.3096027281026044,0.38095238095238093,0.5238095238095238,0.7142857142857143
18563573,binned_complete,0.07133859017219454,0.9736576015638058,0.6,1.0,1.0
18563573,clipping,0.0502687138870552,1.184896843802844,0.7,1.0,1.0
18563573,floor,0.0502687138870552,1.184896843802844,0.7,1.0,1.0
18563573,guide_only,0.0725895000000065,,,,
18563573,inflation,0.0502687138870552,1.184896843802844,0.7,1.0,1.0
18563573,periodic,0.04876739313414365,1.2520392697948146,0.7,0.95,1.0
18563573,raw,0.0458668702549633,1.2298174734107634,0.7,0.95,1.0
18563573,raw_plus_guide,0.0689928621074624,0.9879522602609265,0.6,1.0,1.0
18565790,binned_complete,0.077426533357098,0.6530338387033775,0.43478260869565216,0.782608695652174,1.0
18565790,clipping,0.0764021195228288,0.7939122670802995,0.782608695652174,0.9565217391304348,1.0
18565790,floor,0.0764021195228288,0.7939122670802995,0.782608695652174,0.9565217391304348,1.0
18565790,guide_only,0.0745220000000088,,,,
18565790,inflation,0.0764021195228288,0.7939122670802995,0.782608695652174,0.9565217391304348,1.0
18565790,periodic,0.0608954032814494,0.9198373191551101,0.782608695652174,1.0,1.0
18565790,raw,0.0815947485850578,0.6886374250481828,0.6956521739130435,0.9565217391304348,1.0
18565790,raw_plus_guide,0.0770646886016344,0.7084603923613256,0.43478260869565216,0.782608695652174,1.0
1860824,binned_complete,0.0686129992252304,-4.197502924779952,0.5454545454545454,0.9090909090909091,0.9545454545454546
1860824,clipping,0.054892413460732,-4.326944198473864,0.6363636363636364,0.9545454545454546,0.9545454545454546
1860824,floor,0.05316100000000015,-5.196802711469953,0.8636363636363636,0.9545454545454546,0.9545454545454546
1860824,guide_only,0.06793983521137201,,,,
1860824,inflation,0.05316100000000015,-5.196802711469953,0.8636363636363636,0.9545454545454546,0.9545454545454546
1860824,periodic,0.0955978291316537,-6.951490741938087,0.8181818181818182,0.8636363636363636,0.9545454545454546
1860824,raw,0.05505972720840095,-5.38280670381893,0.8636363636363636,0.9090909090909091,0.9545454545454546
1860824,raw_plus_guide,0.07110088396909295,-4.196255466503176,0.5,0.9090909090909091,0.9545454545454546
18655471,binned_complete,0.0823719879010891,-2.67385064646232,0.45454545454545453,0.8181818181818182,0.9090909090909091
18655471,clipping,0.1575188902255053,-1.9283760787703565,0.29545454545454547,0.75,0.9318181818181818
18655471,floor,0.1791739999999997,-2.171327422495498,0.6590909090909091,0.7727272727272727,0.9318181818181818
18655471,guide_only,0.08040388310616105,,,,
18655471,inflation,0.1791739999999997,-2.211622163273816,0.6818181818181818,0.8409090909090909,0.9318181818181818
18655471,periodic,0.21515049999999825,-2.3870436992298107,0.6136363636363636,0.7727272727272727,0.9090909090909091
18655471,raw,0.1979979999999992,-2.134215134749405,0.6590909090909091,0.7727272727272727,0.9090909090909091
18655471,raw_plus_guide,0.08288485337961399,-2.7180051070898372,0.45454545454545453,0.8181818181818182,0.9090909090909091
1960442,binned_complete,0.10371529482364394,0.2814248089704516,0.3,0.8,0.95
1960442,clipping,0.06871800000000045,0.6878329477569151,0.75,0.9,1.0
1960442,floor,0.06871800000000045,0.6878329477569151,0.75,0.9,1.0
1960442,guide_only,0.0972792272283644,,,,
1960442,inflation,0.06871800000000045,0.6878329477569151,0.75,0.9,1.0
1960442,periodic,0.07637992857143056,0.6914738475408886,0.7,0.9,1.0
1960442,raw,0.06871800000000045,0.6920956512656884,0.8,0.9,1.0
1960442,raw_plus_guide,0.10418784869858114,0.2889360803079982,0.3,0.8,0.95
1989190,binned_complete,0.1229391251878597,-19.395076024488542,0.35,0.6,0.7
1989190,clipping,0.32115745481699065,-3.1300558023295943,0.45,0.8,0.85
1989190,floor,0.3158759999999994,-2.9698575466338175,0.9,0.95,0.95
1989190,guide_only,0.11889141440783385,,,,
1989190,inflation,0.3158759999999994,-2.9698575466338175,0.9,0.95,0.95
1989190,periodic,0.20274422699114855,-3.528465814363402,0.9,0.95,0.95
1989190,raw,0.3158759999999994,-2.684994938062048,0.9,0.95,0.95
1989190,raw_plus_guide,0.1223558381598035,-19.53473409598934,0.35,0.6,0.7
20029567,binned_complete,0.3433158812987145,-15.944098654233748,0.04,0.16,0.36
20029567,clipping,0.2171219999999998,-0.47981963289480584,0.48,0.88,0.92
20029567,floor,0.2171219999999998,-0.26567304991854246,0.56,0.92,0.96
20029567,guide_only,0.343561105589341,,,,
20029567,inflation,0.2171219999999998,-0.26567304991854246,0.56,0.92,0.96
20029567,periodic,0.2147721904761894,-0.15374753344584072,0.64,0.92,0.96
20029567,raw,0.2171219999999998,-0.24956682626380847,0.6,0.92,0.96
20029567,raw_plus_guide,0.342329389527606,-15.438003028597288,0.04,0.16,0.36
20190462,binned_complete,0.1559854919569652,-6.491262763662175,0.21052631578947367,0.47368421052631576,0.543859649122807
20190462,clipping,0.0942403209505151,-3.712282951168686,0.7543859649122807,0.8070175438596491,0.8245614035087719
20190462,floor,0.0810028396227728,-0.43294925971950127,0.7894736842105263,0.8596491228070176,0.8947368421052632
20190462,guide_only,0.1558835615351679,,,,
20190462,inflation,0.0810028396227728,-0.43294925971950127,0.7894736842105263,0.8596491228070176,0.8947368421052632
20190462,periodic,0.0925808339526437,-0.4740219336934952,0.7719298245614035,0.8596491228070176,0.8947368421052632
20190462,raw,0.120108110074252,-0.4599555718450141,0.8245614035087719,0.8771929824561403,0.9298245614035088
20190462,raw_plus_guide,0.1566718847895991,-6.491443470221317,0.21052631578947367,0.47368421052631576,0.543859649122807
20191701,binned_complete,0.0477320608227884,1.382404123941562,0.7,1.0,1.0
20191701,clipping,0.04815163593296825,1.39112324411395,0.75,1.0,1.0
20191701,floor,0.04815163593296825,1.39112324411395,0.75,1.0,1.0
20191701,guide_only,0.0463775118392275,,,,
20191701,inflation,0.04815163593296825,1.39112324411395,0.75,1.0,1.0
20191701,periodic,0.04205307517829655,1.4858983273768793,0.75,0.95,1.0
20191701,raw,0.04089145826555015,1.4591618774596324,0.75,1.0,1.0
20191701,raw_plus_guide,0.047532884658791,1.3987198837035426,0.75,1.0,1.0
20196747,binned_complete,0.07000577740815744,0.43045418613146136,0.55,0.85,0.95
20196747,clipping,0.06421194209657335,0.23218684522052052,0.75,0.85,0.95
20196747,floor,0.06280249999488055,0.19157465482564423,0.8,0.95,0.95
20196747,guide_only,0.069820946811415,,,,
20196747,inflation,0.06280249999488055,0.1504535591293527,0.75,0.85,0.95
20196747,periodic,0.07911093541666675,0.07940030590361971,0.65,0.9,0.95
20196747,raw,0.0628024999932765,0.19962432126003132,0.8,0.95,0.95
20196747,raw_plus_guide,0.06571209679412601,0.43919568447992346,0.55,0.85,0.95
20236425,binned_complete,0.1548103338984088,-15.731830861951115,0.22580645161290322,0.45161290322580644,0.6129032258064516
20236425,clipping,0.2992179999999997,-1.70367773848569,0.5806451612903226,0.8387096774193549,0.967741935483871
20236425,floor,0.2992179999999997,-1.6325012300753294,0.8387096774193549,0.967741935483871,0.967741935483871
20236425,guide_only,0.150494999999994,,,,
20236425,inflation,0.2992179999999997,-1.6325012300753294,0.8387096774193549,0.967741935483871,0.967741935483871
20236425,periodic,0.3680255769230758,-1.3923813423333546,0.8387096774193549,0.967741935483871,0.967741935483871
20236425,raw,0.2992179999999997,-1.6213235804004835,0.8387096774193549,0.967741935483871,0.967741935483871
20236425,raw_plus_guide,0.1644275112907021,-15.731177860368405,0.22580645161290322,0.41935483870967744,0.6129032258064516
20465302,binned_complete,0.13127104333838874,-3.2198376623329055,0.35,0.6,0.8
20465302,clipping,0.0803225180467652,-0.28243206154276745,0.7,0.8,0.95
20465302,floor,0.07840850000000095,-0.41309058183288966,0.75,0.9,0.95
20465302,guide_only,0.13266599999999323,,,,
20465302,inflation,0.07840850000000095,-0.41309058183288966,0.75,0.9,0.95
20465302,periodic,0.1041639999999999,-0.47325290196775793,0.75,0.85,0.95
20465302,raw,0.07840849992680085,-0.30824347504610566,0.75,0.9,0.95
20465302,raw_plus_guide,0.12954102490797936,-3.170884166735807,0.35,0.6,0.8
20475980,binned_complete,0.0650625847202999,-0.39452474152001804,0.5217391304347826,0.782608695652174,0.8260869565217391
20475980,clipping,0.1681355143449394,-0.3003147603972097,0.43478260869565216,0.8695652173913043,0.9565217391304348
20475980,floor,0.1681355143449394,-0.3003147603972097,0.43478260869565216,0.8695652173913043,0.9565217391304348
20475980,guide_only,0.0639700000000065,,,,
20475980,inflation,0.1681355143449394,-0.3003147603972097,0.43478260869565216,0.8695652173913043,0.9565217391304348
20475980,periodic,0.1742124995073464,-0.5021625105919378,0.34782608695652173,0.8260869565217391,0.9565217391304348
20475980,raw,0.1763819047941908,0.15018650856925153,0.4782608695652174,0.9130434782608695,1.0
20475980,raw_plus_guide,0.0677350952894357,-0.40523536721938347,0.5217391304347826,0.782608695652174,0.8260869565217391
20727061,binned_complete,0.1135264768413542,-3.5764543075458453,0.36,0.64,0.8
20727061,clipping,0.0817324999999993,-0.03358284427043014,0.72,0.92,1.0
20727061,floor,0.0817324999999993,-0.03358284427043014,0.72,0.92,1.0
20727061,guide_only,0.1170031731052887,,,,
20727061,inflation,0.0817324999999993,-0.03358284427043014,0.72,0.92,1.0
20727061,periodic,0.0997599500000028,-0.05376640999238135,0.68,0.92,1.0
20727061,raw,0.0817324999999993,-0.028064507962748255,0.72,0.92,1.0
20727061,raw_plus_guide,0.1167854744409648,-2.9808685649477966,0.36,0.68,0.76
20727275,binned_complete,0.1821418085832142,-6.023681406818407,0.16,0.44,0.56
20727275,clipping,0.0679738740035986,-2.7464718968541812,0.68,0.8,0.84
20727275,floor,0.0679738740035986,-0.05641999735714343,0.8,0.84,0.96
20727275,guide_only,0.1838029999999921,,,,
20727275,inflation,0.0679738740035986,-0.05641999735714343,0.8,0.84,0.96
20727275,periodic,0.1265415,-0.022001173918064616,0.76,0.88,0.96
20727275,raw,0.0679739999999995,-0.12790250298116457,0.8,0.84,0.96
20727275,raw_plus_guide,0.1793109707653553,-5.8305068719267625,0.16,0.44,0.56
20727397,binned_complete,0.26658248844276583,-8.172950019601837,0.125,0.20833333333333334,0.375
20727397,clipping,0.18206520255048092,-0.33021382936265764,0.6666666666666666,0.9166666666666666,1.0
20727397,floor,0.18206520255048092,-0.33021382936265764,0.6666666666666666,0.9166666666666666,1.0
20727397,guide_only,0.2639695713924217,,,,
20727397,inflation,0.18206520255048092,-0.33021382936265764,0.6666666666666666,0.9166666666666666,1.0
20727397,periodic,0.21331093536470466,-0.39272428906382423,0.5833333333333334,0.875,1.0
20727397,raw,0.18546530272025485,-0.32717144655564695,0.6666666666666666,0.9166666666666666,1.0
20727397,raw_plus_guide,0.2679648483974217,-8.144183297203197,0.125,0.20833333333333334,0.375
20925153,binned_complete,0.1154413336998487,0.292371490681308,0.32,0.8,0.96
20925153,clipping,0.1123846117664015,0.4353701607481711,0.44,0.84,0.96
20925153,floor,0.1123846117664015,0.4353701607481711,0.44,0.84,0.96
20925153,guide_only,0.1157376619319521,,,,
20925153,inflation,0.1123846117664015,0.4353701607481711,0.44,0.84,0.96
20925153,periodic,0.0914361866286483,0.3586294370580274,0.4,0.8,0.96
20925153,raw,0.1141588643024462,0.4445610076619614,0.44,0.84,0.96
20925153,raw_plus_guide,0.1148336403318133,0.28455235382291194,0.32,0.8,0.96
21232672,binned_complete,0.20300247080710848,-10.969948820524095,0.20833333333333334,0.3333333333333333,0.5
21232672,clipping,0.2869355858669848,-1.0561352880488717,0.625,0.75,0.9166666666666666
21232672,floor,0.2869355858669848,-1.0561352880488717,0.625,0.75,0.9166666666666666
21232672,guide_only,0.22004043018509284,,,,
21232672,inflation,0.2869355858669848,-1.0561352880488717,0.625,0.75,0.9166666666666666
21232672,periodic,0.32759549679699335,-1.0361540822019475,0.5,0.7916666666666666,0.9166666666666666
21232672,raw,0.39269880572418536,-1.2750685065862861,0.5833333333333334,0.7916666666666666,0.9166666666666666
21232672,raw_plus_guide,0.2067913902009781,-10.958613318526277,0.20833333333333334,0.3333333333333333,0.5
21422125,binned_complete,0.1947472043969629,-2.953014659126828,0.08695652173913043,0.2608695652173913,0.6086956521739131
21422125,clipping,0.1867367766300542,0.028415506229719927,0.30434782608695654,0.8695652173913043,1.0
21422125,floor,0.1867367766300542,0.028415506229719927,0.30434782608695654,0.8695652173913043,1.0
21422125,guide_only,0.1955321377775387,,,,
21422125,inflation,0.1787767004006131,-0.007592340933876125,0.30434782608695654,0.8695652173913043,1.0
21422125,periodic,0.108732996755565,0.5157325587498263,0.43478260869565216,0.9130434782608695,1.0
21422125,raw,0.2356368026001121,-0.0253144721329506,0.2608695652173913,1.0,1.0
21422125,raw_plus_guide,0.1907861071882983,-2.8822640495122305,0.08695652173913043,0.2608695652173913,0.6086956521739131
21423044,binned_complete,0.2226424455251034,-7.827769292208245,0.043478260869565216,0.21739130434782608,0.4782608695652174
21423044,clipping,0.223411133879738,-0.8847118360311036,0.34782608695652173,0.8260869565217391,0.9565217391304348
21423044,floor,0.2381229255851398,-0.7408075565147769,0.5652173913043478,0.9565217391304348,0.9565217391304348
21423044,guide_only,0.2234586687272788,,,,
21423044,inflation,0.2381229255851398,-0.7408075565147769,0.5652173913043478,0.9565217391304348,0.9565217391304348
21423044,periodic,0.2319189999999995,-0.6541865682086742,0.6086956521739131,0.9565217391304348,0.9565217391304348
21423044,raw,0.2381229999999998,-0.6103605057429909,0.5652173913043478,0.9565217391304348,0.9565217391304348
21423044,raw_plus_guide,0.2215638016838568,-7.845796696164804,0.043478260869565216,0.21739130434782608,0.4782608695652174
21531680,binned_complete,0.08624000744261545,0.014988161693158837,0.34615384615384615,0.8461538461538461,0.9615384615384616
21531680,clipping,0.05945175181643055,0.49029028103061084,0.6923076923076923,0.9230769230769231,0.9615384615384616
21531680,floor,0.06454333405548596,0.41863705804851803,0.7692307692307693,0.9230769230769231,0.9615384615384616
21531680,guide_only,0.08751629911387046,,,,
21531680,inflation,0.06454333405548596,0.41863705804851803,0.7692307692307693,0.9230769230769231,0.9615384615384616
21531680,periodic,0.06433679999999944,0.4463280993797617,0.7692307692307693,0.9230769230769231,0.9615384615384616
21531680,raw,0.06765049999380496,0.5401219646944304,0.7692307692307693,0.9230769230769231,0.9615384615384616
21531680,raw_plus_guide,0.08568311929844971,0.07574976399204304,0.34615384615384615,0.8461538461538461,0.9615384615384616
21599615,binned_complete,0.0478778367140231,1.239191742606048,0.7272727272727273,0.9090909090909091,1.0
21599615,clipping,0.04669600001439455,1.3274607203417153,0.7727272727272727,1.0,1.0
21599615,floor,0.04669600001439455,1.3274607203417153,0.7727272727272727,1.0,1.0
21599615,guide_only,0.045356602338548754,,,,
21599615,inflation,0.04669600001439455,1.3274607203417153,0.7727272727272727,1.0,1.0
21599615,periodic,0.047873634138388896,1.320082870653885,0.7272727272727273,0.9090909090909091,1.0
21599615,raw,0.046696000192854456,1.3164141783109142,0.7727272727272727,1.0,1.0
21599615,raw_plus_guide,0.0449492289814319,1.2603108800609797,0.7272727272727273,0.9545454545454546,1.0
21601027,binned_complete,0.1777905700211057,-4.994533207416943,0.17391304347826086,0.391304347826087,0.6521739130434783
21601027,clipping,0.0587000000000017,-2.9488817001746477,0.6956521739130435,0.9130434782608695,0.9130434782608695
21601027,floor,0.0584550000000021,-3.7837618836770996,0.8695652173913043,0.9565217391304348,0.9565217391304348
21601027,guide_only,0.1753500000000123,,,,
21601027,inflation,0.0584550000000021,-3.737868783008813,0.8695652173913043,0.9565217391304348,0.9565217391304348
21601027,periodic,0.2471351999999989,-4.095247343638922,0.6521739130434783,0.8260869565217391,0.8695652173913043
21601027,raw,0.0584550000000021,-4.042860721844526,0.9130434782608695,0.9565217391304348,0.9565217391304348
21601027,raw_plus_guide,0.1722085236135306,-4.890654221826549,0.17391304347826086,0.4782608695652174,0.6521739130434783
21736850,binned_complete,0.031469161785022154,1.0810352320905394,0.7857142857142857,0.9107142857142857,0.9642857142857143
21736850,clipping,0.03546620884643655,1.0939285698126249,0.7857142857142857,0.9107142857142857,0.9642857142857143
21736850,floor,0.03984768818643045,0.9819017380208551,0.75,0.9107142857142857,0.9464285714285714
21736850,guide_only,0.0392551732550874,,,,
21736850,inflation,0.0391456883943979,1.083375806461736,0.8214285714285714,0.9107142857142857,0.9642857142857143
21736850,periodic,0.03822782361437755,0.8953157120695917,0.6964285714285714,0.9107142857142857,0.9285714285714286
21736850,raw,0.0375704999999992,1.09225713944464,0.8571428571428571,0.9464285714285714,0.9642857142857143
21736850,raw_plus_guide,0.03375718232882095,1.0712173938420488,0.7678571428571429,0.9107142857142857,0.9642857142857143
21741260,binned_complete,0.0577206787455706,0.2690441006165166,0.6785714285714286,0.9642857142857143,0.9642857142857143
21741260,clipping,0.043721402959497405,0.3094998089600681,0.7142857142857143,0.9642857142857143,0.9642857142857143
21741260,floor,0.0436434756279915,-0.09700804941543154,0.8928571428571429,0.9642857142857143,0.9642857142857143
21741260,guide_only,0.0605596562624688,,,,
21741260,inflation,0.0436434756279915,-0.09700804941543154,0.8928571428571429,0.9642857142857143,0.9642857142857143
21741260,periodic,0.040917938851801006,-1.2527719235300137,0.8928571428571429,0.8928571428571429,0.9642857142857143
21741260,raw,0.0450134259006755,-0.13582102126308868,0.8928571428571429,0.9642857142857143,0.9642857142857143
21741260,raw_plus_guide,0.0555225640762042,0.23560284543820117,0.6785714285714286,0.9642857142857143,0.9642857142857143
21742048,binned_complete,0.1309603688830591,-1.0973165275510093,0.21739130434782608,0.6086956521739131,0.9130434782608695
21742048,clipping,0.1349809999999998,-1.0349767315451324,0.34782608695652173,0.782608695652174,0.8695652173913043
21742048,floor,0.1349809999999998,-1.0349767315451324,0.34782608695652173,0.782608695652174,0.8695652173913043
21742048,guide_only,0.1303475464691352,,,,
21742048,inflation,0.1349809999999998,-1.0815527797701385,0.34782608695652173,0.782608695652174,0.8695652173913043
21742048,periodic,0.1236143157894744,-1.1121335479595136,0.43478260869565216,0.782608695652174,0.8695652173913043
21742048,raw,0.1349809999999998,0.19629354680453542,0.5217391304347826,0.8695652173913043,0.9565217391304348
21742048,raw_plus_guide,0.1329245309960285,-1.129567385264195,0.21739130434782608,0.6086956521739131,0.9130434782608695
21849999,binned_complete,0.18360015456883433,-5.7301575410214305,0.22727272727272727,0.45454545454545453,0.5909090909090909
21849999,clipping,0.3663544695395968,-0.5954450863239811,0.3181818181818182,0.9545454545454546,1.0
21849999,floor,0.3663544695395968,-0.5954450863239811,0.3181818181818182,0.9545454545454546,1.0
21849999,guide_only,0.1798304462482587,,,,
21849999,inflation,0.3663544695395968,-0.48985240655318074,0.3181818181818182,0.9545454545454546,1.0
21849999,periodic,0.10351038707654055,0.2585197090786789,0.5,0.9090909090909091,1.0
21849999,raw,0.6011343222385346,-1.0471550618541585,0.2727272727272727,0.9545454545454546,1.0
21849999,raw_plus_guide,0.18428563184190233,-5.694849324249478,0.22727272727272727,0.45454545454545453,0.5454545454545454
21891765,binned_complete,0.08024221005863635,-3.9927050317884336,0.35,0.7,0.75
21891765,clipping,0.08678285851125264,-0.39077950805727957,0.75,0.9,0.95
21891765,floor,0.08678285851125264,-0.3537999572756655,0.75,0.9,0.95
21891765,guide_only,0.08448099272602144,,,,
21891765,inflation,0.0850381330308938,-0.37239492874708063,0.7,0.9,0.95
21891765,periodic,0.0758785107336086,-0.2418048085378349,0.7,0.95,0.95
21891765,raw,0.2668473920507175,-0.4381364593727712,0.45,0.95,0.95
21891765,raw_plus_guide,0.0783592786586302,-4.004966546859871,0.4,0.7,0.75
22025457,binned_complete,0.04074868598369625,1.1951248547680078,0.7,0.95,0.95
22025457,clipping,0.0374894957881286,1.204492018190388,0.9,0.95,0.95
22025457,floor,0.0378187495426276,1.1700879248891072,0.85,0.95,0.95
22025457,guide_only,0.04355621598269095,,,,
22025457,inflation,0.0378187495426276,1.1700879248891072,0.85,0.95,0.95
22025457,periodic,0.03410011664703025,0.9103710722018314,0.8,0.95,0.95
22025457,raw,0.0378187499993556,0.9748566797746007,0.85,0.95,0.95
22025457,raw_plus_guide,0.04258822156959315,1.200115141469277,0.7,0.95,0.95
22039675,binned_complete,0.036116840973678,-1.1456886000595021,0.8709677419354839,0.9354838709677419,0.967741935483871
22039675,clipping,0.0480663876099569,-1.3986777063862825,0.6451612903225806,0.9354838709677419,0.967741935483871
22039675,floor,0.0558519999999997,-1.8792828827886336,0.9032258064516129,0.967741935483871,0.967741935483871
22039675,guide_only,0.0327229999999918,,,,
22039675,inflation,0.0558519999999997,-1.8797178861752533,0.9032258064516129,0.967741935483871,0.967741935483871
22039675,periodic,0.0397361016015835,-4.310911775874412,0.9354838709677419,0.967741935483871,0.967741935483871
22039675,raw,0.0598774999999989,-1.0572348528134186,0.9032258064516129,0.967741935483871,0.967741935483871
22039675,raw_plus_guide,0.0383016664140924,-1.1613088411817012,0.9032258064516129,0.9354838709677419,0.967741935483871
2210879,binned_complete,0.0786230019715752,0.7314503227715755,0.44,0.84,1.0
2210879,clipping,0.0415446000806696,1.1639920088064972,0.68,0.92,1.0
2210879,floor,0.0415446000806696,1.1639920088064972,0.68,0.92,1.0
2210879,guide_only,0.079827999999992,,,,
2210879,inflation,0.0426700915105158,1.1624528973190587,0.68,0.92,1.0
2210879,periodic,0.0426001500000019,1.0462194598968342,0.64,0.88,1.0
2210879,raw,0.0536729999999998,1.081286957394077,0.6,0.88,1.0
2210879,raw_plus_guide,0.0739517473608053,0.7861307966599906,0.48,0.88,1.0
22436608,binned_complete,0.2706602317284208,-6.0072979409216565,0.1,0.1,0.25
22436608,clipping,0.1325969664604018,0.09329735716263929,0.55,0.8,1.0
22436608,floor,0.1325969664604018,0.09329735716263929,0.55,0.8,1.0
22436608,guide_only,0.2714862840827674,,,,
22436608,inflation,0.1325969664604018,0.09329735716263929,0.55,0.8,1.0
22436608,periodic,0.1227942644670525,0.13633351457164875,0.6,0.8,1.0
22436608,raw,0.13247922046701438,0.20718046519266853,0.6,0.85,1.0
22436608,raw_plus_guide,0.27065877390051435,-5.954293680307331,0.1,0.1,0.25
22672659,binned_complete,0.058651971621978646,1.2914820607989705,0.7,1.0,1.0
22672659,clipping,0.044113504736032746,1.4105685283704301,0.75,1.0,1.0
22672659,floor,0.044113504736032746,1.4105685283704301,0.75,1.0,1.0
22672659,guide_only,0.055576499999999904,,,,
22672659,inflation,0.044113504736032746,1.4105685283704301,0.75,1.0,1.0
22672659,periodic,0.042634281074430846,1.4400090122714009,0.6,1.0,1.0
22672659,raw,0.0406289747519057,1.3864404094802396,0.8,0.95,1.0
22672659,raw_plus_guide,0.058855224898893554,1.29816482872643,0.7,1.0,1.0
22898690,binned_complete,0.10743001005640271,-2.677037833919656,0.3333333333333333,0.6666666666666666,0.75
22898690,clipping,0.21974988827343012,-0.1331334115474848,0.7083333333333334,1.0,1.0
22898690,floor,0.21974988827343012,-0.1331334115474848,0.7083333333333334,1.0,1.0
22898690,guide_only,0.09278925795384466,,,,
22898690,inflation,0.21974988827343012,-0.1331334115474848,0.7083333333333334,1.0,1.0
22898690,periodic,0.2496189644147648,-1.9378182917678215,0.625,0.75,0.7916666666666666
22898690,raw,0.1905181332251189,-0.05032616414034998,0.8333333333333334,1.0,1.0
22898690,raw_plus_guide,0.10691969830823919,-2.592391215246398,0.3333333333333333,0.6666666666666666,0.75
23369964,binned_complete,0.11220873729558975,-0.9304347283299622,0.2,0.65,0.8
23369964,clipping,0.0859730455526417,0.3144270559676997,0.5,0.85,0.95
23369964,floor,0.0859730455526417,0.3144270559676997,0.5,0.85,0.95
23369964,guide_only,0.117341848768679,,,,
23369964,inflation,0.0859730455526417,0.3144270559676997,0.5,0.85,0.95
23369964,periodic,0.09933028314297851,0.3530482828432135,0.55,0.85,0.95
23369964,raw,0.0901794468670669,0.45723652063559045,0.5,0.85,1.0
23369964,raw_plus_guide,0.1104520854775943,-0.8991925533678071,0.2,0.65,0.8
23520861,binned_complete,0.1310076296368336,-1.1047808337235843,0.391304347826087,0.6086956521739131,0.782608695652174
23520861,clipping,0.0584455000000012,0.6623317434668162,0.6521739130434783,0.9565217391304348,0.9565217391304348
23520861,floor,0.0584455000000012,0.6623317434668162,0.6521739130434783,0.9565217391304348,0.9565217391304348
23520861,guide_only,0.13145083164558,,,,
23520861,inflation,0.0584455000000012,0.6623317434668162,0.6521739130434783,0.9565217391304348,0.9565217391304348
23520861,periodic,0.066334900000001,0.17213288216137454,0.6521739130434783,0.8695652173913043,0.9565217391304348
23520861,raw,0.0584455000000012,0.6650103164461143,0.6956521739130435,0.9565217391304348,0.9565217391304348
23520861,raw_plus_guide,0.130690652196094,-1.0915482279079531,0.391304347826087,0.6086956521739131,0.782608695652174
23524514,binned_complete,0.04040372415967035,-0.03322980944839975,0.6538461538461539,0.9230769230769231,0.9230769230769231
23524514,clipping,0.0275201387789998,0.16372912300170148,0.7307692307692307,0.9230769230769231,0.9230769230769231
23524514,floor,0.0247454999999998,-0.09862628665236559,0.9230769230769231,0.9230769230769231,0.9230769230769231
23524514,guide_only,0.04559459730769515,,,,
23524514,inflation,0.0247454999999998,-0.09862628665236559,0.9230769230769231,0.9230769230769231,0.9230769230769231
23524514,periodic,0.05226123684210909,-0.41859237077465683,0.8846153846153846,0.9230769230769231,0.9230769230769231
23524514,raw,0.02286518297542265,0.02198061678913136,0.9230769230769231,0.9230769230769231,0.9230769230769231
23524514,raw_plus_guide,0.0324542174930284,0.08945747158916367,0.6923076923076923,0.9230769230769231,0.9230769230769231
24058064,binned_complete,0.0422102555407626,1.4055224953152916,0.75,1.0,1.0
24058064,clipping,0.0525160676865912,1.2637552660818314,0.6,1.0,1.0
24058064,floor,0.0525160676865912,1.2637552660818314,0.6,1.0,1.0
24058064,guide_only,0.039894092960279695,,,,
24058064,inflation,0.0525160676865912,1.2637552660818314,0.6,1.0,1.0
24058064,periodic,0.054202366249443246,1.2899230957447798,0.6,1.0,1.0
24058064,raw,0.0639943580960764,1.2743808737786346,0.55,1.0,1.0
24058064,raw_plus_guide,0.04073311170202835,1.4181864644530822,0.75,1.0,1.0
24136790,binned_complete,0.1456069966789286,-2.6425500186596818,0.2857142857142857,0.47619047619047616,0.6190476190476191
24136790,clipping,0.1334251666009969,-0.07806446259209669,0.47619047619047616,0.7619047619047619,1.0
24136790,floor,0.1334251666009969,-0.07806446259209669,0.47619047619047616,0.7619047619047619,1.0
24136790,guide_only,0.1457385379124893,,,,
24136790,inflation,0.1334251666009969,-0.07806446259209669,0.47619047619047616,0.7619047619047619,1.0
24136790,periodic,0.11922287146783,0.06845214129647105,0.5714285714285714,0.8571428571428571,1.0
24136790,raw,0.1332344369522857,-0.05534127505463489,0.5238095238095238,0.7619047619047619,1.0
24136790,raw_plus_guide,0.1462499849470973,-2.644660382764013,0.2857142857142857,0.47619047619047616,0.6190476190476191
24138124,binned_complete,0.051228571971271245,0.023989718790465794,0.6818181818181818,0.8636363636363636,0.9090909090909091
24138124,clipping,0.14506906613528595,-0.20840191266167063,0.4090909090909091,0.9090909090909091,0.9090909090909091
24138124,floor,0.14506906613528595,-0.20840191266167063,0.4090909090909091,0.9090909090909091,0.9090909090909091
24138124,guide_only,0.04832712103784325,,,,
24138124,inflation,0.14506906613528595,-0.20840191266167063,0.4090909090909091,0.9090909090909091,0.9090909090909091
24138124,periodic,0.14334890555555718,-0.394496571842079,0.45454545454545453,0.7727272727272727,0.9090909090909091
24138124,raw,0.14538075000000011,0.3453129934118077,0.4090909090909091,0.9545454545454546,1.0
24138124,raw_plus_guide,0.05390976451966355,0.08317004386796983,0.6818181818181818,0.8636363636363636,0.9090909090909091
24174358,binned_complete,0.0822346616318121,0.9479378668339662,0.41379310344827586,0.896551724137931,1.0
24174358,clipping,0.0583624054460401,1.1674995010569562,0.6551724137931034,1.0,1.0
24174358,floor,0.0583624054460401,1.1674995010569562,0.6551724137931034,1.0,1.0
24174358,guide_only,0.0819094382657219,,,,
24174358,inflation,0.0583624054460401,1.1674995010569562,0.6551724137931034,1.0,1.0
24174358,periodic,0.0625156071711323,1.0993153226851964,0.6896551724137931,0.896551724137931,1.0
24174358,raw,0.0575473948894149,1.11025837452054,0.7931034482758621,1.0,1.0
24174358,raw_plus_guide,0.0798025778170412,0.9805289571053755,0.3793103448275862,0.9310344827586207,1.0
24578447,binned_complete,0.1171246227808886,-0.6085648383068805,0.28,0.68,0.76
24578447,clipping,0.1157985403038992,0.3689005960655032,0.56,0.88,1.0
24578447,floor,0.1157985403038992,0.3689005960655032,0.56,0.88,1.0
24578447,guide_only,0.1172070000000076,,,,
24578447,inflation,0.1157985403038992,0.3689005960655032,0.56,0.88,1.0
24578447,periodic,0.1237372588137795,0.3426111550509728,0.52,0.84,1.0
24578447,raw,0.1158046152207035,0.37048531181793287,0.6,0.88,1.0
24578447,raw_plus_guide,0.1168588228528371,-0.5951307567620063,0.28,0.68,0.76
25173249,binned_complete,0.0834892607553179,0.6280450264028727,0.5238095238095238,0.8095238095238095,0.9523809523809523
25173249,clipping,0.1110819999999996,0.49692249999303284,0.5714285714285714,0.9047619047619048,1.0
25173249,floor,0.1110819999999996,0.49692249999303284,0.5714285714285714,0.9047619047619048,1.0
25173249,guide_only,0.080576903178521,,,,
25173249,inflation,0.1110819999999996,0.49692249999303284,0.5714285714285714,0.9047619047619048,1.0
25173249,periodic,0.1311616069623475,0.4456382211149478,0.42857142857142855,0.9047619047619048,1.0
25173249,raw,0.1135989953606326,0.4790865471517825,0.5238095238095238,0.9047619047619048,1.0
25173249,raw_plus_guide,0.085828938777368,0.6309500741100381,0.5238095238095238,0.8095238095238095,0.9523809523809523
25299815,binned_complete,0.06267174363660816,-12.377892218400158,0.5714285714285714,0.7857142857142857,0.8928571428571429
25299815,clipping,0.06915097077530499,-12.301925252373033,0.5,0.8571428571428571,0.8928571428571429
25299815,floor,0.0591364226828243,-4.848828813454432,0.8928571428571429,0.9642857142857143,0.9642857142857143
25299815,guide_only,0.06289647366300415,,,,
25299815,inflation,0.0591364226828243,-4.848828813454432,0.8928571428571429,0.9642857142857143,0.9642857142857143
25299815,periodic,0.11048443836810135,-4.389505888054172,0.9285714285714286,0.9642857142857143,0.9642857142857143
25299815,raw,0.0589110140870889,-4.106374131741002,0.8928571428571429,0.9642857142857143,0.9642857142857143
25299815,raw_plus_guide,0.0640994373010261,-12.346078603960295,0.5714285714285714,0.8571428571428571,0.8928571428571429
25365677,binned_complete,0.09718702527756125,-0.6261494259899455,0.36363636363636365,0.7272727272727273,0.8636363636363636
25365677,clipping,0.107817815573477,0.27100779905493094,0.4090909090909091,0.8636363636363636,0.9545454545454546
25365677,floor,0.107817815573477,0.27100779905493094,0.4090909090909091,0.8636363636363636,0.9545454545454546
25365677,guide_only,0.10334075537538995,,,,
25365677,inflation,0.107817815573477,0.27100779905493094,0.4090909090909091,0.8636363636363636,0.9545454545454546
25365677,periodic,0.10294643048472625,0.6984741176819035,0.4090909090909091,0.9545454545454546,1.0
25365677,raw,0.158125248446086,0.0957145219317541,0.4090909090909091,0.8181818181818182,1.0
25365677,raw_plus_guide,0.09662162377364855,-0.612216092962226,0.36363636363636365,0.7272727272727273,0.8636363636363636
25785978,binned_complete,0.1545027024571386,-7.20850113302263,0.28,0.48,0.64
25785978,clipping,0.0845765000000007,-3.228228722088667,0.6,0.88,0.88
25785978,floor,0.0946725000000014,-0.33837648550150845,0.88,0.92,0.96
25785978,guide_only,0.1558780093176679,,,,
25785978,inflation,0.0946725000000014,-0.33837648550150845,0.88,0.92,0.96
25785978,periodic,0.1519393478260831,-0.23959512962616497,0.88,0.92,0.96
25785978,raw,0.0946725000000014,-0.33871812286467856,0.88,0.92,0.96
25785978,raw_plus_guide,0.1515544095176686,-7.186986184405982,0.28,0.48,0.64
25793632,binned_complete,0.06925362438872,0.46359601999791344,0.5,0.7,1.0
25793632,clipping,0.06166188167528825,0.9203151021919165,0.55,0.9,1.0
25793632,floor,0.06166188167528825,0.9203151021919165,0.55,0.9,1.0
25793632,guide_only,0.0710107239936501,,,,
25793632,inflation,0.06166188167528825,0.9203151021919165,0.55,0.9,1.0
25793632,periodic,0.050657988048007946,1.3382656516258407,0.75,1.0,1.0
25793632,raw,0.07598727060388015,0.9873372286885933,0.45,1.0,1.0
25793632,raw_plus_guide,0.07052844777750694,0.5131156678831598,0.5,0.7,1.0
26067932,binned_complete,0.09001904510442135,-1.7028516774161937,0.3,0.85,0.9
26067932,clipping,0.07617007531036885,-1.2675226684318022,0.45,0.85,0.9
26067932,floor,0.0900635278084855,-1.571198465013607,0.85,0.95,0.95
26067932,guide_only,0.09044923402940515,,,,
26067932,inflation,0.0900635278084855,-1.571198465013607,0.85,0.95,0.95
26067932,periodic,0.08175685509829825,-1.6939810870112062,0.9,0.95,0.95
26067932,raw,0.07211940593216855,-0.9253397836948736,0.9,0.95,0.95
26067932,raw_plus_guide,0.08934344863988031,-1.6802159522310827,0.3,0.85,0.9
26121623,binned_complete,0.0626684421960437,-10.293176179776731,0.5217391304347826,0.782608695652174,0.9130434782608695
26121623,clipping,0.070331562249061,-10.964963192894972,0.5217391304347826,0.8695652173913043,0.9130434782608695
26121623,floor,0.0719140000000013,-6.5368090295989205,0.8695652173913043,0.9565217391304348,0.9565217391304348
26121623,guide_only,0.0625839999999939,,,,
26121623,inflation,0.0719140000000013,-6.5368090295989205,0.8695652173913043,0.9565217391304348,0.9565217391304348
26121623,periodic,0.1044992911829378,-6.117181734620574,0.9130434782608695,0.9565217391304348,0.9565217391304348
26121623,raw,0.0719139999999924,-4.635356584679852,0.9130434782608695,0.9565217391304348,0.9565217391304348
26121623,raw_plus_guide,0.0643870002228403,-10.28792004362004,0.5652173913043478,0.782608695652174,0.9130434782608695
26123221,binned_complete,0.3448652280119422,-27.153409869520328,0.2,0.24,0.44
26123221,clipping,0.2211784014601487,-1.1128316066685389,0.64,0.88,0.92
26123221,floor,0.2211784014601487,-1.1000533429123829,0.68,0.92,0.92
26123221,guide_only,0.3453809169630624,,,,
26123221,inflation,0.2211784014601487,-1.1000533429123829,0.68,0.92,0.92
26123221,periodic,0.3350738135889664,-1.0790013343049685,0.72,0.88,0.92
26123221,raw,0.22135089897656,-1.0936943239225392,0.68,0.92,0.92
26123221,raw_plus_guide,0.3439935454098286,-25.27705109516567,0.2,0.24,0.48
26145781,binned_complete,0.0436782387903038,1.4267105289020794,0.85,1.0,1.0
26145781,clipping,0.026001633477286547,1.4249518204368572,0.8,1.0,1.0
26145781,floor,0.026001633477286547,1.4249518204368572,0.8,1.0,1.0
26145781,guide_only,0.044134756317312396,,,,
26145781,inflation,0.026001633477286547,1.4249518204368572,0.8,1.0,1.0
26145781,periodic,0.02805750472516695,1.4314959646854115,0.65,0.95,1.0
26145781,raw,0.0329944897599112,1.4218263672494798,0.7,1.0,1.0
26145781,raw_plus_guide,0.0368700943032962,1.4487254951104125,0.8,1.0,1.0
26693205,binned_complete,0.16698117418132608,-5.313191408043236,0.2,0.4,0.65
26693205,clipping,0.20217849999986898,-1.916431926120752,0.4,0.75,0.95
26693205,floor,0.2250075000000002,-2.0974485860568945,0.8,0.8,0.95
26693205,guide_only,0.1673034999999938,,,,
26693205,inflation,0.2250075000000002,-2.0974485860568945,0.8,0.8,0.95
26693205,periodic,0.3117014703713945,-2.0964505486490554,0.7,0.85,0.95
26693205,raw,0.2250075000000002,-2.129610046665657,0.8,0.8,0.95
26693205,raw_plus_guide,0.1669814130898519,-5.343775084265855,0.2,0.4,0.65
26803671,binned_complete,0.1329101427569341,-0.7222122344677921,0.3181818181818182,0.5909090909090909,0.9545454545454546
26803671,clipping,0.13994479508820928,-0.296076354539215,0.2727272727272727,0.8636363636363636,0.9545454545454546
26803671,floor,0.13755059795659805,-0.26278989556769133,0.36363636363636365,0.8636363636363636,0.9545454545454546
26803671,guide_only,0.13273457231266045,,,,
26803671,inflation,0.13404372040989185,-0.23776089495821495,0.3181818181818182,0.8181818181818182,0.9545454545454546
26803671,periodic,0.11542500400159555,-0.13985046383510202,0.45454545454545453,0.8636363636363636,0.9545454545454546
26803671,raw,0.13975499653356935,-0.19248873310817222,0.5,0.8636363636363636,0.9545454545454546
26803671,raw_plus_guide,0.13245945845794788,-0.7139352261629465,0.3181818181818182,0.5909090909090909,0.9545454545454546
26820043,binned_complete,0.045184696420172,1.049908588294512,0.7619047619047619,0.9047619047619048,0.9523809523809523
26820043,clipping,0.0372030000000016,1.1441225169662148,0.7619047619047619,0.9047619047619048,1.0
26820043,floor,0.0372030000000016,1.1441225169662148,0.7619047619047619,0.9047619047619048,1.0
26820043,guide_only,0.0480949217493247,,,,
26820043,inflation,0.0372030000000016,1.1441225169662148,0.7619047619047619,0.9047619047619048,1.0
26820043,periodic,0.0463566166701987,1.0764212839495524,0.7142857142857143,0.9047619047619048,0.9523809523809523
26820043,raw,0.033209947328995,1.1238146023858786,0.7619047619047619,0.9047619047619048,1.0
26820043,raw_plus_guide,0.0457530718344223,1.0670118898710537,0.7619047619047619,0.9047619047619048,0.9523809523809523
26917114,binned_complete,0.0703765878895552,0.8312843214775827,0.5172413793103449,0.9310344827586207,0.9655172413793104
26917114,clipping,0.0407064254281088,1.2738926491266402,0.6896551724137931,0.9655172413793104,1.0
26917114,floor,0.0407064254281088,1.2738926491266402,0.6896551724137931,0.9655172413793104,1.0
26917114,guide_only,0.0693510000000081,,,,
26917114,inflation,0.0407064254281088,1.2738926491266402,0.6896551724137931,0.9655172413793104,1.0
26917114,periodic,0.0228562872788735,1.5372831166027494,0.8620689655172413,0.9655172413793104,1.0
26917114,raw,0.1277083062643029,0.1835350663288039,0.4482758620689655,0.8275862068965517,1.0
26917114,raw_plus_guide,0.0672503171807221,0.8451721885151975,0.5517241379310345,0.9310344827586207,0.9655172413793104
27142668,binned_complete,0.16187513241767698,-2.5841681706233706,0.15,0.45,0.65
27142668,clipping,0.0709739763307233,0.19147531259091555,0.6,0.75,0.95
27142668,floor,0.0709739763307233,0.19147531259091555,0.6,0.75,0.95
27142668,guide_only,0.15800529602523555,,,,
27142668,inflation,0.07113522403205505,0.18915737176233688,0.6,0.75,0.95
27142668,periodic,0.08715959780205651,-0.3952872631672889,0.5,0.75,0.85
27142668,raw,0.0760564170854021,0.1624974614016424,0.5,0.85,0.9
27142668,raw_plus_guide,0.16311024560894433,-2.425258185937825,0.15,0.45,0.65
27147130,binned_complete,0.18231510890332808,-3.055493349115393,0.25,0.4,0.65
27147130,clipping,0.05338949999999975,0.11027572906673253,0.75,0.9,0.95
27147130,floor,0.05338949999999975,0.11027572906673253,0.75,0.9,0.95
27147130,guide_only,0.18000752857142105,,,,
27147130,inflation,0.05338949999999975,0.11027572906673253,0.75,0.9,0.95
27147130,periodic,0.11688978571428515,0.1745489538999752,0.75,0.9,0.95
27147130,raw,0.05338949999999975,0.11136162294776855,0.75,0.9,0.95
27147130,raw_plus_guide,0.18073510120780328,-2.9488886799098615,0.25,0.4,0.75
28039132,binned_complete,0.1198903412002323,0.032536628772787915,0.3333333333333333,0.7619047619047619,0.9523809523809523
28039132,clipping,0.0568540962332519,1.1194161939528153,0.8571428571428571,1.0,1.0
28039132,floor,0.0568540962332519,1.1180658718930345,0.8571428571428571,1.0,1.0
28039132,guide_only,0.1206208237968127,,,,
28039132,inflation,0.0568540962332519,1.1180658718930345,0.8571428571428571,1.0,1.0
28039132,periodic,0.0551703007961812,1.1918644203402369,0.7142857142857143,0.9523809523809523,1.0
28039132,raw,0.0580041130891793,1.191110475742843,0.5714285714285714,0.9523809523809523,1.0
28039132,raw_plus_guide,0.1179712163734301,0.1552527781427234,0.3333333333333333,0.7619047619047619,0.9523809523809523
28264500,binned_complete,0.07497352662544275,0.8271641494400613,0.45,0.9,0.95
28264500,clipping,0.059554926354151,1.0566197442446081,0.65,0.95,1.0
28264500,floor,0.059554926354151,1.0566197442446081,0.65,0.95,1.0
28264500,guide_only,0.0703385992286094,,,,
28264500,inflation,0.059554926354151,1.0566197442446081,0.65,0.95,1.0
28264500,periodic,0.057580649859567595,1.003519756110916,0.65,0.95,1.0
28264500,raw,0.054508000000000195,1.0238531322319129,0.75,1.0,1.0
28264500,raw_plus_guide,0.07524483340927365,0.8313691634045657,0.45,0.9,0.95
28308557,binned_complete,0.09993395893636145,-7.651196081035806,0.3,0.75,0.75
28308557,clipping,0.07129069816626905,-6.612289172595749,0.55,0.85,0.85
28308557,floor,0.08441450344426646,-1.061647427637006,0.9,0.95,0.95
28308557,guide_only,0.09912450000000735,,,,
28308557,inflation,0.08441450344426646,-1.061647427637006,0.9,0.95,0.95
28308557,periodic,0.12354720663669205,-1.0147462490263328,0.9,0.95,0.95
28308557,raw,0.0840231543581655,-1.0231098425954475,0.9,0.95,0.95
28308557,raw_plus_guide,0.09886563064609885,-7.623328464473104,0.3,0.75,0.75
28684532,binned_complete,0.10121082550815605,-0.020446729106944728,0.45,0.9,0.9
28684532,clipping,0.0534425994840166,0.5421655545844939,0.65,0.9,0.95
28684532,floor,0.0534425994840166,0.5421655545844939,0.65,0.9,0.95
28684532,guide_only,0.10215151313155241,,,,
28684532,inflation,0.05766486851517165,0.5063225063712943,0.65,0.9,0.95
28684532,periodic,0.04733387989039525,0.7406986764809089,0.8,0.9,0.95
28684532,raw,0.0525765341846167,0.551597276057336,0.65,0.9,0.95
28684532,raw_plus_guide,0.10100484752005195,-0.02818521819786049,0.45,0.9,0.9
28685888,binned_complete,0.1861143467054375,-2.3491291804772305,0.14285714285714285,0.47619047619047616,0.6190476190476191
28685888,clipping,0.125907500482576,0.3293986986185825,0.6190476190476191,0.9047619047619048,1.0
28685888,floor,0.125907500482576,0.3293986986185825,0.6190476190476191,0.9047619047619048,1.0
28685888,guide_only,0.1785953261094484,,,,
28685888,inflation,0.125907500482576,0.3293986986185825,0.6190476190476191,0.9047619047619048,1.0
28685888,periodic,0.0993404442523022,0.27129916455045766,0.5714285714285714,0.9047619047619048,1.0
28685888,raw,0.1259075007894772,0.3345253023304767,0.6190476190476191,0.9523809523809523,1.0
28685888,raw_plus_guide,0.1873974208883844,-2.2572041892274544,0.14285714285714285,0.47619047619047616,0.6666666666666666
28766310,binned_complete,0.04845952791870005,1.2883660536414114,0.7692307692307693,0.9615384615384616,1.0
28766310,clipping,0.019662766878610648,1.4733599876005774,0.9230769230769231,0.9615384615384616,1.0
28766310,floor,0.0190605075741743,1.4744935695882941,0.9230769230769231,0.9615384615384616,1.0
28766310,guide_only,0.052186662812132995,,,,
28766310,inflation,0.0190605075741743,1.4744928232672458,0.9230769230769231,0.9615384615384616,1.0
28766310,periodic,0.0226338760435531,1.5777589800178382,0.8076923076923077,0.9230769230769231,1.0
28766310,raw,0.020011999999999447,1.5055401465433542,0.9230769230769231,0.9230769230769231,1.0
28766310,raw_plus_guide,0.03801005196223525,1.352420510939522,0.8076923076923077,0.9615384615384616,1.0
28766428,binned_complete,0.1820132971663053,-4.061728114511262,0.21428571428571427,0.42857142857142855,0.5357142857142857
28766428,clipping,0.05466184599345065,0.40665773191281857,0.6785714285714286,0.9285714285714286,0.9642857142857143
28766428,floor,0.05466184599345065,0.40665773191281857,0.6785714285714286,0.9285714285714286,0.9642857142857143
28766428,guide_only,0.1930096085501862,,,,
28766428,inflation,0.05466184599345065,0.40665773191281857,0.6785714285714286,0.9285714285714286,0.9642857142857143
28766428,periodic,0.060827892857140804,0.43885781997521484,0.6785714285714286,0.9285714285714286,0.9642857142857143
28766428,raw,0.0546520157789309,0.4123510342360271,0.6785714285714286,0.9285714285714286,0.9642857142857143
28766428,raw_plus_guide,0.1803522515416613,-3.950580485394684,0.2857142857142857,0.42857142857142855,0.5357142857142857
28903167,binned_complete,0.159979817571914,-1.9241655411472391,0.10344827586206896,0.3103448275862069,0.7241379310344828
28903167,clipping,0.15773750964461,0.19327694910270815,0.6551724137931034,0.9310344827586207,1.0
28903167,floor,0.15773750964461,0.19327694910270815,0.6551724137931034,0.9310344827586207,1.0
28903167,guide_only,0.160050110282631,,,,
28903167,inflation,0.15773750964461,0.19327694910270815,0.6551724137931034,0.9310344827586207,1.0
28903167,periodic,0.1591181363636344,0.2656636377009463,0.5517241379310345,0.9655172413793104,1.0
28903167,raw,0.1674400000000009,0.19756725978632506,0.6551724137931034,0.9310344827586207,1.0
28903167,raw_plus_guide,0.1597598331035836,-1.8977299940467232,0.10344827586206896,0.3103448275862069,0.7241379310344828
28904467,binned_complete,0.1121414649700565,-13.397837058845344,0.2413793103448276,0.6551724137931034,0.8275862068965517
28904467,clipping,0.1145439141751936,-6.772288755994787,0.7241379310344828,0.896551724137931,0.896551724137931
28904467,floor,0.1423865840234359,-1.387305937646911,0.896551724137931,0.9655172413793104,0.9655172413793104
28904467,guide_only,0.1116690385012777,,,,
28904467,inflation,0.1423865840234359,-1.387305937646911,0.896551724137931,0.9655172413793104,0.9655172413793104
28904467,periodic,0.0996479145545787,-1.376227454173206,0.9310344827586207,0.9655172413793104,0.9655172413793104
28904467,raw,0.1305029274205296,-1.4588403726536503,0.896551724137931,0.9655172413793104,0.9655172413793104
28904467,raw_plus_guide,0.1122293572527901,-13.376208828744813,0.2413793103448276,0.6551724137931034,0.8275862068965517
29115645,binned_complete,0.0844399278419523,-0.30722529280478994,0.43478260869565216,0.6956521739130435,0.782608695652174
29115645,clipping,0.1114182046977347,-0.14199932013513258,0.43478260869565216,0.782608695652174,0.9565217391304348
29115645,floor,0.1114182046977347,-0.14199932013513258,0.43478260869565216,0.782608695652174,0.9565217391304348
29115645,guide_only,0.1061024850082965,,,,
29115645,inflation,0.1121446984087448,-0.1491307830280967,0.43478260869565216,0.782608695652174,0.9565217391304348
29115645,periodic,0.1378458595669265,-0.28393553344582373,0.391304347826087,0.782608695652174,0.8695652173913043
29115645,raw,0.1805784999999993,-0.521319116257242,0.13043478260869565,0.782608695652174,0.9565217391304348
29115645,raw_plus_guide,0.0829885616299286,-0.28880069579398365,0.43478260869565216,0.6956521739130435,0.8260869565217391
29120461,binned_complete,0.0786898152507511,0.43747527388844787,0.391304347826087,0.6956521739130435,0.9565217391304348
29120461,clipping,0.0246509340975755,1.288029050484348,0.6956521739130435,0.9565217391304348,1.0
29120461,floor,0.0246509340975755,1.288029050484348,0.6956521739130435,0.9565217391304348,1.0
29120461,guide_only,0.100323490034544,,,,
29120461,inflation,0.0246509340975755,1.288029050484348,0.6956521739130435,0.9565217391304348,1.0
29120461,periodic,0.0219500275146451,1.1976629837544084,0.6521739130434783,0.8695652173913043,1.0
29120461,raw,0.0246500000000011,1.2426567816656158,0.6956521739130435,0.9565217391304348,1.0
29120461,raw_plus_guide,0.0806314868731163,0.4961440004996805,0.43478260869565216,0.6956521739130435,0.9565217391304348
29186694,binned_complete,0.085941327108566,-3.6628603658452015,0.43478260869565216,0.6521739130434783,0.7391304347826086
29186694,clipping,0.0562968345605732,-1.6062114858242413,0.6086956521739131,0.9130434782608695,0.9130434782608695
29186694,floor,0.0556459715942967,-0.12776880299719112,0.9130434782608695,0.9565217391304348,0.9565217391304348
29186694,guide_only,0.078444630969388,,,,
29186694,inflation,0.0556459715942967,-0.12776880299719112,0.9130434782608695,0.9565217391304348,0.9565217391304348
29186694,periodic,0.0886302005014574,-0.1676164819421435,0.9130434782608695,0.9565217391304348,0.9565217391304348
29186694,raw,0.0533570002755539,-0.39040805333524153,0.8695652173913043,0.9565217391304348,0.9565217391304348
29186694,raw_plus_guide,0.0872299456189207,-3.637601710505892,0.43478260869565216,0.6521739130434783,0.7391304347826086
29188415,binned_complete,0.1422180740019385,-2.412852756872292,0.3333333333333333,0.47619047619047616,0.7619047619047619
29188415,clipping,0.2257359999999995,-0.4670546540437147,0.5238095238095238,0.8571428571428571,0.9523809523809523
29188415,floor,0.2257359999999995,-0.4670546540437147,0.5238095238095238,0.8571428571428571,0.9523809523809523
29188415,guide_only,0.1460130211503081,,,,
29188415,inflation,0.2257359999999995,-0.41253412698612496,0.5714285714285714,0.8571428571428571,0.9523809523809523
29188415,periodic,0.3008555000000026,-0.7702236042513599,0.42857142857142855,0.7619047619047619,0.9523809523809523
29188415,raw,0.3075054999999995,-0.7666449220561349,0.42857142857142855,0.8095238095238095,1.0
29188415,raw_plus_guide,0.1407281899367074,-2.3981862559863334,0.3333333333333333,0.5238095238095238,0.8095238095238095
29189060,binned_complete,0.156635561410054,-4.881791541413471,0.043478260869565216,0.4782608695652174,0.782608695652174
29189060,clipping,0.1063209999999994,-0.05145872407212817,0.6956521739130435,0.8695652173913043,0.9565217391304348
29189060,floor,0.2148678385685833,-1.0115710695155482,0.5652173913043478,0.8260869565217391,0.8695652173913043
29189060,guide_only,0.1550824999999953,,,,
29189060,inflation,0.3048830000000002,-3.5702132800398134,0.4782608695652174,0.6086956521739131,0.6521739130434783
29189060,periodic,0.3063802727272726,-3.453879663328106,0.4782608695652174,0.6086956521739131,0.6956521739130435
29189060,raw,0.1063209999999994,-0.0627377257979644,0.8260869565217391,0.9565217391304348,0.9565217391304348
29189060,raw_plus_guide,0.1505628687248599,-4.86418833490568,0.043478260869565216,0.4782608695652174,0.782608695652174
29244733,binned_complete,0.1438165744703639,-0.38348263031608437,0.30434782608695654,0.6521739130434783,0.8695652173913043
29244733,clipping,0.1127394949635878,0.44899439016791315,0.391304347826087,0.9130434782608695,0.9565217391304348
29244733,floor,0.1127394949635878,0.44899439016791315,0.391304347826087,0.9130434782608695,0.9565217391304348
29244733,guide_only,0.143256000000008,,,,
29244733,inflation,0.1164086285952414,0.44008239145007566,0.34782608695652173,0.9130434782608695,0.9565217391304348
29244733,periodic,0.0974955580605652,0.5114786221649986,0.391304347826087,0.8695652173913043,0.9565217391304348
29244733,raw,0.1140463979256871,0.30980009728522545,0.30434782608695654,0.8260869565217391,0.9565217391304348
29244733,raw_plus_guide,0.1445069778314547,-0.3418015855024717,0.30434782608695654,0.6521739130434783,0.8695652173913043
29255984,binned_complete,0.1369229182070341,-22.43627509341361,0.4,0.52,0.6
29255984,clipping,0.1849174086885483,-2.305671679595295,0.56,0.88,0.96
29255984,floor,0.2217290193340666,-2.4416287104020458,0.44,0.92,0.96
29255984,guide_only,0.1366832282240366,,,,
29255984,inflation,0.2217290193340666,-2.4416287104020458,0.44,0.92,0.96
29255984,periodic,0.2329156944372776,-3.191659486465946,0.56,0.92,0.96
29255984,raw,0.2145747749047686,-2.596067910817268,0.44,0.88,0.96
29255984,raw_plus_guide,0.1369214882377036,-20.80153988343618,0.4,0.52,0.6
29561134,binned_complete,0.2904875249118319,-23.09366196969027,0.23809523809523808,0.3333333333333333,0.47619047619047616
29561134,clipping,0.1682635000000001,-3.3180788305765843,0.6666666666666666,0.7142857142857143,0.8571428571428571
29561134,floor,0.1811139999999991,-0.8712303318971005,0.7619047619047619,0.8571428571428571,0.9523809523809523
29561134,guide_only,0.2896692359716706,,,,
29561134,inflation,0.1811139999999991,-0.8712303318971005,0.7619047619047619,0.8571428571428571,0.9523809523809523
29561134,periodic,0.322708733333334,-0.9418947117060942,0.9047619047619048,0.9523809523809523,1.0
29561134,raw,0.1811139999999991,-0.8644298490864787,0.7619047619047619,0.8571428571428571,0.9523809523809523
29561134,raw_plus_guide,0.2914233660193641,-21.849467899108422,0.23809523809523808,0.42857142857142855,0.5714285714285714
3026911,binned_complete,0.04739204355145871,-2.0702802890680156,0.5833333333333334,0.7916666666666666,0.9166666666666666
3026911,clipping,0.021063805520406598,-1.6840347819947006,0.6666666666666666,0.9583333333333334,0.9583333333333334
3026911,floor,0.0779097481297048,-2.754913828513072,0.875,0.9583333333333334,0.9583333333333334
3026911,guide_only,0.050689946330797,,,,
3026911,inflation,0.0779097481297048,-2.754913828513072,0.875,0.9583333333333334,0.9583333333333334
3026911,periodic,0.1112797906118316,-2.9730799394936445,0.875,0.9583333333333334,0.9583333333333334
3026911,raw,0.08398703407767716,-2.948217510409568,0.7083333333333334,0.7916666666666666,0.875
3026911,raw_plus_guide,0.04324169726130115,-2.043772444557175,0.5833333333333334,0.7916666666666666,0.9166666666666666
31421863,binned_complete,0.3552407196076892,-5.520752453117835,0.05,0.3,0.45
31421863,clipping,0.222784360281512,-0.3024906842787583,0.5,0.85,0.95
31421863,floor,0.222784360281512,-0.3024906842787583,0.5,0.85,0.95
31421863,guide_only,0.3554114999999918,,,,
31421863,inflation,0.222784360281512,-0.3024906842787583,0.5,0.85,0.95
31421863,periodic,0.1933383245192299,-0.28013788222860064,0.55,0.85,0.95
31421863,raw,0.2227843573737793,-0.2995925023955621,0.5,0.85,0.95
31421863,raw_plus_guide,0.35529058294424765,-5.490448865389259,0.05,0.3,0.45
31429308,binned_complete,0.2278913131845428,-3.4885670596066514,0.17391304347826086,0.2608695652173913,0.6086956521739131
31429308,clipping,0.1937286621109208,-0.28653850509136825,0.21739130434782608,0.782608695652174,0.9565217391304348
31429308,floor,0.1937286621109208,-0.28653850509136825,0.21739130434782608,0.782608695652174,0.9565217391304348
31429308,guide_only,0.2267393477671646,,,,
31429308,inflation,0.1937286621109208,-0.28653850509136825,0.21739130434782608,0.782608695652174,0.9565217391304348
31429308,periodic,0.1619330548868518,0.056660465882143365,0.34782608695652173,0.782608695652174,1.0
31429308,raw,0.1948447356811939,-0.30604925326300214,0.21739130434782608,0.782608695652174,0.9565217391304348
31429308,raw_plus_guide,0.208002932203744,-3.3887258178104784,0.17391304347826086,0.30434782608695654,0.6521739130434783
31495559,binned_complete,0.0799523850561421,0.09375860646035675,0.5238095238095238,0.7619047619047619,0.9047619047619048
31495559,clipping,0.1342729594117173,0.5504645044120944,0.42857142857142855,1.0,1.0
31495559,floor,0.1342729594117173,0.5504645044120944,0.42857142857142855,1.0,1.0
31495559,guide_only,0.0802562778777478,,,,
31495559,inflation,0.1342729594117173,0.5504645044120944,0.42857142857142855,1.0,1.0
31495559,periodic,0.1025260588235283,0.6593914215350434,0.5714285714285714,1.0,1.0
31495559,raw,0.1342580000000026,0.579961970896597,0.47619047619047616,1.0,1.0
31495559,raw_plus_guide,0.0795851704717058,0.09781270295785745,0.5238095238095238,0.7619047619047619,0.9047619047619048
31498095,binned_complete,0.0402762611523659,1.168375020448935,0.8214285714285714,0.9285714285714286,0.9642857142857143
31498095,clipping,0.0430977369196252,0.8517595874747095,0.7142857142857143,0.9285714285714286,0.9642857142857143
31498095,floor,0.0430977369196252,0.9345065787917459,0.7142857142857143,0.9285714285714286,0.9642857142857143
31498095,guide_only,0.0393391988512803,,,,
31498095,inflation,0.0430977369196252,0.9345065787917459,0.7142857142857143,0.9285714285714286,0.9642857142857143
31498095,periodic,0.045351036307498455,0.8333603884884616,0.6428571428571429,0.9285714285714286,0.9642857142857143
31498095,raw,0.05105269953397415,0.7984072482907061,0.6071428571428571,0.9285714285714286,1.0
31498095,raw_plus_guide,0.0389370329066647,1.155256339724415,0.8214285714285714,0.9285714285714286,0.9642857142857143
31527894,binned_complete,0.1753077971458498,-7.535029492953737,0.28,0.32,0.64
31527894,clipping,0.1113092508306845,-5.179402322165153,0.68,0.84,0.88
31527894,floor,0.1117976364206043,-4.3661278535964065,0.76,0.84,0.88
31527894,guide_only,0.1763880000000082,,,,
31527894,inflation,0.1117976364206043,-4.3661278535964065,0.76,0.84,0.88
31527894,periodic,0.1363542574499696,-4.238562387324108,0.72,0.84,0.88
31527894,raw,0.0567917414284036,-3.207238640093387,0.84,0.84,0.88
31527894,raw_plus_guide,0.1757845464809015,-7.492227988123371,0.28,0.32,0.64
31596857,binned_complete,0.0699987255932814,-3.685870684523912,0.5652173913043478,0.6956521739130435,0.9130434782608695
31596857,clipping,0.050543239456152,-3.9079320939655453,0.6956521739130435,0.8260869565217391,0.9130434782608695
31596857,floor,0.0477050000000005,-1.415371960424041,0.9130434782608695,0.9565217391304348,0.9565217391304348
31596857,guide_only,0.0727696415387733,,,,
31596857,inflation,0.0477050000000005,-1.415371960424041,0.9130434782608695,0.9565217391304348,0.9565217391304348
31596857,periodic,0.0971625999999972,-2.3938301498353014,0.9130434782608695,0.9565217391304348,0.9565217391304348
31596857,raw,0.0477050000000005,-1.176327588156102,0.9130434782608695,0.9565217391304348,0.9565217391304348
31596857,raw_plus_guide,0.067225118062959,-3.6976050875539257,0.5652173913043478,0.6956521739130435,0.9130434782608695
3169596,binned_complete,0.1499907702703664,-0.13491003795296516,0.15,0.45,1.0
3169596,clipping,0.12095558784679115,0.3194095874578027,0.45,0.6,1.0
3169596,floor,0.12095558784679115,0.3194095874578027,0.45,0.6,1.0
3169596,guide_only,0.14969809528362885,,,,
3169596,inflation,0.12095558784679115,0.3194095874578027,0.45,0.6,1.0
3169596,periodic,0.12116180458984255,-0.19316131798909114,0.45,0.55,0.95
3169596,raw,0.1416290738865777,0.34608483807868684,0.4,0.65,1.0
3169596,raw_plus_guide,0.1501511158821946,-0.08662432637019911,0.25,0.45,1.0
3171009,binned_complete,0.07224822592184929,-3.9306604200557675,0.47368421052631576,0.7105263157894737,0.7368421052631579
3171009,clipping,0.16533369061140135,-1.0171918365265311,0.5526315789473685,0.7105263157894737,0.8157894736842105
3171009,floor,0.14699833277903268,-0.8941787824223931,0.6578947368421053,0.7105263157894737,0.8157894736842105
3171009,guide_only,0.07376400000000055,,,,
3171009,inflation,0.14699833277903268,-0.8941787824223931,0.6578947368421053,0.7105263157894737,0.8157894736842105
3171009,periodic,0.13783453248560826,-0.9681977005594231,0.6578947368421053,0.7105263157894737,0.8157894736842105
3171009,raw,0.20597673808875244,-0.46123578944390803,0.6842105263157895,0.9210526315789473,0.9473684210526315
3171009,raw_plus_guide,0.07157789820079055,-3.9832287307091794,0.4473684210526316,0.7105263157894737,0.7368421052631579
32006741,binned_complete,0.0290126079634802,1.2283208532214984,0.7142857142857143,0.9523809523809523,1.0
32006741,clipping,0.0358599382173565,1.1351322149099592,0.6666666666666666,0.8571428571428571,1.0
32006741,floor,0.0358599382173565,1.1351322149099592,0.6666666666666666,0.8571428571428571,1.0
32006741,guide_only,0.0285962190991355,,,,
32006741,inflation,0.0358599382173565,1.1351322149099592,0.6666666666666666,0.8571428571428571,1.0
32006741,periodic,0.0276774881001742,1.1090966329587368,0.6666666666666666,0.8571428571428571,0.9523809523809523
32006741,raw,0.039523359105356,1.0660346883012133,0.6666666666666666,0.9047619047619048,1.0
32006741,raw_plus_guide,0.0284871467898319,1.219994768337234,0.7142857142857143,0.9523809523809523,1.0
3238469,binned_complete,0.0238142120576876,1.617955799374458,1.0,1.0,1.0
3238469,clipping,0.0323679999918029,1.5857973410950958,0.95,1.0,1.0
3238469,floor,0.0323679999918029,1.5857973410950958,0.95,1.0,1.0
3238469,guide_only,0.02278173328025975,,,,
3238469,inflation,0.0323679999918029,1.5857973410950958,0.95,1.0,1.0
3238469,periodic,0.025488787233320452,1.8557087964267915,0.9,1.0,1.0
3238469,raw,0.03234050000000095,1.7200444005940159,0.9,1.0,1.0
3238469,raw_plus_guide,0.028059565862752,1.6109388965525882,1.0,1.0,1.0
32639569,binned_complete,0.1020826873022571,-0.6614136776661909,0.43478260869565216,0.5217391304347826,0.8260869565217391
32639569,clipping,0.1216598252609344,-0.02024368893698102,0.6086956521739131,0.7391304347826086,0.9565217391304348
32639569,floor,0.1216598252609344,-0.02024368893698102,0.6086956521739131,0.7391304347826086,0.9565217391304348
32639569,guide_only,0.1016407034555229,,,,
32639569,inflation,0.1216598252609344,-0.02024368893698102,0.6086956521739131,0.7391304347826086,0.9565217391304348
32639569,periodic,0.1036257647057041,0.10445653583548879,0.6086956521739131,0.8260869565217391,0.9565217391304348
32639569,raw,0.1129030589553998,0.3387606102839131,0.6956521739130435,0.8695652173913043,1.0
32639569,raw_plus_guide,0.102660552189711,-0.6558352500869498,0.43478260869565216,0.5217391304347826,0.8260869565217391
32980056,binned_complete,0.1359296848703088,-1.6304470551856665,0.391304347826087,0.5217391304347826,0.8260869565217391
32980056,clipping,0.1167404547002917,0.28382511380535114,0.5652173913043478,0.8695652173913043,0.9130434782608695
32980056,floor,0.0878874577466959,0.7429202508488397,0.6956521739130435,0.9565217391304348,1.0
32980056,guide_only,0.1362948973573878,,,,
32980056,inflation,0.0878874577466959,0.7429202508488397,0.6956521739130435,0.9565217391304348,1.0
32980056,periodic,0.0888662460164688,0.9681423157421258,0.7391304347826086,1.0,1.0
32980056,raw,0.0628546625937644,0.8101052434088907,0.782608695652174,0.9565217391304348,1.0
32980056,raw_plus_guide,0.1355665866854067,-1.4996725463991114,0.34782608695652173,0.5217391304347826,0.8260869565217391
3316543,binned_complete,0.1022346287570421,-13.426895137448243,0.37037037037037035,0.6296296296296297,0.8148148148148148
3316543,clipping,0.0383271633937063,-11.046918884824096,0.7777777777777778,0.8888888888888888,0.9259259259259259
3316543,floor,0.0559119845815736,-11.39457006078503,0.8888888888888888,0.8888888888888888,0.9629629629629629
3316543,guide_only,0.1029320000000062,,,,
3316543,inflation,0.0559119227350564,-11.39457055745688,0.8888888888888888,0.8888888888888888,0.9629629629629629
3316543,periodic,0.1557725560146359,-14.946690703086988,0.8888888888888888,0.9259259259259259,0.9629629629629629
3316543,raw,0.0559119754259889,-15.359960852394645,0.8518518518518519,0.8888888888888888,0.9629629629629629
3316543,raw_plus_guide,0.1013429830765701,-13.365501192469445,0.37037037037037035,0.6296296296296297,0.8148148148148148
33292680,binned_complete,0.27304294909468746,-10.337372705110827,0.15,0.25,0.35
33292680,clipping,0.15003399999999975,-0.09482785514087926,0.7,0.95,0.95
33292680,floor,0.15003399999999975,-0.09482785514087926,0.7,0.95,0.95
33292680,guide_only,0.27461415333261385,,,,
33292680,inflation,0.15003399999999975,-0.09482785514087926,0.7,0.95,0.95
33292680,periodic,0.13191849999999933,-0.09098007778371206,0.75,0.95,0.95
33292680,raw,0.15003399999999975,-0.08395049404866758,0.7,0.95,0.95
33292680,raw_plus_guide,0.2726174986983878,-10.246821890553498,0.15,0.25,0.35
3384809,binned_complete,0.0868230603135682,-20.802137770738653,0.42857142857142855,0.7619047619047619,0.8571428571428571
3384809,clipping,0.1840691044411233,-2.3172550032341586,0.7142857142857143,0.8571428571428571,0.9047619047619048
3384809,floor,0.2619569131053989,-2.2154110781368184,0.9523809523809523,0.9523809523809523,0.9523809523809523
3384809,guide_only,0.0866406264868135,,,,
3384809,inflation,0.2619569131053989,-2.2154110781368184,0.9523809523809523,0.9523809523809523,0.9523809523809523
3384809,periodic,0.2458562499995853,-2.751233604033376,0.9047619047619048,0.9523809523809523,0.9523809523809523
3384809,raw,0.2525280960143128,-1.0255696603299356,0.9523809523809523,0.9523809523809523,0.9523809523809523
3384809,raw_plus_guide,0.0871778647794521,-20.48728897693891,0.42857142857142855,0.8095238095238095,0.8571428571428571
3510231,binned_complete,0.0869143392521998,-4.875063566921308,0.3902439024390244,0.6829268292682927,0.8048780487804879
3510231,clipping,0.2556140000000013,-0.7317703875513926,0.6341463414634146,0.8780487804878049,0.9512195121951219
3510231,floor,0.2556140000000013,-0.7317703875513926,0.6341463414634146,0.8780487804878049,0.9512195121951219
3510231,guide_only,0.0815170000000051,,,,
3510231,inflation,0.2556140000000013,-0.7317703875513926,0.6341463414634146,0.8780487804878049,0.9512195121951219
3510231,periodic,0.2807271882152982,-0.678768300359319,0.6585365853658537,0.926829268292683,0.975609756097561
3510231,raw,0.2556140000000013,-0.6782869246517762,0.6341463414634146,0.8780487804878049,1.0
3510231,raw_plus_guide,0.0837660503635504,-4.54623561293619,0.4146341463414634,0.6829268292682927,0.8048780487804879
3539186,binned_complete,0.0407006228344926,1.3425361104376554,0.782608695652174,0.9710144927536232,1.0
3539186,clipping,0.0354432801045838,1.3358808542889127,0.7536231884057971,0.9420289855072463,1.0
3539186,floor,0.0356455591900086,1.3376467334383035,0.7681159420289855,0.9420289855072463,1.0
3539186,guide_only,0.0408628846659127,,,,
3539186,inflation,0.0356455591900086,1.3376467334383035,0.7681159420289855,0.9420289855072463,1.0
3539186,periodic,0.0369312398625361,1.3741139001027196,0.7536231884057971,0.927536231884058,1.0
3539186,raw,0.0349504973176948,1.4678787640133195,0.7681159420289855,0.9420289855072463,1.0
3539186,raw_plus_guide,0.0395030697820288,1.3579662577674692,0.7971014492753623,0.9710144927536232,1.0
3540068,binned_complete,0.0537002275279547,-4.133601164642948,0.6716417910447762,0.8208955223880597,0.8805970149253731
3540068,clipping,0.0486752486442085,-1.3453935246346127,0.6716417910447762,0.8208955223880597,0.8955223880597015
3540068,floor,0.1109216541500046,0.33311992623078934,0.8208955223880597,0.9253731343283582,0.9701492537313433
3540068,guide_only,0.06260608094858,,,,
3540068,inflation,0.1109216541500046,0.33311992623078934,0.8208955223880597,0.9253731343283582,0.9701492537313433
3540068,periodic,0.1290231491068922,0.36919287997620154,0.5671641791044776,0.9402985074626866,1.0
3540068,raw,0.0479649719080974,0.21651272580498906,0.8656716417910447,0.9253731343283582,0.9701492537313433
3540068,raw_plus_guide,0.0524509305798126,-3.978874439145207,0.6716417910447762,0.835820895522388,0.8955223880597015
3564690,binned_complete,0.034973010571619,1.2288458356901595,0.7307692307692307,0.9615384615384616,1.0
3564690,clipping,0.0355453150396023,1.4026800323022448,0.8076923076923077,1.0,1.0
3564690,floor,0.03554384290704775,1.397677350325955,0.8076923076923077,1.0,1.0
3564690,guide_only,0.0376960344546013,,,,
3564690,inflation,0.03554384290704775,1.397677350325955,0.8076923076923077,1.0,1.0
3564690,periodic,0.03469366146850375,1.47977341700536,0.6538461538461539,0.9230769230769231,1.0
3564690,raw,0.0396305608870708,1.4518622457798025,0.8076923076923077,0.9615384615384616,1.0
3564690,raw_plus_guide,0.037766954848290554,1.3432579193708987,0.7692307692307693,0.9615384615384616,1.0
356960,binned_complete,0.0808047502682125,-2.181627162231056,0.42857142857142855,0.5714285714285714,0.7619047619047619
356960,clipping,0.0834419999999944,-1.3702268871062941,0.6190476190476191,0.8095238095238095,0.9047619047619048
356960,floor,0.0901764999989183,-0.21029140774146324,0.7619047619047619,0.9047619047619048,0.9523809523809523
356960,guide_only,0.0791579987271156,,,,
356960,inflation,0.0901764999989183,-0.21029140774146324,0.7619047619047619,0.9047619047619048,0.9523809523809523
356960,periodic,0.1144359375000014,-0.14299200234697512,0.7619047619047619,0.9047619047619048,0.9523809523809523
356960,raw,0.0901764999999521,-0.17317747325465288,0.7619047619047619,0.9047619047619048,0.9523809523809523
356960,raw_plus_guide,0.0823454921480131,-2.275257020074324,0.38095238095238093,0.6190476190476191,0.8095238095238095
3577505,binned_complete,0.1266485650899582,-0.5584292066198164,0.08695652173913043,0.5217391304347826,0.8695652173913043
3577505,clipping,0.1097798400466398,0.6074008433847659,0.43478260869565216,0.9565217391304348,1.0
3577505,floor,0.1097798400466398,0.6074008433847659,0.43478260869565216,0.9565217391304348,1.0
3577505,guide_only,0.1273318494966631,,,,
3577505,inflation,0.1097798400466398,0.6074008433847659,0.43478260869565216,0.9565217391304348,1.0
3577505,periodic,0.1017470861397864,0.795297875315198,0.43478260869565216,0.9565217391304348,1.0
3577505,raw,0.1284325000000006,0.23976586625650653,0.2608695652173913,0.782608695652174,1.0
3577505,raw_plus_guide,0.1256164416168381,-0.5294516769266157,0.08695652173913043,0.5652173913043478,0.8695652173913043
3580689,binned_complete,0.079764626864744,0.6844684184702883,0.45454545454545453,0.7727272727272727,1.0
3580689,clipping,0.0341774821149183,1.3527566261735657,0.7727272727272727,0.9545454545454546,1.0
3580689,floor,0.0341774821149183,1.37281034751489,0.8181818181818182,0.9545454545454546,1.0
3580689,guide_only,0.07886208117619015,,,,
3580689,inflation,0.0341774821149183,1.366233082460021,0.8181818181818182,0.9545454545454546,1.0
3580689,periodic,0.038205268809374346,1.2746545065190729,0.7272727272727273,0.9545454545454546,0.9545454545454546
3580689,raw,0.03417749848789415,1.2930668201564628,0.8181818181818182,0.9545454545454546,1.0
3580689,raw_plus_guide,0.07848407511831995,0.726973176139751,0.45454545454545453,0.7727272727272727,1.0
36072883,binned_complete,0.17215291422745072,-2.9799123438794988,0.1,0.3,0.6
36072883,clipping,0.13157576953314096,0.11436175907101676,0.5,0.8,1.0
36072883,floor,0.13157576953314096,0.11436175907101676,0.5,0.8,1.0
36072883,guide_only,0.17214354892667405,,,,
36072883,inflation,0.13157576953314096,0.11436175907101676,0.5,0.8,1.0
36072883,periodic,0.1208125357654035,0.14380805353248557,0.45,0.8,1.0
36072883,raw,0.1476661990140284,0.13833686786401103,0.5,0.85,1.0
36072883,raw_plus_guide,0.17014246865134103,-2.879997727082448,0.1,0.3,0.6
36075031,binned_complete,0.11351314498994025,-3.213940446234319,0.4,0.55,0.7
36075031,clipping,0.14114580051625394,-0.04446509648685568,0.5,0.8,0.95
36075031,floor,0.14114580051625394,-0.04446509648685568,0.5,0.8,0.95
36075031,guide_only,0.11502661492443875,,,,
36075031,inflation,0.14114580051625394,-0.04446509648685568,0.5,0.8,0.95
36075031,periodic,0.13025651672919736,0.130322467226231,0.45,0.85,1.0
36075031,raw,0.15803349999999744,0.03762384206967768,0.5,0.85,1.0
36075031,raw_plus_guide,0.11195949341329214,-3.0108036781012237,0.4,0.55,0.7
36932838,binned_complete,0.08029366112041719,-2.201417647382444,0.4583333333333333,0.8333333333333334,0.875
36932838,clipping,0.0704519999999737,-1.2742515249953732,0.5833333333333334,0.8333333333333334,0.9166666666666666
36932838,floor,0.07169627615775905,-1.6036807239978021,0.9166666666666666,0.9583333333333334,0.9583333333333334
36932838,guide_only,0.08134397650687744,,,,
36932838,inflation,0.07169627615775905,-1.6036807239978021,0.9166666666666666,0.9583333333333334,0.9583333333333334
36932838,periodic,0.08154774047054045,-1.5660702179174164,0.9166666666666666,0.9583333333333334,0.9583333333333334
36932838,raw,0.07036225121677381,-1.0090637136307163,0.9166666666666666,0.9583333333333334,0.9583333333333334
36932838,raw_plus_guide,0.07728822766911485,-2.175575773727896,0.4583333333333333,0.8333333333333334,0.875
37015268,binned_complete,0.174187135652466,-2.5992877943487502,0.18181818181818182,0.45454545454545453,0.8181818181818182
37015268,clipping,0.12222482017017006,0.11302100174820139,0.7272727272727273,0.8636363636363636,0.9545454545454546
37015268,floor,0.12222482017017006,0.36644659791071893,0.7727272727272727,0.9545454545454546,1.0
37015268,guide_only,0.17512592758670475,,,,
37015268,inflation,0.12222482017017006,0.36644659791071893,0.7727272727272727,0.9545454545454546,1.0
37015268,periodic,0.1297874746489222,0.37912719700679154,0.7272727272727273,0.9545454545454546,1.0
37015268,raw,0.09513234453600455,0.212790727845083,0.8636363636363636,0.9090909090909091,1.0
37015268,raw_plus_guide,0.1749364552529577,-2.5982351238540033,0.18181818181818182,0.45454545454545453,0.8181818181818182
3707856,binned_complete,0.113638564106945,-6.355235086928016,0.4,0.55,0.65
3707856,clipping,0.09922104229030901,0.15836929977347552,0.75,0.95,1.0
3707856,floor,0.09922104229030901,0.15836929977347552,0.75,0.95,1.0
3707856,guide_only,0.11310404486656539,,,,
3707856,inflation,0.09922104229030901,0.15836929977347552,0.75,0.95,1.0
3707856,periodic,0.1006970635592301,0.014763551074708937,0.75,0.95,0.95
3707856,raw,0.12568668902101085,0.1628551160864635,0.75,0.95,1.0
3707856,raw_plus_guide,0.11391985657865786,-6.3333401783715315,0.35,0.55,0.65
37972693,binned_complete,0.0880770852264145,0.3172161718413414,0.45454545454545453,0.7272727272727273,0.9545454545454546
37972693,clipping,0.0927569225621862,0.26508220390544784,0.45454545454545453,0.7727272727272727,0.9545454545454546
37972693,floor,0.0927569225621862,0.26508220390544784,0.45454545454545453,0.7727272727272727,0.9545454545454546
37972693,guide_only,0.08753153551845999,,,,
37972693,inflation,0.0927569225621862,0.26508220390544784,0.45454545454545453,0.7727272727272727,0.9545454545454546
37972693,periodic,0.1086426538610254,0.23958695834130425,0.45454545454545453,0.7272727272727273,0.9545454545454546
37972693,raw,0.10053457020494955,0.12131726079559964,0.5454545454545454,0.7272727272727273,0.9090909090909091
37972693,raw_plus_guide,0.08768185753716826,0.32245747183868645,0.5,0.7272727272727273,0.9545454545454546
38003224,binned_complete,0.0475632914449004,-3.8308527522337346,0.6666666666666666,0.7619047619047619,0.8095238095238095
38003224,clipping,0.0388552155950954,0.4718231166961765,0.7142857142857143,0.8571428571428571,0.9523809523809523
38003224,floor,0.0388552155950954,0.4718231166961765,0.7142857142857143,0.8571428571428571,0.9523809523809523
38003224,guide_only,0.0456005295421082,,,,
38003224,inflation,0.0388552155950954,0.4718231166961765,0.7142857142857143,0.8571428571428571,0.9523809523809523
38003224,periodic,0.052492364417354,0.44075966038571834,0.6666666666666666,0.8571428571428571,0.9523809523809523
38003224,raw,0.0755262461804644,0.3629034988219612,0.6666666666666666,0.9047619047619048,0.9523809523809523
38003224,raw_plus_guide,0.0450109253298904,-3.7715978149721456,0.6666666666666666,0.7619047619047619,0.8095238095238095
3874759,binned_complete,0.029155720734784098,-44.12632022640488,0.8461538461538461,0.8846153846153846,0.8846153846153846
3874759,clipping,0.03286029543376755,-43.06679139924587,0.7692307692307693,0.8846153846153846,0.8846153846153846
3874759,floor,0.05340550000000015,-44.64052591840068,0.8846153846153846,0.8846153846153846,0.8846153846153846
3874759,guide_only,0.02918598920192035,,,,
3874759,inflation,0.05340550000000015,-44.64052591840068,0.8846153846153846,0.8846153846153846,0.8846153846153846
3874759,periodic,0.18720655771427713,-69.67783982865366,0.8846153846153846,0.8846153846153846,0.8846153846153846
3874759,raw,0.05340550000000015,-45.80168050868493,0.8846153846153846,0.8846153846153846,0.8846153846153846
3874759,raw_plus_guide,0.03046508445017785,-43.968648925665015,0.8461538461538461,0.8846153846153846,0.8846153846153846
3891514,binned_complete,0.0766133084503906,0.46193282222067306,0.4482758620689655,0.8275862068965517,0.9310344827586207
3891514,clipping,0.1000496954603296,0.3967764207374336,0.7586206896551724,0.8620689655172413,0.9655172413793104
3891514,floor,0.1000496954603296,0.3967764207374336,0.7586206896551724,0.8620689655172413,0.9655172413793104
3891514,guide_only,0.0771918364000967,,,,
3891514,inflation,0.1000496954603296,0.3967764207374336,0.7586206896551724,0.8620689655172413,0.9655172413793104
3891514,periodic,0.0783339399427838,0.5876025793221186,0.5172413793103449,0.8620689655172413,0.9655172413793104
3891514,raw,0.1229534999999995,0.2291812826370214,0.6206896551724138,0.9310344827586207,1.0
3891514,raw_plus_guide,0.0768685632599375,0.47876047631738816,0.4827586206896552,0.8275862068965517,0.9310344827586207
3892908,binned_complete,0.11587358325732916,-3.828007044257755,0.2857142857142857,0.5714285714285714,0.8214285714285714
3892908,clipping,0.20985895787538483,-0.9690913097782233,0.6785714285714286,0.9285714285714286,0.9285714285714286
3892908,floor,0.21755301129559784,-1.209911610852447,0.7857142857142857,0.9642857142857143,0.9642857142857143
3892908,guide_only,0.1163369395907931,,,,
3892908,inflation,0.21755301129559784,-1.209911610852447,0.7857142857142857,0.9642857142857143,0.9642857142857143
3892908,periodic,0.1653926685606102,-1.2033219361116514,0.7857142857142857,0.9642857142857143,0.9642857142857143
3892908,raw,0.2134223603614771,-1.214651131232808,0.7857142857142857,0.9642857142857143,0.9642857142857143
3892908,raw_plus_guide,0.11585464721529165,-3.82929307074664,0.2857142857142857,0.5714285714285714,0.8214285714285714
3897960,binned_complete,0.10220753410255409,-2.6155805004934565,0.36764705882352944,0.75,0.8823529411764706
3897960,clipping,0.1496737156615619,-2.7194748715103514,0.36764705882352944,0.7941176470588235,0.9264705882352942
3897960,floor,0.1761124999999985,-2.0698025720508246,0.9117647058823529,0.9558823529411765,0.9852941176470589
3897960,guide_only,0.1026350000000082,,,,
3897960,inflation,0.1761124999999985,-2.0698025720508246,0.9117647058823529,0.9558823529411765,0.9852941176470589
3897960,periodic,0.36388524999999555,-2.4572305835880743,0.8823529411764706,0.9411764705882353,0.9852941176470589
3897960,raw,0.1761124999999985,-2.111463467364417,0.9117647058823529,0.9558823529411765,0.9852941176470589
3897960,raw_plus_guide,0.1016421384371053,-2.6160434104178547,0.36764705882352944,0.75,0.8823529411764706
390886,binned_complete,0.0630868063533718,0.20290021030976294,0.5151515151515151,0.8484848484848485,0.9393939393939394
390886,clipping,0.0911639999999991,0.27025264216070227,0.5151515151515151,0.9090909090909091,0.9393939393939394
390886,floor,0.0917930000000026,0.17430644895939804,0.7272727272727273,0.9090909090909091,0.9393939393939394
390886,guide_only,0.0636760250404258,,,,
390886,inflation,0.0905213462365956,0.192439459760191,0.7272727272727273,0.9090909090909091,0.9393939393939394
390886,periodic,0.0860735383884083,-0.007494016132469768,0.7575757575757576,0.9090909090909091,0.9393939393939394
390886,raw,0.0917930000000026,0.5160734489810925,0.8181818181818182,0.9393939393939394,0.9696969696969697
390886,raw_plus_guide,0.0621100803411671,0.23100093510423375,0.5151515151515151,0.8484848484848485,0.9393939393939394
39374606,binned_complete,0.0874908229748889,0.34332325802179775,0.45454545454545453,0.7727272727272727,0.8636363636363636
39374606,clipping,0.0588764084631261,0.6539926452201197,0.7272727272727273,1.0,1.0
39374606,floor,0.0588764084631261,0.6539926452201197,0.7272727272727273,1.0,1.0
39374606,guide_only,0.0882313025895715,,,,
39374606,inflation,0.0588764084631261,0.6539926452201197,0.7272727272727273,1.0,1.0
39374606,periodic,0.0588553592557836,0.7084494623859688,0.7272727272727273,0.9545454545454546,1.0
39374606,raw,0.099599823847333,0.47055528262746765,0.6363636363636364,0.9545454545454546,1.0
39374606,raw_plus_guide,0.08255084180120414,0.3521400503273528,0.45454545454545453,0.7727272727272727,0.8636363636363636
39595213,binned_complete,0.018054061829064702,-0.8134379265012441,0.8181818181818182,0.9545454545454546,0.9545454545454546
39595213,clipping,0.0227990759256071,-0.760265113235609,0.8181818181818182,0.9545454545454546,0.9545454545454546
39595213,floor,0.02358544076317325,-1.5525162635154586,0.9545454545454546,0.9545454545454546,0.9545454545454546
39595213,guide_only,0.02333259577619535,,,,
39595213,inflation,0.02358544076317325,-1.5525162635154586,0.9545454545454546,0.9545454545454546,0.9545454545454546
39595213,periodic,0.05095553749446945,-2.0360818648996424,0.9545454545454546,0.9545454545454546,0.9545454545454546
39595213,raw,0.0261282780369871,-1.5137675429611415,0.9545454545454546,0.9545454545454546,0.9545454545454546
39595213,raw_plus_guide,0.01657994291202675,-0.7958054706302278,0.8636363636363636,0.9545454545454546,0.9545454545454546
396706,binned_complete,0.0364564362165467,1.210910127701967,0.8095238095238095,0.9523809523809523,0.9523809523809523
396706,clipping,0.0572931204515754,1.0347678001266312,0.5714285714285714,0.9523809523809523,0.9523809523809523
396706,floor,0.0498462465303362,1.014120072595503,0.6190476190476191,0.9523809523809523,0.9523809523809523
396706,guide_only,0.0342959714285804,,,,
396706,inflation,0.0498462465303362,1.0140500050195833,0.6190476190476191,0.9523809523809523,0.9523809523809523
396706,periodic,0.056881278102157,0.8012786829870403,0.5238095238095238,0.9047619047619048,0.9523809523809523
396706,raw,0.0558630000000022,0.9201758272806241,0.7142857142857143,0.9523809523809523,0.9523809523809523
396706,raw_plus_guide,0.0370254709647568,1.2064926908812954,0.8095238095238095,0.9523809523809523,0.9523809523809523
39827041,binned_complete,0.1161878217988512,-2.2199071462528313,0.3181818181818182,0.7727272727272727,0.8636363636363636
39827041,clipping,0.08715154083874305,-1.1122062354921547,0.6363636363636364,0.9090909090909091,0.9545454545454546
39827041,floor,0.07883994006963485,-1.7750000086388356,0.7727272727272727,0.9090909090909091,0.9545454545454546
39827041,guide_only,0.1158054865765887,,,,
39827041,inflation,0.07883994006963485,-1.8080904148843382,0.7727272727272727,0.9090909090909091,0.9545454545454546
39827041,periodic,0.07630258607900581,-1.6561343625574798,0.8636363636363636,0.9090909090909091,0.9090909090909091
39827041,raw,0.06897090508392259,-1.4084652049485347,0.8181818181818182,0.9090909090909091,0.9090909090909091
39827041,raw_plus_guide,0.11693090090881415,-2.190221392018827,0.3181818181818182,0.7727272727272727,0.8636363636363636
40432753,binned_complete,0.19325779009674626,-7.2115009309193345,0.22727272727272727,0.4090909090909091,0.5909090909090909
40432753,clipping,0.09432700000000155,-0.1998263093422443,0.6818181818181818,0.8636363636363636,1.0
40432753,floor,0.09432700000000155,-0.1998263093422443,0.6818181818181818,0.8636363636363636,1.0
40432753,guide_only,0.19481817908590665,,,,
40432753,inflation,0.09432700000000155,-0.1998263093422443,0.6818181818181818,0.8636363636363636,1.0
40432753,periodic,0.20559055555555789,-0.24302795426643417,0.6818181818181818,0.9090909090909091,1.0
40432753,raw,0.09432700000000155,-0.19968080553038148,0.6818181818181818,0.8636363636363636,1.0
40432753,raw_plus_guide,0.19170303257136284,-7.246631346271758,0.22727272727272727,0.4090909090909091,0.5909090909090909
4049593,binned_complete,0.08650149236758685,0.5268010098879841,0.5,0.8636363636363636,0.9545454545454546
4049593,clipping,0.09427175819210015,0.5012224863076397,0.6818181818181818,0.9545454545454546,1.0
4049593,floor,0.09427175819210015,0.5012224863076397,0.6818181818181818,0.9545454545454546,1.0
4049593,guide_only,0.08611835139280005,,,,
4049593,inflation,0.09427175819210015,0.5012224863076397,0.6818181818181818,0.9545454545454546,1.0
4049593,periodic,0.13217349999999856,0.3999766863054946,0.5,0.9545454545454546,1.0
4049593,raw,0.0916889101441267,0.5112506537194496,0.6818181818181818,0.9545454545454546,1.0
4049593,raw_plus_guide,0.08749172255647861,0.5173939358405473,0.5,0.8636363636363636,0.9545454545454546
4083549,binned_complete,0.10241666132295621,-5.2891825066096505,0.4090909090909091,0.6818181818181818,0.7272727272727273
4083549,clipping,0.25861292982776707,-0.4287753993881264,0.45454545454545453,0.9090909090909091,0.9545454545454546
4083549,floor,0.25861292982776707,-0.4287753993881264,0.45454545454545453,0.9090909090909091,0.9545454545454546
4083549,guide_only,0.10318828890492955,,,,
4083549,inflation,0.2674149999999997,-0.636125151746902,0.5,0.8181818181818182,0.9545454545454546
4083549,periodic,0.28134457738095175,-0.3645043486793845,0.45454545454545453,0.9545454545454546,1.0
4083549,raw,0.2674149999999997,-0.4044012841816119,0.5,0.9545454545454546,0.9545454545454546
4083549,raw_plus_guide,0.10145540670704009,-5.307785204930384,0.4090909090909091,0.6818181818181818,0.7272727272727273
4085335,binned_complete,0.12803567676318825,-2.586279886423147,0.45,0.75,0.85
4085335,clipping,0.2760926608068299,-0.346989408707276,0.45,0.9,1.0
4085335,floor,0.2760926608068299,-0.346989408707276,0.45,0.9,1.0
4085335,guide_only,0.12825176856864923,,,,
4085335,inflation,0.2760926608068299,-0.346989408707276,0.45,0.9,1.0
4085335,periodic,0.23692991123355606,-0.29014119957990303,0.55,0.9,1.0
4085335,raw,0.277335749058091,-0.3453494560603326,0.45,0.9,1.0
4085335,raw_plus_guide,0.1303935049556415,-2.605600236924871,0.45,0.75,0.85
4112491,binned_complete,0.0696772502266007,-0.3465549062913286,0.5652173913043478,0.782608695652174,0.9130434782608695
4112491,clipping,0.1330230618392107,0.21220817821180543,0.5652173913043478,0.9130434782608695,1.0
4112491,floor,0.1330230618392107,0.21220817821180543,0.5652173913043478,0.9130434782608695,1.0
4112491,guide_only,0.0691789877899644,,,,
4112491,inflation,0.1330230618392107,0.21220817821180543,0.5652173913043478,0.9130434782608695,1.0
4112491,periodic,0.0695925530327379,0.9378330104818029,0.7391304347826086,0.9565217391304348,1.0
4112491,raw,0.2001547143384385,-0.16246566811729354,0.391304347826087,0.8695652173913043,1.0
4112491,raw_plus_guide,0.0703587075006773,-0.36787080717330406,0.5652173913043478,0.782608695652174,0.9130434782608695
41128990,binned_complete,0.114440075944497,-10.831051058310791,0.4827586206896552,0.5517241379310345,0.5862068965517241
41128990,clipping,0.0917269844285382,-10.154979456821714,0.5517241379310345,0.6896551724137931,0.7931034482758621
41128990,floor,0.1197239999999997,-2.162978500439705,0.7586206896551724,0.896551724137931,0.896551724137931
41128990,guide_only,0.1138137818873588,,,,
41128990,inflation,0.1197239999999997,-2.162978500439705,0.7586206896551724,0.896551724137931,0.896551724137931
41128990,periodic,0.1858289545454567,-2.1958965535485544,0.7931034482758621,0.896551724137931,0.896551724137931
41128990,raw,0.1197239999999997,-1.921923166883111,0.7586206896551724,0.896551724137931,0.896551724137931
41128990,raw_plus_guide,0.1154031311852588,-10.792186931916325,0.4827586206896552,0.5517241379310345,0.5862068965517241
412163,binned_complete,0.12915884479280135,-4.366885883508941,0.2,0.6,0.85
412163,clipping,0.1924289018736118,-0.06563308845681654,0.7,0.9,1.0
412163,floor,0.1924289018736118,-0.06563308845681654,0.7,0.9,1.0
412163,guide_only,0.12491779804853914,,,,
412163,inflation,0.1924289018736118,-0.06563308845681654,0.7,0.9,1.0
412163,periodic,0.22695749989714287,-0.16062982697325423,0.55,0.85,1.0
412163,raw,0.1595505139975355,-0.08229455629983369,0.8,0.95,1.0
412163,raw_plus_guide,0.13520609670100292,-4.424330174452931,0.2,0.6,0.85
41234847,binned_complete,0.26469927005103777,-6.025712369353555,0.09615384615384616,0.23076923076923078,0.4230769230769231
41234847,clipping,0.23760882419694515,-4.055856795692844,0.17307692307692307,0.4230769230769231,0.5769230769230769
41234847,floor,0.23760882419694515,-4.055856795692844,0.17307692307692307,0.4230769230769231,0.5769230769230769
41234847,guide_only,0.2644150000000085,,,,
41234847,inflation,0.2376087745409485,-4.055662431005493,0.19230769230769232,0.4230769230769231,0.5769230769230769
41234847,periodic,0.24986696314689988,-4.865736380761534,0.11538461538461539,0.38461538461538464,0.5576923076923077
41234847,raw,0.23752273058919116,-5.170305485277926,0.15384615384615385,0.38461538461538464,0.5192307692307693
41234847,raw_plus_guide,0.2582006702109645,-5.76299964944714,0.09615384615384616,0.2692307692307692,0.4230769230769231
41479209,binned_complete,0.37533029276812613,-16.805615100468884,0.15,0.25,0.4
41479209,clipping,0.22444022718490506,-0.7319840833867189,0.6,0.8,1.0
41479209,floor,0.22444022718490506,-0.7319840833867189,0.6,0.8,1.0
41479209,guide_only,0.37593512026293036,,,,
41479209,inflation,0.22444022718490506,-0.7319840833867189,0.6,0.8,1.0
41479209,periodic,0.2227639999999979,-0.7535853972742301,0.6,0.8,1.0
41479209,raw,0.2244405951457597,-1.5478283332676657,0.6,0.75,0.8
41479209,raw_plus_guide,0.3724753010023605,-16.33615729947526,0.15,0.25,0.4
4165556,binned_complete,0.0471581317365092,1.2496557189520054,0.8571428571428571,0.9047619047619048,1.0
4165556,clipping,0.0479142878844633,1.0854181603908657,0.7619047619047619,0.9047619047619048,1.0
4165556,floor,0.0479142878844633,1.0854181603908657,0.7619047619047619,0.9047619047619048,1.0
4165556,guide_only,0.0493022023455118,,,,
4165556,inflation,0.0479142878844633,1.0854181603908657,0.7619047619047619,0.9047619047619048,1.0
4165556,periodic,0.0435309247428037,1.008468750440878,0.7142857142857143,0.9047619047619048,1.0
4165556,raw,0.0460720938660692,1.063559568744057,0.7619047619047619,0.9047619047619048,1.0
4165556,raw_plus_guide,0.0452773365486187,1.2308294858481086,0.8571428571428571,0.9047619047619048,1.0
4205438,binned_complete,0.08329314565286511,-2.0154033458056797,0.45454545454545453,0.8636363636363636,0.9545454545454546
4205438,clipping,0.07101275102190024,-1.1913871534222973,0.5909090909090909,0.9090909090909091,0.9545454545454546
4205438,floor,0.0671338298914623,-1.6248842800434695,0.8636363636363636,0.9545454545454546,0.9545454545454546
4205438,guide_only,0.08474299999999421,,,,
4205438,inflation,0.0671338298914623,-1.6248842800434695,0.8636363636363636,0.9545454545454546,0.9545454545454546
4205438,periodic,0.07607267990593056,-1.6280838606601067,0.8636363636363636,0.9545454545454546,0.9545454545454546
4205438,raw,0.06857685305098646,-1.213586511692622,0.8636363636363636,0.9545454545454546,0.9545454545454546
4205438,raw_plus_guide,0.08033375205462255,-1.9859861917939625,0.45454545454545453,0.8636363636363636,0.9545454545454546
4220347,binned_complete,0.1487506329484844,-1.9085439612502484,0.13043478260869565,0.4782608695652174,0.6956521739130435
4220347,clipping,0.1593696563903694,0.06285666334719968,0.34782608695652173,0.782608695652174,0.9565217391304348
4220347,floor,0.1593696563903694,0.06285666334719968,0.34782608695652173,0.782608695652174,0.9565217391304348
4220347,guide_only,0.1483459695840885,,,,
4220347,inflation,0.1593696563903694,0.06285666334719968,0.34782608695652173,0.782608695652174,0.9565217391304348
4220347,periodic,0.1515538415964119,0.07406390174296928,0.30434782608695654,0.8260869565217391,0.9565217391304348
4220347,raw,0.1851625000000005,0.12599309753987917,0.391304347826087,0.9565217391304348,0.9565217391304348
4220347,raw_plus_guide,0.1488593164390224,-1.9039164808336495,0.13043478260869565,0.4782608695652174,0.6956521739130435
4221685,binned_complete,0.0550315891824979,0.7272237206824856,0.5416666666666666,0.8333333333333334,0.9583333333333334
4221685,clipping,0.1431350070326296,0.15107245028753025,0.2916666666666667,0.7916666666666666,1.0
4221685,floor,0.1431350070326296,0.15107245028753025,0.2916666666666667,0.7916666666666666,1.0
4221685,guide_only,0.05760334121045745,,,,
4221685,inflation,0.1431350070326296,0.15107245028753025,0.2916666666666667,0.7916666666666666,1.0
4221685,periodic,0.12109493814421854,0.27544666449395155,0.3333333333333333,0.8333333333333334,0.9583333333333334
4221685,raw,0.1464953004456912,0.23365091969997684,0.3333333333333333,0.8333333333333334,1.0
4221685,raw_plus_guide,0.05168461123202925,0.7176061637950589,0.5416666666666666,0.7916666666666666,0.9583333333333334
4232752,binned_complete,0.39737205643007195,-13.653365361976233,0.0,0.1,0.2
4232752,clipping,0.4046297876619338,-5.861783239521352,0.15,0.45,0.6
4232752,floor,0.4046297876619338,-5.861783239521352,0.15,0.45,0.6
4232752,guide_only,0.4275876267554057,,,,
4232752,inflation,0.4046297876619338,-5.861783239521352,0.15,0.45,0.6
4232752,periodic,0.3991273970832516,-6.680831545557164,0.15,0.45,0.55
4232752,raw,0.4350367755680029,-5.736224259945805,0.15,0.45,0.6
4232752,raw_plus_guide,0.39615505929627126,-13.425311613609136,0.0,0.1,0.2
42477419,binned_complete,0.0838461652330178,0.8807220538507141,0.375,0.9166666666666666,1.0
42477419,clipping,0.04349878206930485,0.9877489069971189,0.7083333333333334,0.9166666666666666,1.0
42477419,floor,0.04125303654423005,1.0930081438075578,0.75,0.9583333333333334,1.0
42477419,guide_only,0.08952159963630629,,,,
42477419,inflation,0.043840995582538456,1.080198515228824,0.75,0.9583333333333334,1.0
42477419,periodic,0.04903313213186595,1.1007541712356177,0.6666666666666666,0.9583333333333334,1.0
42477419,raw,0.0572419999999986,0.8795619871414143,0.75,0.9583333333333334,0.9583333333333334
42477419,raw_plus_guide,0.0809877687789555,0.8946816989054954,0.4166666666666667,0.875,1.0
42487693,binned_complete,0.1384768984248428,-1.0190787403404733,0.25,0.625,0.75
42487693,clipping,0.14945772295357423,0.3019346756470899,0.625,0.9583333333333334,1.0
42487693,floor,0.14945772295357423,0.3019346756470899,0.625,0.9583333333333334,1.0
42487693,guide_only,0.13824661896562596,,,,
42487693,inflation,0.14945772295357423,0.3019346756470899,0.625,0.9583333333333334,1.0
42487693,periodic,0.14653477070878645,0.22872247595560533,0.5416666666666666,0.9166666666666666,1.0
42487693,raw,0.1397277690656757,0.30920574208561913,0.625,0.9583333333333334,1.0
42487693,raw_plus_guide,0.13891759080372346,-1.0010165745205994,0.25,0.5833333333333334,0.75
4266254,binned_complete,0.05302718590552575,0.4606394877141988,0.625,0.8333333333333334,0.9583333333333334
4266254,clipping,0.06188054289216355,0.6524824967256727,0.5833333333333334,0.875,0.9583333333333334
4266254,floor,0.06096349990139055,0.6552933983237405,0.75,0.9583333333333334,0.9583333333333334
4266254,guide_only,0.05692993296927,,,,
4266254,inflation,0.06096349990139055,0.6552933983237405,0.75,0.9583333333333334,0.9583333333333334
4266254,periodic,0.064648,0.5933312923709627,0.75,0.9583333333333334,0.9583333333333334
4266254,raw,0.0609634999999997,0.7513150314819609,0.7916666666666666,0.9583333333333334,0.9583333333333334
4266254,raw_plus_guide,0.05191841350187325,0.5025189888041012,0.625,0.875,0.9583333333333334
43602504,binned_complete,0.0784345195812061,-3.443596269115058,0.4090909090909091,0.8636363636363636,0.9090909090909091
43602504,clipping,0.06263487079091405,-3.1260959861558235,0.5454545454545454,0.8636363636363636,0.9090909090909091
43602504,floor,0.07789900000000036,-1.9115483455237807,0.9090909090909091,0.9545454545454546,0.9545454545454546
43602504,guide_only,0.07965085782204356,,,,
43602504,inflation,0.07789900000000036,-1.9115483455237807,0.9090909090909091,0.9545454545454546,0.9545454545454546
43602504,periodic,0.07906658872565225,-1.251090665628199,0.8636363636363636,0.9545454545454546,0.9545454545454546
43602504,raw,0.07789900000000036,-0.9198682026167296,0.9090909090909091,0.9545454545454546,0.9545454545454546
43602504,raw_plus_guide,0.07665434936581669,-3.3707916076660323,0.4090909090909091,0.8636363636363636,0.9090909090909091
43606826,binned_complete,0.0570227472229696,0.5296137776860244,0.5714285714285714,0.8571428571428571,0.9523809523809523
43606826,clipping,0.0765622355641042,0.41614170586241644,0.5714285714285714,0.8571428571428571,0.9523809523809523
43606826,floor,0.0765622355641042,0.46906500299518034,0.5714285714285714,0.8571428571428571,1.0
43606826,guide_only,0.0631006578387101,,,,
43606826,inflation,0.0765622355641042,0.46906500299518034,0.5714285714285714,0.8571428571428571,1.0
43606826,periodic,0.074919221714321,0.48092457662722393,0.5714285714285714,0.8571428571428571,0.9523809523809523
43606826,raw,0.0801055960674332,0.43468006725022285,0.5714285714285714,0.8571428571428571,1.0
43606826,raw_plus_guide,0.0507331745306949,0.513375036952814,0.5714285714285714,0.8095238095238095,0.9523809523809523
44661540,binned_complete,0.1172997619131877,-4.294781836032393,0.34782608695652173,0.5652173913043478,0.782608695652174
44661540,clipping,0.0712345189577483,-2.0885654191646976,0.6956521739130435,0.9130434782608695,0.9130434782608695
44661540,floor,0.0670926848213042,-3.104171893848273,0.9130434782608695,0.9130434782608695,0.9565217391304348
44661540,guide_only,0.119439404913237,,,,
44661540,inflation,0.0670926848213042,-3.104171893848273,0.9130434782608695,0.9130434782608695,0.9565217391304348
44661540,periodic,0.0964120616971513,-3.071343380006237,0.9130434782608695,0.9565217391304348,0.9565217391304348
44661540,raw,0.0751021518418717,-2.9254890672253313,0.9565217391304348,0.9565217391304348,0.9565217391304348
44661540,raw_plus_guide,0.1142072643633618,-4.212026856008369,0.34782608695652173,0.5652173913043478,0.782608695652174
4503543,binned_complete,0.0786036677643942,-0.42193952251919853,0.45,0.8,0.85
4503543,clipping,0.07045376320291825,0.006006448741517767,0.55,0.85,0.9
4503543,floor,0.0745077500000004,0.07264163723487367,0.85,0.95,0.95
4503543,guide_only,0.07912395412232515,,,,
4503543,inflation,0.0745077500000004,0.07264163723487367,0.85,0.95,0.95
4503543,periodic,0.07627000476189845,0.04270881410786391,0.85,0.95,0.95
4503543,raw,0.0745077500000004,0.1319639517711424,0.85,0.95,0.95
4503543,raw_plus_guide,0.07572316970554374,-0.3948223288454158,0.45,0.8,0.85
4530813,binned_complete,0.0455047375961328,0.48827110877412894,0.6521739130434783,0.782608695652174,0.9565217391304348
4530813,clipping,0.1086091635875128,0.226207882143536,0.6956521739130435,0.9565217391304348,0.9565217391304348
4530813,floor,0.1086091635875128,0.226207882143536,0.6956521739130435,0.9565217391304348,0.9565217391304348
4530813,guide_only,0.05340233019351,,,,
4530813,inflation,0.0230244368131344,0.9710041854015528,0.9130434782608695,0.9565217391304348,0.9565217391304348
4530813,periodic,0.0411680108705194,0.39846915083151696,0.6956521739130435,0.8260869565217391,0.9565217391304348
4530813,raw,0.371005499999999,-0.8004180738857087,0.43478260869565216,0.8260869565217391,0.9565217391304348
4530813,raw_plus_guide,0.0460090710025209,0.43914484157786343,0.6086956521739131,0.782608695652174,0.9565217391304348
4561956,binned_complete,0.0900435622259578,-2.329698962716018,0.38095238095238093,0.6190476190476191,0.7142857142857143
4561956,clipping,0.0684940000000011,0.44936408570610287,0.7619047619047619,0.9047619047619048,1.0
4561956,floor,0.0684940000000011,0.44936408570610287,0.7619047619047619,0.9047619047619048,1.0
4561956,guide_only,0.0906724751662224,,,,
4561956,inflation,0.0684940000000011,0.44936408570610287,0.7619047619047619,0.9047619047619048,1.0
4561956,periodic,0.10273295,0.38334501275221583,0.6666666666666666,0.8571428571428571,1.0
4561956,raw,0.0684940000000011,0.4572096313383776,0.7619047619047619,0.9047619047619048,1.0
4561956,raw_plus_guide,0.0885054384514347,-2.35866487477333,0.3333333333333333,0.6190476190476191,0.7142857142857143
4568345,binned_complete,0.2447021664414244,-4.962832434982325,0.23076923076923078,0.38461538461538464,0.46153846153846156
4568345,clipping,0.1889161529188037,-0.20572569984795896,0.6153846153846154,0.9615384615384616,1.0
4568345,floor,0.1889161529188037,-0.20572569984795896,0.6153846153846154,0.9615384615384616,1.0
4568345,guide_only,0.2478369999999916,,,,
4568345,inflation,0.1889161529188037,-0.20572569984795896,0.6153846153846154,0.9615384615384616,1.0
4568345,periodic,0.23967021762228308,-0.28563338610175326,0.5769230769230769,0.9615384615384616,1.0
4568345,raw,0.19441450000000235,-0.1948339555698397,0.6153846153846154,0.9615384615384616,1.0
4568345,raw_plus_guide,0.2418014792331142,-5.013401200321301,0.23076923076923078,0.38461538461538464,0.46153846153846156
46259988,binned_complete,0.0796978132820367,-4.469043274964885,0.4782608695652174,0.6956521739130435,0.782608695652174
46259988,clipping,0.054200999999999,-2.8084109587334276,0.8260869565217391,0.8695652173913043,0.9130434782608695
46259988,floor,0.0529850000000013,0.05814645412752651,0.8260869565217391,0.9130434782608695,0.9130434782608695
46259988,guide_only,0.0798215899335073,,,,
46259988,inflation,0.0529850000000013,0.05814645412752651,0.8260869565217391,0.9130434782608695,0.9130434782608695
46259988,periodic,0.0989421999999979,0.06462784485456499,0.8260869565217391,0.9130434782608695,0.9565217391304348
46259988,raw,0.0529850000000013,0.05472382860840602,0.8260869565217391,0.9130434782608695,0.9565217391304348
46259988,raw_plus_guide,0.0792406402958914,-4.453546472321592,0.4782608695652174,0.6956521739130435,0.782608695652174
46898175,binned_complete,0.0786999113005144,-0.7430550468467826,0.45,0.6,0.8
46898175,clipping,0.10462370294833515,0.22763853260917594,0.7,0.95,1.0
46898175,floor,0.10462370294833515,0.22763853260917594,0.7,0.95,1.0
46898175,guide_only,0.0792523364127069,,,,
46898175,inflation,0.10462370294833515,0.22763853260917594,0.7,0.95,1.0
46898175,periodic,0.15816842772679696,-0.9868085782514522,0.6,0.8,0.85
46898175,raw,0.1413363059594861,-0.2915743761293164,0.65,0.8,0.95
46898175,raw_plus_guide,0.0643577575554097,-0.7052989751127887,0.5,0.6,0.8
46914594,binned_complete,0.28852039443607413,-7.262552713739373,0.05,0.45,0.45
46914594,clipping,0.09529198632137165,-1.806086431677978,0.7,0.8,0.8
46914594,floor,0.09479100000000071,-0.33211869705675146,0.75,0.8,0.95
46914594,guide_only,0.28897417636736655,,,,
46914594,inflation,0.09479100000000071,-0.33211869705675146,0.75,0.8,0.95
46914594,periodic,0.12007214102564129,-0.2793924185589365,0.75,0.8,0.9
46914594,raw,0.09479100000000071,-0.22266862495243353,0.75,0.8,0.95
46914594,raw_plus_guide,0.2888389206409725,-7.132794418376001,0.05,0.45,0.45
47022061,binned_complete,0.0698982990968284,0.6872959960274382,0.55,0.9,0.95
47022061,clipping,0.0556051849090923,1.0409792004958622,0.65,0.9,1.0
47022061,floor,0.0528995412016701,1.1654668999767295,0.65,0.95,1.0
47022061,guide_only,0.0707871323682365,,,,
47022061,inflation,0.0528995412016701,1.1654668999767295,0.65,0.95,1.0
47022061,periodic,0.048796052377562946,1.234713472356887,0.7,0.95,1.0
47022061,raw,0.0560947559227189,1.0449050093354693,0.75,1.0,1.0
47022061,raw_plus_guide,0.06783289989521535,0.7337420764264648,0.55,0.9,0.95
4723469,binned_complete,0.10480542723009906,-1.1631240218867271,0.36363636363636365,0.5909090909090909,0.8181818181818182
4723469,clipping,0.241398000000002,-2.3516116479208566,0.5454545454545454,0.6818181818181818,0.7272727272727273
4723469,floor,0.241398000000002,-2.014516670864602,0.5454545454545454,0.6818181818181818,0.8181818181818182
4723469,guide_only,0.1048062310660551,,,,
4723469,inflation,0.241398000000002,-2.2999465496193627,0.5454545454545454,0.6818181818181818,0.8181818181818182
4723469,periodic,0.27958014285714405,-1.084198152768964,0.5,0.7272727272727273,0.9545454545454546
4723469,raw,0.241398000000002,-0.7518225983749652,0.6363636363636364,0.7727272727272727,0.9545454545454546
4723469,raw_plus_guide,0.10457702659720695,-1.2112674460944515,0.36363636363636365,0.6363636363636364,0.8181818181818182
48291723,binned_complete,0.03710899129132445,1.4278246626912583,0.75,1.0,1.0
48291723,clipping,0.03667811831019825,1.4450228835571017,0.85,1.0,1.0
48291723,floor,0.03667811831019825,1.4450228835571017,0.85,1.0,1.0
48291723,guide_only,0.03522073588420575,,,,
48291723,inflation,0.03667811831019825,1.4450228835571017,0.85,1.0,1.0
48291723,periodic,0.03922273663613125,1.4863586936313307,0.75,0.85,1.0
48291723,raw,0.03273719756897005,1.412232305895316,0.85,0.95,1.0
48291723,raw_plus_guide,0.033999960614871746,1.4372319221556573,0.75,1.0,1.0
4989912,binned_complete,0.0448788274248954,1.3138332119129221,0.7619047619047619,1.0,1.0
4989912,clipping,0.0272026447728048,1.4543214256581016,0.8571428571428571,1.0,1.0
4989912,floor,0.0272026447728048,1.4534351743700546,0.8571428571428571,1.0,1.0
4989912,guide_only,0.0458610699532595,,,,
4989912,inflation,0.0272026447728048,1.4534351743700546,0.8571428571428571,1.0,1.0
4989912,periodic,0.0251804210526316,1.4889603763088086,0.7619047619047619,0.9047619047619048,1.0
4989912,raw,0.0385288642092565,1.4020210553395334,0.8571428571428571,0.9523809523809523,1.0
4989912,raw_plus_guide,0.0430481029261269,1.3380515503201305,0.7619047619047619,1.0,1.0
4994551,binned_complete,0.0320600830541764,-18.66206188070505,0.7619047619047619,0.8095238095238095,0.8095238095238095
4994551,clipping,0.02044600648051,-19.467141855052812,0.8095238095238095,0.8095238095238095,0.8571428571428571
4994551,floor,0.0234059999999995,-6.461577174385418,0.9047619047619048,0.9047619047619048,0.9047619047619048
4994551,guide_only,0.0393089489703282,,,,
4994551,inflation,0.0234059999999995,-6.461577174385418,0.9047619047619048,0.9047619047619048,0.9047619047619048
4994551,periodic,0.1842879411764713,-6.984375096385575,0.9047619047619048,0.9047619047619048,0.9047619047619048
4994551,raw,0.0234059999999995,-5.5527365099675645,0.9047619047619048,0.9047619047619048,0.9047619047619048
4994551,raw_plus_guide,0.0295656510346287,-18.86223013616627,0.7619047619047619,0.8095238095238095,0.8095238095238095
52059747,binned_complete,0.3015247739141458,-37.83934001394828,0.2,0.3,0.45
52059747,clipping,0.4186856621550863,-2.091213581598594,0.2,0.7,0.8
52059747,floor,0.4186856621550863,-2.091213581598594,0.2,0.7,0.8
52059747,guide_only,0.30220443067420355,,,,
52059747,inflation,0.4186856621550863,-2.091213581598594,0.2,0.7,0.8
52059747,periodic,0.4097539182465457,-1.7501023670284508,0.3,0.7,0.8
52059747,raw,0.4669188440533816,-1.7515130686529432,0.2,0.7,0.9
52059747,raw_plus_guide,0.2998634971856919,-38.04318933375428,0.2,0.3,0.45
5229099,binned_complete,0.03798470911946955,-0.0208684076401565,0.7368421052631579,0.8947368421052632,0.9210526315789473
5229099,clipping,0.04414240733029115,-0.11495745379361662,0.6842105263157895,0.8947368421052632,0.9210526315789473
5229099,floor,0.04414240733029115,-0.30098523297776797,0.6842105263157895,0.9210526315789473,0.9210526315789473
5229099,guide_only,0.047705965929030605,,,,
5229099,inflation,0.04414240733029115,-0.30832943883973374,0.7105263157894737,0.9210526315789473,0.9210526315789473
5229099,periodic,0.056598378035511404,-1.1691180733506261,0.7631578947368421,0.9210526315789473,0.9210526315789473
5229099,raw,0.04550593630588205,-0.24668991659021727,0.7631578947368421,0.9210526315789473,0.9473684210526315
5229099,raw_plus_guide,0.03682626532993355,-0.01963893514897056,0.7368421052631579,0.8947368421052632,0.9210526315789473
5285390,binned_complete,0.4292765087773897,-78.66809967378117,0.18181818181818182,0.36363636363636365,0.42424242424242425
5285390,clipping,0.1305849999999999,-28.22333171093915,0.696969696969697,0.8484848484848485,0.8787878787878788
5285390,floor,0.1707714999999989,-1.3707390270135242,0.8787878787878788,0.9090909090909091,0.9090909090909091
5285390,guide_only,0.4297723933913513,,,,
5285390,inflation,0.1707714999999989,-1.3707390270135242,0.8787878787878788,0.9090909090909091,0.9090909090909091
5285390,periodic,0.4932449473684208,-1.648959995481969,0.9090909090909091,0.9696969696969697,1.0
5285390,raw,0.1707714999999989,-1.3708130052551455,0.8787878787878788,0.9090909090909091,0.9090909090909091
5285390,raw_plus_guide,0.204108228571421,-63.11255474694329,0.6060606060606061,0.7878787878787878,0.8484848484848485
5554190,binned_complete,0.14396252753164515,-3.192671211846518,0.18181818181818182,0.5,0.7727272727272727
5554190,clipping,0.12228716690147931,-0.026631467125602635,0.6363636363636364,0.9090909090909091,0.9090909090909091
5554190,floor,0.22358345755637193,-0.12039964675215281,0.5,0.9545454545454546,0.9545454545454546
5554190,guide_only,0.14256143788650094,,,,
5554190,inflation,0.22358345755637193,-0.12039964675215281,0.5,0.9545454545454546,0.9545454545454546
5554190,periodic,0.19725879576395838,-0.01732192150034728,0.6363636363636364,0.9545454545454546,0.9545454545454546
5554190,raw,0.203697852547533,-0.10595892820359332,0.5454545454545454,0.9545454545454546,0.9545454545454546
5554190,raw_plus_guide,0.1420401065637122,-3.165103700872629,0.22727272727272727,0.5,0.7727272727272727
5748902,binned_complete,0.0406935606365159,-2.3883061952522366,0.7272727272727273,0.8787878787878788,0.9090909090909091
5748902,clipping,0.0495429990537985,-2.0994337995564174,0.6666666666666666,0.8484848484848485,0.9090909090909091
5748902,floor,0.0812333498034902,0.06587405530800367,0.8787878787878788,0.9393939393939394,0.9696969696969697
5748902,guide_only,0.040762999999993,,,,
5748902,inflation,0.0812333498034902,0.06587405530800367,0.8787878787878788,0.9393939393939394,0.9696969696969697
5748902,periodic,0.0818314782608702,0.15433915295496717,0.8484848484848485,0.9696969696969697,0.9696969696969697
5748902,raw,0.0581069999999996,-0.015457341824337925,0.8787878787878788,0.9090909090909091,0.9393939393939394
5748902,raw_plus_guide,0.0398603682648808,-2.344742840449057,0.7575757575757576,0.8787878787878788,0.9090909090909091
5749047,binned_complete,0.2906832287385867,-3.4717863981000288,0.19047619047619047,0.42857142857142855,0.7619047619047619
5749047,clipping,0.1452895000000005,0.07991930755826793,0.7142857142857143,0.9047619047619048,1.0
5749047,floor,0.1452895000000005,0.07991930755826793,0.7142857142857143,0.9047619047619048,1.0
5749047,guide_only,0.2916830000000061,,,,
5749047,inflation,0.1452895000000005,0.07991930755826793,0.7142857142857143,0.9047619047619048,1.0
5749047,periodic,0.1472429374999961,0.07680979851750062,0.6190476190476191,0.9047619047619048,1.0
5749047,raw,0.1452895000000005,0.07991930755826793,0.7142857142857143,0.9047619047619048,1.0
5749047,raw_plus_guide,0.2887752771816814,-3.4459009209691542,0.19047619047619047,0.42857142857142855,0.7619047619047619
57827024,binned_complete,0.1483661715275417,-18.932731548308965,0.2608695652173913,0.4782608695652174,0.7391304347826086
57827024,clipping,0.1554811043866379,-10.660161851584995,0.391304347826087,0.782608695652174,0.9565217391304348
57827024,floor,0.1669874999999994,-11.069019829098556,0.9565217391304348,0.9565217391304348,0.9565217391304348
57827024,guide_only,0.1513987660630462,,,,
57827024,inflation,0.1669874999999994,-11.069019829098556,0.9565217391304348,0.9565217391304348,0.9565217391304348
57827024,periodic,0.1409392941176488,-14.004086472963161,0.9565217391304348,0.9565217391304348,0.9565217391304348
57827024,raw,0.1669874999999994,-4.682136068351037,0.9565217391304348,0.9565217391304348,0.9565217391304348
57827024,raw_plus_guide,0.1489772348762148,-18.530298413348756,0.2608695652173913,0.4782608695652174,0.7391304347826086
57827397,binned_complete,0.0344086206821394,1.1722445080020645,0.8260869565217391,0.9130434782608695,1.0
57827397,clipping,0.0308855000177334,1.170572598775062,0.8260869565217391,0.8695652173913043,1.0
57827397,floor,0.0308855000177334,1.1914378859513255,0.8260869565217391,0.8695652173913043,1.0
57827397,guide_only,0.0372430415902123,,,,
57827397,inflation,0.0308855000177334,1.1914378859513255,0.8260869565217391,0.8695652173913043,1.0
57827397,periodic,0.0366040588235314,1.0717115832099877,0.782608695652174,0.8695652173913043,0.9130434782608695
57827397,raw,0.0308855000000018,1.1189960747458887,0.8695652173913043,0.9130434782608695,1.0
57827397,raw_plus_guide,0.0303001540261345,1.1742440870312343,0.8260869565217391,0.8695652173913043,1.0
58251450,binned_complete,0.1451915666359511,-0.19085619563423528,0.4074074074074074,0.7037037037037037,0.9259259259259259
58251450,clipping,0.11786259255895,0.2959296053343302,0.6296296296296297,0.9629629629629629,1.0
58251450,floor,0.11786259255895,0.2959296053343302,0.6296296296296297,0.9629629629629629,1.0
58251450,guide_only,0.1457935170248561,,,,
58251450,inflation,0.11786259255895,0.2959296053343302,0.6296296296296297,0.9629629629629629,1.0
58251450,periodic,0.1335920332184024,0.2850870659481921,0.5925925925925926,0.9629629629629629,1.0
58251450,raw,0.11786259255895,0.2959296053343302,0.6296296296296297,0.9629629629629629,1.0
58251450,raw_plus_guide,0.1464591654510343,-0.16647068204317872,0.4074074074074074,0.7037037037037037,0.9259259259259259
58796041,binned_complete,0.1256485987782589,-1.6294300902926537,0.34782608695652173,0.5217391304347826,0.7391304347826086
58796041,clipping,0.2519279999999675,-0.35436018334182945,0.43478260869565216,0.782608695652174,1.0
58796041,floor,0.2519279999999675,-0.35436018334182945,0.43478260869565216,0.782608695652174,1.0
58796041,guide_only,0.1244748696091235,,,,
58796041,inflation,0.2519279999999675,-0.35436018334182945,0.43478260869565216,0.782608695652174,1.0
58796041,periodic,0.2531057647058858,-1.2460095919035403,0.43478260869565216,0.8260869565217391,0.8695652173913043
58796041,raw,0.2519279999999249,-0.34472897419956594,0.4782608695652174,0.782608695652174,1.0
58796041,raw_plus_guide,0.1279792220625815,-1.6388307536243898,0.34782608695652173,0.5217391304347826,0.7391304347826086
58800074,binned_complete,0.0166783841803752,1.66855517736786,1.0,1.0,1.0
58800074,clipping,0.0237852368844198,1.6150912856908377,0.9565217391304348,1.0,1.0
58800074,floor,0.0237852368844198,1.6150912856908377,0.9565217391304348,1.0,1.0
58800074,guide_only,0.0190688314248053,,,,
58800074,inflation,0.0237852368844198,1.6150912856908377,0.9565217391304348,1.0,1.0
58800074,periodic,0.0206529834192856,1.8434664778478573,0.8695652173913043,1.0,1.0
58800074,raw,0.0199132621055699,1.7575979687840013,0.8695652173913043,1.0,1.0
58800074,raw_plus_guide,0.016717350391266,1.672686630494261,1.0,1.0,1.0
59051013,binned_complete,0.03318921174865605,-6.080749452054418,0.85,0.95,0.95
59051013,clipping,0.0403234811541386,-5.9436856315513635,0.8,0.95,0.95
59051013,floor,0.06799704981473285,-10.32142583736663,0.65,0.7,0.8
59051013,guide_only,0.03306424611056165,,,,
59051013,inflation,0.06799704981473285,-10.32142583736663,0.65,0.7,0.8
59051013,periodic,0.11640539611011386,-13.117707572567472,0.7,0.8,0.85
59051013,raw,0.0436479669816245,-7.979114565264126,0.85,0.95,0.95
59051013,raw_plus_guide,0.0290555200338724,-6.020235411105451,0.85,0.95,0.95
59051356,binned_complete,0.1659880007522529,-2.4604469753399565,0.2,0.35,0.7
59051356,clipping,0.12504783942280714,0.5982559400534289,0.55,1.0,1.0
59051356,floor,0.12504783942280714,0.5982559400534289,0.55,1.0,1.0
59051356,guide_only,0.16500395711363144,,,,
59051356,inflation,0.12504783942280714,0.5982559400534289,0.55,1.0,1.0
59051356,periodic,0.116999939040455,0.6631915595253426,0.55,1.0,1.0
59051356,raw,0.1293623844441578,0.4594569562855331,0.6,1.0,1.0
59051356,raw_plus_guide,0.16820166016402188,-2.513146125603575,0.2,0.35,0.7
60263670,binned_complete,0.0655303157072211,-0.24739060578049182,0.5185185185185185,0.7037037037037037,0.8518518518518519
60263670,clipping,0.0551806642275138,0.37963025986691934,0.5925925925925926,0.8518518518518519,0.9259259259259259
60263670,floor,0.0551806642275138,0.37963025986691934,0.5925925925925926,0.8518518518518519,0.9259259259259259
60263670,guide_only,0.0692940000000064,,,,
60263670,inflation,0.0551806642275138,0.37963025986691934,0.5925925925925926,0.8518518518518519,0.9259259259259259
60263670,periodic,0.0614675833569684,0.5320450467795531,0.6296296296296297,0.8518518518518519,0.9259259259259259
60263670,raw,0.0619056662723096,0.29985649692302485,0.5925925925925926,0.7407407407407407,0.8888888888888888
60263670,raw_plus_guide,0.0654055885921209,-0.23075736447302864,0.5185185185185185,0.7037037037037037,0.8518518518518519
60263788,binned_complete,0.0891572198299996,-4.270176248518724,0.44,0.56,0.64
60263788,clipping,0.1114233557235842,-1.5401742235518936,0.52,0.56,0.68
60263788,floor,0.1114233557235842,-1.5401742235518936,0.52,0.56,0.68
60263788,guide_only,0.0876765000000041,,,,
60263788,inflation,0.1114233557235842,-1.5401742235518936,0.52,0.56,0.68
60263788,periodic,0.1033921122005026,-1.4066005497374434,0.44,0.56,0.72
60263788,raw,0.1304794009965739,-1.0247445213510806,0.48,0.56,0.8
60263788,raw_plus_guide,0.0904064208626991,-4.273119135370237,0.44,0.56,0.64
6035659,binned_complete,0.11332334839924571,-2.928846011407004,0.3,0.65,0.85
6035659,clipping,0.09493277659084225,-2.575638976760849,0.65,0.8,0.9
6035659,floor,0.0942870746386521,-2.3098692797770055,0.7,0.85,0.95
6035659,guide_only,0.10463430279262635,,,,
6035659,inflation,0.0951922679271621,-2.824144985694576,0.7,0.85,0.95
6035659,periodic,0.15099042857142644,-0.5293181239420163,0.65,0.9,0.95
6035659,raw,0.0815169999999998,-0.6419695812204501,0.8,0.9,0.95
6035659,raw_plus_guide,0.1134719126270189,-2.9085141057257857,0.3,0.65,0.85
60504463,binned_complete,0.0634358820370355,-1.9317748814115456,0.5454545454545454,0.8181818181818182,0.9090909090909091
60504463,clipping,0.2500877613653101,-0.527002035845876,0.6363636363636364,0.8636363636363636,1.0
60504463,floor,0.2500877613653101,-0.527002035845876,0.6363636363636364,0.8636363636363636,1.0
60504463,guide_only,0.0638269060862208,,,,
60504463,inflation,0.2500877613653101,-0.527002035845876,0.6363636363636364,0.8636363636363636,1.0
60504463,periodic,0.222321731614457,-0.5400268130216215,0.6363636363636364,0.9090909090909091,1.0
60504463,raw,0.2296832415302452,-0.759462801051865,0.7272727272727273,0.8636363636363636,0.9545454545454546
60504463,raw_plus_guide,0.06236858360759795,-1.9411120354933613,0.5454545454545454,0.8181818181818182,0.9090909090909091
61497610,binned_complete,0.033798282378493,0.5188233308110063,0.8181818181818182,0.9090909090909091,0.9090909090909091
61497610,clipping,0.044381719359546545,0.3935077235122705,0.8636363636363636,0.9090909090909091,0.9090909090909091
61497610,floor,0.051181971352693895,0.6098730780285794,0.9090909090909091,0.9090909090909091,0.9545454545454546
61497610,guide_only,0.035942570826326056,,,,
61497610,inflation,0.051181971352693895,0.6098730780285794,0.9090909090909091,0.9090909090909091,0.9545454545454546
61497610,periodic,0.06393385714287175,0.673878599078012,0.9090909090909091,0.9090909090909091,0.9545454545454546
61497610,raw,0.051180235400235696,0.6549227104950089,0.9090909090909091,0.9090909090909091,0.9545454545454546
61497610,raw_plus_guide,0.030026705524321948,0.530510863171828,0.8636363636363636,0.9090909090909091,0.9090909090909091
6251007,binned_complete,0.0997303188986213,-0.3111362538172884,0.3,0.85,0.9
6251007,clipping,0.11964981576680775,0.13610947016202796,0.6,0.85,1.0
6251007,floor,0.11964981576680775,0.13610947016202796,0.6,0.85,1.0
6251007,guide_only,0.08891660692517431,,,,
6251007,inflation,0.11964981576680775,0.13610947016202796,0.6,0.85,1.0
6251007,periodic,0.12408868808665025,0.23736326907476218,0.65,0.9,1.0
6251007,raw,0.1069828967674917,0.3651391515277579,0.6,0.95,1.0
6251007,raw_plus_guide,0.0978121336058626,-0.30898479551294195,0.3,0.85,0.9
63434538,binned_complete,0.1525365815389605,-0.6032483869300932,0.35,0.45,0.8
63434538,clipping,0.1168322228086076,0.607691559831977,0.45,0.95,1.0
63434538,floor,0.1168322228086076,0.607691559831977,0.45,0.95,1.0
63434538,guide_only,0.15153780474762255,,,,
63434538,inflation,0.1168322228086076,0.607691559831977,0.45,0.95,1.0
63434538,periodic,0.12001219412746165,0.5458922169831815,0.35,0.95,1.0
63434538,raw,0.11080106736992684,0.6406665706553014,0.55,0.95,1.0
63434538,raw_plus_guide,0.1463194804869001,-0.5870627557477266,0.3,0.5,0.8
63435677,binned_complete,0.036003491564049,-12.550418238799917,0.8095238095238095,0.9523809523809523,0.9523809523809523
63435677,clipping,0.0313859592574452,-12.04497238730123,0.8571428571428571,0.9523809523809523,0.9523809523809523
63435677,floor,0.0283989999999985,-13.235813199184385,0.9047619047619048,0.9523809523809523,0.9523809523809523
63435677,guide_only,0.0346484999999958,,,,
63435677,inflation,0.0283989999999985,-13.235813199184385,0.9047619047619048,0.9523809523809523,0.9523809523809523
63435677,periodic,0.1136668666666658,-26.461454771679513,0.8571428571428571,0.9047619047619048,0.9523809523809523
63435677,raw,0.0283989999999985,-15.726734024927945,0.9047619047619048,0.9523809523809523,0.9523809523809523
63435677,raw_plus_guide,0.0325948881828814,-12.487251923403294,0.8095238095238095,0.9523809523809523,0.9523809523809523
63438290,binned_complete,0.035963968720112705,0.8459991028849881,0.7727272727272727,0.9545454545454546,0.9545454545454546
63438290,clipping,0.02968950304108015,0.9955054281558671,0.8181818181818182,0.9545454545454546,0.9545454545454546
63438290,floor,0.02841929378204705,0.8447755883064921,0.9090909090909091,0.9545454545454546,0.9545454545454546
63438290,guide_only,0.034059499999999646,,,,
63438290,inflation,0.02841929378204705,0.8447755883064921,0.9090909090909091,0.9545454545454546,0.9545454545454546
63438290,periodic,0.031822434640522645,0.3694926457424899,0.8636363636363636,0.9545454545454546,0.9545454545454546
63438290,raw,0.0288353470237989,0.5887385556599137,0.9545454545454546,0.9545454545454546,0.9545454545454546
63438290,raw_plus_guide,0.0361452102653725,0.8619713353901333,0.8181818181818182,0.9545454545454546,0.9545454545454546
63741,binned_complete,0.17483609306939213,-5.146144933099418,0.22727272727272727,0.4090909090909091,0.6363636363636364
63741,clipping,0.28295938155802774,-2.6239359571079777,0.45454545454545453,0.7272727272727273,0.7727272727272727
63741,floor,0.28295938155802774,-2.6239359571079777,0.45454545454545453,0.7272727272727273,0.7727272727272727
63741,guide_only,0.17846369682549218,,,,
63741,inflation,0.28295938155802774,-2.6239359571079777,0.45454545454545453,0.7272727272727273,0.7727272727272727
63741,periodic,0.23870548057875315,-2.2986486307651672,0.4090909090909091,0.7272727272727273,0.7727272727272727
63741,raw,0.2848274471766405,-2.2519023881781233,0.45454545454545453,0.7272727272727273,0.7727272727272727
63741,raw_plus_guide,0.17316808817963641,-5.199151061059548,0.22727272727272727,0.4090909090909091,0.6363636363636364
640768,binned_complete,0.040998590066757296,-2.4935709753869557,0.7083333333333334,0.8333333333333334,0.8333333333333334
640768,clipping,0.0355364474844268,-2.2271708746851324,0.8333333333333334,0.8333333333333334,0.8333333333333334
640768,floor,0.03772450000000125,-0.1291485004556763,0.8333333333333334,0.9166666666666666,0.9583333333333334
640768,guide_only,0.03844820729839775,,,,
640768,inflation,0.03772450000000125,-0.1291485004556763,0.8333333333333334,0.9166666666666666,0.9583333333333334
640768,periodic,0.08639077272727294,-0.3272716222703424,0.875,0.9583333333333334,0.9583333333333334
640768,raw,0.03772450000000125,-0.07627882692227388,0.8333333333333334,0.9583333333333334,0.9583333333333334
640768,raw_plus_guide,0.038443936094588446,-2.4768090207736537,0.7083333333333334,0.8333333333333334,0.8333333333333334
64211202,binned_complete,0.181299939130497,-13.847110619976288,0.3333333333333333,0.42857142857142855,0.5714285714285714
64211202,clipping,0.0774664999999998,-4.894883599849969,0.6190476190476191,0.7619047619047619,0.8571428571428571
64211202,floor,0.0858602236188446,-1.411652392507531,0.9047619047619048,0.9523809523809523,0.9523809523809523
64211202,guide_only,0.1828040000000079,,,,
64211202,inflation,0.0858602236188446,-1.411652392507531,0.9047619047619048,0.9523809523809523,0.9523809523809523
64211202,periodic,0.1879207532529143,-1.4661706587974868,0.9047619047619048,0.9523809523809523,0.9523809523809523
64211202,raw,0.0858663345611283,-1.3774704411884104,0.9047619047619048,0.9523809523809523,0.9523809523809523
64211202,raw_plus_guide,0.178607288966079,-13.815705544312161,0.3333333333333333,0.42857142857142855,0.5714285714285714
6422961,binned_complete,0.094699775669099,-1.891543098048655,0.19047619047619047,0.6666666666666666,0.7619047619047619
6422961,clipping,0.0881809263838491,0.42822769136709676,0.6666666666666666,0.9047619047619048,1.0
6422961,floor,0.0881809263838491,0.42822769136709676,0.6666666666666666,0.9047619047619048,1.0
6422961,guide_only,0.0952304959312861,,,,
6422961,inflation,0.0881809263838491,0.42822769136709676,0.6666666666666666,0.9047619047619048,1.0
6422961,periodic,0.0937600790220862,0.4238081792973152,0.5714285714285714,0.9047619047619048,1.0
6422961,raw,0.0784818505395179,0.44583818953904303,0.6190476190476191,0.9523809523809523,1.0
6422961,raw_plus_guide,0.0940147536023836,-1.8829596354168787,0.23809523809523808,0.6666666666666666,0.7619047619047619
6427086,binned_complete,0.06078609518374195,0.8076383599438113,0.65,0.95,0.95
6427086,clipping,0.05882199999755315,1.1170456634357193,0.7,0.95,1.0
6427086,floor,0.05882199999755315,1.1170456634357193,0.7,0.95,1.0
6427086,guide_only,0.0619463235144905,,,,
6427086,inflation,0.05882199999755315,1.1170456634357193,0.7,0.95,1.0
6427086,periodic,0.052070810619541746,1.0674855056846013,0.65,0.95,0.95
6427086,raw,0.0588219999823369,1.0752039747520994,0.65,0.95,1.0
6427086,raw_plus_guide,0.060382393221011854,0.8176798043865313,0.65,0.95,0.95
6456916,binned_complete,0.0849061217486646,-0.8245939177551841,0.48484848484848486,0.8484848484848485,0.9090909090909091
6456916,clipping,0.0743889999999947,0.0242611858622312,0.696969696969697,0.8787878787878788,0.9090909090909091
6456916,floor,0.0731149999999996,-0.0012144863840966697,0.8787878787878788,0.9393939393939394,0.9393939393939394
6456916,guide_only,0.0842498646678251,,,,
6456916,inflation,0.0731149999999996,-0.0012144863840966697,0.8787878787878788,0.9393939393939394,0.9393939393939394
6456916,periodic,0.0760464074074054,0.007888153948089434,0.7575757575757576,0.9393939393939394,0.9696969696969697
6456916,raw,0.0731149999999996,0.09570912481203135,0.8787878787878788,0.9393939393939394,0.9696969696969697
6456916,raw_plus_guide,0.0845549274906076,-0.8121168845142778,0.42424242424242425,0.8484848484848485,0.9090909090909091
65712645,binned_complete,0.27792334601102375,-9.265672654945124,0.15,0.35,0.5
65712645,clipping,0.2388258522660926,-1.0288612438434277,0.55,0.75,0.85
65712645,floor,0.2388258522660926,-1.0288612438434277,0.55,0.75,0.85
65712645,guide_only,0.29404769759128685,,,,
65712645,inflation,0.2388258522660926,-0.9858557082010568,0.6,0.75,0.9
65712645,periodic,0.22909170430022205,-0.8221401185234056,0.5,0.8,0.9
65712645,raw,0.2388258515042096,-1.0261753701625718,0.55,0.75,0.85
65712645,raw_plus_guide,0.26853878708073786,-9.170476341338311,0.15,0.35,0.5
67084,binned_complete,0.03282168631274905,1.28259317308043,0.8,0.9,1.0
67084,clipping,0.03701702922095415,0.8076531177451944,0.75,0.85,0.95
67084,floor,0.036192222721647946,1.417466600858987,0.9,1.0,1.0
67084,guide_only,0.0297305742038744,,,,
67084,inflation,0.036192222721647946,1.417466600858987,0.9,1.0,1.0
67084,periodic,0.034518545763194006,1.5092353998776133,0.95,1.0,1.0
67084,raw,0.02212995928948475,1.4396566017393204,0.8,1.0,1.0
67084,raw_plus_guide,0.03068675036353055,1.2809823330651247,0.8,0.9,1.0
6712584,binned_complete,0.0816939368971905,0.07942198928719198,0.4642857142857143,0.7857142857142857,0.9642857142857143
6712584,clipping,0.0540299999999991,0.24990068839722218,0.6071428571428571,0.8928571428571429,0.9642857142857143
6712584,floor,0.05677128700948495,0.12056531755044508,0.7142857142857143,0.9285714285714286,0.9642857142857143
6712584,guide_only,0.0827240694614195,,,,
6712584,inflation,0.05737449999999985,0.0785237508128199,0.6428571428571429,0.9285714285714286,0.9642857142857143
6712584,periodic,0.054063052631578346,-0.08224285148953202,0.6785714285714286,0.9285714285714286,0.9642857142857143
6712584,raw,0.05737449999999985,0.2653778824222748,0.8571428571428571,0.9642857142857143,0.9642857142857143
6712584,raw_plus_guide,0.0802440390478755,0.10441775895565554,0.4642857142857143,0.8214285714285714,0.9642857142857143
6775810,binned_complete,0.19711459586415891,-3.76011672749114,0.34615384615384615,0.5769230769230769,0.7307692307692307
6775810,clipping,0.32699038478818915,-0.8699298203775742,0.5,0.7307692307692307,1.0
6775810,floor,0.32699038478818915,-0.8699298203775742,0.5,0.7307692307692307,1.0
6775810,guide_only,0.19742735339081813,,,,
6775810,inflation,0.32699038478818915,-0.8699298203775742,0.5,0.7307692307692307,1.0
6775810,periodic,0.3512181335403728,-0.7915780739164119,0.5,0.8076923076923077,1.0
6775810,raw,0.3269902854933502,-0.8657726191764716,0.5,0.7307692307692307,1.0
6775810,raw_plus_guide,0.19777359924892574,-3.755449717136774,0.34615384615384615,0.5769230769230769,0.7307692307692307
68234,binned_complete,0.0576547848728736,0.8584630109495747,0.6666666666666666,0.8571428571428571,1.0
68234,clipping,0.042935800906946,1.1030674758564314,0.7142857142857143,1.0,1.0
68234,floor,0.042935800906946,1.1030674758564314,0.7142857142857143,1.0,1.0
68234,guide_only,0.0590259428571542,,,,
68234,inflation,0.042935800906946,1.1030674758564314,0.7142857142857143,1.0,1.0
68234,periodic,0.0492295950237107,1.0881003141042758,0.6666666666666666,0.9047619047619048,1.0
68234,raw,0.046637795858885,1.1198989049211523,0.6666666666666666,0.9047619047619048,1.0
68234,raw_plus_guide,0.0572719139895703,0.8724063669271354,0.6666666666666666,0.8571428571428571,1.0
6885262,binned_complete,0.20133273407540025,-4.031463199315196,0.3125,0.4375,0.5625
6885262,clipping,0.12634423531826394,-0.31287412224809064,0.625,0.78125,0.875
6885262,floor,0.12634423531826394,-0.31287412224809064,0.625,0.78125,0.875
6885262,guide_only,0.21053850000000815,,,,
6885262,inflation,0.12765037362996254,-0.3099118202396102,0.625,0.78125,0.875
6885262,periodic,0.0592531944267369,-0.034459620616509236,0.65625,0.78125,0.875
6885262,raw,0.28177785259922494,-0.5302741270555642,0.40625,0.84375,1.0
6885262,raw_plus_guide,0.20115623536611066,-4.003406108546107,0.3125,0.4375,0.5625
6964581,binned_complete,0.0516821087900645,0.9931090111813249,0.6086956521739131,0.9130434782608695,1.0
6964581,clipping,0.0479800449080869,0.7212677627930555,0.7391304347826086,0.9130434782608695,0.9565217391304348
6964581,floor,0.0472171499278601,0.5966696729247206,0.782608695652174,0.9565217391304348,0.9565217391304348
6964581,guide_only,0.049995999999993,,,,
6964581,inflation,0.0472171499278601,0.5966696729247206,0.782608695652174,0.9565217391304348,0.9565217391304348
6964581,periodic,0.0451381974972022,0.5687566591944073,0.782608695652174,0.9565217391304348,0.9565217391304348
6964581,raw,0.0540301016294222,0.6267666696886727,0.8260869565217391,0.9565217391304348,0.9565217391304348
6964581,raw_plus_guide,0.0545050423329627,1.0074625243425341,0.6086956521739131,0.9130434782608695,1.0
6970333,binned_complete,0.07412802957767714,-0.29214483938839847,0.5,0.7916666666666666,0.8333333333333334
6970333,clipping,0.0552027500000029,0.3799844985506113,0.7916666666666666,0.8333333333333334,0.9166666666666666
6970333,floor,0.048253000000000754,0.481664531106087,0.8333333333333334,0.9166666666666666,0.9583333333333334
6970333,guide_only,0.0759286481243748,,,,
6970333,inflation,0.048253000000000754,0.481664531106087,0.8333333333333334,0.9166666666666666,0.9583333333333334
6970333,periodic,0.07687125493553455,0.44055030779244686,0.875,0.9583333333333334,0.9583333333333334
6970333,raw,0.048253000000000754,0.4916507121906785,0.8333333333333334,0.9166666666666666,0.9583333333333334
6970333,raw_plus_guide,0.06737393204948816,-0.2780659091135032,0.5416666666666666,0.7916666666666666,0.8333333333333334
7070781,binned_complete,0.043984784922344,1.4313520104495416,0.7619047619047619,1.0,1.0
7070781,clipping,0.0477162115277032,1.3521415029558508,0.7619047619047619,1.0,1.0
7070781,floor,0.0477162115277032,1.3521415029558508,0.7619047619047619,1.0,1.0
7070781,guide_only,0.0484410197119231,,,,
7070781,inflation,0.0477162115277032,1.3521415029558508,0.7619047619047619,1.0,1.0
7070781,periodic,0.0422292150384748,1.3821493893095498,0.6190476190476191,0.9523809523809523,1.0
7070781,raw,0.0612329888311897,1.2803691950472427,0.6190476190476191,1.0,1.0
7070781,raw_plus_guide,0.0430815924019789,1.4385673810020836,0.8095238095238095,1.0,1.0
7075075,binned_complete,0.018748375290260598,1.6585178981875714,1.0,1.0,1.0
7075075,clipping,0.024786060867425498,1.6110349282527237,0.9545454545454546,1.0,1.0
7075075,floor,0.024786060867425498,1.6110349282527237,0.9545454545454546,1.0,1.0
7075075,guide_only,0.01668850000000515,,,,
7075075,inflation,0.024786060867425498,1.6110349282527237,0.9545454545454546,1.0,1.0
7075075,periodic,0.02007498771352885,1.8726971241279946,0.8181818181818182,1.0,1.0
7075075,raw,0.02475549999999855,1.764245176728572,0.8636363636363636,1.0,1.0
7075075,raw_plus_guide,0.019786268568569,1.6575805554713268,1.0,1.0,1.0
713256,binned_complete,0.0257050586097662,1.3771427276259096,0.84,0.96,1.0
713256,clipping,0.0260928658997805,1.4184629985574118,0.84,0.96,1.0
713256,floor,0.0260928658997805,1.4385020199409793,0.96,0.96,1.0
713256,guide_only,0.0251590000000074,,,,
713256,inflation,0.0260928658997805,1.4385020199409793,0.96,0.96,1.0
713256,periodic,0.0242311806976385,1.5423414577375294,0.92,0.96,1.0
713256,raw,0.095167,0.7259862862341301,0.56,0.96,0.96
713256,raw_plus_guide,0.0228869177417578,1.40963853531661,0.84,0.96,1.0
7222925,binned_complete,0.1536749737210616,-2.730411755364045,0.20588235294117646,0.5,0.7058823529411765
7222925,clipping,0.15801941238734507,0.029522662867582546,0.5294117647058824,0.8529411764705882,1.0
7222925,floor,0.15801941238734507,0.029522662867582546,0.5294117647058824,0.8529411764705882,1.0
7222925,guide_only,0.15437362347809008,,,,
7222925,inflation,0.15801941238734507,0.029522662867582546,0.5294117647058824,0.8529411764705882,1.0
7222925,periodic,0.1320886954675355,0.2764393811364355,0.5294117647058824,0.9117647058823529,1.0
7222925,raw,0.17873200946277018,-0.024487075437233156,0.4411764705882353,0.8529411764705882,1.0
7222925,raw_plus_guide,0.1513626090605111,-2.6822546524839384,0.20588235294117646,0.5,0.7058823529411765
7257067,binned_complete,0.0784256282104749,-2.0045020153358313,0.3225806451612903,0.7741935483870968,0.8387096774193549
7257067,clipping,0.3081752591321205,-0.6981318062684047,0.4838709677419355,0.8387096774193549,0.967741935483871
7257067,floor,0.3081752591321205,-0.6981318062684047,0.4838709677419355,0.8387096774193549,0.967741935483871
7257067,guide_only,0.0788820000000072,,,,
7257067,inflation,0.3081752591321205,-0.6981318062684047,0.4838709677419355,0.8387096774193549,0.967741935483871
7257067,periodic,0.2784368965517245,-0.5418874452697972,0.5161290322580645,0.8709677419354839,0.967741935483871
7257067,raw,0.3196715006200783,-0.7344436829963118,0.41935483870967744,0.8387096774193549,0.967741935483871
7257067,raw_plus_guide,0.0808693855156548,-2.01854140106065,0.3225806451612903,0.7741935483870968,0.8387096774193549
7366942,binned_complete,0.1279277023572316,-2.5056901146694233,0.4090909090909091,0.5,0.7272727272727273
7366942,clipping,0.1168534912992083,0.45920371572378876,0.6363636363636364,0.9090909090909091,1.0
7366942,floor,0.1168534912992083,0.45920371572378876,0.6363636363636364,0.9090909090909091,1.0
7366942,guide_only,0.12824210975750544,,,,
7366942,inflation,0.11685125346016885,0.4593386424227164,0.6363636363636364,0.9090909090909091,1.0
7366942,periodic,0.0960301850801226,0.4596169519373778,0.5909090909090909,0.8636363636363636,1.0
7366942,raw,0.11685499999999924,0.4585206008543681,0.6363636363636364,0.9090909090909091,1.0
7366942,raw_plus_guide,0.1289557509361527,-2.2894185923776367,0.4090909090909091,0.5,0.7272727272727273
7437296,binned_complete,0.08343281197735485,-1.587174799306933,0.40384615384615385,0.8269230769230769,0.9423076923076923
7437296,clipping,0.06762981305511845,-1.0346045136428705,0.6346153846153846,0.8846153846153846,0.9615384615384616
7437296,floor,0.0707564999999981,-0.11181205999750089,0.9230769230769231,0.9615384615384616,0.9807692307692307
7437296,guide_only,0.08861254633024096,,,,
7437296,inflation,0.0707564999999981,-0.11181205999750089,0.9230769230769231,0.9615384615384616,0.9807692307692307
7437296,periodic,0.06812918887558081,-0.26364975669137247,0.8461538461538461,0.9615384615384616,0.9807692307692307
7437296,raw,0.0707564999999981,-0.03717874377679445,0.9230769230769231,0.9615384615384616,0.9807692307692307
7437296,raw_plus_guide,0.0837279665252523,-1.4639152972526714,0.4230769230769231,0.8269230769230769,0.9423076923076923
7442275,binned_complete,0.1189211170989086,-0.636634983057677,0.3181818181818182,0.5454545454545454,0.7272727272727273
7442275,clipping,0.07440250567033499,0.07961282242095905,0.6363636363636364,0.6818181818181818,0.9090909090909091
7442275,floor,0.07440250567033499,0.07961282242095905,0.6363636363636364,0.6818181818181818,0.9090909090909091
7442275,guide_only,0.11940404092245235,,,,
7442275,inflation,0.0716873093663297,0.09469760884772675,0.6363636363636364,0.6818181818181818,0.9090909090909091
7442275,periodic,0.11925238302322944,-0.03688113243941178,0.45454545454545453,0.7272727272727273,0.9090909090909091
7442275,raw,0.06870760944872685,-0.09213919389839388,0.7272727272727273,0.8636363636363636,0.9090909090909091
7442275,raw_plus_guide,0.11909140367991171,-0.6332733430069684,0.3181818181818182,0.5454545454545454,0.7272727272727273
7443675,binned_complete,0.2494922260592549,-6.623590411803225,0.2,0.45,0.5
7443675,clipping,0.18407725946978282,-0.40879130369457367,0.5,0.9,0.95
7443675,floor,0.18407725946978282,-0.40879130369457367,0.5,0.9,0.95
7443675,guide_only,0.2488985000000063,,,,
7443675,inflation,0.1696344086771013,-0.28398125523174056,0.55,0.95,0.95
7443675,periodic,0.15294523467853335,-0.16135368348856477,0.55,0.9,0.95
7443675,raw,0.16761616569748125,-0.5428131995834552,0.4,0.95,0.95
7443675,raw_plus_guide,0.24916086337385399,-6.411522623115734,0.2,0.45,0.5
7445268,binned_complete,0.1287826024732687,-2.519222816087828,0.23809523809523808,0.5238095238095238,0.7142857142857143
7445268,clipping,0.1599564747679807,0.3755622105285319,0.6666666666666666,1.0,1.0
7445268,floor,0.1599564747679807,0.3755622105285319,0.6666666666666666,1.0,1.0
7445268,guide_only,0.1281228996524213,,,,
7445268,inflation,0.1599564747679807,0.3755622105285319,0.6666666666666666,1.0,1.0
7445268,periodic,0.076555850979382,0.31112664254740396,0.6190476190476191,0.9523809523809523,0.9523809523809523
7445268,raw,0.1582283625344587,0.3032298754653759,0.6190476190476191,1.0,1.0
7445268,raw_plus_guide,0.133287584644723,-2.5359923091659136,0.23809523809523808,0.5238095238095238,0.6666666666666666
779132,binned_complete,0.1784491715163838,-16.908972079196584,0.2,0.4666666666666667,0.6666666666666666
779132,clipping,0.1355468352092748,-7.624893812761766,0.43333333333333335,0.8333333333333334,0.9333333333333333
779132,floor,0.13925161474700776,-8.14046820935886,0.9,0.9666666666666667,0.9666666666666667
779132,guide_only,0.17794500000000818,,,,
779132,inflation,0.13686413717307386,-8.159388624237442,0.9,0.9666666666666667,0.9666666666666667
779132,periodic,0.135025230293591,-8.19899658243569,0.9,0.9666666666666667,0.9666666666666667
779132,raw,0.14370237571175254,-6.3033524542621056,0.9333333333333333,0.9666666666666667,0.9666666666666667
779132,raw_plus_guide,0.17944273530609317,-16.77381073698826,0.2,0.4666666666666667,0.6666666666666666
7903764,binned_complete,0.20644532203873206,-3.5986607099696393,0.05,0.2,0.55
7903764,clipping,0.15401265682341408,-0.8752404007577939,0.55,0.8,0.85
7903764,floor,0.15401265682341408,-0.8752404007577939,0.55,0.8,0.85
7903764,guide_only,0.20615164713335948,,,,
7903764,inflation,0.15401265682341408,-0.8752404007577939,0.55,0.8,0.85
7903764,periodic,0.17648331267892908,-0.798388110258083,0.65,0.8,0.85
7903764,raw,0.1543368716369224,-0.8274830855691905,0.55,0.8,0.85
7903764,raw_plus_guide,0.20631949747869704,-3.590378269326532,0.05,0.2,0.55
7908534,binned_complete,0.1061998045058931,-1.2390599004645317,0.25,0.65,0.8
7908534,clipping,0.09035454777434634,0.21965774917718967,0.65,0.8,0.95
7908534,floor,0.09035454777434634,0.21965774917718967,0.65,0.8,0.95
7908534,guide_only,0.10665476903951185,,,,
7908534,inflation,0.09035454777434634,0.21893625918782006,0.65,0.8,0.95
7908534,periodic,0.09053141853367025,0.20951637759489294,0.65,0.8,0.9
7908534,raw,0.08409450740451871,0.4116766508408439,0.65,0.9,0.95
7908534,raw_plus_guide,0.1061391936943465,-1.1523418108158965,0.25,0.65,0.8
7947845,binned_complete,0.12197699807932055,-2.635670500448521,0.35,0.6,0.65
7947845,clipping,0.0395362697362324,0.6040667285369811,0.6,0.95,0.95
7947845,floor,0.0395362697362324,0.6040667285369811,0.6,0.95,0.95
7947845,guide_only,0.12625232832129904,,,,
7947845,inflation,0.027532537012609347,0.543680928258578,0.6,0.95,0.95
7947845,periodic,0.035784432510253844,0.9339461516834943,0.9,0.95,0.95
7947845,raw,0.20008180173624265,-0.07595314006379562,0.45,0.95,0.95
7947845,raw_plus_guide,0.11614555342315386,-2.5484775383505744,0.4,0.6,0.65
8075730,binned_complete,0.2250305396726322,-4.498764495987988,0.2,0.4,0.5
8075730,clipping,0.19319521139304457,0.03530650147099733,0.55,0.95,0.95
8075730,floor,0.19319521139304457,0.03530650147099733,0.55,0.95,0.95
8075730,guide_only,0.22578304239887176,,,,
8075730,inflation,0.19319521139304457,0.03530650147099733,0.55,0.95,0.95
8075730,periodic,0.061577113850191253,0.4180443407294866,0.8,0.95,0.95
8075730,raw,0.18507728164548526,0.018918518492927906,0.55,0.9,0.95
8075730,raw_plus_guide,0.22366169087951343,-4.34500585993483,0.2,0.4,0.5
8076701,binned_complete,0.1124410277606156,-2.9971890555648315,0.36585365853658536,0.6829268292682927,0.8292682926829268
8076701,clipping,0.0894996282036508,-0.7011182215272195,0.5365853658536586,0.926829268292683,0.926829268292683
8076701,floor,0.095807996966208,-0.12371368408346947,0.9024390243902439,0.9512195121951219,0.975609756097561
8076701,guide_only,0.1138610000000071,,,,
8076701,inflation,0.095807996966208,-0.12371368408346947,0.9024390243902439,0.9512195121951219,0.975609756097561
8076701,periodic,0.1078112903225836,-0.14240002574835087,0.8292682926829268,0.9512195121951219,0.975609756097561
8076701,raw,0.0961759988902297,-0.07803635001601646,0.9024390243902439,0.9512195121951219,0.975609756097561
8076701,raw_plus_guide,0.1080684177339978,-2.9513864282098923,0.36585365853658536,0.6829268292682927,0.8292682926829268
8082471,binned_complete,0.0328599528512203,-2.3396245631823116,0.7666666666666667,0.9333333333333333,0.9333333333333333
8082471,clipping,0.0436208103917277,-2.4320540116492073,0.7333333333333333,0.9333333333333333,0.9333333333333333
8082471,floor,0.04353550069820495,-0.018007411439711074,0.9333333333333333,0.9333333333333333,0.9333333333333333
8082471,guide_only,0.03229847143528445,,,,
8082471,inflation,0.04353550069820495,-0.018007411439711074,0.9333333333333333,0.9333333333333333,0.9333333333333333
8082471,periodic,0.054549389565213546,-0.0069084555811584165,0.9333333333333333,0.9333333333333333,0.9333333333333333
8082471,raw,0.04353549999998655,-0.027301935612235973,0.9333333333333333,0.9333333333333333,0.9333333333333333
8082471,raw_plus_guide,0.034850380245440946,-2.3572282017544355,0.7333333333333333,0.9333333333333333,0.9333333333333333
8260014,binned_complete,0.0881492687455853,-2.179532737181046,0.41818181818181815,0.7090909090909091,0.8545454545454545
8260014,clipping,0.0893954999999984,-0.1523158000279393,0.6909090909090909,0.8727272727272727,0.9272727272727272
8260014,floor,0.0934729999785783,0.02117253220302335,0.8545454545454545,0.9454545454545454,0.9636363636363636
8260014,guide_only,0.0845783734845415,,,,
8260014,inflation,0.0934729999785783,0.02117253220302335,0.8545454545454545,0.9454545454545454,0.9636363636363636
8260014,periodic,0.1061650677161054,0.06274831622554693,0.8727272727272727,0.9636363636363636,0.9636363636363636
8260014,raw,0.0934729999935797,0.02769810382025783,0.8727272727272727,0.9454545454545454,0.9636363636363636
8260014,raw_plus_guide,0.091067714984792,-2.13799943599652,0.41818181818181815,0.7272727272727273,0.8545454545454545
8337585,binned_complete,0.07610542390675684,0.11785704682359992,0.4583333333333333,0.7916666666666666,0.9583333333333334
8337585,clipping,0.0712661150360229,0.11961540591174558,0.75,0.875,0.9583333333333334
8337585,floor,0.0719081146460176,0.2033734925462688,0.75,0.9166666666666666,0.9583333333333334
8337585,guide_only,0.07727706097744219,,,,
8337585,inflation,0.0719081146460176,0.2033734925462688,0.75,0.9166666666666666,0.9583333333333334
8337585,periodic,0.07639409629382315,0.2428750389001232,0.75,0.9166666666666666,0.9583333333333334
8337585,raw,0.0705551132087958,0.21497498666542203,0.75,0.9166666666666666,0.9583333333333334
8337585,raw_plus_guide,0.07578082190713781,0.10980316175830174,0.4583333333333333,0.7916666666666666,0.9583333333333334
8394147,binned_complete,0.0466066939610421,0.3569910857825192,0.7037037037037037,0.9259259259259259,0.9259259259259259
8394147,clipping,0.0300145543277103,0.701855188820372,0.7407407407407407,0.9259259259259259,0.9629629629629629
8394147,floor,0.0349203743317829,0.6838689147249627,0.7037037037037037,0.9259259259259259,0.9629629629629629
8394147,guide_only,0.0463339999999945,,,,
8394147,inflation,0.0345870415522284,0.6900000363901344,0.7407407407407407,0.9259259259259259,0.9629629629629629
8394147,periodic,0.0371878571428574,0.01725900289450621,0.6666666666666666,0.9259259259259259,0.9629629629629629
8394147,raw,0.0345870000000001,0.4943929224985713,0.7777777777777778,0.9629629629629629,0.9629629629629629
8394147,raw_plus_guide,0.0495280715522614,0.3795937972263805,0.7037037037037037,0.9259259259259259,0.9629629629629629
8395893,binned_complete,0.2326237485902798,-8.161314643378223,0.10909090909090909,0.2727272727272727,0.4727272727272727
8395893,clipping,0.2854172013989906,-0.5427356545520171,0.4,0.8727272727272727,0.9818181818181818
8395893,floor,0.2854172013989906,-0.4139986419729431,0.43636363636363634,0.9272727272727272,0.9818181818181818
8395893,guide_only,0.2306660000000082,,,,
8395893,inflation,0.285418391194792,-0.4193541018908489,0.43636363636363634,0.9272727272727272,0.9818181818181818
8395893,periodic,0.2365369361702125,-0.27955617952580686,0.6909090909090909,0.9636363636363636,0.9818181818181818
8395893,raw,0.2871079999999999,-0.3565667940895729,0.43636363636363634,0.9636363636363636,0.9818181818181818
8395893,raw_plus_guide,0.2344984991591161,-8.116586688111083,0.10909090909090909,0.2909090909090909,0.4727272727272727
8396331,binned_complete,0.0771966027264934,0.5721976916325007,0.5,0.8076923076923077,0.9615384615384616
8396331,clipping,0.1431643815641141,0.30652661478503895,0.5,0.8461538461538461,1.0
8396331,floor,0.1431643815641141,0.30652661478503895,0.5,0.8461538461538461,1.0
8396331,guide_only,0.0732699999999928,,,,
8396331,inflation,0.1431643815641141,0.30652661478503895,0.5,0.8461538461538461,1.0
8396331,periodic,0.1563731884626875,0.07333309403746534,0.46153846153846156,0.7307692307692307,1.0
8396331,raw,0.1617120000000005,0.037310790336692774,0.5,0.8461538461538461,1.0
8396331,raw_plus_guide,0.077962248596151,0.5508288013275037,0.5,0.8076923076923077,0.9615384615384616
855356,binned_complete,0.036743432376837845,0.32466048873718406,0.75,0.8091397849462365,0.9623655913978495
855356,clipping,0.01561290010183745,1.0288736367761608,0.782258064516129,0.9650537634408602,0.9811827956989247
855356,floor,0.04094663062444675,0.6062797187396703,0.7446236559139785,0.9704301075268817,0.9838709677419355
855356,guide_only,0.03674750000000675,,,,
855356,inflation,0.0361955873531929,0.5948209654905063,0.7258064516129032,0.9704301075268817,0.9811827956989247
855356,periodic,0.03812692561458415,0.45092281957436636,0.8091397849462365,0.9704301075268817,0.9811827956989247
855356,raw,0.0515707208600231,0.7933703751789674,0.8548387096774194,0.978494623655914,0.9838709677419355
855356,raw_plus_guide,0.029201634335406,0.38952661651500076,0.7553763440860215,0.8064516129032258,0.967741935483871
8667230,binned_complete,0.04282384477952565,1.282476620340632,0.55,0.95,1.0
8667230,clipping,0.0225652180770623,1.5603087130951676,0.9,1.0,1.0
8667230,floor,0.0225652180770623,1.557804771339225,0.9,1.0,1.0
8667230,guide_only,0.046572882588749004,,,,
8667230,inflation,0.0225652180770623,1.557804771339225,0.9,1.0,1.0
8667230,periodic,0.01942489709167545,1.728684214100505,0.85,0.95,1.0
8667230,raw,0.020236335472104,1.6015729243506,0.85,0.95,1.0
8667230,raw_plus_guide,0.0378756761063625,1.3350413147506495,0.65,1.0,1.0
8700246,binned_complete,0.1865995573276428,-4.752398592110464,0.32,0.48,0.56
8700246,clipping,0.2423720000000031,-0.45641499777670125,0.44,0.88,0.96
8700246,floor,0.2378210000000002,-0.43610755801669704,0.48,0.88,0.96
8700246,guide_only,0.1887775612221389,,,,
8700246,inflation,0.2378210000000002,-0.43610755801669704,0.48,0.88,0.96
8700246,periodic,0.2152429523809473,-0.9289044990003377,0.56,0.72,0.88
8700246,raw,0.2378210000000002,-0.4269678162813023,0.48,0.88,0.96
8700246,raw_plus_guide,0.1827916846664585,-4.71658067636949,0.32,0.48,0.56
8819196,binned_complete,0.0642034923358245,-0.45298960864929344,0.52,0.8,0.92
8819196,clipping,0.0584020000000009,-0.8868074417931544,0.76,0.92,0.92
8819196,floor,0.0616069999999986,-0.03919251341056289,0.8,0.92,0.92
8819196,guide_only,0.0646540609591816,,,,
8819196,inflation,0.0539965000000002,-0.19562410952290435,0.84,0.92,0.92
8819196,periodic,0.0673308582606786,-0.06773669957778376,0.68,0.88,0.92
8819196,raw,0.0733984999999997,0.28982456788617716,0.84,0.92,0.92
8819196,raw_plus_guide,0.0641686505492273,-0.4298325263684943,0.52,0.84,0.92
8896298,binned_complete,0.0463731737770842,1.1119036080318447,0.7391304347826086,1.0,1.0
8896298,clipping,0.0457630142092924,1.151314204593003,0.6956521739130435,0.9565217391304348,1.0
8896298,floor,0.0495505012978512,1.1502473609397712,0.7391304347826086,0.9565217391304348,1.0
8896298,guide_only,0.0463676299849247,,,,
8896298,inflation,0.0495505012978512,1.1502473609397712,0.7391304347826086,0.9565217391304348,1.0
8896298,periodic,0.0605429991619281,1.166578269643535,0.7391304347826086,0.9565217391304348,1.0
8896298,raw,0.0495504999999951,1.1993557283249583,0.6521739130434783,0.9565217391304348,1.0
8896298,raw_plus_guide,0.0462101483078285,1.1223301623590518,0.7391304347826086,1.0,1.0
8899537,binned_complete,0.21701474759516864,-4.522593336760874,0.13636363636363635,0.22727272727272727,0.5
8899537,clipping,0.19706805345883271,-2.339346162766337,0.22727272727272727,0.36363636363636365,0.7727272727272727
8899537,floor,0.2048823681515621,-2.475272587904181,0.22727272727272727,0.3181818181818182,0.7727272727272727
8899537,guide_only,0.2168171539596404,,,,
8899537,inflation,0.1942527671967253,-2.3830251349145026,0.22727272727272727,0.36363636363636365,0.7727272727272727
8899537,periodic,0.17365721611318102,-1.7421152196790641,0.2727272727272727,0.5454545454545454,0.8636363636363636
8899537,raw,0.18500524999999965,-0.4897690978114333,0.2727272727272727,0.8181818181818182,0.9545454545454546
8899537,raw_plus_guide,0.2188819979108549,-4.493863714120595,0.13636363636363635,0.22727272727272727,0.45454545454545453
9088982,binned_complete,0.03085021194002465,-3.599244820231374,0.6,0.6,0.65
9088982,clipping,0.04892899972076395,-1.3092323157094847,0.8,0.85,0.85
9088982,floor,0.05192800003127735,-0.24444012207570723,0.8,0.85,0.9
9088982,guide_only,0.02890099848260515,,,,
9088982,inflation,0.05192800003127735,-0.24444012207570723,0.8,0.85,0.9
9088982,periodic,0.06299926012244665,-1.7109660167303704,0.85,0.9,0.9
9088982,raw,0.0519517502397004,-0.04841785649010647,0.85,0.9,0.9
9088982,raw_plus_guide,0.03281193228078465,-3.4934870670922704,0.6,0.6,0.65
9427365,binned_complete,0.1587245412475884,-4.107863799757111,0.2857142857142857,0.47619047619047616,0.5714285714285714
9427365,clipping,0.0720955000000014,-0.23140782498151025,0.6666666666666666,0.8571428571428571,0.9047619047619048
9427365,floor,0.0741409999999049,-0.26766269727384917,0.7619047619047619,0.9523809523809523,0.9523809523809523
9427365,guide_only,0.1611789999999935,,,,
9427365,inflation,0.0741409999999049,-0.26766269727384917,0.7619047619047619,0.9523809523809523,0.9523809523809523
9427365,periodic,0.1301173712310621,-0.25131448973254855,0.8095238095238095,0.9523809523809523,0.9523809523809523
9427365,raw,0.0741409999999138,-0.23424554470578987,0.8095238095238095,0.9523809523809523,0.9523809523809523
9427365,raw_plus_guide,0.1535130995260196,-4.052468130905472,0.2857142857142857,0.47619047619047616,0.5714285714285714
9452348,binned_complete,0.0692065246034498,-2.6082808582582038,0.5185185185185185,0.7407407407407407,0.8518518518518519
9452348,clipping,0.0570317395156187,-2.5548688831625843,0.6296296296296297,0.8148148148148148,0.8518518518518519
9452348,floor,0.0569330023739595,-2.2365320292913036,0.8518518518518519,0.9259259259259259,0.9259259259259259
9452348,guide_only,0.0667660000000065,,,,
9452348,inflation,0.0569330023739595,-2.2667983793579882,0.8518518518518519,0.9259259259259259,0.9259259259259259
9452348,periodic,0.0498638953600476,-3.376817053550749,0.8518518518518519,0.9259259259259259,0.9259259259259259
9452348,raw,0.0569330129698713,-0.46728429218365836,0.8518518518518519,0.9259259259259259,0.9629629629629629
9452348,raw_plus_guide,0.0674861511066815,-2.5695470770750832,0.5185185185185185,0.7407407407407407,0.8518518518518519
9643411,binned_complete,0.13501980441848888,-0.6169573939165985,0.2,0.55,0.9
9643411,clipping,0.06368399999879235,0.7336191933944869,0.7,0.95,0.95
9643411,floor,0.06368399999879235,0.7336191933944869,0.7,0.95,0.95
9643411,guide_only,0.13794522819491917,,,,
9643411,inflation,0.06368399999879235,0.7336191933944869,0.7,0.95,0.95
9643411,periodic,0.07141653019854385,0.707723758035147,0.65,0.95,0.95
9643411,raw,0.06368399999945845,0.5959344026507771,0.75,0.95,0.95
9643411,raw_plus_guide,0.13039952259490925,-0.4821056090250161,0.2,0.55,0.9
9874894,binned_complete,0.5273013225625842,-33.219903337709475,0.0,0.1111111111111111,0.14814814814814814
9874894,clipping,0.3366554816535245,-0.7897981218378727,0.5925925925925926,0.9259259259259259,1.0
9874894,floor,0.3366554816535245,-0.7897981218378727,0.5925925925925926,0.9259259259259259,1.0
9874894,guide_only,0.5277157487790181,,,,
9874894,inflation,0.3366554816535245,-0.8076147234202695,0.5925925925925926,0.8888888888888888,1.0
9874894,periodic,0.3982338235294111,-2.8690973990166073,0.5925925925925926,0.8518518518518519,0.9259259259259259
9874894,raw,0.3656269999999999,-1.7456760196803467,0.48148148148148145,0.7407407407407407,0.8888888888888888
9874894,raw_plus_guide,0.5264684217741813,-31.648936067840825,0.0,0.1111111111111111,0.14814814814814814
9956546,binned_complete,0.0836513346862153,0.20390694136527435,0.4,0.7666666666666667,0.9
9956546,clipping,0.1441934382316452,0.3296718081253434,0.4,0.9666666666666667,1.0
9956546,floor,0.1441934382316452,0.3296718081253434,0.4,0.9666666666666667,1.0
9956546,guide_only,0.08522353846932604,,,,
9956546,inflation,0.1441934382316452,0.3296718081253434,0.4,0.9666666666666667,1.0
9956546,periodic,0.13398421642975128,0.31909543861275236,0.5,0.9,1.0
9956546,raw,0.17341199999819065,0.10339630405539357,0.3333333333333333,0.9333333333333333,1.0
9956546,raw_plus_guide,0.08313320953594955,0.19196964853216508,0.4,0.7666666666666667,0.9
