source_id,max_abs_difference
1492,4.440892098500626e-16
2113,1.3897216710745397e-13
3475,3.430589146091734e-14
3653,4.440892098500626e-16
3731,3.850253449400043e-13
4477,1.3322676295501878e-15
4556,3.68594044175552e-14
15264,5.340172748447003e-14
15969,8.881784197001252e-16
63075,1.865174681370263e-14
63682,4.5102810375396984e-15
63741,5.5067062021407764e-14
64131,1.8762769116165146e-14
64136,2.90878432451791e-14
65503,1.7763568394002505e-15
65730,8.881784197001252e-16
66469,2.4868995751603507e-14
67084,1.1762812945903534e-13
68234,1.3081202787645907e-13
68481,1.3322676295501878e-15
69497,8.881784197001252e-16
163442,7.815970093361102e-14
170222,1.3322676295501878e-15
170389,6.661338147750939e-16
171278,3.502753642692369e-14
171284,1.7763568394002505e-15
172032,4.440892098500626e-16
174274,4.085620730620576e-14
174418,5.6288307348495437e-14
182534,8.881784197001252e-16
182732,1.7486012637846216e-14
183083,9.14823772291129e-14
183252,8.523737271559639e-14
256886,3.863576125695545e-14
348190,4.707345624410664e-14
348505,7.222000775186643e-14
350330,8.881784197001252e-16
351121,6.52811138479592e-14
351125,4.440892098500626e-14
351642,2.220446049250313e-13
353686,7.638334409421077e-14
354735,6.616929226765933e-14
356273,1.1901590823981678e-13
356817,8.881784197001252e-16
356877,5.639932965095795e-14
356960,1.7763568394002505e-15
368138,3.552713678800501e-15
373912,8.171241461241152e-14
374227,3.597122599785507e-14
390886,1.6474321906656542e-13
391705,9.936496070395151e-14
391868,1.3322676295501878e-15
393727,4.440892098500626e-16
396706,2.3986368447026507e-13
396749,9.681144774731365e-14
398315,5.240252676230739e-14
401124,1.1102230246251565e-15
401420,1.3922196728799463e-13
401938,7.027711745877241e-14
402398,4.440892098500626e-16
403076,1.3677947663381929e-13
412163,8.881784197001252e-16
414020,4.0190073491430667e-14
416128,4.440892098500626e-16
517541,3.5349501104064984e-13
519013,8.881784197001252e-16
552761,7.460698725481052e-14
555576,5.861977570020827e-14
555851,5.3290705182007514e-14
556264,5.1514348342607263e-14
556300,7.105427357601002e-15
604427,1.6253665080512292e-13
605404,3.9968028886505635e-14
605958,2.6645352591003757e-15
606285,1.7763568394002505e-15
607147,2.3092638912203256e-13
607672,8.881784197001252e-16
640192,6.572520305780927e-14
640768,1.021405182655144e-13
642234,1.0458300891968975e-13
651349,1.1013412404281553e-13
653188,8.881784197001252e-16
653611,1.4210854715202004e-13
654210,1.1102230246251565e-15
682103,1.0125233984581428e-13
682300,8.881784197001252e-16
689284,5.5566662382489085e-14
690118,5.545564008002657e-14
690265,3.302913498259841e-14
691739,2.2648549702353193e-14
692194,8.348877145181177e-14
703633,4.707345624410664e-14
705322,2.842170943040401e-14
706627,1.021405182655144e-13
708922,2.1671553440683056e-13
712084,6.288303211476887e-13
713013,2.2470914018413168e-13
713147,2.55351295663786e-14
713256,1.3322676295501878e-15
713664,8.881784197001252e-16
713962,7.016609515630989e-14
714011,1.021405182655144e-13
718410,4.440892098500626e-16
718432,4.085620730620576e-14
720276,1.2477519018005978e-13
720902,3.4372504842394846e-13
720910,6.661338147750939e-16
744286,1.7763568394002505e-15
744509,8.881784197001252e-16
744737,2.881028748902281e-14
745248,1.1102230246251565e-15
745603,1.1102230246251565e-16
747858,2.3636648194269583e-13
779132,4.973799150320701e-14
789761,9.142686607788164e-14
791559,4.440892098500626e-16
791822,4.440892098500626e-16
793028,1.8474111129762605e-13
795063,3.077538224260934e-13
795583,8.881784197001252e-16
799045,8.526512829121202e-14
802931,7.105427357601002e-15
803688,1.9317880628477724e-14
805006,5.4067861299245124e-14
806063,8.881784197001252e-16
806270,5.329070518200751e-15
854473,5.329070518200751e-15
855356,4.440892098500626e-14
856341,6.072919944699606e-14
890936,6.661338147750939e-16
891487,1.6919798895287386e-13
892865,3.430589146091734e-14
893445,2.808864252301646e-14
988111,3.0309088572266774e-14
989079,1.9301227283108346e-13
989130,5.484501741648273e-14
989377,2.142730437526552e-13
989622,3.863576125695545e-14
990412,1.6764367671839864e-14
990435,1.687538997430238e-14
990921,1.7763568394002505e-15
992423,3.1530333899354446e-14
993864,1.2934098236883074e-13
1068823,1.3500311979441904e-13
1070298,5.417888360170764e-14
1073451,8.881784197001252e-16
1077061,1.1102230246251565e-16
1085172,2.3714363805993344e-13
1086245,4.440892098500626e-16
1086274,2.5934809855243657e-13
1086977,1.829647544582258e-13
1086994,1.857403120197887e-13
1087137,1.3322676295501878e-15
1087435,8.171241461241152e-14
1087883,5.1007809087622036e-14
1087992,2.6645352591003757e-15
1088481,6.336597913048081e-14
1089135,8.837375276016246e-14
1089276,6.250555628639631e-14
1089633,8.126832540256146e-14
1091902,8.881784197001252e-16
1092063,4.440892098500626e-16
1137195,6.661338147750939e-16
1137452,8.881784197001252e-16
1148586,2.042810365310288e-14
1221185,8.881784197001252e-15
1306430,4.04121180963557e-14
1306900,1.438849039914203e-13
1327214,3.824718319833664e-14
1357214,2.015054789694659e-14
1359057,2.220446049250313e-15
1360465,2.9753977059954195e-13
1360724,7.16093850883226e-14
1361192,3.774758283725532e-14
1362114,3.446132268436486e-13
1397516,7.460698725481052e-14
1397937,1.2168044349891716e-13
1398126,4.440892098500626e-16
1398170,1.0658141036401503e-13
1398335,4.463096558993129e-14
1398837,2.6645352591003757e-15
1399125,4.75175454539567e-14
1399357,8.171241461241152e-14
1399779,1.0341727474383333e-13
1399842,2.6645352591003757e-15
1400000,1.0957901253050295e-13
1400413,5.206945985491984e-14
1400532,8.881784197001252e-16
1409483,9.114931032172535e-14
1415802,7.105427357601002e-15
1439510,6.195044477408373e-14
1462754,1.249000902703301e-13
1465995,2.5202062658991053e-14
1485668,1.4305223672295142e-13
1485823,1.4566126083082054e-13
1485997,2.6645352591003757e-15
1486152,1.7763568394002505e-15
1486373,1.3322676295501878e-15
1486619,1.8984813721090177e-13
1486807,8.881784197001252e-16
1487059,1.5543122344752192e-15
1487155,3.107236690169657e-14
1487164,3.004818616147986e-13
1487228,1.6547874182037958e-13
1488257,2.5934809855243657e-13
1488730,1.2667644710973036e-13
1493843,2.220446049250313e-16
1494121,4.796163466380676e-14
1494531,8.881784197001252e-16
1496257,1.6081580511695392e-13
1496636,1.7763568394002505e-15
1498734,8.881784197001252e-16
1499363,1.7763568394002505e-15
1499366,3.3861802251067274e-14
1517076,1.3322676295501878e-15
1519021,3.197442310920451e-14
1519427,8.881784197001252e-16
1520574,2.6645352591003757e-15
1525735,2.907396545737129e-14
1526024,1.7763568394002505e-15
1526394,1.5558387911340787e-13
1527090,1.2999323839579802e-13
1527248,6.661338147750939e-16
1527302,1.9317880628477724e-14
1527555,2.4846791291111003e-13
1528638,2.6645352591003757e-15
1528696,8.670841822322473e-14
1531989,8.881784197001252e-16
1533092,4.440892098500626e-14
1534333,8.881784197001252e-16
1535831,5.6288307348495437e-14
1536077,4.085620730620576e-14
1540609,7.549516567451064e-14
1540909,1.7497114868092467e-13
1542965,8.748557434046234e-14
1559991,1.1368683772161603e-13
1560686,5.329070518200751e-15
1785454,4.440892098500626e-16
1786179,4.3520742565306136e-14
1786207,2.433608869978343e-13
1786713,1.5182299861749016e-14
1787336,8.881784197001252e-16
1787349,1.0186296250935811e-13
1787905,1.1041167979897182e-13
1788194,8.881784197001252e-16
1788362,3.872457909892546e-13
1788906,9.83935155574045e-14
1789186,5.5067062021407764e-14
1794893,2.2382096176443156e-13
1795580,4.476419235288631e-13
1796381,7.016609515630989e-14
1800673,1.6786572132332367e-13
1801887,1.443845043525016e-13
1805412,2.7000623958883807e-13
1806837,3.0375701953744283e-13
1815795,1.580957587066223e-13
1816052,1.7763568394002505e-15
1817711,8.845701948700935e-14
1817739,4.440892098500626e-16
1817793,2.6645352591003757e-15
1818735,3.1530333899354446e-14
1818922,1.7763568394002505e-15
1819187,2.469136006766348e-13
1819474,3.430589146091734e-14
1820019,5.861977570020827e-14
1821852,4.440892098500626e-16
1856288,5.262457136723242e-14
1856609,8.881784197001252e-16
1856610,7.283063041541027e-14
1856858,8.72635297355373e-14
1858419,9.059419880941277e-14
1858942,3.858025010572419e-14
1859120,5.910827383104333e-13
1859549,5.5067062021407764e-14
1860639,6.661338147750939e-16
1860824,1.7408297026122455e-13
1865521,1.3322676295501878e-15
1866065,2.1094237467877974e-14
1866197,4.440892098500626e-16
1866441,1.1618483952702263e-13
1866879,6.197820034969936e-14
1959652,4.440892098500626e-16
1960442,1.1102230246251565e-16
1960701,5.700995231450179e-14
1961004,8.881784197001252e-16
1961362,1.2789769243681803e-13
1962251,1.1102230246251565e-16
1964003,4.973799150320701e-14
1964314,6.661338147750939e-16
1967365,4.18554080283684e-14
1967928,1.5057399771478686e-13
1968103,1.4921397450962104e-13
1968195,1.1368683772161603e-13
1969088,3.905209489118988e-14
1977822,1.7763568394002505e-15
1989190,4.6407322429331543e-14
1989257,4.263256414560601e-14
1989854,4.263256414560601e-14
1990680,2.842170943040401e-14
1990981,2.6645352591003757e-14
1993903,2.581268532253489e-14
1994256,8.482103908136196e-14
1999305,1.3322676295501878e-15
2000754,9.325873406851315e-14
2028803,7.105427357601002e-15
2030192,1.7763568394002505e-15
2033051,2.6190161150907443e-13
2033988,9.670042544485113e-14
2035428,4.440892098500626e-16
2045532,8.881784197001252e-16
2078003,3.141931159689193e-14
2078896,3.1530333899354446e-14
2082191,3.453903829608862e-13
2205938,1.1723955140041653e-13
2206720,3.730349362740526e-14
2207193,1.7763568394002505e-15
2207385,3.419486915845482e-14
2207758,5.383193890651228e-14
2210307,1.8207657603852567e-14
2210879,8.881784197001252e-16
2211515,2.484921990397737e-13
2245522,1.7055801215803967e-14
2255202,8.881784197001252e-16
2255577,8.881784197001252e-16
2284719,6.794564910705958e-14
2507603,6.039613253960852e-14
2513845,3.810285420513537e-13
2609577,1.3322676295501878e-15
2612743,1.3877787807814457e-16
2613554,5.86475312758239e-14
2696868,5.00155472593633e-14
2698959,3.4611202792689255e-14
2708149,1.7763568394002505e-15
2708365,4.440892098500626e-15
2708658,6.122879980807738e-14
2709414,4.6629367034256575e-14
2710032,8.881784197001252e-14
2710268,1.3322676295501878e-15
2710434,2.6645352591003757e-15
2710508,3.552713678800501e-15
2710636,3.907985046680551e-14
2710820,1.4210854715202004e-13
2711188,7.105427357601002e-15
2854870,4.707345624410664e-14
3015289,7.682743330406083e-14
3015458,6.925016116099414e-14
3025879,6.661338147750939e-16
3025983,5.501675504060444e-14
3026248,8.881784197001252e-16
3026911,3.552713678800501e-15
3027597,8.881784197001252e-16
3027876,2.3647750424515834e-14
3028224,6.217248937900877e-14
3033675,1.1890488593735427e-13
3037433,5.595524044110789e-14
3039026,1.2545520178264269e-14
3040680,8.881784197001252e-16
3042322,4.8683279629813114e-14
3045647,8.881784197001252e-16
3051434,2.1649739292972647e-13
3053459,9.947598300641403e-14
3055159,5.551115123125783e-14
3055370,4.405364961712621e-13
3056864,4.3423598050651435e-14
3064343,2.0605739337042905e-13
3168240,4.007905118896815e-14
3169596,8.881784197001252e-16
3169788,1.7275070263167436e-13
3170981,1.2817524819297432e-13
3171009,3.907985046680551e-14
3238469,8.881784197001252e-16
3262989,2.353672812205332e-14
3263801,3.907985046680551e-14
3263917,2.0766721675613553e-13
3265024,8.881784197001252e-16
3267078,8.587575095475586e-14
3267525,1.383337888682945e-13
3268343,1.7208456881689926e-14
3268443,2.2537527399890678e-14
3268485,1.2079226507921703e-13
3274513,1.794120407794253e-13
3294397,3.197442310920451e-14
3301478,8.881784197001252e-16
3302875,5.329070518200751e-15
3307588,4.440892098500626e-16
3307979,3.019806626980426e-14
3308758,8.881784197001252e-16
3315056,1.7763568394002505e-15
3316443,2.6645352591003757e-15
3316543,3.552713678800501e-15
3316875,5.329070518200751e-15
3320934,1.98507876802978e-13
3321170,2.0961010704922955e-13
3321236,2.7533531010703882e-14
3350358,4.3826053897078054e-14
3351882,6.006306563222097e-14
3353183,2.5146551507759796e-14
3354645,8.881784197001252e-16
3356571,1.3322676295501878e-15
3384102,6.994405055138486e-14
3384809,1.3322676295501878e-15
3397979,3.630429290524262e-14
3398410,9.381384558082573e-15
3398604,6.838973831690964e-14
3400030,3.1530333899354446e-14
3402113,2.919886554764162e-14
3493861,1.9895196601282805e-13
3494134,1.900701818158268e-13
3496870,1.602051824534101e-13
3497470,8.615330671091215e-14
3497777,5.329070518200751e-15
3498542,3.552713678800501e-15
3506040,2.575717417130363e-13
3506867,8.881784197001252e-16
3510231,1.4504456663511078e-14
3513921,6.217248937900877e-14
3515396,2.964295475749168e-14
3515922,1.6479873021779667e-13
3517491,3.352873534367973e-14
3517587,8.881784197001252e-16
3517636,4.085620730620576e-14
3530716,1.3322676295501878e-15
3530851,3.907985046680551e-14
3532457,9.947598300641403e-14
3532504,1.2273515537231106e-13
3532548,4.440892098500626e-16
3532725,1.1901590823981678e-12
3532895,2.2648549702353193e-14
3532955,1.7763568394002505e-15
3534132,1.092459456231154e-13
3534796,4.618527782440651e-14
3535885,9.43689570931383e-15
3535904,3.430936090786929e-14
3536220,1.7763568394002505e-15
3536386,4.618527782440651e-14
3536616,1.3322676295501878e-15
3536824,1.2967404927621828e-13
3537341,8.881784197001252e-16
3537506,1.5987211554602254e-13
3538360,6.661338147750939e-16
3538485,2.6867397195928788e-14
3538597,7.982503547054876e-14
3538812,2.0399393979575464e-13
3538828,1.6514567491299204e-13
3539186,1.7294499166098376e-13
3539430,2.6645352591003757e-15
3540068,8.881784197001252e-16
3563158,3.552713678800501e-15
3563177,2.6645352591003757e-15
3563635,5.6066262743570405e-14
3564427,4.118927421359331e-14
3564510,6.628031457012185e-14
3564690,1.7763568394002505e-15
3564893,1.1901590823981678e-13
3565126,1.5276668818842154e-13
3569945,2.0372592501871623e-14
3573648,3.1308289294429414e-14
3574211,4.8405723873656825e-14
3574286,4.689304500260505e-14
3577225,1.0286216323152075e-13
3577401,1.9857032684811315e-13
3577405,8.881784197001252e-16
3577505,4.879430193227563e-14
3577793,3.752553823233029e-14
3578120,2.6645352591003757e-15
3578149,8.881784197001252e-16
3578629,4.440892098500626e-16
3579296,4.440892098500626e-16
3579339,3.164135620181696e-14
3580508,3.3306690738754696e-14
3580689,1.0258460747536446e-13
3581212,3.042011087472929e-14
3581809,1.6253665080512292e-13
3609640,4.440892098500626e-16
3610139,1.5631940186722204e-13
3610311,3.930189507173054e-14
3610496,2.8421709430404007e-13
3610544,2.4674706722294104e-14
3610975,1.1243089792500882e-13
3610982,7.283063041541027e-14
3611639,1.509903313490213e-14
3707618,2.020605904817785e-14
3707856,1.3322676295501878e-15
3708831,3.241851231905457e-14
3710767,6.661338147750939e-16
3710808,1.7763568394002505e-15
3710915,6.039613253960852e-14
3711337,8.881784197001252e-16
3712095,5.120209811693144e-14
3712377,6.661338147750939e-16
3712568,2.631228568361621e-14
3769324,1.3855583347321954e-13
3778222,1.4627188349436437e-13
3820286,4.440892098500626e-16
3820912,8.881784197001252e-16
3821074,3.552713678800501e-15
3821561,8.881784197001252e-16
3822793,1.3589129821411916e-13
3871206,7.638334409421077e-14
3873433,7.105427357601002e-15
3874759,3.197442310920451e-14
3875738,6.661338147750939e-16
3877762,5.773159728050814e-14
3878143,2.913225216616411e-13
3879596,4.39648317751562e-14
3886622,1.2560785744852865e-13
3887691,4.884981308350689e-13
3888046,1.8961915371207283e-13
3888880,4.590772206825022e-14
3888905,4.440892098500626e-16
3890146,2.6117996654306808e-14
3891514,3.151645611154663e-14
3891826,3.552713678800501e-15
3892236,6.661338147750939e-16
3892698,4.440892098500626e-16
3892908,9.059419880941277e-14
3894048,3.552713678800501e-15
3896410,8.837375276016246e-14
3897960,3.552713678800501e-15
3899727,5.329070518200751e-15
3900804,1.3322676295501878e-15
3901049,1.3822276656583199e-14
3901195,1.1102230246251565e-16
3902479,2.113864638886298e-13
3903295,1.9539925233402755e-13
3903846,5.900835375882707e-14
3905246,4.440892098500626e-16
3905543,3.552713678800501e-15
4016172,8.881784197001252e-16
4037793,7.105427357601002e-15
4038104,7.638334409421077e-14
4048608,3.152339500545054e-14
4049175,1.4033219031261979e-13
4049286,4.263256414560601e-14
4049593,1.3322676295501878e-15
4049660,6.199485369506874e-13
4049775,8.881784197001252e-16
4052360,9.826167657323026e-14
4053354,1.163513729807164e-13
4075914,6.536993168992922e-13
4077455,2.8066438062523957e-13
4077488,4.964084698855231e-14
4077773,3.3373304120232206e-13
4078284,3.211320098728265e-14
4082210,4.324318680914985e-14
4083549,2.234063628536731e-14
4084295,3.8191672047105385e-14
4085335,4.141131881851834e-14
4085912,4.440892098500626e-16
4086204,6.282474540597605e-14
4086437,4.1744385725905886e-14
4109411,2.2815083156046967e-14
4109986,4.973799150320701e-14
4112105,3.552713678800501e-15
4112322,1.1191048088221578e-13
4112453,1.1579626146840383e-13
4112491,1.0282052986809731e-13
4113244,2.708944180085382e-14
4150111,2.1294077612310502e-13
4150246,2.652322805829499e-13
4151235,2.7533531010703882e-14
4151340,8.881784197001252e-16
4151423,1.2168044349891716e-13
4152234,4.796163466380676e-14
4152448,2.0156099012069717e-13
4154491,1.9662049766111522e-13
4157047,4.440892098500626e-14
4157465,2.4780177909633494e-13
4163984,8.881784197001252e-16
4165504,1.444677710793485e-13
4165556,1.5115686480271506e-13
4202106,8.393286066166183e-14
4202285,1.7763568394002505e-15
4203615,8.881784197001252e-16
4203738,3.0730973321624333e-13
4203764,4.440892098500626e-16
4204460,4.050093593832571e-13
4204543,1.8829382497642655e-13
4204699,2.6645352591003757e-15
4204745,1.5631940186722204e-13
4204760,3.552713678800501e-15
4204790,1.9095836023552692e-13
4205438,1.7763568394002505e-15
4205759,8.881784197001252e-16
4207350,1.7763568394002505e-15
4219811,2.220446049250313e-16
4220347,4.984901380566953e-14
4220437,4.440892098500626e-16
4221224,7.37188088351104e-14
4221685,8.881784197001252e-16
4222140,2.220446049250313e-15
4222204,3.735900477863652e-14
4222265,1.9484414082171497e-14
4230288,6.041001032741633e-14
4232643,2.9665159217984183e-13
4232752,3.519406988061746e-14
4247530,8.881784197001252e-16
4266221,3.3534286458802853e-13
4266254,1.3322676295501878e-15
4268448,1.4566126083082054e-13
4268603,7.460698725481052e-14
4268759,1.0658141036401503e-14
4269136,2.220446049250313e-16
4269492,7.416289804496046e-14
4270548,5.417888360170764e-14
4272041,4.440892098500626e-14
4318493,3.6415315207705135e-14
4319767,2.6978419498391304e-14
4320073,3.907985046680551e-14
4320406,6.010469899564441e-14
4320733,1.5232259897857148e-13
4321371,2.6645352591003757e-15
4322722,1.3322676295501878e-15
4323524,1.3666845433135677e-13
4323577,2.020605904817785e-13
4326154,1.2523315717771766e-13
4327369,1.3322676295501878e-15
4327679,8.881784197001252e-16
4468898,4.263256414560601e-14
4501986,4.796163466380676e-14
4503100,4.707345624410664e-14
4503543,1.1157741397482823e-13
4503720,1.7763568394002505e-15
4503752,8.881784197001252e-16
4504299,2.7400304247748863e-13
4504350,3.785860513971784e-14
4504450,1.9262369477246466e-13
4505350,2.220446049250313e-15
4506346,1.7763568394002505e-15
4525993,7.105427357601002e-15
4529698,1.7763568394002505e-14
4529974,9.992007221626409e-14
4529988,2.2315482794965646e-14
4530813,2.6867397195928788e-14
4531005,6.694644838489694e-14
4531285,7.638334409421077e-14
4555438,1.9984014443252818e-13
4555634,5.400124791776761e-13
4556326,5.329070518200751e-15
4557912,4.440892098500626e-15
4558576,8.881784197001252e-16
4558584,2.504663143554353e-13
4558756,1.2789769243681803e-13
4559117,4.440892098500626e-16
4559734,2.6645352591003757e-15
4560178,3.552713678800501e-15
4560436,1.0658141036401503e-14
4561933,1.2612133559741778e-13
4561956,9.847678228425139e-14
4562521,2.6645352591003757e-15
4562612,4.440892098500626e-16
4562628,2.184918912462308e-13
4563359,4.1744385725905886e-14
4563463,1.6264767310758543e-14
4564992,1.0658141036401503e-14
4565091,2.220446049250313e-14
4566339,6.705747068735946e-14
4567403,1.5276668818842154e-13
4567648,1.7763568394002505e-15
4567961,1.3877787807814457e-17
4568345,2.220446049250313e-16
4569641,2.220446049250313e-16
4602673,2.602362769721367e-13
4603259,3.8191672047105385e-14
4616836,2.917110997202599e-14
4617347,4.884981308350689e-14
4617532,1.1901590823981678e-13
4617815,3.552713678800501e-15
4618241,1.3233858453531866e-13
4619318,3.3306690738754696e-14
4619652,7.37188088351104e-14
4620115,8.948397578478762e-14
4620388,2.220446049250313e-16
4620570,1.2781442570997115e-13
4626941,3.0157820685161596e-13
4627821,8.881784197001252e-16
4716237,4.440892098500626e-14
4720963,2.4091839634365897e-14
4723469,4.440892098500626e-16
4989226,8.881784197001252e-16
4989912,2.353672812205332e-13
4990201,1.6431300764452317e-14
4990534,8.348877145181177e-14
4990915,1.6944778913341452e-14
4991083,2.2293278334473143e-13
4992303,8.881784197001252e-16
4993494,2.353672812205332e-14
4994274,4.440892098500626e-16
4994551,4.973799150320701e-14
4996067,1.1381173781188636e-13
5103090,7.759071163349063e-14
5108781,6.006306563222097e-14
5109301,5.417888360170764e-14
5119390,5.329070518200751e-15
5119471,3.517186542012496e-13
5119518,1.9895196601282805e-13
5120506,7.448208716454019e-14
5121047,1.191269305422793e-13
5121051,5.116462808985034e-13
5122590,8.881784197001252e-16
5125286,2.398081733190338e-13
5183708,7.027711745877241e-14
5229059,1.3677947663381929e-13
5229099,3.552713678800501e-15
5230304,1.8744727992014987e-13
5230455,8.704148513061227e-14
5230789,1.5509815654013437e-13
5231192,2.4780177909633494e-13
5231304,4.579669976578771e-14
5231414,1.2593051601506033e-13
5232017,1.7763568394002505e-15
5232586,8.881784197001252e-16
5284944,2.6645352591003757e-15
5285064,6.286637876939949e-14
5285390,6.039613253960852e-14
5370414,8.881784197001252e-16
5387273,8.615330671091215e-14
5387464,4.440892098500626e-16
5388752,7.993605777301127e-14
5388985,2.078337502098293e-13
5389578,5.3734794391857577e-14
5400617,1.0833001162779965e-13
5403672,6.039613253960852e-14
5403826,7.105427357601002e-15
5403891,1.509903313490213e-14
5404247,3.2085445411667024e-14
5404815,3.907985046680551e-14
5407922,1.3322676295501878e-15
5411253,9.592326932761353e-14
5411324,2.0250467969162855e-13
5412626,4.440892098500626e-16
5413328,2.919886554764162e-14
5413438,6.661338147750939e-16
5415208,3.552713678800501e-15
5416842,3.9246383920499284e-14
5446585,1.0302869668521453e-13
5446648,5.684341886080802e-14
5446653,6.927791673660977e-14
5448059,2.930988785010413e-14
5451001,3.893413369482346e-14
5452287,7.333023077649159e-14
5453649,3.552713678800501e-15
5497547,2.220446049250313e-16
5498176,1.7763568394002505e-15
5502345,3.597122599785507e-14
5502401,3.7636560534792807e-14
5543393,1.272870697732742e-13
5551469,1.3196388426450767e-13
5552243,6.661338147750939e-16
5553338,8.881784197001252e-16
5554190,4.440892098500626e-16
5555406,3.0031532816110484e-14
5556361,6.039613253960852e-14
5575930,3.752553823233029e-14
5601765,2.7422508708241367e-14
5701570,1.3677947663381929e-13
5702699,5.850875339774575e-14
5703159,3.730349362740526e-14
5703162,9.697798120100742e-14
5704161,6.761258219967203e-14
5748902,4.440892098500626e-14
5749047,8.881784197001252e-16
5802736,2.2426505097428162e-14
5802790,1.0125233984581428e-13
5803027,5.1514348342607263e-14
5804289,3.552713678800501e-15
5804658,6.261657858885883e-14
5807094,1.3322676295501878e-15
5830471,3.6415315207705135e-14
5836693,1.3322676295501878e-15
5836875,7.244205235679146e-14
5838015,3.1086244689504383e-13
5838126,1.268984917146554e-13
5838169,1.3500311979441904e-13
5838220,1.7763568394002505e-15
5838315,1.3322676295501878e-15
5838622,1.652011860642233e-13
5838672,3.327338404801594e-13
5839093,3.477773624638303e-14
5839101,8.881784197001252e-16
5839538,1.1102230246251565e-16
5840495,2.6867397195928788e-14
5840880,3.8746783559417963e-14
5841268,2.0250467969162855e-13
5841545,6.544764730165298e-14
5841559,6.65301147506625e-14
5842585,3.2807090377673376e-14
5842809,1.4876988529977098e-13
5855159,4.085620730620576e-14
6035659,1.2612133559741778e-13
6048675,7.105427357601002e-15
6050395,4.796163466380676e-14
6052526,1.7763568394002505e-15
6243964,2.6645352591003757e-14
6251007,4.440892098500626e-16
6281459,9.514611321037592e-14
6320510,2.1371793224034263e-14
6321074,3.419486915845482e-14
6322787,2.327027459614328e-13
6324101,8.526512829121202e-14
6329849,3.4283687000424834e-13
6332255,9.135747713884257e-14
6334546,9.769962616701378e-14
6339008,3.5083047578154947e-14
6340386,8.526512829121202e-14
6342912,1.1102230246251565e-15
6384545,4.6629367034256575e-14
6384849,3.419486915845482e-14
6385117,1.0524914273446484e-13
6385201,1.3322676295501878e-15
6385704,1.3322676295501878e-15
6385706,4.651834473179406e-14
6386002,8.943887297441222e-14
6386441,2.220446049250313e-15
6386697,1.13464793116691e-13
6387940,6.245004513516506e-14
6388094,3.3084646133829665e-13
6388611,8.881784197001252e-16
6388710,1.1546319456101628e-13
6417890,6.084022174945858e-14
6418421,1.554312234475219e-14
6420588,8.881784197001252e-16
6420800,2.220446049250313e-16
6421462,7.494005416219807e-14
6421945,4.440892098500626e-16
6422961,4.440892098500626e-16
6423392,4.440892098500626e-16
6423500,1.1035616864774056e-13
6423659,1.141309269314661e-13
6424179,6.405986852087153e-14
6424280,8.348877145181177e-14
6424598,1.1060596882828122e-13
6426339,6.539213615042172e-14
6426352,4.2577052994374753e-14
6426366,5.853650897336138e-14
6426729,4.6351811278100286e-14
6426741,4.440892098500626e-16
6427086,1.7508217098338719e-13
6427402,1.7763568394002505e-15
6428649,8.881784197001252e-16
6428939,5.0459636469213365e-14
6430298,5.861977570020827e-14
6430426,6.131206653492427e-14
6430859,3.079758670310184e-13
6435198,1.7541523789077473e-14
6451729,9.769962616701378e-14
6452260,2.113864638886298e-13
6452926,5.750955267558311e-14
6452939,4.654054919228656e-13
6453909,2.930988785010413e-14
6453989,6.572520305780927e-14
6454798,4.334310688136611e-13
6454805,1.3855583347321954e-13
6454975,3.247402347028583e-14
6455934,6.661338147750939e-16
6456211,8.881784197001252e-16
6456916,8.08242361927114e-14
6457080,3.086420008457935e-13
6558698,5.639932965095795e-14
6559105,6.938893903907228e-14
6567096,2.220446049250313e-16
6576787,5.10702591327572e-14
6576943,6.039613253960852e-14
6577509,6.572520305780927e-14
6578144,2.220446049250313e-16
6578876,8.881784197001252e-16
6582868,2.986499936241671e-14
6656938,1.7763568394002505e-15
6656959,8.171241461241152e-14
6658051,1.0662304372743847e-13
6708716,1.6395218516152e-13
6708819,8.881784197001252e-16
6709328,2.5757174171303632e-14
6709986,1.857403120197887e-13
6710210,2.220446049250313e-15
6711028,8.870681966755001e-14
6711345,4.1744385725905886e-14
6711799,4.440892098500626e-16
6712108,1.1102230246251565e-15
6712252,2.377681385112851e-13
6712505,1.4832579608992091e-13
6712584,2.0122792321330962e-13
6739694,1.7763568394002505e-15
6766899,4.8405723873656825e-14
6769695,2.6645352591003757e-15
6771481,4.440892098500626e-15
6772137,7.283063041541027e-14
6772717,2.220446049250313e-14
6772757,1.982303210468217e-13
6772868,1.056932319443149e-13
6773037,1.7763568394002505e-15
6774100,8.881784197001252e-16
6774272,2.7422508708241367e-14
6775497,7.190775752619061e-14
6775810,3.197442310920451e-14
6775890,2.5202062658991053e-14
6776179,4.440892098500626e-16
6776202,4.4853010194856324e-14
6776545,8.881784197001252e-16
6776575,4.263256414560601e-14
6795847,1.0164091790443308e-13
6853592,3.907985046680551e-14
6885169,6.661338147750939e-14
6885233,1.2079226507921703e-13
6885262,2.223221606811876e-14
6885272,8.881784197001252e-16
6885471,2.5091040356528538e-14
6885726,1.8474111129762605e-13
6886254,2.930988785010413e-14
6886679,1.7763568394002505e-15
6887380,1.7763568394002505e-15
6887869,1.0565853747479537e-13
6888668,1.4210854715202004e-13
6888687,5.861977570020827e-14
6898568,6.52811138479592e-14
6900401,3.3084646133829665e-13
6901057,4.296563105299356e-14
6901157,4.954370247389761e-14
6901524,2.2543078515013804e-13
6901938,2.4868995751603507e-14
6902134,3.9612757518625585e-13
6902706,2.0905499553691698e-13
6903872,3.630429290524262e-14
6904628,1.1102230246251565e-15
6905427,2.8310687127941492e-14
6913726,1.7763568394002505e-15
6914940,5.3512749786932545e-14
6914961,4.440892098500626e-16
6935829,1.7763568394002505e-15
6939337,1.7763568394002505e-15
6950970,7.971401316808624e-14
6964118,1.7319479184152442e-14
6964557,2.7533531010703882e-14
6964581,1.8829382497642655e-13
6968029,6.661338147750939e-14
6968264,1.6542323066914832e-14
6970333,1.3322676295501878e-15
6970379,1.350586309456503e-13
6971276,6.084022174945858e-14
6971505,4.440892098500626e-15
6971792,3.236300116782331e-14
6974018,4.440892098500626e-16
6976195,4.796163466380676e-14
6986684,2.633865348045106e-13
6995226,4.707345624410664e-14
7070074,1.0436096431476471e-13
7070781,2.1271873151818e-13
7071158,4.440892098500626e-16
7071443,2.6145752229922437e-14
7072651,1.2270046090279152e-13
7074195,8.881784197001252e-16
7074364,2.220446049250313e-16
7075075,2.0194956817931597e-13
7076796,3.745892485085278e-13
7077326,4.951594689828198e-14
7078316,3.47499806707674e-14
7107905,4.0523140398818214e-14
7108115,1.59539048638635e-13
7108859,1.7408297026122455e-13
7109399,1.3944401189291966e-13
7109820,2.8976820942716586e-14
7124520,3.907985046680551e-14
7124995,8.881784197001252e-16
7125146,1.5543122344752192e-15
7125249,3.5860203695392556e-14
7125546,5.997979890537408e-14
7125563,6.217248937900877e-15
7125765,2.5091040356528538e-14
7126295,4.3076653355456074e-14
7127071,2.824407374646398e-13
7127238,2.708944180085382e-14
7127722,1.580957587066223e-13
7210657,4.8405723873656825e-14
7216188,4.440892098500626e-16
7216267,9.414691248821327e-14
7216705,8.174017018802715e-14
7217281,2.220446049250313e-16
7220555,2.836619827917275e-14
7221127,9.192646643896296e-14
7222035,2.1760371282653068e-13
7222925,6.455946888195285e-14
7223147,8.881784197001252e-16
7223975,7.577272143066693e-14
7223998,4.440892098500626e-16
7224437,2.6645352591003757e-15
7224641,6.461498003318411e-14
7257067,4.3076653355456074e-14
7337693,7.327471962526033e-14
7337783,6.394884621840902e-14
7338025,8.881784197001252e-16
7338134,7.338574192772285e-14
7348139,3.3306690738754696e-14
7348645,2.1649348980190553e-14
7348693,9.947598300641403e-14
7366942,1.7763568394002505e-15
7437296,1.7763568394002505e-15
7437374,7.283063041541027e-14
7438204,2.5757174171303632e-14
7438439,7.105427357601002e-15
7438598,1.3322676295501878e-15
7438683,6.106226635438361e-14
7439873,2.1538326677728037e-14
7439899,1.3322676295501878e-15
7440327,3.8746783559417963e-14
7442130,7.238654120556021e-14
7442275,5.0737192225369654e-14
7442998,1.7763568394002505e-14
7443459,5.329070518200751e-15
7443675,8.881784197001252e-16
7444924,1.4022116801015727e-13
7445268,5.362377208939506e-14
7445591,1.7541523789077473e-13
7470754,2.220446049250313e-16
7533051,3.9267200602211005e-14
7565508,6.994405055138486e-14
7565670,3.304023721284466e-13
7566107,1.4566126083082054e-13
7567558,4.440892098500626e-16
7568349,8.881784197001252e-16
7569477,2.7644553313166398e-14
7569518,2.020605904817785e-14
7569803,1.4999113062685865e-13
7570243,2.566835632933362e-13
7570813,2.853273173286652e-14
7576919,2.7644553313166398e-14
7583312,3.108624468950438e-14
7583531,1.0658141036401503e-13
7626069,7.26640969617165e-14
7626652,9.056644323379714e-14
7626747,8.881784197001252e-16
7641751,3.375077994860476e-14
7727005,1.7763568394002505e-15
7727469,1.432187701766452e-14
7727662,2.7711166694643907e-13
7728538,1.1102230246251565e-15
7730060,1.7763568394002505e-15
7730513,1.6391055179809655e-13
7730714,6.261657858885883e-14
7774103,3.630429290524262e-14
7775830,4.835021272242557e-14
7823498,4.440892098500626e-14
7823994,6.000755448098971e-14
7824125,1.3322676295501878e-15
7882385,9.642286968869485e-14
7883167,2.6645352591003757e-15
7895183,4.440892098500626e-15
7895556,4.701794509287538e-14
7895929,5.773159728050814e-14
7896356,8.881784197001252e-16
7896452,1.0791367799356522e-13
7896648,6.572520305780927e-14
7897069,9.114931032172535e-14
7898286,5.329070518200751e-15
7898622,1.4016565685892601e-13
7898800,4.909267437014364e-14
7898810,4.4853010194856324e-14
7898858,6.661338147750939e-14
7899663,6.394884621840902e-13
7903764,5.728750807065808e-14
7904203,1.4210854715202004e-13
7904889,8.043565813409259e-14
7907155,4.979350265443827e-14
7907460,9.936496070395151e-14
7907540,6.524511833583269e-14
7907839,2.220446049250313e-16
7908072,3.1155633628543455e-14
7908534,1.0921819004749977e-13
7910252,1.934355453592218e-13
7911028,4.440892098500626e-16
7911225,7.72715225139109e-14
7947845,6.012898512430809e-14
7948368,1.7763568394002505e-15
8047786,4.729550084903167e-14
8068666,1.0474954237338352e-13
8068842,3.730349362740526e-14
8071429,2.717825964282383e-13
8071881,4.574118861455645e-14
8072240,5.417888360170764e-14
8072435,2.964295475749168e-14
8073438,2.4980018054066022e-14
8074328,3.6415315207705135e-13
8074888,2.26929586233382e-13
8075730,4.514444373882043e-14
8076116,1.4699352846037073e-13
8076701,6.039613253960852e-14
8077094,5.284661597215745e-14
8077230,3.26405569239796e-14
8082395,5.440092820663267e-15
8082471,1.1102230246251565e-16
8082552,2.220446049250313e-15
8083257,2.1649348980190553e-14
8083426,2.575717417130363e-13
8083768,1.0302869668521453e-13
8084106,7.105427357601002e-14
8085320,1.8474111129762605e-13
8085518,8.881784197001252e-16
8086665,1.0302869668521453e-13
8086972,1.7763568394002505e-15
8087946,7.016609515630989e-14
8089106,3.8191672047105385e-14
8089125,3.885780586188048e-14
8089619,9.921534080414851e-14
8089705,2.999822612537173e-13
8089854,2.6645352591003757e-15
8092746,4.440892098500626e-16
8093720,8.881784197001252e-16
8095331,2.220446049250313e-16
8098769,1.4577228313328305e-13
8233546,4.796163466380676e-14
8234121,8.881784197001252e-16
8234397,8.08242361927114e-14
8259819,2.6645352591003757e-15
8260014,3.730349362740526e-14
8260993,3.097522238704187e-14
8261091,1.4477308241112041e-13
8261516,4.529709940470639e-14
8261562,1.7763568394002505e-15
8261582,1.5917822615563182e-13
8262856,1.7763568394002505e-13
8263311,3.81084053202585e-14
8263430,9.992007221626409e-15
8298820,5.5067062021407764e-14
8299599,1.176836406102666e-13
8300516,8.881784197001252e-14
8301231,6.039613253960852e-14
8301406,1.7763568394002505e-15
8301688,1.438849039914203e-13
8302040,1.7763568394002505e-15
8302414,1.0269562977782698e-13
8303969,1.2612133559741778e-13
8304398,1.7763568394002505e-15
8305219,4.440892098500626e-14
8307548,8.881784197001252e-15
8315756,8.881784197001252e-16
8320284,1.0302869668521453e-13
8322462,4.440892098500626e-16
8331224,2.3092638912203256e-13
8332182,3.11001224773122e-14
8332271,4.440892098500626e-16
8335030,1.3322676295501878e-15
8335368,3.3306690738754696e-13
8337085,8.881784197001252e-16
8337585,9.325873406851315e-14
8339159,2.433608869978343e-13
8393155,9.414691248821327e-14
8393170,3.3661962106634746e-13
8393250,1.4210854715202004e-14
8393466,8.881784197001252e-16
8393797,1.9539925233402755e-13
8394121,1.127986593019159e-13
8394147,8.715250743307479e-14
8394481,6.394884621840902e-14
8394767,1.3529108389143119e-14
8395322,4.884981308350689e-14
8395431,4.263256414560601e-14
8395517,9.50350909079134e-14
8395519,3.552713678800501e-15
8395617,4.440892098500626e-14
8395718,3.12944115066216e-14
8395893,3.375077994860476e-14
8396121,6.672440377997191e-14
8396331,2.220446049250313e-16
8396360,1.3322676295501878e-15
8412158,3.064215547965432e-14
8413061,1.3422596367718143e-13
8422352,3.8191672047105385e-14
8425025,8.881784197001252e-16
8425463,5.684341886080802e-14
8432779,1.7763568394002505e-15
8434259,2.26929586233382e-13
8436241,4.440892098500626e-15
8542300,3.4861002973229915e-14
8543863,1.411093464298574e-13
8545757,7.283063041541027e-14
8546412,1.2612133559741778e-13
8546961,4.440892098500626e-16
8564724,4.729550084903167e-14
8568363,6.242228955954943e-14
8649964,1.5987211554602254e-14
8667230,2.3714363805993344e-13
8667502,2.6229018956769323e-14
8670012,5.3290705182007514e-14
8670455,1.4921397450962104e-13
8699916,5.35682609381638e-14
8699987,5.329070518200751e-15
8700095,3.530509218307998e-14
8700246,4.8405723873656825e-14
8700320,2.5923707624997405e-14
8700483,1.0835776720341528e-13
8700535,1.3322676295501878e-15
8700892,1.509903313490213e-14
8701682,3.552713678800501e-15
8702423,2.5579538487363607e-13
8702500,1.7763568394002505e-15
8702521,1.6733836538662672e-13
8702727,1.2079226507921703e-13
8704579,1.6697754290362354e-13
8704610,5.1514348342607263e-14
8819196,3.45778961019505e-13
8821912,6.561418075534675e-14
8822653,1.1013412404281553e-13
8822978,3.164135620181696e-14
8823819,1.3800072196090696e-13
8825435,1.6608936448392342e-13
8825485,4.529709940470639e-14
8826860,6.661338147750939e-16
8826873,8.704148513061227e-14
8827035,8.526512829121202e-14
8827070,3.269606807521086e-14
8828001,1.7763568394002505e-15
8829207,1.3339329640871256e-13
8829788,2.531308496145357e-14
8830717,4.440892098500626e-16
8831470,4.440892098500626e-16
8833434,7.979727989493313e-17
8833576,1.2168044349891716e-13
8841633,2.90878432451791e-14
8862457,2.5979218776228663e-14
8865247,8.659739592076221e-14
8865289,1.3322676295501878e-15
8894179,4.5694351080705076e-14
8895224,1.609823385706477e-14
8895274,1.4876988529977098e-14
8895629,4.973799150320701e-14
8896138,3.602673714908633e-13
8896147,4.440892098500626e-16
8896173,2.9753977059954195e-14
8896234,1.8762769116165146e-14
8896298,1.5998313784848506e-13
8896887,8.394858159316287e-14
8897858,6.661338147750939e-16
8899537,5.991040996633501e-14
8899594,2.7644553313166398e-14
8899881,1.637578961322106e-14
8899939,3.588240815588506e-13
8899980,7.815970093361102e-14
8900411,1.8784973576657649e-13
8900711,1.3655743202889425e-14
8900750,1.7763568394002505e-15
8901720,2.1538326677728037e-14
8902536,2.0844437287337314e-13
8902556,4.32542890393961e-13
8903423,1.3322676295501878e-15
8903746,2.6645352591003757e-15
8909137,3.755329380794592e-14
8909809,2.3092638912203256e-14
9001273,4.440892098500626e-16
9001365,4.884981308350689e-14
9002155,4.440892098500626e-16
9002177,2.4868995751603507e-13
9058102,5.3290705182007514e-14
9058337,3.552713678800501e-15
9086627,3.6415315207705135e-14
9087179,2.042810365310288e-14
9087235,9.325873406851315e-14
9087352,8.881784197001252e-16
9088982,3.552713678800501e-15
9090968,2.8199664825478976e-14
9251753,2.398081733190338e-14
9252425,9.769962616701378e-14
9253617,8.154588115871775e-14
9254197,4.6407322429331543e-14
9322176,5.0959236830294685e-14
9381201,1.509903313490213e-13
9381763,2.836619827917275e-14
9382525,4.440892098500626e-16
9383083,1.7763568394002505e-13
9384895,2.7977620220553945e-14
9385226,7.14150960590132e-14
9385654,2.6645352591003757e-15
9386210,1.8118839761882555e-13
9421023,3.9612757518625585e-13
9421599,5.065392549852277e-14
9421913,1.1657341758564144e-13
9422650,2.1907475833415901e-13
9422977,2.6645352591003757e-15
9423042,8.881784197001252e-16
9424274,7.416289804496046e-14
9425767,1.1102230246251565e-16
9426593,4.6629367034256575e-14
9427365,3.552713678800501e-15
9428064,9.059419880941277e-14
9429099,2.2926105458509483e-14
9431610,8.126832540256146e-14
9434470,6.661338147750939e-16
9439475,3.1441516057384433e-13
9441160,2.0966561820046081e-13
9450313,1.0835776720341528e-13
9450736,2.275957200481571e-14
9450929,2.042810365310288e-13
9452348,8.704148513061227e-14
9453344,3.885780586188048e-14
9453622,1.7763568394002505e-15
9454863,3.552713678800501e-15
9456002,1.5987211554602254e-14
9456270,4.440892098500626e-16
9456525,5.331846075762314e-14
9456617,2.736699755701011e-14
9456813,1.432187701766452e-14
9457934,1.3322676295501878e-15
9458579,9.736655925962623e-14
9460839,4.110600748674642e-14
9643411,4.1655567883935873e-13
9643691,2.398081733190338e-13
9643812,1.1307621505807219e-13
9644976,3.552713678800501e-14
9649557,9.947598300641403e-14
9650202,8.881784197001252e-16
9651399,1.2928547121759948e-13
9652405,3.019806626980426e-14
9653645,4.440892098500626e-15
9657617,5.2235993308613615e-14
9675295,3.287647931671245e-14
9675309,3.907985046680551e-14
9708274,1.2093104295729518e-13
9708371,8.348877145181177e-14
9708710,3.2862601528904634e-14
9708918,6.927791673660977e-14
9710004,4.674038933671909e-14
9710912,1.8118839761882555e-13
9711106,1.7763568394002505e-15
9711807,8.881784197001252e-16
9711882,8.881784197001252e-16
9824982,3.2862601528904634e-14
9851742,3.863576125695545e-14
9857403,1.0658141036401503e-14
9861363,6.662378981836525e-14
9862976,1.056932319443149e-13
9866814,8.83182416089312e-14
9867488,6.71962485654376e-14
9874771,3.552713678800501e-15
9874894,4.440892098500626e-16
9954565,8.393286066166183e-14
9955745,1.3322676295501878e-15
9956460,6.783462680459706e-14
9956546,4.085620730620576e-14
9956644,7.349676423018536e-14
10034472,4.696243394164412e-14
10034483,6.173533906306261e-14
10034584,4.440892098500626e-16
10045593,6.841749389252527e-14
10217188,3.304023721284466e-13
10217273,4.440892098500626e-16
10218333,1.0426381980011001e-13
10219790,4.476419235288631e-13
10220636,2.513267371995198e-14
10220956,3.963496197911809e-14
10221825,1.5654144647214707e-14
10235536,1.509903313490213e-13
10236927,3.552713678800501e-15
10237366,4.796163466380676e-14
10237841,1.2798095916366492e-13
10239191,5.986877660291157e-14
10239273,6.578071420904053e-14
10240177,4.3298697960381105e-14
10240912,1.8096635301390052e-14
10244303,7.960299086562372e-14
10250850,1.2612133559741778e-13
10354842,8.881784197001252e-16
10376566,1.760536161299342e-13
10384900,4.5630166312093934e-14
10477528,4.440892098500626e-16
10493349,1.3322676295501878e-15
10493469,8.912315330178444e-14
10493718,1.7763568394002505e-15
10493735,2.042810365310288e-14
10493833,3.135269821541442e-13
10496941,3.630429290524262e-14
10497491,5.684341886080802e-14
10498319,1.2079226507921703e-13
10498570,3.907985046680551e-14
10500493,1.758593271006248e-13
10500915,3.219646771412954e-14
10501818,2.042810365310288e-14
10501955,6.050715484207103e-14
10502034,1.7763568394002505e-15
10503264,1.0125233984581428e-13
10504051,2.3092638912203256e-14
10504130,6.750155989720952e-14
10505166,1.936228954946273e-13
10505469,9.059419880941277e-14
10506123,3.086420008457935e-14
10506299,4.973799150320701e-14
10507674,6.328271240363392e-14
10519140,4.440892098500626e-16
10520315,3.0107860649053464e-14
10542430,1.2922996006636822e-13
10542796,4.440892098500626e-16
10543016,1.9095836023552692e-13
10543409,5.0959236830294685e-14
10544057,8.881784197001252e-16
10675231,2.9753977059954195e-14
10681939,5.5067062021407764e-14
10683246,2.5265900482907e-13
10683347,3.0753177782116836e-13
10683387,1.0834605781995243e-13
10684029,1.917077607771489e-13
10691077,5.540012892879531e-14
10693578,4.929390229335695e-14
10694849,1.5754064719430971e-13
10695093,6.7390537594747e-14
10695604,4.04121180963557e-14
10697645,7.105427357601002e-15
10724744,1.7763568394002505e-15
10725648,4.04121180963557e-14
10725909,4.779510121011299e-14
10726559,2.5579538487363607e-13
10744167,7.860379014346108e-14
10745759,4.440892098500626e-14
10757580,2.8688162956314045e-13
10758214,4.0023540037736893e-14
10758329,1.8096635301390052e-14
10758622,9.309220061481938e-14
10759236,1.9040324872321435e-14
10762635,9.159339953157541e-14
10762758,2.2370993946196904e-14
10764044,1.1191048088221578e-13
10772457,7.993605777301127e-14
10774324,1.9512863547177517e-13
10774489,1.5987211554602254e-14
10775003,4.4353409833775004e-14
10775690,3.552713678800501e-15
10778625,3.26405569239796e-14
10778741,8.348877145181177e-14
10779108,9.992007221626409e-14
10779272,4.973799150320701e-14
10779490,9.070522111187529e-14
10780230,9.192646643896296e-14
10781257,3.8546943414985435e-13
10781318,1.539879335155092e-13
10781527,4.440892098500626e-16
10781641,5.492828414332962e-14
10781693,3.47499806707674e-14
10781754,4.440892098500626e-16
10782174,1.850741782050136e-13
10782535,8.881784197001252e-16
10795329,6.838973831690964e-13
10796406,1.7763568394002505e-15
10797187,3.5704772471945034e-13
10797327,4.141131881851834e-14
10797522,1.0480505352461478e-13
10798587,2.708944180085382e-13
10999140,2.673417043297377e-13
10999288,8.881784197001252e-16
10999667,1.247890679678676e-13
11000456,2.575717417130363e-13
11001740,1.3322676295501878e-15
11001765,3.4083846855992306e-14
11001884,6.661338147750939e-16
11002179,4.463096558993129e-14
11007137,1.0835776720341528e-13
11007234,2.220446049250313e-16
11007265,3.8191672047105385e-14
11008744,1.7763568394002505e-15
11009101,1.2406742300186124e-13
11011121,2.781715829902609e-14
11013770,1.2878587085651816e-14
11103477,1.8535173396116988e-13
11130442,6.794564910705958e-14
11281544,2.220446049250313e-15
11281753,3.4638958368304884e-14
11283620,3.872457909892546e-13
11330091,2.220446049250313e-16
11330676,6.661338147750939e-16
11331078,3.3573144264664734e-13
11331222,1.6708856520608606e-13
11331243,1.5942802633617248e-13
11331797,1.1679546219056647e-13
11332217,4.529709940470639e-14
11332457,3.2529534621517087e-14
11333675,3.552713678800501e-15
11333752,1.865174681370263e-14
11388855,8.08242361927114e-14
11512052,4.618527782440651e-14
11512067,8.881784197001252e-15
11522127,1.7763568394002505e-15
11527909,6.759523496491227e-14
11542047,6.070144387138043e-14
11566495,5.0459636469213365e-14
11566774,2.3266111259800937e-14
11566988,4.440892098500626e-16
11567147,5.237997535711969e-14
11568132,4.440892098500626e-16
11569336,1.1102230246251565e-16
11569354,2.969846590872294e-14
11569837,5.040412531798211e-14
11569977,3.3306690738754696e-14
11572714,1.5487611193520934e-13
11582843,4.796163466380676e-14
11583637,9.059419880941277e-14
11585007,8.733291867457638e-14
11618917,2.3203661214665772e-14
11619060,6.322720125240266e-14
11619156,3.197442310920451e-14
11619555,4.440892098500626e-16
11620070,1.509903313490213e-14
11620130,4.5630166312093934e-14
11620334,5.3290705182007514e-14
11620849,4.2299497238218464e-14
11621089,6.217248937900877e-14
11621668,1.666600885075198e-13
11622276,8.881784197001252e-16
11756280,2.4868995751603507e-14
11757532,8.881784197001252e-16
11759538,4.440892098500626e-16
11767612,1.1057821325266559e-13
11767831,2.5618396293225487e-14
11769119,3.739231146937527e-13
11769623,4.1744385725905886e-14
11771742,4.973799150320701e-14
11772275,1.1102230246251565e-15
11772535,3.801403636316536e-13
11773942,4.440892098500626e-16
11774091,2.389199948993337e-13
11775013,3.03368441478824e-14
11775317,7.904787935331115e-14
11775602,2.220446049250313e-16
11776356,2.6556534749033744e-13
11776690,4.440892098500626e-16
11777709,4.929390229335695e-14
11777950,5.162537064506978e-14
11778107,9.059419880941277e-14
11780339,3.375077994860476e-14
11781845,6.439293542825908e-14
11896983,8.881784197001252e-16
11922285,6.816769371198461e-14
11931277,1.2176371022576404e-13
11937619,4.440892098500626e-16
11942497,3.1308289294429414e-14
11942722,2.6645352591003757e-15
11943720,8.348877145181177e-14
12066656,3.5638159090467525e-14
12067010,6.661338147750939e-16
12068202,8.881784197001252e-16
12071937,4.440892098500626e-16
12074305,7.417677583276827e-15
12074656,9.64783808399261e-14
12075609,5.2513549064769904e-14
12077861,7.105427357601002e-15
12080401,1.274813588025836e-13
12082661,5.2513549064769904e-14
12256071,5.4567461660326444e-14
12256111,3.2085445411667024e-14
12256223,1.7763568394002505e-15
12256569,1.2417844530432376e-13
12257055,8.615330671091215e-14
12257100,1.3322676295501878e-15
12258499,1.9206858326015208e-14
12258668,7.463474283042615e-14
12258929,4.263256414560601e-14
12261159,8.881784197001252e-16
12261398,9.137135492665038e-14
12369096,8.881784197001252e-16
12370652,5.084821452783217e-14
12372134,5.562217353372034e-14
12372670,8.881784197001252e-16
12372905,4.440892098500626e-16
12372966,2.1760371282653068e-14
12373303,7.771561172376096e-14
12373379,6.483702463810914e-14
12373785,3.3306690738754696e-14
12374282,5.950795411990839e-14
12374400,1.8984813721090177e-14
12374828,8.08242361927114e-14
12375010,8.532063944244328e-14
12377666,9.059419880941277e-14
12379950,1.63202784619898e-14
12380680,1.0536016503692736e-13
12381065,2.1316282072803006e-14
12385076,1.3322676295501878e-15
12385141,4.207745263329343e-14
12387794,4.9649173661237e-13
12388154,1.7197354651443675e-13
12389796,7.780442956573097e-13
12391617,3.552713678800501e-15
12394941,2.786659791809143e-14
12396137,1.176905795041705e-13
12397628,5.497685640065697e-14
12397793,2.7711166694643907e-13
12399483,8.881784197001252e-16
12400225,4.5852210917018965e-14
12428055,1.0147438445073931e-13
12428154,1.7763568394002505e-15
12428514,1.1812772982011666e-13
12429757,1.541822225448186e-14
12430524,1.8762769116165146e-13
12430621,3.9168668308775523e-13
12455147,1.2101430968414206e-14
12456197,1.3322676295501878e-15
12458201,1.7763568394002505e-15
12458346,8.881784197001252e-16
12458470,5.995204332975845e-14
12458676,3.907985046680551e-14
12458809,2.220446049250313e-16
12458863,4.440892098500626e-15
12459274,3.042011087472929e-13
12459323,2.62234678416462e-13
12460558,4.707345624410664e-14
12461215,1.0302869668521453e-13
12461844,1.7763568394002505e-15
12470000,8.881784197001252e-16
12470242,6.841749389252527e-14
12472170,1.8397783296819625e-13
12475158,1.0658141036401503e-13
12476950,1.7763568394002505e-13
12481937,6.483702463810914e-14
12485558,9.50350909079134e-14
12485990,9.14823772291129e-14
12486010,1.0702549957386509e-13
12486028,8.881784197001252e-16
12487006,1.7763568394002505e-15
12501360,4.440892098500626e-16
12502645,1.4876988529977098e-13
12502942,8.881784197001252e-16
12503536,2.255973186038318e-13
12503915,1.3322676295501878e-15
12506476,1.3322676295501878e-15
12506794,3.3217872896784684e-13
12623479,4.440892098500626e-16
12624102,6.55586696041155e-14
12624324,4.884981308350689e-14
12629618,1.3233858453531866e-13
12629856,1.7763568394002505e-15
12630623,7.632783294297951e-14
12632305,2.220446049250313e-13
12644829,1.3322676295501878e-15
12644912,3.952393967665557e-14
12644929,9.903189379656396e-14
12644939,4.296563105299356e-14
12644999,8.881784197001252e-15
12645321,1.3322676295501878e-13
12645886,4.973799150320701e-14
12825744,9.059419880941277e-14
12827079,3.8191672047105385e-14
12827172,1.0125233984581428e-13
12827303,8.991418720682987e-14
12828861,5.684341886080802e-14
12830670,5.742628594873622e-14
12832709,7.105427357601002e-14
12833109,4.065497938299245e-14
12985156,2.220446049250313e-16
12985266,2.0117241206207837e-13
12986116,3.064215547965432e-14
12986234,4.321543123353422e-14
12987403,2.0095036745715333e-13
12987544,7.105427357601002e-14
12987610,2.6756374893466273e-14
12988288,8.826273045769994e-14
13086137,5.5067062021407764e-14
13086739,1.554312234475219e-14
13087081,6.294964549624638e-14
13087231,4.285460875053104e-14
13087516,1.5587531265737198e-13
13088029,5.417888360170764e-14
13163573,8.881784197001252e-16
13198852,1.3322676295501878e-15
13199413,3.552713678800501e-15
13206347,1.0611650447245324e-13
13207875,6.206146707654625e-14
13207951,3.752553823233029e-14
13208078,1.1696199564426024e-13
13208778,8.881784197001252e-16
13208782,1.8562928971732617e-13
13209911,7.105427357601002e-15
13210034,7.238654120556021e-14
13210065,6.786238238021269e-14
13210171,2.6645352591003757e-14
13210452,8.881784197001252e-16
13210823,1.8030021919912542e-13
13276515,6.38378239159465e-14
13276565,1.224853551917704e-13
13276733,1.1102230246251565e-15
13277558,4.440892098500626e-16
13278614,1.9761969838327786e-14
13279148,5.684341886080802e-14
13280032,1.3322676295501878e-15
13281056,4.440892098500626e-16
13377618,4.440892098500626e-16
13383185,1.056932319443149e-13
13383287,1.3322676295501878e-15
13383409,7.460698725481052e-14
13385971,2.1005419625907962e-13
13386010,2.1671553440683056e-13
13388620,1.5987211554602254e-13
13389119,8.881784197001252e-16
13389615,3.375077994860476e-13
13389746,1.1102230246251565e-15
13390885,8.268385975895853e-14
13391126,4.440892098500626e-16
13391261,8.704148513061227e-14
13392690,4.75175454539567e-14
13397690,1.3067324999838092e-13
13397738,2.2537527399890678e-14
13398192,5.395683899678261e-14
13402469,5.4789506265251475e-14
13528990,3.5416114485542494e-14
13530333,1.2378986724570495e-13
13532173,4.841960166146464e-14
13612155,1.3322676295501878e-15
13613101,7.283063041541027e-14
13613357,2.842170943040401e-14
13613460,4.796163466380676e-14
13614088,1.3500311979441904e-13
13638859,1.7896795156957523e-13
13639168,2.220446049250313e-16
13639219,2.007283228522283e-13
13642058,1.7497114868092467e-13
13642862,1.3988810110276972e-14
13654275,5.950795411990839e-14
13654537,4.440892098500626e-16
13654628,1.496580637194711e-13
13655331,6.261657858885883e-14
13655440,1.2989609388114332e-13
13655974,4.093947403305265e-14
13728725,1.3322676295501878e-15
13729475,1.3322676295501878e-15
13730176,9.281464485866309e-14
13731074,8.881784197001252e-16
13731178,1.6697754290362354e-13
13751687,5.551115123125783e-14
13831952,1.9184653865522705e-13
13833585,1.6653345369377348e-16
14021974,4.440892098500626e-16
14022706,1.7763568394002505e-15
14022970,1.7053025658242404e-13
14023770,3.197442310920451e-14
14024188,3.9968028886505635e-14
14025549,2.5934809855243657e-13
14025916,3.552713678800501e-15
14230613,2.220446049250313e-16
14244526,9.842127113302013e-14
14462866,4.529709940470639e-14
14505676,2.5757174171303632e-14
14506569,6.072919944699606e-14
14506614,9.364731212713195e-14
14506922,1.0474954237338352e-13
14507025,8.881784197001252e-16
14521032,4.440892098500626e-16
14691730,1.3233858453531866e-13
14692610,1.7763568394002505e-15
14693174,3.552713678800501e-14
14736855,6.628031457012185e-14
14737597,1.234568003383174e-13
14738575,5.573319583618286e-14
14738798,3.375077994860476e-14
14739564,2.1893598045608087e-13
14740555,2.6645352591003757e-15
14740870,1.829647544582258e-13
14740939,6.350475700855895e-14
14741764,1.688961470680539e-13
15005394,2.6645352591003757e-15
15130106,8.881784197001252e-16
15130664,2.5202062658991053e-14
15133177,6.231126725708691e-14
15134517,1.156852391659413e-13
15134608,1.0147438445073931e-13
15135391,6.811218256075335e-14
15135521,2.6645352591003757e-15
15136616,2.731148640577885e-13
15137022,8.881784197001252e-16
15200820,7.915890165577366e-14
15201345,4.168887457467463e-14
15211789,1.4477308241112041e-13
15212230,8.881784197001252e-14
15213943,1.3322676295501878e-15
15215637,1.5015766408055242e-13
15217578,1.3505472781782935e-13
15220558,7.732703366514215e-14
15221797,7.338574192772285e-14
15516051,1.1712852909795402e-13
15516085,2.6645352591003757e-15
15516160,1.2878587085651816e-13
15516254,4.440892098500626e-16
15516751,8.881784197001252e-16
15517603,3.347322419244847e-14
15597494,1.20570220474292e-13
15597796,1.3322676295501878e-15
15597839,2.842170943040401e-14
15597867,4.440892098500626e-16
15598458,5.329070518200751e-15
15599936,3.0109248427834245e-13
15600345,9.769962616701378e-14
15601545,2.2593038551121936e-13
15616791,1.5987211554602254e-13
15850646,6.453171330633722e-15
15850657,3.6415315207705135e-14
15850732,1.944000516118649e-13
15851022,2.7977620220553945e-14
15851871,1.4432899320127035e-14
15851908,7.904787935331115e-14
16014078,2.5646151868841116e-14
16014617,1.000310945187266e-13
16015434,7.888134589961737e-14
16015562,2.631228568361621e-14
16017205,5.1514348342607263e-14
16019390,8.881784197001252e-16
16020079,1.3322676295501878e-15
16023201,1.3322676295501878e-15
16023235,9.50350909079134e-14
16024382,8.507083926190262e-14
16025148,3.9190872769268026e-14
16025636,1.234568003383174e-13
16026174,1.1102230246251565e-16
16027803,3.404915238647277e-14
16028452,7.138734048339757e-14
16029489,6.661338147750939e-16
16030990,2.5757174171303632e-14
16041487,1.4616086119190186e-13
16069049,5.1514348342607263e-14
16069152,1.6342482922482304e-13
16069199,7.105427357601002e-15
16069534,7.585598815751382e-14
16070289,1.3322676295501878e-15
16070460,5.932494079319284e-14
16070820,3.0309088572266774e-14
16129494,2.1860291354869332e-13
16151233,9.947598300641403e-14
16181266,9.306444503920375e-14
16183532,1.1274314815068465e-13
16190605,8.881784197001252e-16
16190988,1.2487233469471448e-13
16191604,8.881784197001252e-16
16191679,4.529709940470639e-14
16192527,4.440892098500626e-16
16192999,3.730349362740526e-14
16193174,2.220446049250313e-16
16193408,8.881784197001252e-16
16195962,3.552713678800501e-15
16196009,2.220446049250313e-16
16196034,4.707345624410664e-14
16196259,8.881784197001252e-16
16196927,2.079239558305801e-13
16196962,1.4810375148499588e-13
16197210,6.725175971666886e-14
16197293,1.0225154056797692e-13
16197428,4.96269692007445e-14
16197570,2.304822999121825e-13
16199371,6.572520305780927e-14
16201007,2.930988785010413e-14
16344798,4.440892098500626e-16
16346242,2.220446049250313e-16
16346532,6.661338147750939e-16
16383690,2.4868995751603507e-14
16384281,4.440892098500626e-16
16384375,9.015010959956271e-14
16385363,2.1316282072803006e-14
16385436,8.881784197001252e-16
16385521,2.930988785010413e-14
16385804,4.1744385725905886e-14
16523984,6.661338147750939e-16
16524508,2.2093438190040615e-14
16524653,1.4749312882145205e-13
16524755,3.268496584496461e-13
16524797,5.1458837191376006e-14
16524927,5.728750807065808e-14
16525820,1.424624307411193e-13
16526833,6.661338147750939e-16
16536773,4.729550084903167e-14
16536879,1.3322676295501878e-15
16537786,3.552713678800501e-15
16537858,1.5631940186722204e-13
16538198,8.881784197001252e-16
16538585,5.99936766931819e-14
16538906,2.7711166694643907e-13
16539212,2.4424906541753444e-14
16651735,2.113864638886298e-13
16651910,6.783462680459706e-14
16651968,7.620293285270918e-14
16652319,1.2434497875801753e-13
16653594,1.4921397450962104e-13
16653829,5.329070518200751e-15
16653951,2.183808689437683e-13
16654438,2.220446049250313e-13
16654741,9.947598300641403e-14
16655178,2.433608869978343e-13
16655581,3.57075480295066e-14
16655715,1.7763568394002505e-15
16655998,3.019806626980426e-14
16657969,1.0325074129013956e-14
16658005,5.329070518200751e-15
16658118,1.9984014443252818e-14
16658180,1.1379786002407855e-13
16658450,2.7033930649622562e-14
16658572,2.220446049250313e-16
16732189,3.1308289294429414e-14
16732464,5.329070518200751e-15
16738518,1.532107773982716e-14
16738839,1.305622276959184e-13
16765635,1.0658141036401503e-14
16765737,1.0084294510548375e-13
16765870,8.881784197001252e-16
16766005,3.552713678800501e-14
16766402,4.440892098500626e-16
16766439,4.063416270128073e-14
16766939,1.7763568394002505e-15
16767076,8.881784197001252e-16
16767181,3.552713678800501e-15
16767478,3.019806626980426e-14
16767505,1.509903313490213e-14
16787173,3.7470027081099033e-14
16801765,3.9745984281580604e-14
16805103,4.957145804951324e-14
16805321,1.687538997430238e-14
16806494,1.1191048088221578e-13
16806833,7.87148124459236e-14
16808369,1.2179146580137967e-13
16809098,1.3067324999838092e-13
16809873,4.218847493575595e-14
16810259,5.771641845009334e-14
16810385,4.168887457467463e-14
16810896,1.580957587066223e-13
16811132,1.3322676295501878e-15
16814727,8.171241461241152e-14
16815665,8.881784197001252e-16
16815904,2.8310687127941492e-14
16816704,3.659295089164516e-13
16818208,1.8646195698579504e-13
16818531,1.5987211554602254e-13
16819405,1.1723955140041653e-13
16843720,3.6415315207705135e-14
16844332,7.530087664520124e-14
16845338,3.552713678800501e-15
16847653,1.9184653865522705e-13
16848595,6.394884621840902e-14
16851429,1.0436096431476471e-13
16868804,2.5757174171303632e-14
16955892,5.329070518200751e-15
16956216,1.6986412276764895e-14
16957061,3.680389326632394e-14
16957595,7.105427357601002e-14
16958072,8.626432901337466e-14
16958154,2.4513724383723456e-13
16958954,3.0331293032759277e-13
16989421,7.815970093361102e-14
16990224,1.7763568394002505e-15
17139277,3.699818229563334e-14
17140336,3.552713678800501e-15
17142602,3.8288816561760086e-14
17143734,3.206324095117452e-13
17143971,7.671641100159832e-14
17144966,1.584843367652411e-13
17144986,5.029310301551959e-14
17168309,2.1760371282653068e-13
17168332,1.7763568394002505e-15
17168788,4.618527782440651e-14
17171512,1.0036416142611415e-13
17171545,2.4052981828504016e-13
17171630,7.416289804496046e-14
17171765,1.1102230246251565e-16
17171915,2.027544798721692e-14
17172000,4.440892098500626e-16
17172258,7.818745650922665e-14
17172959,8.881784197001252e-16
17173082,5.477562847744366e-14
17173355,1.7763568394002505e-15
17173556,8.340550472496489e-14
17173610,6.661338147750939e-16
17173848,1.3322676295501878e-15
17173876,1.2859158182720876e-13
17174897,3.552713678800501e-15
17174959,7.105427357601002e-15
17204841,1.7763568394002505e-15
17207486,6.2977401071862e-14
17207646,3.552713678800501e-15
17328837,4.440892098500626e-16
17332086,4.440892098500626e-16
17393810,3.001765502830267e-14
17394296,6.084022174945858e-14
17395501,1.3897216710745397e-13
17395619,9.082318230824171e-14
17483546,1.2485845690690667e-13
17486534,2.0605739337042905e-13
17486554,1.1546319456101628e-13
17486654,2.6645352591003757e-15
17486976,1.3322676295501878e-13
17487182,5.755396159656812e-13
17487202,1.7763568394002505e-13
17487267,1.7408297026122455e-13
17487538,8.881784197001252e-16
17487542,1.1102230246251565e-15
17487943,1.7763568394002505e-15
17488151,4.440892098500626e-16
17488708,3.6637359812630166e-15
17488899,1.6986412276764895e-14
17489885,4.440892098500626e-16
17492316,1.3322676295501878e-15
17565697,1.3322676295501878e-15
17568455,1.376676550535194e-13
17568778,3.552713678800501e-15
17570784,8.881784197001252e-16
17571053,5.773159728050814e-14
17571403,3.091971123581061e-14
17576796,1.6238399513923696e-13
17584219,4.440892098500626e-15
17585884,3.5083047578154947e-14
17656786,1.7763568394002505e-15
17665822,1.554312234475219e-14
17668303,8.471001677889944e-14
17668765,1.0585976539800868e-13
17683753,1.2051470932306074e-13
17704560,1.7763568394002505e-15
17705241,1.942890293094024e-14
17775926,9.453549054683208e-14
17776063,1.3322676295501878e-15
17776220,1.0480505352461478e-13
17776585,1.3145040611561853e-13
17776640,1.1368683772161603e-13
17834634,6.117328865684613e-14
17843334,5.112577028398846e-14
17845490,6.250555628639631e-14
17851092,7.993605777301127e-14
17851685,3.907985046680551e-14
17852168,6.794564910705958e-14
17880566,1.7763568394002505e-15
17883608,1.3322676295501878e-15
17901681,8.881784197001252e-16
17904870,1.3322676295501878e-13
18161508,3.008704396734174e-14
18162497,2.2026824808563106e-13
18162677,3.321232178166156e-13
18162680,1.6608936448392342e-13
18162899,4.440892098500626e-16
18163157,2.0761170560490427e-13
18163621,5.5594417958104714e-14
18165084,1.7763568394002505e-15
18165093,1.2656542480726785e-13
18165266,4.440892098500626e-16
18166766,9.550693569337909e-14
18167556,3.047562202596055e-14
18167717,2.220446049250313e-16
18168720,4.440892098500626e-16
18169982,8.755496327950141e-14
18195792,3.83026943495679e-14
18196444,9.769962616701378e-14
18197353,1.900701818158268e-13
18197760,5.984102102729594e-14
18197993,5.329070518200751e-15
18265396,1.1213252548714081e-14
18265822,8.881784197001252e-16
18273669,2.0675128276081978e-13
18276283,4.440892098500626e-16
18279384,9.636735853746359e-14
18280952,1.270095140171179e-13
18281209,5.2735593669694936e-14
18285409,2.2143398226148747e-13
18286689,2.7228219678931964e-14
18313806,1.8474111129762605e-13
18314073,3.774758283725532e-14
18480905,3.552713678800501e-15
18534956,3.108624468950438e-14
18558007,2.859934511434403e-13
18559260,8.881784197001252e-16
18559451,4.440892098500626e-16
18559578,1.1102230246251565e-15
18561633,1.6764367671839864e-13
18562774,1.3322676295501878e-15
18563120,4.288236432614667e-14
18563556,1.1679546219056647e-13
18563573,8.881784197001252e-16
18563637,4.440892098500626e-16
18563720,1.3322676295501878e-15
18563739,1.8451906669270102e-13
18563890,6.661338147750939e-16
18565048,8.29857016437785e-14
18565325,3.552713678800501e-14
18565790,9.642286968869485e-14
18566020,1.0047518372857667e-13
18642543,5.329070518200751e-15
18642699,3.608224830031759e-14
18642702,6.017408793468348e-14
18643556,2.3092638912203256e-13
18643995,3.072542220650121e-14
18644233,5.612177389480166e-14
18644909,1.7763568394002505e-15
18645297,7.283063041541027e-14
18645374,2.2946922140221204e-13
18645404,3.730349362740526e-13
18645497,1.5509815654013437e-13
18646072,4.440892098500626e-16
18655471,5.828670879282072e-14
18657423,1.0536016503692736e-13
18657447,8.881784197001252e-16
18657766,1.7763568394002505e-15
18658755,2.741418203555668e-13
18658938,1.3322676295501878e-15
18659291,7.688294445529209e-14
18660460,8.881784197001252e-16
18680467,9.259260025373806e-14
18680916,7.635558851859514e-14
18681665,2.9665159217984183e-13
18681808,1.5942802633617248e-13
18682871,5.240252676230739e-14
18683438,1.4099832412739488e-13
18684107,2.153277556260491e-13
18685198,6.661338147750939e-16
18753712,6.875056079991282e-14
19132178,4.365952044338428e-14
19136639,6.572520305780927e-14
19137088,2.8052560274716143e-13
19137315,3.291811268013589e-14
19137338,4.440892098500626e-16
19137779,1.7763568394002505e-15
19138566,2.220446049250313e-16
19193474,4.718447854656915e-14
19193693,8.615330671091215e-14
19193756,1.0125233984581428e-13
19195294,1.4210854715202004e-13
19197408,1.7763568394002505e-15
19315549,1.1754486273218845e-13
19315713,2.220446049250313e-15
19316099,3.064215547965432e-14
19316467,1.1102230246251565e-16
19316804,3.730349362740526e-14
19316948,1.729727472365994e-13
19316981,3.907985046680551e-14
19317220,1.0480505352461478e-13
19317330,2.220446049250313e-16
19317387,6.267208974009009e-14
19317521,5.594830154720398e-14
19317833,2.473021787352536e-13
19318719,8.881784197001252e-16
19318983,1.6653345369377348e-16
19319251,8.881784197001252e-16
19319569,1.3322676295501878e-15
19319754,1.7763568394002505e-15
19586588,2.0605739337042905e-13
19588422,1.5853984791647235e-13
19590950,2.6201263381153694e-14
19591600,3.302913498259841e-14
19591983,7.194245199571014e-14
19593398,8.471001677889944e-14
19658850,1.7763568394002505e-15
19659532,3.8746783559417963e-14
19660286,6.727951529228449e-14
19660896,1.2967404927621828e-13
19661167,1.4988010832439613e-14
19661765,6.927791673660977e-14
19662027,3.597122599785507e-14
19750741,8.881784197001252e-16
19964893,4.590772206825022e-14
19964951,8.881784197001252e-16
19968336,1.3322676295501878e-15
19968756,2.983724378680108e-14
19969256,1.3322676295501878e-13
20026511,1.4654943925052066e-13
20027049,7.815970093361102e-14
20027107,7.283063041541027e-14
20027143,7.549516567451064e-14
20027771,8.881784197001252e-16
20028050,2.6645352591003757e-15
20028894,2.220446049250313e-13
20029567,3.4638958368304884e-14
20029746,7.316369732279782e-14
20029959,6.217248937900877e-14
20030174,8.881784197001252e-16
20070902,3.8191672047105385e-14
20118322,5.759281940243e-14
20118856,5.206945985491984e-14
20119353,3.647082635893639e-14
20120409,2.6645352591003757e-14
20122357,2.942091015256665e-14
20169612,3.019806626980426e-14
20184886,6.963873921961294e-14
20185109,1.2740459728877163e-13
20185156,1.7763568394002505e-15
20185964,7.460698725481052e-14
20186268,6.394884621840902e-14
20187093,3.552713678800501e-15
20187133,9.459100169806334e-14
20187149,6.927791673660977e-14
20187502,5.3512749786932545e-14
20187525,2.788880237858393e-13
20188566,3.552713678800501e-15
20190320,1.591504705800162e-13
20190462,2.886579864025407e-14
20191701,1.3322676295501878e-15
20191975,1.353119005731429e-13
20191977,8.881784197001252e-16
20193949,5.577760475716786e-13
20196747,3.552713678800501e-15
20212525,6.661338147750939e-16
20233695,8.881784197001252e-16
20233748,2.609024107869118e-14
20234508,5.3290705182007514e-14
20235179,9.50350909079134e-14
20235242,4.618527782440651e-14
20235704,8.881784197001252e-16
20236227,1.2922996006636822e-13
20236239,4.085620730620576e-14
20236425,2.1316282072803006e-14
20238116,5.562217353372034e-14
20238315,1.3147816169123416e-13
20239410,3.241851231905457e-14
20325152,4.318767565791859e-14
20325257,1.7763568394002505e-15
20325636,4.773959005888173e-14
20325781,1.1004391842206473e-13
20325802,4.440892098500626e-16
20325810,6.039613253960852e-14
20326076,3.597122599785507e-14
20326114,1.4566126083082054e-13
20326118,2.220446049250313e-16
20326344,2.6645352591003757e-15
20326406,4.440892098500626e-16
20326573,1.8857138073258284e-13
20327752,2.6645352591003757e-15
20328250,1.3322676295501878e-15
20329553,1.3322676295501878e-15
20330408,2.1604940059205546e-13
20331638,4.440892098500626e-16
20341021,1.3322676295501878e-15
20347229,1.7763568394002505e-14
20350465,2.220446049250313e-16
20453572,2.6645352591003757e-15
20453600,8.881784197001252e-16
20456735,1.270095140171179e-13
20459579,2.1260770921571748e-14
20460094,2.7977620220553945e-14
20460218,1.458277942845143e-13
20464203,1.3322676295501878e-13
20465302,1.7763568394002505e-15
20465352,5.240252676230739e-13
20471682,1.8118839761882555e-13
20473051,4.440892098500626e-16
20473112,1.5409895581797173e-13
20473143,1.509903313490213e-13
20475142,2.6423307986078726e-14
20475212,1.7763568394002505e-15
20475324,5.646177969609312e-14
20475980,3.3112401709445294e-14
20476259,3.8813396940895473e-13
20476262,2.886579864025407e-14
20476550,8.881784197001252e-16
20579279,3.907985046680551e-14
20581090,2.6645352591003757e-15
20582605,3.430589146091734e-14
20582631,9.50350909079134e-14
20582974,8.348877145181177e-14
20583489,1.7763568394002505e-15
20727061,3.197442310920451e-14
20727275,6.661338147750939e-14
20727397,1.887379141862766e-14
20727923,4.618527782440651e-14
20729490,4.141131881851834e-14
20731248,3.2862601528904634e-14
20731571,2.6645352591003757e-15
20731639,4.973799150320701e-14
20731756,6.938893903907228e-14
20733437,1.4788170688007085e-13
20924737,1.6964207816272392e-13
20925153,7.588374373312945e-14
20961797,8.881784197001252e-16
21175289,9.403589018575076e-14
21175361,4.440892098500626e-16
21232250,7.105427357601002e-15
21232257,4.440892098500626e-14
21232325,8.126832540256146e-14
21232672,3.552713678800501e-14
21233087,3.1030733538273125e-14
21233124,1.9539925233402755e-14
21233648,2.886579864025407e-14
21233732,1.9539925233402755e-14
21233825,2.1926904736346842e-14
21235833,4.188316360398403e-14
21256951,8.37108160567368e-14
21257384,7.4495964952348e-14
21257439,4.085620730620576e-14
21331636,1.7763568394002505e-15
21422113,1.3322676295501878e-15
21422125,4.85722573273506e-14
21422211,3.375077994860476e-14
21422546,3.375077994860476e-14
21423044,4.440892098500626e-16
21524260,5.573319583618286e-14
21525577,4.440892098500626e-16
21526418,7.105427357601002e-15
21527184,6.483702463810914e-14
21527211,3.3861802251067274e-14
21530338,1.1457501614131615e-13
21530397,2.4541479959339085e-13
21530762,1.7763568394002505e-15
21530868,1.6076029396572267e-13
21530908,6.608602554081244e-14
21531054,1.3589129821411916e-13
21531110,1.0141887329950805e-13
21531447,1.3322676295501878e-15
21531649,5.953570969552402e-14
21531680,1.412203687323199e-13
21531988,1.734723475976807e-16
21532142,4.263256414560601e-14
21532216,1.1102230246251565e-16
21533311,4.374278717023117e-14
21598075,3.907985046680551e-14
21598085,4.440892098500626e-16
21598336,4.303501999203263e-14
21599311,6.0285110237146e-14
21599615,1.3010426069826053e-13
21600329,4.085620730620576e-14
21600913,8.881784197001252e-16
21601027,6.572520305780927e-14
21601463,1.1446399383885364e-13
21602369,1.7763568394002505e-14
21602902,1.0658141036401503e-14
21736850,5.329070518200751e-15
21737728,6.905587213168474e-14
21738137,1.9539925233402755e-14
21738361,2.220446049250313e-16
21738821,7.66053886991358e-14
21741260,1.474376176702208e-13
21741472,6.927791673660977e-14
21741826,3.0730973321624333e-13
21741842,9.46083489328231e-14
21741912,1.7763568394002505e-15
21742022,2.327027459614328e-13
21742048,1.500466417780899e-13
21771327,4.3520742565306136e-14
21771635,2.886579864025407e-14
21849999,1.5987211554602254e-14
21851139,1.6431300764452317e-13
21854183,1.7763568394002505e-15
21857747,3.4638958368304884e-14
21857836,2.864375403532904e-14
21859112,7.283063041541027e-14
21860728,5.861977570020827e-14
21865677,1.3322676295501878e-15
21891265,1.290079154614432e-13
21891765,2.6645352591003757e-15
22019656,3.9745984281580604e-14
22024390,1.0004497230653442e-13
22024537,6.003531005660534e-14
22025457,5.329070518200751e-15
22026557,5.906386491005833e-14
22027571,1.7763568394002505e-15
22029517,8.737455203799982e-14
22032757,4.085620730620576e-14
22039675,8.881784197001252e-16
22040350,2.7533531010703882e-14
22306244,4.99184027447086e-14
22306767,2.1094237467877974e-14
22307491,1.5687451337953462e-13
22307772,7.105427357601002e-15
22307887,3.552713678800501e-15
22308016,1.7763568394002505e-15
22308111,8.881784197001252e-16
22308607,1.454392162258955e-14
22309322,6.217248937900877e-15
22309375,1.5543122344752192e-15
22436387,3.8191672047105385e-14
22436608,9.228728892196614e-14
22439883,8.881784197001252e-16
22440147,7.815970093361102e-14
22440296,4.796163466380676e-14
22551837,3.497202527569243e-14
22552904,4.440892098500626e-16
22570897,8.881784197001252e-16
22575351,1.9895196601282805e-13
22578074,4.0190073491430667e-14
22579185,3.055611319524587e-13
22579387,2.3370194668359545e-14
22580083,4.1300296516055823e-13
22580223,1.9173551635276453e-13
22580935,3.552713678800501e-15
22581958,4.547473508864641e-13
22596528,8.384404281969182e-13
22671545,4.546363285840016e-14
22672045,6.483702463810914e-14
22672109,4.4853010194856324e-14
22672659,1.7408297026122455e-13
22674765,2.2909452113140105e-13
22722003,3.68594044175552e-14
22840115,1.3322676295501878e-15
22840773,2.2370993946196904e-14
22841055,4.440892098500626e-16
22845416,1.8829382497642655e-13
22845889,1.1102230246251565e-15
22846405,8.881784197001252e-16
22846563,9.259260025373806e-14
22846571,3.1530333899354446e-14
22846993,1.7763568394002505e-15
22847634,4.984901380566953e-14
22848397,9.225953334635051e-14
22897498,3.4083846855992306e-14
22897715,1.4976908602193362e-13
22897818,8.881784197001252e-16
22898174,9.231504449758177e-14
22898649,1.4768741785076145e-13
22898690,8.881784197001252e-16
23048145,4.973799150320701e-14
23048157,4.263256414560601e-14
23048297,8.881784197001252e-16
23048548,4.440892098500626e-16
23049620,2.220446049250313e-16
23050744,1.3500311979441904e-13
23094948,1.4988010832439613e-14
23095577,9.681144774731365e-14
23095666,5.5067062021407764e-14
23096737,8.881784197001252e-16
23096766,4.929390229335695e-14
23096785,1.7763568394002505e-15
23098777,1.092459456231154e-13
23101244,1.9575053383791285e-14
23101515,1.63202784619898e-14
23101770,1.7763568394002505e-15
23229152,8.881784197001252e-16
23229632,4.3527681459210044e-14
23231605,4.3798298321462426e-14
23369295,7.685518887967646e-14
23369964,4.5852210917018965e-14
23370146,2.282618538629322e-13
23518998,1.2434497875801753e-14
23519994,1.3500311979441904e-13
23520652,7.638334409421077e-14
23520861,1.1235457009206584e-13
23520974,1.936228954946273e-13
23521330,1.7763568394002505e-15
23523004,1.021405182655144e-13
23523912,4.440892098500626e-16
23524150,1.7741363933510002e-13
23524401,5.329070518200751e-15
23524514,2.877698079828406e-13
23524698,1.7763568394002505e-15
23524902,1.5987211554602254e-13
23527368,7.338574192772285e-14
23670575,7.387146450099635e-14
23751164,1.0524914273446484e-13
23753830,4.3298697960381105e-14
23762010,2.5135449277513544e-13
23762447,3.091971123581061e-13
23976863,3.222422328974517e-14
23977083,3.774758283725532e-14
23979154,3.4638958368304884e-14
24041704,1.7763568394002505e-15
24046847,2.078337502098293e-13
24058064,8.881784197001252e-16
24082089,3.319566843629218e-14
24136790,7.205347429817266e-14
24138124,5.996592111756627e-14
24138253,8.881784197001252e-16
24139220,2.6645352591003757e-15
24139579,3.561595462997502e-13
24139669,2.425837308805967e-14
24140494,2.4658053376924727e-13
24140951,2.1593837828959295e-14
24140979,9.919842725025774e-14
24174358,1.557920459305251e-13
24247507,1.2545520178264269e-14
24309208,4.440892098500626e-16
24309921,1.3322676295501878e-15
24310162,1.7763568394002505e-15
24473874,1.6697754290362354e-13
24484885,1.8596235662471372e-14
24531523,5.3540505362548174e-14
24533094,3.441691376337985e-14
24533647,5.179190409876355e-14
24533652,3.161915174132446e-13
24534898,8.881784197001252e-16
24535838,1.3677947663381929e-13
24576891,1.1457501614131615e-13
24577185,6.372680161348399e-14
24577245,1.8474111129762605e-13
24577672,1.127986593019159e-13
24577873,8.43769498715119e-14
24577924,1.0391687510491465e-13
24578447,7.666089985036706e-14
24578578,6.661338147750939e-16
24578996,4.440892098500626e-16
24579557,2.1851964682184644e-13
24579599,3.552713678800501e-15
24690074,2.7006175074006933e-14
24690299,3.366751322175787e-14
24690444,8.881784197001252e-16
24690993,8.348877145181177e-14
24691204,9.096889908022376e-14
24691343,9.892087149410145e-14
24691515,6.661338147750939e-16
24692152,9.264811140496931e-14
24693091,4.440892098500626e-16
24693649,8.881784197001252e-16
24694443,8.881784197001252e-16
24694507,8.881784197001252e-16
24694749,2.6645352591003757e-14
24824822,9.12880881998035e-14
24827705,6.394884621840902e-14
24827721,4.440892098500626e-16
24827924,8.881784197001252e-16
24873115,1.7763568394002505e-15
25059709,1.3322676295501878e-15
25061780,3.6415315207705135e-14
25061860,4.440892098500626e-16
25061940,1.2312373343092986e-13
25062344,3.197442310920451e-14
25064865,2.6645352591003757e-15
25078708,3.9190872769268026e-14
25171079,4.973799150320701e-14
25171382,7.632783294297951e-14
25172198,2.504663143554353e-13
25172366,2.2071233729548112e-13
25173063,4.285460875053104e-14
25173145,6.838973831690964e-14
25173249,1.5765166949677223e-13
25240411,7.460698725481052e-14
25295434,4.7406523151494184e-14
25297554,7.692457781871553e-14
25297906,2.3203661214665772e-14
25298060,2.708944180085382e-14
25299705,5.222489107836736e-13
25299815,1.4921397450962104e-13
25300306,9.781064846947629e-14
25301316,4.0398240308547884e-14
25301803,4.440892098500626e-16
25305800,1.6532608615449362e-13
25313442,8.892886427247504e-14
25341342,8.881784197001252e-16
25361240,8.704148513061227e-14
25362557,1.0225154056797692e-13
25365677,4.440892098500626e-16
25365681,6.483702463810914e-14
25374643,3.375077994860476e-14
25463181,2.4868995751603507e-13
25463342,7.194245199571014e-14
25463366,8.881784197001252e-16
25464244,7.366329768387914e-14
25464551,3.907985046680551e-14
25464972,8.881784197001252e-16
25465061,4.440892098500626e-16
25465107,4.796163466380676e-14
25465609,4.451994328746878e-14
25520307,8.79296635503124e-14
25586150,8.881784197001252e-16
25586204,4.440892098500626e-16
25586524,4.374278717023117e-14
25587375,2.7700064464397656e-14
25587478,6.256106743762757e-14
25587645,4.440892098500626e-16
25588590,1.2789769243681803e-13
25588598,8.881784197001252e-16
25588685,2.90878432451791e-14
25637549,4.9731052609303106e-14
25785978,5.595524044110789e-14
25791999,1.3322676295501878e-15
25792990,9.18709552877317e-14
25793632,4.440892098500626e-16
25793714,9.975353876257032e-14
25893413,4.440892098500626e-16
25894370,1.0297318553398327e-13
25895471,4.75175454539567e-14
26063881,8.881784197001252e-16
26064248,9.038603199229556e-14
26064413,7.25738913409657e-14
26065668,7.105427357601002e-15
26066871,7.993605777301127e-14
26067932,2.2382096176443156e-13
26068044,2.8144153674247718e-14
26069460,4.440892098500626e-14
26121623,1.0658141036401503e-14
26121898,4.0543957080529935e-14
26122981,2.078337502098293e-13
26123040,1.570410468332284e-13
26123221,1.865174681370263e-14
26123307,1.1146639167236572e-13
26132567,1.6209256159527285e-14
26133011,8.881784197001252e-16
26133022,1.2079226507921703e-13
26133386,2.120525977034049e-14
26133520,3.552713678800501e-15
26134605,2.220446049250313e-15
26134626,1.7763568394002505e-15
26134629,1.2001510896197942e-13
26134637,2.9476421303797906e-14
26142525,2.4202861936828413e-14
26144019,1.7016943409942087e-13
26144601,3.0730973321624333e-13
26144643,3.552713678800501e-15
26145781,1.2567724638756772e-13
26146708,1.7430501486614958e-14
26286907,4.884981308350689e-14
26291334,5.420663917732327e-14
26291452,5.789813073420191e-14
26292653,8.881784197001252e-16
26294888,3.552713678800501e-15
26369497,5.639932965095795e-14
26369924,4.440892098500626e-16
26370134,1.4732659536775827e-13
26370884,6.323830348264892e-13
26371728,1.4210854715202004e-14
26373361,2.930988785010413e-14
26373616,2.4868995751603507e-14
26374646,1.021405182655144e-13
26388559,4.440892098500626e-16
26390057,8.881784197001252e-16
26390208,4.440892098500626e-16
26473626,7.603639939901541e-14
26657061,1.1435297153639112e-14
26657673,6.372680161348399e-14
26657829,1.1102230246251565e-15
26658269,4.1466829969749597e-14
26658961,2.1183055309847987e-13
26661195,5.795364188543317e-14
26661714,2.504663143554353e-13
26663375,3.4083846855992306e-14
26664672,4.440892098500626e-16
26692722,7.796541190430162e-14
26693205,7.460698725481052e-14
26798666,2.19824158875781e-13
26799867,9.237055564881302e-14
26800126,7.105427357601002e-15
26800705,1.0469403122215226e-13
26801868,5.329070518200751e-15
26801970,8.821762764732455e-14
26802072,8.881784197001252e-16
26802831,1.1102230246251565e-16
26803187,5.209721543053547e-14
26803237,8.881784197001252e-16
26803671,5.96189764223709e-14
26804212,8.881784197001252e-14
26804238,1.6653345369377348e-16
26820043,1.6764367671839864e-13
26915868,2.220446049250313e-16
26916686,3.552713678800501e-15
26917114,5.3179682879545e-14
26917129,9.425793479067579e-14
26917131,1.2212453270876722e-13
26918330,1.336153410136376e-13
26919066,2.220446049250313e-13
26974283,4.085620730620576e-14
27035707,8.881784197001252e-16
27037023,7.4495964952348e-14
27037332,6.039613253960852e-14
27037925,6.270539643082884e-13
27038435,1.4566126083082054e-13
27142600,5.699607452669397e-14
27142668,1.2878587085651816e-13
27143353,1.687538997430238e-13
27143513,1.3933298959045715e-13
27143768,4.440892098500626e-16
27143939,1.1934897514720433e-13
27144345,1.714531294716437e-13
27144593,8.881784197001252e-16
27146301,1.3509332541516983e-13
27147130,1.5276668818842154e-13
27311608,3.9621084191310274e-14
27326490,3.1030733538273125e-14
27352796,5.551115123125783e-17
27568556,4.440892098500626e-16
27569812,8.881784197001252e-16
27570608,1.1368683772161603e-13
27571837,8.881784197001252e-16
27571875,3.7247982476174e-14
27690280,3.5083047578154947e-14
27793881,1.4377388168895777e-14
27794077,2.9753977059954195e-14
27794525,1.3322676295501878e-15
27794663,3.7192471324942744e-14
27922514,5.3984594572398237e-14
27923697,1.7763568394002505e-15
28035431,3.552713678800501e-15
28036632,1.0036416142611415e-13
28036727,2.9753977059954195e-14
28038109,3.2862601528904634e-13
28038117,1.7708057242771247e-14
28039132,1.7638668303732175e-13
28264500,7.26640969617165e-14
28264688,8.881784197001252e-16
28265471,2.6645352591003757e-15
28308557,5.329070518200751e-15
28308661,1.794120407794253e-13
28308693,1.4921397450962104e-13
28308855,4.440892098500626e-16
28309118,2.0605739337042905e-13
28309364,2.9665159217984183e-13
28332660,3.863576125695545e-14
28333172,8.881784197001252e-16
28334044,1.794120407794253e-13
28334166,3.4994229736184934e-13
28334662,6.072919944699606e-14
28334764,4.6976311729451936e-14
28664308,6.2977401071862e-14
28684532,8.881784197001252e-16
28684551,6.039613253960852e-14
28684789,8.881784197001252e-16
28685822,3.552713678800501e-15
28685888,6.339373470609644e-14
28686089,4.8627768478581856e-14
28686558,1.3322676295501878e-15
28687329,6.078471059822732e-14
28706672,4.168887457467463e-14
28706711,2.220446049250313e-15
28707431,2.6645352591003757e-15
28708056,7.887024366937112e-13
28708465,3.269606807521086e-14
28708716,1.2942424909567762e-13
28708916,4.75175454539567e-14
28710216,4.440892098500626e-16
28711497,1.7763568394002505e-15
28711657,3.6415315207705135e-14
28712288,6.7390537594747e-14
28752224,1.509903313490213e-13
28753266,4.4797499043625066e-14
28763671,3.8191672047105385e-14
28763727,7.74658115432203e-14
28763873,3.108624468950438e-14
28765447,2.0605739337042905e-13
28766310,3.979039320256561e-13
28766428,3.552713678800501e-15
28766478,3.8163916471489756e-14
28816210,1.7763568394002505e-15
28817718,1.3322676295501878e-15
28902582,6.039613253960852e-14
28903167,3.863576125695545e-14
28903832,3.552713678800501e-15
28904168,7.105427357601002e-15
28904467,4.263256414560601e-14
28905263,8.881784197001252e-16
28905333,1.7763568394002505e-15
28906137,2.8954616482224083e-13
28921949,3.552713678800501e-15
28922290,2.220446049250313e-15
29095077,4.796163466380676e-14
29109245,7.815970093361102e-14
29111193,4.529709940470639e-14
29115645,8.348877145181177e-14
29116765,4.440892098500626e-16
29120233,2.220446049250313e-16
29120286,2.7977620220553945e-13
29120461,8.37108160567368e-14
29120503,3.232969447708456e-13
29120736,1.687538997430238e-14
29120854,4.440892098500626e-16
29122492,3.375077994860476e-14
29122503,1.9384494009955233e-13
29123121,2.7200464103316335e-14
29123437,4.636291350834654e-13
29123719,3.552713678800501e-14
29124055,2.042810365310288e-14
29124128,2.1654900095313678e-13
29124667,2.615685446016869e-13
29125200,5.329070518200751e-15
29186647,4.440892098500626e-16
29186694,3.68594044175552e-14
29188245,6.905587213168474e-14
29188309,4.8683279629813114e-14
29188330,9.059419880941277e-14
29188415,4.207745263329343e-14
29188468,1.065536547883994e-13
29188608,2.7000623958883807e-13
29188720,2.5224267119483557e-13
29188874,1.7763568394002505e-15
29189060,6.572520305780927e-14
29189081,5.4789506265251475e-14
29189133,1.6653345369377348e-16
29240740,1.2434497875801753e-13
29240998,6.661338147750939e-16
29243682,8.881784197001252e-14
29244562,1.176836406102666e-14
29244733,1.4180323582024812e-13
29245444,8.881784197001252e-15
29255984,8.881784197001252e-16
29272289,6.661338147750939e-16
29320586,1.3322676295501878e-15
29333111,3.247402347028583e-14
29401089,4.440892098500626e-16
29418604,2.149391775674303e-13
29466786,1.0574874309554616e-13
29468390,5.5067062021407764e-14
29470734,3.694822225952521e-13
29471286,8.881784197001252e-16
29561134,2.1760371282653068e-14
29581880,3.907985046680551e-14
29585697,3.375077994860476e-14
29585955,1.554312234475219e-14
29586228,5.1514348342607263e-14
29587302,7.105427357601002e-15
29587989,1.5154544286133387e-14
29588053,3.774758283725532e-14
29588091,1.1546319456101628e-13
29588414,1.0935696792557792e-14
29593421,3.4638958368304884e-14
29600415,8.881784197001252e-16
29600773,9.192646643896296e-14
29602508,4.440892098500626e-16
30985418,3.1530333899354446e-14
31013677,5.684341886080802e-14
31050780,1.0036416142611415e-13
31074379,2.808864252301646e-14
31074586,8.704148513061227e-14
31074838,6.927791673660977e-14
31075466,3.552713678800501e-15
31075571,3.8191672047105385e-14
31075998,3.552713678800501e-14
31076565,1.3322676295501878e-15
31076717,1.4210854715202004e-14
31076757,3.019806626980426e-14
31077308,8.881784197001252e-16
31077316,8.699291287328492e-14
31077447,4.636291350834654e-13
31079188,1.73749903353837e-14
31132730,1.5898393712632242e-13
31263985,4.440892098500626e-16
31264095,1.7763568394002505e-13
31269082,3.108624468950438e-14
31275163,2.1316282072803006e-14
31275601,4.440892098500626e-16
31275987,8.653321115215107e-14
31276019,8.881784197001252e-16
31276873,5.329070518200751e-15
31276935,2.55351295663786e-14
31278093,1.8665624601510444e-13
31278666,8.901213099932193e-14
31279311,1.616484723854228e-13
31279583,3.8191672047105385e-14
31279961,8.171241461241152e-14
31281030,1.609823385706477e-14
31323486,1.829647544582258e-13
31323572,1.4210854715202004e-14
31324071,1.7852386235972517e-13
31419272,1.8740564655672642e-13
31421863,8.881784197001252e-16
31427907,3.852473895449293e-14
31427924,8.126832540256146e-14
31429192,1.4921397450962104e-13
31429308,7.099876242477876e-14
31430137,1.6964207816272392e-13
31430792,7.188694084447889e-14
31430811,4.0523140398818214e-14
31431417,8.881784197001252e-16
31431523,4.360400929215302e-14
31432450,1.7763568394002505e-15
31495559,1.1651790643441018e-13
31495826,1.1546319456101628e-13
31495934,1.144301667310721e-13
31496765,4.440892098500626e-16
31497590,6.838973831690964e-14
31498095,4.440892098500626e-16
31498178,4.39648317751562e-14
31498196,7.721601136267964e-14
31498437,8.881784197001252e-16
31498598,2.490230244234226e-13
31499096,3.907985046680551e-14
31499229,8.08242361927114e-14
31527894,6.927791673660977e-14
31528384,4.207745263329343e-14
31528620,3.552713678800501e-15
31528690,3.907985046680551e-13
31529882,9.237055564881302e-14
31529982,1.1901590823981678e-13
31530586,2.2648549702353193e-14
31594996,1.234568003383174e-13
31596421,1.5573653477929383e-13
31596540,1.2601031329495527e-13
31596857,7.460698725481052e-14
31597049,8.271161533457416e-14
31597426,8.881784197001252e-16
31733188,2.220446049250313e-16
32006044,9.083706009604953e-14
32006362,1.3172796187177482e-13
32006741,8.881784197001252e-16
32006784,6.195044477408373e-14
32007198,5.795364188543317e-14
32008016,2.6789681584205027e-13
32052215,1.0783041126671833e-13
32052316,1.5276668818842154e-13
32052452,1.3322676295501878e-15
32070347,3.902433931557425e-14
32070806,1.1646239528317892e-13
32071598,1.4210854715202004e-14
32071733,1.1775649899625762e-13
32096345,1.759703494030873e-14
32206694,8.881784197001252e-16
32268791,1.5132339825640884e-13
32537544,3.730349362740526e-14
32538441,3.552713678800501e-15
32538552,1.3322676295501878e-15
32538930,3.7414515929867775e-13
32539259,1.0302869668521453e-13
32539513,3.907985046680551e-14
32539598,1.9184653865522705e-13
32540202,3.941291737419306e-14
32540408,5.1514348342607263e-14
32543509,3.730349362740526e-14
32639569,8.881784197001252e-16
32919219,4.440892098500626e-16
32919972,1.7763568394002505e-15
32978541,1.3322676295501878e-15
32978787,4.657385588302532e-14
32979566,7.838174553853605e-14
32979723,7.593925488436071e-14
32979791,1.438849039914203e-13
32979939,5.551115123125783e-14
32980056,1.3455903058456897e-13
32980375,2.575717417130363e-13
32981849,2.6201263381153694e-14
33292680,4.440892098500626e-16
33293309,2.220446049250313e-16
33293395,6.483702463810914e-14
33293424,3.552713678800501e-15
33293623,3.552713678800501e-15
33295073,8.260059303211165e-14
33295106,1.4210854715202004e-13
33544828,5.3290705182007514e-14
33545044,1.1668443988810395e-13
33547683,1.865174681370263e-14
33552533,6.750155989720952e-14
33553864,1.6431300764452317e-14
33555050,1.0658141036401503e-14
33602149,3.3306690738754696e-14
33728037,4.440892098500626e-16
33804233,3.446132268436486e-13
33889547,8.79366024442163e-14
34288224,1.3446188606991427e-13
34288999,3.552713678800501e-15
34290093,5.10702591327572e-14
34460627,8.704148513061227e-14
34462510,1.3322676295501878e-15
34718778,1.1934897514720433e-13
34719717,3.2862601528904634e-14
34721768,1.6986412276764895e-14
34722895,2.5757174171303632e-14
34732752,8.704148513061227e-14
34732858,6.52811138479592e-14
35903210,7.444045380111675e-14
36068453,1.3322676295501878e-15
36068658,1.1474154959500993e-13
36072429,2.9753977059954195e-14
36072530,1.2079226507921703e-13
36072684,3.446132268436486e-13
36072883,4.440892098500626e-16
36072914,1.404432126150823e-13
36073512,7.210898544940392e-14
36073957,7.283063041541027e-14
36074181,1.1146639167236572e-13
36075031,1.3322676295501878e-15
36151101,2.6645352591003757e-14
36775911,2.992051051364797e-14
36928744,1.3322676295501878e-15
36928781,1.7763568394002505e-15
36929805,1.6091294963160863e-13
36931036,4.624078897563777e-14
36931135,4.440892098500626e-16
36931377,1.6906614996869962e-13
36931732,7.310818617156656e-14
36932338,7.106815136381783e-14
36932661,4.3076653355456074e-14
36932838,7.815970093361102e-14
36932872,4.440892098500626e-16
36933237,1.7763568394002505e-15
36933640,4.5075054799781356e-14
36934082,3.019806626980426e-14
36934154,3.552713678800501e-15
36934230,5.638545186315014e-14
37007009,1.0480505352461478e-13
37009402,5.3290705182007514e-14
37009428,3.952393967665557e-14
37011076,9.50350909079134e-14
37015268,2.853273173286652e-14
37016147,6.217248937900877e-14
37018086,3.3861802251067274e-14
37019146,2.7533531010703882e-14
37023740,1.616484723854228e-13
37026452,1.7763568394002505e-15
37028600,2.7144952952085077e-14
37036024,4.440892098500626e-16
37156018,3.1530333899354446e-14
37156082,1.5654144647214707e-13
37483271,9.059419880941277e-14
37518790,8.743006318923108e-14
37518901,4.440892098500626e-16
37519132,1.3500311979441904e-13
37521089,2.353672812205332e-13
37652695,5.545564008002657e-14
37784948,8.881784197001252e-16
37878702,8.881784197001252e-16
37878826,2.4424906541753444e-14
37879054,2.628453010800058e-14
37879621,1.7763568394002505e-15
37879672,1.7763568394002505e-15
37880184,2.6645352591003757e-15
37881238,5.062616992290714e-14
37935112,5.329070518200751e-15
37972279,1.8240964294591322e-13
37972550,1.7763568394002505e-15
37972693,5.972999872483342e-14
37973556,2.1354445989274495e-14
37974064,1.438849039914203e-13
37974465,7.460698725481052e-14
37974712,1.3322676295501878e-15
38003224,8.881784197001252e-16
38005317,1.4033219031261979e-13
38006062,4.6074255521943996e-14
38006385,1.3413575805643063e-13
38006979,2.220446049250313e-16
38009350,4.440892098500626e-16
38286876,4.923839114212569e-14
38592808,1.1446399383885364e-13
38956548,3.7969627442180354e-14
38957402,8.881784197001252e-16
38957658,8.881784197001252e-16
38957859,4.902744876744691e-13
38959227,8.881784197001252e-16
38959321,6.750155989720952e-14
38959792,5.5067062021407764e-14
38960060,5.3290705182007514e-14
38960487,1.7763568394002505e-15
39178060,2.682298827494378e-13
39178767,2.6645352591003757e-15
39180485,1.7763568394002505e-15
39184902,1.0554057627842894e-13
39185786,2.4513724383723456e-13
39190767,9.664491429361988e-14
39196991,1.2112533198660458e-13
39200556,8.881784197001252e-16
39241909,8.881784197001252e-16
39372846,2.788880237858393e-13
39372929,1.936228954946273e-13
39373554,5.570544026056723e-14
39373713,2.7650104428289524e-13
39373810,1.1102230246251565e-16
39374303,6.661338147750939e-16
39374588,2.2917778785824794e-13
39374606,2.220446049250313e-16
39375276,4.440892098500626e-16
39375292,1.7763568394002505e-15
39591775,3.813616089587413e-14
39592134,1.7141843500212417e-13
39592802,3.552713678800501e-15
39592808,2.914335439641036e-14
39593923,2.0660556598883772e-14
39594938,7.105427357601002e-15
39595213,1.3500311979441904e-13
39825744,5.674974379310527e-14
39826907,3.68594044175552e-14
39827041,8.881784197001252e-16
39827357,5.828670879282072e-14
39827674,3.9968028886505635e-14
39827996,2.19824158875781e-14
39831038,8.881784197001252e-16
39832168,3.219646771412954e-14
39832833,3.1530333899354446e-14
39833615,4.224884331271994e-13
39834297,1.2079226507921703e-13
39857858,4.579669976578771e-14
40430597,9.325873406851315e-14
40431015,3.8191672047105385e-14
40432753,4.440892098500626e-16
40432971,2.4424906541753444e-14
40584785,3.8191672047105385e-14
40586154,1.274813588025836e-13
40601869,7.460698725481052e-14
40698865,6.661338147750939e-16
40702077,8.881784197001252e-16
40702218,1.7763568394002505e-15
40702518,3.552713678800501e-15
40702567,6.807054919732991e-14
40702829,1.3000711618360583e-13
40703147,8.881784197001252e-16
40703379,9.203748874142548e-14
40703607,3.68594044175552e-14
40769636,1.2523315717771766e-13
40918651,1.7763568394002505e-15
41124661,6.301903443528545e-14
41125000,4.263256414560601e-14
41125983,1.8207657603852567e-14
41126101,7.26640969617165e-14
41128071,1.7763568394002505e-15
41128990,1.3322676295501878e-15
41234847,3.552713678800501e-15
41235395,7.37188088351104e-14
41308849,4.973799150320701e-14
41310649,2.6645352591003757e-15
41316692,8.881784197001252e-16
41316703,3.5915714846623814e-14
41474622,7.194245199571014e-14
41475600,1.4033219031261979e-13
41479209,6.056266599330229e-14
41581717,5.007105841059456e-14
41582109,1.1102230246251565e-16
41582537,1.2079226507921703e-13
41583109,3.602673714908633e-14
41583171,8.881784197001252e-15
41584957,6.583622536027178e-14
41585546,1.4988010832439613e-14
41585807,7.72715225139109e-14
41585868,3.552713678800501e-15
41586209,9.606204720569167e-14
41588082,8.348877145181177e-14
41590845,5.684341886080802e-14
41759938,8.304468224196171e-14
41760694,9.170442183403793e-14
42026980,1.936228954946273e-13
42027594,3.0531133177191805e-14
42028981,4.440892098500626e-16
42031082,8.881784197001252e-16
42032149,7.116529587847253e-14
42032298,3.730349362740526e-14
42204208,1.5631940186722204e-13
42258160,5.3179682879545e-14
42324814,8.597567102697212e-13
42324856,3.4638958368304884e-14
42325915,3.82804898890754e-13
42326648,2.2681856393091948e-13
42327085,4.440892098500626e-15
42328798,6.705747068735946e-14
42445385,8.881784197001252e-16
42446215,1.0658141036401503e-13
42469634,4.796163466380676e-14
42473187,4.334310688136611e-13
42475683,4.134470543704083e-13
42476058,1.3153367284246542e-13
42477231,7.921441280700492e-14
42477419,1.2534417948018017e-13
42479355,1.7319479184152442e-14
42480121,1.442734820500391e-13
42483150,1.7674750552032492e-13
42487693,7.60225216112076e-14
42489822,1.5276668818842154e-13
42543968,1.634803403760543e-13
42745364,2.220446049250313e-16
42745458,3.3639757646142243e-14
42746782,8.881784197001252e-16
42746983,3.907985046680551e-14
42747364,1.6930901125533637e-14
42747397,7.283063041541027e-14
42748649,1.3322676295501878e-15
42785560,3.552713678800501e-15
42786413,6.661338147750939e-16
42786595,5.5067062021407764e-14
42786820,3.9131892171084814e-14
42787423,1.3944401189291966e-13
42798863,1.1002310174035301e-13
42912979,1.7763568394002505e-15
42913803,6.569744748219364e-14
42913866,5.589972928987663e-14
42914013,1.8984813721090177e-14
42914156,4.440892098500626e-16
42914165,3.966271755473372e-14
42914778,3.0031532816110484e-14
42914806,1.467714838554457e-13
43459884,8.881784197001252e-15
43460024,3.552713678800501e-15
43460705,8.881784197001252e-16
43461889,1.4566126083082054e-13
43461999,2.563921297493721e-14
43462247,8.881784197001252e-16
43462276,7.205347429817266e-14
43463371,3.7247982476174e-14
43600514,8.881784197001252e-16
43602504,2.078337502098293e-13
43602683,8.881784197001252e-16
43605629,4.241051954068098e-14
43606048,1.3322676295501878e-15
43606826,6.661338147750939e-14
43607337,4.440892098500626e-16
43607595,3.114175584073564e-14
43646238,4.1744385725905886e-14
43723574,1.7408297026122455e-13
43723851,6.661338147750939e-14
43723861,5.329070518200751e-15
43724324,1.474376176702208e-13
43725364,9.106604359487847e-14
43725412,2.9753977059954195e-14
43725574,4.440892098500626e-16
43726367,2.0627943797535409e-13
43726744,3.89910326248355e-13
43729149,3.375077994860476e-14
43751047,4.725109192804666e-13
43751069,2.6645352591003757e-15
43751070,1.6353585152728556e-13
43751104,1.2967404927621828e-13
43751136,1.6259216195635418e-13
43751151,2.1360690993788012e-13
43751158,2.6645352591003757e-13
43751253,1.9773072068574038e-13
43751394,1.4210854715202004e-14
43751433,8.784639682346551e-14
43751484,3.0819791163594346e-13
43752175,4.904410211281629e-14
43752630,1.8118839761882555e-13
43752743,2.504663143554353e-13
43752999,1.1318723736053471e-13
43915068,2.220446049250313e-16
43920294,1.7763568394002505e-15
43920296,1.1479706074624119e-13
43920441,3.2862601528904634e-14
43920514,1.4488410471358293e-14
43921401,4.973799150320701e-14
44122794,9.753309271332e-14
44123646,3.0020430585864233e-13
44123679,4.440892098500626e-16
44123784,2.731148640577885e-14
44124677,9.114931032172535e-14
44125049,6.150635556423367e-14
44137633,3.2862601528904634e-14
44449429,1.3322676295501878e-15
44449501,3.241851231905457e-14
44449773,7.061018436615996e-14
44450177,3.952393967665557e-14
44660628,1.661726312107703e-13
44660668,3.952393967665557e-14
44660963,1.3322676295501878e-15
44661169,1.7763568394002505e-15
44661540,1.7763568394002505e-15
44662651,1.509903313490213e-13
44663248,1.7053025658242404e-13
44663258,1.7763568394002505e-15
44663347,6.661338147750939e-16
46094232,1.6170398353665405e-13
46259988,4.085620730620576e-14
46260797,1.270095140171179e-13
46260855,1.7763568394002505e-15
46260931,1.1102230246251565e-16
46261293,4.461986335968504e-13
46261627,1.7763568394002505e-15
46261677,6.326883461582611e-14
46413963,4.7628567756419216e-14
46414437,4.6580794776929224e-14
46414555,1.7763568394002505e-15
46414760,9.192646643896296e-14
46414813,8.881784197001252e-16
46415881,1.3707437962473534e-13
46416057,9.29256671611256e-14
46416385,9.814371537686384e-14
46435479,8.881784197001252e-16
46632641,1.6431300764452317e-14
46897724,1.865174681370263e-14
46897757,1.4654943925052066e-14
46897839,1.687538997430238e-14
46897972,6.544764730165298e-14
46898141,1.3322676295501878e-15
46898174,3.652633751016765e-14
46898175,2.6256774532384952e-14
46898218,4.440892098500626e-16
46898222,1.9539925233402755e-14
46898273,1.5987211554602254e-14
46898381,2.220446049250313e-14
46898392,4.779510121011299e-14
46898395,4.440892098500626e-16
46898462,1.3322676295501878e-15
46898500,8.881784197001252e-16
46898524,6.661338147750939e-16
46900523,1.7319479184152442e-14
46900530,3.802513859341161e-14
46900571,4.440892098500626e-16
46900721,2.398081733190338e-14
46900766,1.4654943925052066e-14
46900775,4.218847493575595e-14
46900792,8.881784197001252e-16
46900957,2.400857290751901e-14
46901361,9.39734401406156e-14
46909891,2.1538326677728037e-14
46914594,3.2529534621517087e-14
46981461,1.1102230246251565e-15
47022061,1.4310774787418268e-13
47022490,8.881784197001252e-16
47022601,3.552713678800501e-15
47024234,2.1516122217235534e-13
47024240,5.009881398621019e-14
47491785,1.4832579608992091e-13
47492672,1.5365486660812167e-13
47493141,9.414691248821327e-14
47493276,1.0036416142611415e-13
47494200,6.394884621840902e-14
47494726,2.220446049250313e-16
47969932,1.0293155217055983e-13
47970268,6.750155989720952e-14
47970466,5.3290705182007514e-14
47970546,1.7763568394002505e-13
48249657,3.3217872896784684e-13
48251461,8.393286066166183e-14
48254750,5.362377208939506e-14
48254913,2.4841240175987878e-14
48286211,3.1796787425264483e-13
48287254,3.186340080674199e-14
48290715,1.0658141036401503e-13
48291676,1.9326207301162412e-13
48291723,1.1712852909795402e-13
48291761,1.9872992140790302e-14
48291854,6.225575610585565e-14
48293073,1.0647038806155251e-13
48982818,1.3322676295501878e-15
49372616,9.670042544485113e-14
49373707,3.4916514124461173e-14
49377921,2.058075931898884e-14
49381051,5.4914406355521805e-14
49385327,3.1530333899354446e-14
49395288,7.149836278586008e-14
49847105,5.1514348342607263e-14
50132451,5.329070518200751e-15
50354719,2.220446049250313e-16
50356551,7.460698725481052e-14
50357254,2.220446049250313e-16
50357494,2.220446049250313e-16
50357741,2.7977620220553945e-14
50897611,4.884981308350689e-14
51452441,1.3322676295501878e-15
51619399,9.414691248821327e-14
51619832,2.9976021664879227e-14
51620430,2.3092638912203256e-14
51621678,6.128431095930864e-14
51784597,6.572520305780927e-14
51786275,1.3145040611561853e-13
52059746,1.3322676295501878e-15
52059747,8.881784197001252e-16
52059949,3.1086244689504383e-13
53182877,8.348877145181177e-14
53222658,4.218847493575595e-14
53228372,1.3322676295501878e-15
53232890,6.900036098045348e-14
53235155,1.0658141036401503e-14
53235397,1.1457501614131615e-13
53235521,2.6645352591003757e-15
53235876,3.552713678800501e-15
53235922,4.440892098500626e-16
53236580,3.019806626980426e-14
53238530,4.618527782440651e-14
53329569,1.8474111129762605e-13
53330452,9.059419880941277e-14
53330884,1.3322676295501878e-15
53396979,4.440892098500626e-16
53912901,2.220446049250313e-16
54234641,1.7053025658242404e-13
55693949,3.186340080674199e-14
55709185,1.1819017986525182e-13
56915085,2.6981888945343258e-14
57826612,1.687538997430238e-14
57826750,1.2612133559741778e-13
57827024,9.947598300641403e-14
57827358,2.408628851924277e-13
57827397,1.7763568394002505e-13
57989097,4.440892098500626e-16
57991378,1.1102230246251565e-15
57992772,6.755707104844078e-14
58248261,1.3322676295501878e-15
58248337,9.880984919163893e-14
58248360,1.1229905894083458e-13
58248985,8.881784197001252e-16
58249067,8.881784197001252e-16
58249566,1.199040866595169e-13
58249780,7.327471962526033e-14
58249965,4.6629367034256575e-14
58251035,4.263256414560601e-14
58251450,6.417089082333405e-14
58251579,4.0478037588442817e-14
58252576,1.474376176702208e-13
58252767,4.796163466380676e-14
58286884,9.325873406851315e-14
58438055,2.886579864025407e-13
58794305,3.5416114485542494e-14
58796041,5.2735593669694936e-14
58798404,5.1736392947532295e-14
58800074,1.6486811915683575e-13
58810544,5.995204332975845e-15
58972187,1.979527652906654e-13
58972248,5.5067062021407764e-14
58973832,1.3322676295501878e-13
59051007,1.3322676295501878e-15
59051013,6.039613253960852e-14
59051248,2.0872192862952943e-13
59051356,2.220446049250313e-16
59051628,1.6653345369377348e-13
59052568,6.759037773917953e-13
59054382,2.424727085781342e-13
59054632,8.526512829121202e-14
59057392,1.7763568394002505e-15
59428296,3.552713678800501e-15
59434931,1.865174681370263e-13
59435172,2.0858315075145129e-13
59435638,3.275157922644212e-14
59437778,8.881784197001252e-16
59438186,4.007905118896815e-14
59724929,3.219646771412954e-14
59739171,9.237055564881302e-14
60261746,1.7053025658242404e-13
60262047,5.861977570020827e-14
60263076,4.618527782440651e-14
60263095,2.786659791809143e-13
60263670,8.237421161849667e-14
60263788,8.881784197001252e-16
60263799,4.440892098500626e-16
60264159,1.652011860642233e-13
60265807,1.2079226507921703e-13
60289910,8.881784197001252e-16
60290272,2.170486013142181e-14
60412706,8.881784197001252e-16
60468363,5.012656956182582e-14
60483813,1.9406698470447736e-13
60498365,2.646771690706373e-13
60504463,1.7069679003611782e-14
60507049,6.927791673660977e-14
60513231,1.3322676295501878e-15
60518388,8.010259122670504e-14
60656985,2.5646151868841116e-14
60657172,1.4566126083082054e-13
60657582,1.4210854715202004e-14
61496708,2.5845992013273644e-13
61496813,1.1546319456101628e-13
61497285,2.255973186038318e-13
61497610,1.8562928971732617e-13
61760167,4.440892098500626e-16
61899853,1.210420652597577e-13
63434538,9.936496070395151e-14
63435677,1.8118839761882555e-13
63436195,5.753730825119874e-14
63436596,9.592326932761353e-14
63436799,1.2434497875801753e-13
63437025,8.881784197001252e-16
63437560,2.220446049250313e-16
63437718,5.950795411990839e-14
63438290,3.552713678800501e-15
63439174,8.881784197001252e-16
64169835,4.440892098500626e-16
64170749,1.7350010317329634e-13
64170766,1.249000902703301e-16
64171523,2.760014439218139e-13
64210279,3.0808688933348094e-14
64211193,3.019806626980426e-14
64211202,8.171241461241152e-14
64441220,6.195044477408373e-14
64449850,3.066991105526995e-15
64468311,1.587618925213974e-14
64486569,7.638334409421077e-14
64488620,1.3322676295501878e-15
64496966,6.661338147750939e-16
64505857,2.3092638912203256e-14
64519009,7.016609515630989e-14
64520949,1.7408297026122455e-13
64528712,5.3290705182007514e-14
64600489,1.865174681370263e-13
64601210,1.1102230246251565e-15
65147776,8.704148513061227e-14
65409921,3.247402347028583e-14
65707370,4.934941344458821e-14
65712645,4.157785227221211e-14
65713036,4.1300296516055823e-14
66159119,5.911937606128959e-14
66340287,1.1193823645783141e-13
66601190,8.237854842718662e-14
66601994,4.062982589259079e-14
67079023,2.681188604469753e-14
70834957,4.440892098500626e-16
70835195,8.881784197001252e-16
70836558,3.618216837253385e-13
70836696,3.552713678800501e-15
70836946,3.268496584496461e-13
70837644,1.7763568394002505e-15
70879649,2.5701663020072374e-14
71713323,2.919886554764162e-14
72372723,1.1601830607332886e-13
72373285,7.92976795338518e-14
73598524,6.661338147750939e-16
77823016,7.283063041541027e-14
77824269,1.7408297026122455e-13
77824723,2.6645352591003757e-15
77825129,1.1368683772161603e-13
77825973,6.128431095930864e-14
77826191,3.2862601528904634e-14
77826239,1.3683498778505054e-13
77826398,3.275157922644212e-14
77827133,3.091971123581061e-14
77827357,8.704148513061227e-14
87877251,4.8405723873656825e-14
92903768,1.6697754290362354e-13
96131644,1.7541523789077473e-13
98165613,1.7763568394002505e-15
120940265,6.661338147750939e-16
